# Blender 4.1.1
# www.blender.org
mtllib GameOverText.mtl
o テキスト
v -2.362586 0.035395 -0.110000
v -2.349269 0.027574 -0.110000
v -2.335938 0.020531 -0.110000
v -2.322482 0.014259 -0.110000
v -2.308789 0.008751 -0.110000
v -2.294750 0.004000 -0.110000
v -2.280252 -0.000001 -0.110000
v -2.265185 -0.003259 -0.110000
v -2.249438 -0.005781 -0.110000
v -2.232898 -0.007574 -0.110000
v -2.215456 -0.008645 -0.110000
v -2.197000 -0.009000 -0.110000
v -2.163301 -0.006665 -0.110000
v -2.132241 0.000093 -0.110000
v -2.103875 0.010906 -0.110000
v -2.078259 0.025407 -0.110000
v -2.055449 0.043228 -0.110000
v -2.035500 0.064000 -0.110000
v -2.018468 0.087355 -0.110000
v -2.004408 0.112926 -0.110000
v -1.993375 0.140344 -0.110000
v -1.985426 0.169241 -0.110000
v -1.980616 0.199249 -0.110000
v -1.979000 0.230000 -0.110000
v -1.980764 0.263056 -0.110000
v -1.985945 0.294111 -0.110000
v -1.994376 0.323000 -0.110000
v -2.005889 0.349556 -0.110000
v -2.020320 0.373611 -0.110000
v -2.037500 0.395000 -0.110000
v -2.057264 0.413556 -0.110000
v -2.079445 0.429111 -0.110000
v -2.103875 0.441500 -0.110000
v -2.130389 0.450556 -0.110000
v -2.158820 0.456111 -0.110000
v -2.189000 0.458000 -0.110000
v -2.217835 0.456310 -0.110000
v -2.244764 0.451232 -0.110000
v -2.269672 0.442750 -0.110000
v -2.292444 0.430852 -0.110000
v -2.312967 0.415523 -0.110000
v -2.331125 0.396750 -0.110000
v -2.346804 0.374519 -0.110000
v -2.359889 0.348815 -0.110000
v -2.370266 0.319625 -0.110000
v -2.377820 0.286935 -0.110000
v -2.382436 0.250731 -0.110000
v -2.384000 0.211000 -0.110000
v -2.068000 0.211000 -0.110000
v -2.072270 0.189648 -0.110000
v -2.078074 0.170097 -0.110000
v -2.085406 0.152359 -0.110000
v -2.094259 0.136444 -0.110000
v -2.104626 0.122363 -0.110000
v -2.116500 0.110125 -0.110000
v -2.129874 0.099741 -0.110000
v -2.144741 0.091222 -0.110000
v -2.161094 0.084578 -0.110000
v -2.178926 0.079819 -0.110000
v -2.198231 0.076957 -0.110000
v -2.219000 0.076000 -0.110000
v -2.232440 0.076413 -0.110000
v -2.245769 0.077639 -0.110000
v -2.259000 0.079656 -0.110000
v -2.272148 0.082444 -0.110000
v -2.285227 0.085983 -0.110000
v -2.298250 0.090250 -0.110000
v -2.311231 0.095226 -0.110000
v -2.324185 0.100889 -0.110000
v -2.337125 0.107219 -0.110000
v -2.350065 0.114194 -0.110000
v -2.363019 0.121795 -0.110000
v -2.376000 0.130000 -0.110000
v -2.376000 0.044000 -0.110000
v -2.294507 0.286469 -0.110000
v -2.291555 0.301833 -0.110000
v -2.287187 0.316031 -0.110000
v -2.281444 0.329000 -0.110000
v -2.274368 0.340677 -0.110000
v -2.266000 0.351000 -0.110000
v -2.256382 0.359906 -0.110000
v -2.245556 0.367333 -0.110000
v -2.233562 0.373219 -0.110000
v -2.220444 0.377500 -0.110000
v -2.206243 0.380115 -0.110000
v -2.191000 0.381000 -0.110000
v -2.174563 0.380172 -0.110000
v -2.159259 0.377708 -0.110000
v -2.145094 0.373641 -0.110000
v -2.132074 0.368000 -0.110000
v -2.120207 0.360818 -0.110000
v -2.109500 0.352125 -0.110000
v -2.099960 0.341953 -0.110000
v -2.091593 0.330333 -0.110000
v -2.084406 0.317297 -0.110000
v -2.078408 0.302875 -0.110000
v -2.073603 0.287099 -0.110000
v -2.070000 0.270000 -0.110000
v -2.296000 0.270000 -0.110000
v -1.315000 0.390000 -0.110000
v -1.326439 0.401001 -0.110000
v -1.337759 0.411009 -0.110000
v -1.348969 0.420031 -0.110000
v -1.360074 0.428074 -0.110000
v -1.371082 0.435145 -0.110000
v -1.382000 0.441250 -0.110000
v -1.392834 0.446397 -0.110000
v -1.403593 0.450593 -0.110000
v -1.414281 0.453844 -0.110000
v -1.424907 0.456157 -0.110000
v -1.435478 0.457541 -0.110000
v -1.446000 0.458000 -0.110000
v -1.460038 0.457418 -0.110000
v -1.473634 0.455681 -0.110000
v -1.486766 0.452797 -0.110000
v -1.499408 0.448778 -0.110000
v -1.511535 0.443634 -0.110000
v -1.523125 0.437375 -0.110000
v -1.534152 0.430012 -0.110000
v -1.544593 0.421556 -0.110000
v -1.554422 0.412016 -0.110000
v -1.563616 0.401403 -0.110000
v -1.572150 0.389727 -0.110000
v -1.580000 0.377000 -0.110000
v -1.589922 0.387837 -0.110000
v -1.600208 0.398278 -0.110000
v -1.610891 0.408219 -0.110000
v -1.622000 0.417556 -0.110000
v -1.633568 0.426184 -0.110000
v -1.645625 0.434000 -0.110000
v -1.658203 0.440899 -0.110000
v -1.671333 0.446778 -0.110000
v -1.685047 0.451531 -0.110000
v -1.699375 0.455056 -0.110000
v -1.714349 0.457247 -0.110000
v -1.730000 0.458000 -0.110000
v -1.752048 0.456561 -0.110000
v -1.772634 0.452324 -0.110000
v -1.791672 0.445406 -0.110000
v -1.809074 0.435926 -0.110000
v -1.824754 0.424001 -0.110000
v -1.838625 0.409750 -0.110000
v -1.850600 0.393291 -0.110000
v -1.860593 0.374741 -0.110000
v -1.868516 0.354219 -0.110000
v -1.874282 0.331843 -0.110000
v -1.877806 0.307730 -0.110000
v -1.879000 0.282000 -0.110000
v -1.879000 -0.000000 -0.110000
v -1.790000 -0.000000 -0.110000
v -1.790000 0.278000 -0.110000
v -1.789144 0.294351 -0.110000
v -1.786653 0.309389 -0.110000
v -1.782641 0.323094 -0.110000
v -1.777222 0.335444 -0.110000
v -1.770512 0.346420 -0.110000
v -1.762625 0.356000 -0.110000
v -1.753675 0.364163 -0.110000
v -1.743778 0.370889 -0.110000
v -1.733047 0.376156 -0.110000
v -1.721597 0.379944 -0.110000
v -1.709543 0.382233 -0.110000
v -1.697000 0.383000 -0.110000
v -1.689551 0.382719 -0.110000
v -1.681745 0.381417 -0.110000
v -1.673641 0.379156 -0.110000
v -1.665296 0.376000 -0.110000
v -1.656772 0.372010 -0.110000
v -1.648125 0.367250 -0.110000
v -1.639416 0.361781 -0.110000
v -1.630704 0.355667 -0.110000
v -1.622047 0.348969 -0.110000
v -1.613505 0.341750 -0.110000
v -1.605136 0.334073 -0.110000
v -1.597000 0.326000 -0.110000
v -1.597000 -0.000000 -0.110000
v -1.508000 -0.000000 -0.110000
v -1.508000 0.279000 -0.110000
v -1.507247 0.296381 -0.110000
v -1.505056 0.312051 -0.110000
v -1.501531 0.326047 -0.110000
v -1.496778 0.338407 -0.110000
v -1.490899 0.349171 -0.110000
v -1.484000 0.358375 -0.110000
v -1.476184 0.366058 -0.110000
v -1.467556 0.372259 -0.110000
v -1.458219 0.377016 -0.110000
v -1.448278 0.380366 -0.110000
v -1.437837 0.382348 -0.110000
v -1.427000 0.383000 -0.110000
v -1.416050 0.382700 -0.110000
v -1.405648 0.381764 -0.110000
v -1.395719 0.380141 -0.110000
v -1.386185 0.377778 -0.110000
v -1.376971 0.374623 -0.110000
v -1.368000 0.370625 -0.110000
v -1.359196 0.365731 -0.110000
v -1.350482 0.359889 -0.110000
v -1.341781 0.353047 -0.110000
v -1.333019 0.345153 -0.110000
v -1.324117 0.336155 -0.110000
v -1.315000 0.326000 -0.110000
v -1.315000 -0.000000 -0.110000
v -1.226000 -0.000000 -0.110000
v -1.226000 0.449000 -0.110000
v -1.315000 0.449000 -0.110000
v -1.141230 0.019639 -0.110000
v -1.132338 0.014032 -0.110000
v -1.124203 0.009141 -0.110000
v -1.116704 0.004926 -0.110000
v -1.109718 0.001350 -0.110000
v -1.103125 -0.001625 -0.110000
v -1.096803 -0.004038 -0.110000
v -1.090630 -0.005926 -0.110000
v -1.084484 -0.007328 -0.110000
v -1.078245 -0.008282 -0.110000
v -1.071791 -0.008827 -0.110000
v -1.065000 -0.009000 -0.110000
v -1.055622 -0.008706 -0.110000
v -1.046977 -0.007815 -0.110000
v -1.039047 -0.006313 -0.110000
v -1.031815 -0.004185 -0.110000
v -1.025263 -0.001419 -0.110000
v -1.019375 0.002000 -0.110000
v -1.014132 0.006086 -0.110000
v -1.009519 0.010852 -0.110000
v -1.005516 0.016312 -0.110000
v -1.002106 0.022481 -0.110000
v -0.999274 0.029373 -0.110000
v -0.997000 0.037000 -0.110000
v -0.987209 0.029583 -0.110000
v -0.977343 0.022829 -0.110000
v -0.967406 0.016734 -0.110000
v -0.957407 0.011296 -0.110000
v -0.947353 0.006511 -0.110000
v -0.937250 0.002375 -0.110000
v -0.927105 -0.001115 -0.110000
v -0.916926 -0.003963 -0.110000
v -0.906719 -0.006172 -0.110000
v -0.896491 -0.007745 -0.110000
v -0.886249 -0.008687 -0.110000
v -0.876000 -0.009000 -0.110000
v -0.859971 -0.007943 -0.110000
v -0.844935 -0.004880 -0.110000
v -0.830969 0.000031 -0.110000
v -0.818148 0.006630 -0.110000
v -0.806550 0.014756 -0.110000
v -0.796250 0.024250 -0.110000
v -0.787325 0.034953 -0.110000
v -0.779852 0.046704 -0.110000
v -0.773906 0.059344 -0.110000
v -0.769565 0.072713 -0.110000
v -0.766904 0.086652 -0.110000
v -0.766000 0.101000 -0.110000
v -0.767635 0.121994 -0.110000
v -0.772333 0.140616 -0.110000
v -0.779781 0.157078 -0.110000
v -0.789667 0.171593 -0.110000
v -0.801677 0.184371 -0.110000
v -0.815500 0.195625 -0.110000
v -0.830823 0.205567 -0.110000
v -0.847333 0.214407 -0.110000
v -0.864719 0.222359 -0.110000
v -0.882667 0.229634 -0.110000
v -0.900865 0.236444 -0.110000
v -0.919000 0.243000 -0.110000
v -0.998000 0.271000 -0.110000
v -0.998000 0.295000 -0.110000
v -0.997437 0.308318 -0.110000
v -0.995750 0.320296 -0.110000
v -0.992937 0.330969 -0.110000
v -0.989000 0.340370 -0.110000
v -0.983937 0.348536 -0.110000
v -0.977750 0.355500 -0.110000
v -0.970437 0.361297 -0.110000
v -0.962000 0.365963 -0.110000
v -0.952437 0.369531 -0.110000
v -0.941750 0.372037 -0.110000
v -0.929937 0.373515 -0.110000
v -0.917000 0.374000 -0.110000
v -0.904734 0.373518 -0.110000
v -0.892454 0.372060 -0.110000
v -0.880188 0.369609 -0.110000
v -0.867963 0.366148 -0.110000
v -0.855808 0.361659 -0.110000
v -0.843750 0.356125 -0.110000
v -0.831817 0.349528 -0.110000
v -0.820037 0.341852 -0.110000
v -0.808438 0.333078 -0.110000
v -0.797046 0.323190 -0.110000
v -0.785891 0.312170 -0.110000
v -0.775000 0.300000 -0.110000
v -0.775000 0.397000 -0.110000
v -0.784043 0.406813 -0.110000
v -0.793676 0.415755 -0.110000
v -0.803906 0.423828 -0.110000
v -0.814741 0.431037 -0.110000
v -0.826186 0.437385 -0.110000
v -0.838250 0.442875 -0.110000
v -0.850939 0.447511 -0.110000
v -0.864259 0.451296 -0.110000
v -0.878219 0.454234 -0.110000
v -0.892824 0.456329 -0.110000
v -0.908082 0.457583 -0.110000
v -0.924000 0.458000 -0.110000
v -0.946323 0.457036 -0.110000
v -0.967671 0.454120 -0.110000
v -0.987859 0.449219 -0.110000
v -1.006703 0.442296 -0.110000
v -1.024020 0.433318 -0.110000
v -1.039625 0.422250 -0.110000
v -1.053334 0.409057 -0.110000
v -1.064963 0.393704 -0.110000
v -1.074328 0.376156 -0.110000
v -1.081245 0.356380 -0.110000
v -1.085531 0.334339 -0.110000
v -1.087000 0.310000 -0.110000
v -1.087000 0.079000 -0.110000
v -1.087125 0.074976 -0.110000
v -1.087496 0.071394 -0.110000
v -1.088110 0.068234 -0.110000
v -1.088963 0.065481 -0.110000
v -1.090053 0.063117 -0.110000
v -1.091375 0.061125 -0.110000
v -1.092927 0.059487 -0.110000
v -1.094704 0.058185 -0.110000
v -1.096703 0.057203 -0.110000
v -1.098921 0.056523 -0.110000
v -1.101355 0.056128 -0.110000
v -1.104000 0.056000 -0.110000
v -1.106433 0.056186 -0.110000
v -1.109218 0.056736 -0.110000
v -1.112328 0.057641 -0.110000
v -1.115741 0.058889 -0.110000
v -1.119431 0.060470 -0.110000
v -1.123375 0.062375 -0.110000
v -1.127548 0.064592 -0.110000
v -1.131926 0.067111 -0.110000
v -1.136484 0.069922 -0.110000
v -1.141199 0.073014 -0.110000
v -1.146046 0.076377 -0.110000
v -1.151000 0.080000 -0.110000
v -1.151000 0.026000 -0.110000
v -0.979241 0.215484 -0.110000
v -0.961093 0.208875 -0.110000
v -0.943750 0.202078 -0.110000
v -0.927407 0.195000 -0.110000
v -0.912259 0.187547 -0.110000
v -0.898500 0.179625 -0.110000
v -0.886324 0.171141 -0.110000
v -0.875926 0.162000 -0.110000
v -0.867500 0.152109 -0.110000
v -0.861241 0.141375 -0.110000
v -0.857343 0.129703 -0.110000
v -0.856000 0.117000 -0.110000
v -0.856553 0.107988 -0.110000
v -0.858171 0.099486 -0.110000
v -0.860797 0.091547 -0.110000
v -0.864370 0.084222 -0.110000
v -0.868833 0.077564 -0.110000
v -0.874125 0.071625 -0.110000
v -0.880188 0.066457 -0.110000
v -0.886963 0.062111 -0.110000
v -0.894391 0.058641 -0.110000
v -0.902412 0.056097 -0.110000
v -0.910968 0.054533 -0.110000
v -0.920000 0.054000 -0.110000
v -0.926958 0.054289 -0.110000
v -0.933833 0.055144 -0.110000
v -0.940625 0.056547 -0.110000
v -0.947333 0.058481 -0.110000
v -0.953958 0.060930 -0.110000
v -0.960500 0.063875 -0.110000
v -0.966958 0.067299 -0.110000
v -0.973333 0.071185 -0.110000
v -0.979625 0.075516 -0.110000
v -0.985833 0.080273 -0.110000
v -0.991958 0.085440 -0.110000
v -0.998000 0.091000 -0.110000
v -0.998000 0.222000 -0.110000
v -0.650582 0.037495 -0.110000
v -0.628741 0.028963 -0.110000
v -0.607344 0.021375 -0.110000
v -0.586259 0.014704 -0.110000
v -0.565355 0.008921 -0.110000
v -0.544500 0.004000 -0.110000
v -0.523561 -0.000088 -0.110000
v -0.502407 -0.003370 -0.110000
v -0.480906 -0.005875 -0.110000
v -0.458926 -0.007630 -0.110000
v -0.436335 -0.008662 -0.110000
v -0.413000 -0.009000 -0.110000
v -0.361953 -0.006011 -0.110000
v -0.313542 0.002741 -0.110000
v -0.268109 0.016938 -0.110000
v -0.226000 0.036259 -0.110000
v -0.187557 0.060387 -0.110000
v -0.153125 0.089000 -0.110000
v -0.123047 0.121780 -0.110000
v -0.097667 0.158407 -0.110000
v -0.077328 0.198563 -0.110000
v -0.062375 0.241926 -0.110000
v -0.053151 0.288178 -0.110000
v -0.050000 0.337000 -0.110000
v -0.053229 0.386189 -0.110000
v -0.062667 0.433014 -0.110000
v -0.077937 0.477109 -0.110000
v -0.098667 0.518111 -0.110000
v -0.124479 0.555655 -0.110000
v -0.155000 0.589375 -0.110000
v -0.189854 0.618908 -0.110000
v -0.228667 0.643889 -0.110000
v -0.271062 0.663953 -0.110000
v -0.316667 0.678736 -0.110000
v -0.365104 0.687873 -0.110000
v -0.416000 0.691000 -0.110000
v -0.435543 0.690718 -0.110000
v -0.454347 0.689829 -0.110000
v -0.472672 0.688266 -0.110000
v -0.490778 0.685963 -0.110000
v -0.508925 0.682855 -0.110000
v -0.527375 0.678875 -0.110000
v -0.546387 0.673958 -0.110000
v -0.566222 0.668037 -0.110000
v -0.587141 0.661047 -0.110000
v -0.609403 0.652921 -0.110000
v -0.633269 0.643594 -0.110000
v -0.659000 0.633000 -0.110000
v -0.659000 0.534000 -0.110000
v -0.638940 0.544561 -0.110000
v -0.618769 0.554241 -0.110000
v -0.598500 0.563031 -0.110000
v -0.578148 0.570926 -0.110000
v -0.557727 0.577918 -0.110000
v -0.537250 0.584000 -0.110000
v -0.516732 0.589166 -0.110000
v -0.496185 0.593407 -0.110000
v -0.475625 0.596719 -0.110000
v -0.455065 0.599093 -0.110000
v -0.434519 0.600522 -0.110000
v -0.414000 0.601000 -0.110000
v -0.377735 0.598691 -0.110000
v -0.343130 0.591945 -0.110000
v -0.310469 0.581031 -0.110000
v -0.280037 0.566222 -0.110000
v -0.252119 0.547788 -0.110000
v -0.227000 0.526000 -0.110000
v -0.204964 0.501129 -0.110000
v -0.186296 0.473444 -0.110000
v -0.171281 0.443219 -0.110000
v -0.160204 0.410722 -0.110000
v -0.153348 0.376226 -0.110000
v -0.151000 0.340000 -0.110000
v -0.153337 0.302973 -0.110000
v -0.160194 0.268037 -0.110000
v -0.171344 0.235406 -0.110000
v -0.186556 0.205296 -0.110000
v -0.205601 0.177922 -0.110000
v -0.228250 0.153500 -0.110000
v -0.254274 0.132244 -0.110000
v -0.283444 0.114370 -0.110000
v -0.315531 0.100094 -0.110000
v -0.350306 0.089630 -0.110000
v -0.387538 0.083193 -0.110000
v -0.427000 0.081000 -0.110000
v -0.440148 0.081245 -0.110000
v -0.453102 0.081958 -0.110000
v -0.465875 0.083109 -0.110000
v -0.478481 0.084667 -0.110000
v -0.490935 0.086599 -0.110000
v -0.503250 0.088875 -0.110000
v -0.515440 0.091464 -0.110000
v -0.527519 0.094333 -0.110000
v -0.539500 0.097453 -0.110000
v -0.551398 0.100792 -0.110000
v -0.563227 0.104318 -0.110000
v -0.575000 0.108000 -0.110000
v -0.575000 0.248000 -0.110000
v -0.444000 0.248000 -0.110000
v -0.444000 0.336000 -0.110000
v -0.673000 0.336000 -0.110000
v -0.673000 0.047000 -0.110000
v -2.362586 0.035395 0.110000
v -2.349269 0.027574 0.110000
v -2.335938 0.020531 0.110000
v -2.322482 0.014259 0.110000
v -2.308789 0.008751 0.110000
v -2.294750 0.004000 0.110000
v -2.280252 -0.000001 0.110000
v -2.265185 -0.003259 0.110000
v -2.249438 -0.005781 0.110000
v -2.232898 -0.007574 0.110000
v -2.215456 -0.008645 0.110000
v -2.197000 -0.009000 0.110000
v -2.163301 -0.006665 0.110000
v -2.132241 0.000093 0.110000
v -2.103875 0.010906 0.110000
v -2.078259 0.025407 0.110000
v -2.055449 0.043228 0.110000
v -2.035500 0.064000 0.110000
v -2.018468 0.087355 0.110000
v -2.004408 0.112926 0.110000
v -1.993375 0.140344 0.110000
v -1.985426 0.169241 0.110000
v -1.980616 0.199249 0.110000
v -1.979000 0.230000 0.110000
v -1.980764 0.263056 0.110000
v -1.985945 0.294111 0.110000
v -1.994376 0.323000 0.110000
v -2.005889 0.349556 0.110000
v -2.020320 0.373611 0.110000
v -2.037500 0.395000 0.110000
v -2.057264 0.413556 0.110000
v -2.079445 0.429111 0.110000
v -2.103875 0.441500 0.110000
v -2.130389 0.450556 0.110000
v -2.158820 0.456111 0.110000
v -2.189000 0.458000 0.110000
v -2.217835 0.456310 0.110000
v -2.244764 0.451232 0.110000
v -2.269672 0.442750 0.110000
v -2.292444 0.430852 0.110000
v -2.312967 0.415523 0.110000
v -2.331125 0.396750 0.110000
v -2.346804 0.374519 0.110000
v -2.359889 0.348815 0.110000
v -2.370266 0.319625 0.110000
v -2.377820 0.286935 0.110000
v -2.382436 0.250731 0.110000
v -2.384000 0.211000 0.110000
v -2.068000 0.211000 0.110000
v -2.072270 0.189648 0.110000
v -2.078074 0.170097 0.110000
v -2.085406 0.152359 0.110000
v -2.094259 0.136444 0.110000
v -2.104626 0.122363 0.110000
v -2.116500 0.110125 0.110000
v -2.129874 0.099741 0.110000
v -2.144741 0.091222 0.110000
v -2.161094 0.084578 0.110000
v -2.178926 0.079819 0.110000
v -2.198231 0.076957 0.110000
v -2.219000 0.076000 0.110000
v -2.232440 0.076413 0.110000
v -2.245769 0.077639 0.110000
v -2.259000 0.079656 0.110000
v -2.272148 0.082444 0.110000
v -2.285227 0.085983 0.110000
v -2.298250 0.090250 0.110000
v -2.311231 0.095226 0.110000
v -2.324185 0.100889 0.110000
v -2.337125 0.107219 0.110000
v -2.350065 0.114194 0.110000
v -2.363019 0.121795 0.110000
v -2.376000 0.130000 0.110000
v -2.376000 0.044000 0.110000
v -2.294507 0.286469 0.110000
v -2.291555 0.301833 0.110000
v -2.287187 0.316031 0.110000
v -2.281444 0.329000 0.110000
v -2.274368 0.340677 0.110000
v -2.266000 0.351000 0.110000
v -2.256382 0.359906 0.110000
v -2.245556 0.367333 0.110000
v -2.233562 0.373219 0.110000
v -2.220444 0.377500 0.110000
v -2.206243 0.380115 0.110000
v -2.191000 0.381000 0.110000
v -2.174563 0.380172 0.110000
v -2.159259 0.377708 0.110000
v -2.145094 0.373641 0.110000
v -2.132074 0.368000 0.110000
v -2.120207 0.360818 0.110000
v -2.109500 0.352125 0.110000
v -2.099960 0.341953 0.110000
v -2.091593 0.330333 0.110000
v -2.084406 0.317297 0.110000
v -2.078408 0.302875 0.110000
v -2.073603 0.287099 0.110000
v -2.070000 0.270000 0.110000
v -2.296000 0.270000 0.110000
v -1.315000 0.390000 0.110000
v -1.326439 0.401001 0.110000
v -1.337759 0.411009 0.110000
v -1.348969 0.420031 0.110000
v -1.360074 0.428074 0.110000
v -1.371082 0.435145 0.110000
v -1.382000 0.441250 0.110000
v -1.392834 0.446397 0.110000
v -1.403593 0.450593 0.110000
v -1.414281 0.453844 0.110000
v -1.424907 0.456157 0.110000
v -1.435478 0.457541 0.110000
v -1.446000 0.458000 0.110000
v -1.460038 0.457418 0.110000
v -1.473634 0.455681 0.110000
v -1.486766 0.452797 0.110000
v -1.499408 0.448778 0.110000
v -1.511535 0.443634 0.110000
v -1.523125 0.437375 0.110000
v -1.534152 0.430012 0.110000
v -1.544593 0.421556 0.110000
v -1.554422 0.412016 0.110000
v -1.563616 0.401403 0.110000
v -1.572150 0.389727 0.110000
v -1.580000 0.377000 0.110000
v -1.589922 0.387837 0.110000
v -1.600208 0.398278 0.110000
v -1.610891 0.408219 0.110000
v -1.622000 0.417556 0.110000
v -1.633568 0.426184 0.110000
v -1.645625 0.434000 0.110000
v -1.658203 0.440899 0.110000
v -1.671333 0.446778 0.110000
v -1.685047 0.451531 0.110000
v -1.699375 0.455056 0.110000
v -1.714349 0.457247 0.110000
v -1.730000 0.458000 0.110000
v -1.752048 0.456561 0.110000
v -1.772634 0.452324 0.110000
v -1.791672 0.445406 0.110000
v -1.809074 0.435926 0.110000
v -1.824754 0.424001 0.110000
v -1.838625 0.409750 0.110000
v -1.850600 0.393291 0.110000
v -1.860593 0.374741 0.110000
v -1.868516 0.354219 0.110000
v -1.874282 0.331843 0.110000
v -1.877806 0.307730 0.110000
v -1.879000 0.282000 0.110000
v -1.879000 0.000000 0.110000
v -1.790000 0.000000 0.110000
v -1.790000 0.278000 0.110000
v -1.789144 0.294351 0.110000
v -1.786653 0.309389 0.110000
v -1.782641 0.323094 0.110000
v -1.777222 0.335444 0.110000
v -1.770512 0.346420 0.110000
v -1.762625 0.356000 0.110000
v -1.753675 0.364163 0.110000
v -1.743778 0.370889 0.110000
v -1.733047 0.376156 0.110000
v -1.721597 0.379944 0.110000
v -1.709543 0.382233 0.110000
v -1.697000 0.383000 0.110000
v -1.689551 0.382719 0.110000
v -1.681745 0.381417 0.110000
v -1.673641 0.379156 0.110000
v -1.665296 0.376000 0.110000
v -1.656772 0.372010 0.110000
v -1.648125 0.367250 0.110000
v -1.639416 0.361781 0.110000
v -1.630704 0.355667 0.110000
v -1.622047 0.348969 0.110000
v -1.613505 0.341750 0.110000
v -1.605136 0.334073 0.110000
v -1.597000 0.326000 0.110000
v -1.597000 0.000000 0.110000
v -1.508000 0.000000 0.110000
v -1.508000 0.279000 0.110000
v -1.507247 0.296381 0.110000
v -1.505056 0.312051 0.110000
v -1.501531 0.326047 0.110000
v -1.496778 0.338407 0.110000
v -1.490899 0.349171 0.110000
v -1.484000 0.358375 0.110000
v -1.476184 0.366058 0.110000
v -1.467556 0.372259 0.110000
v -1.458219 0.377016 0.110000
v -1.448278 0.380366 0.110000
v -1.437837 0.382348 0.110000
v -1.427000 0.383000 0.110000
v -1.416050 0.382700 0.110000
v -1.405648 0.381764 0.110000
v -1.395719 0.380141 0.110000
v -1.386185 0.377778 0.110000
v -1.376971 0.374623 0.110000
v -1.368000 0.370625 0.110000
v -1.359196 0.365731 0.110000
v -1.350482 0.359889 0.110000
v -1.341781 0.353047 0.110000
v -1.333019 0.345153 0.110000
v -1.324117 0.336155 0.110000
v -1.315000 0.326000 0.110000
v -1.315000 0.000000 0.110000
v -1.226000 0.000000 0.110000
v -1.226000 0.449000 0.110000
v -1.315000 0.449000 0.110000
v -1.141230 0.019639 0.110000
v -1.132338 0.014032 0.110000
v -1.124203 0.009141 0.110000
v -1.116704 0.004926 0.110000
v -1.109718 0.001350 0.110000
v -1.103125 -0.001625 0.110000
v -1.096803 -0.004038 0.110000
v -1.090630 -0.005926 0.110000
v -1.084484 -0.007328 0.110000
v -1.078245 -0.008282 0.110000
v -1.071791 -0.008827 0.110000
v -1.065000 -0.009000 0.110000
v -1.055622 -0.008706 0.110000
v -1.046977 -0.007815 0.110000
v -1.039047 -0.006312 0.110000
v -1.031815 -0.004185 0.110000
v -1.025263 -0.001419 0.110000
v -1.019375 0.002000 0.110000
v -1.014132 0.006086 0.110000
v -1.009519 0.010852 0.110000
v -1.005516 0.016313 0.110000
v -1.002106 0.022481 0.110000
v -0.999274 0.029373 0.110000
v -0.997000 0.037000 0.110000
v -0.987209 0.029583 0.110000
v -0.977343 0.022829 0.110000
v -0.967406 0.016734 0.110000
v -0.957407 0.011296 0.110000
v -0.947353 0.006511 0.110000
v -0.937250 0.002375 0.110000
v -0.927105 -0.001115 0.110000
v -0.916926 -0.003963 0.110000
v -0.906719 -0.006172 0.110000
v -0.896491 -0.007745 0.110000
v -0.886249 -0.008687 0.110000
v -0.876000 -0.009000 0.110000
v -0.859971 -0.007943 0.110000
v -0.844935 -0.004880 0.110000
v -0.830969 0.000031 0.110000
v -0.818148 0.006630 0.110000
v -0.806550 0.014756 0.110000
v -0.796250 0.024250 0.110000
v -0.787325 0.034953 0.110000
v -0.779852 0.046704 0.110000
v -0.773906 0.059344 0.110000
v -0.769565 0.072713 0.110000
v -0.766904 0.086652 0.110000
v -0.766000 0.101000 0.110000
v -0.767635 0.121994 0.110000
v -0.772333 0.140616 0.110000
v -0.779781 0.157078 0.110000
v -0.789667 0.171593 0.110000
v -0.801677 0.184371 0.110000
v -0.815500 0.195625 0.110000
v -0.830823 0.205567 0.110000
v -0.847333 0.214407 0.110000
v -0.864719 0.222359 0.110000
v -0.882667 0.229634 0.110000
v -0.900865 0.236444 0.110000
v -0.919000 0.243000 0.110000
v -0.998000 0.271000 0.110000
v -0.998000 0.295000 0.110000
v -0.997437 0.308318 0.110000
v -0.995750 0.320296 0.110000
v -0.992937 0.330969 0.110000
v -0.989000 0.340370 0.110000
v -0.983937 0.348536 0.110000
v -0.977750 0.355500 0.110000
v -0.970437 0.361297 0.110000
v -0.962000 0.365963 0.110000
v -0.952437 0.369531 0.110000
v -0.941750 0.372037 0.110000
v -0.929937 0.373515 0.110000
v -0.917000 0.374000 0.110000
v -0.904734 0.373518 0.110000
v -0.892454 0.372060 0.110000
v -0.880188 0.369609 0.110000
v -0.867963 0.366148 0.110000
v -0.855808 0.361659 0.110000
v -0.843750 0.356125 0.110000
v -0.831817 0.349528 0.110000
v -0.820037 0.341852 0.110000
v -0.808438 0.333078 0.110000
v -0.797046 0.323190 0.110000
v -0.785891 0.312170 0.110000
v -0.775000 0.300000 0.110000
v -0.775000 0.397000 0.110000
v -0.784043 0.406813 0.110000
v -0.793676 0.415755 0.110000
v -0.803906 0.423828 0.110000
v -0.814741 0.431037 0.110000
v -0.826186 0.437385 0.110000
v -0.838250 0.442875 0.110000
v -0.850939 0.447511 0.110000
v -0.864259 0.451296 0.110000
v -0.878219 0.454234 0.110000
v -0.892824 0.456329 0.110000
v -0.908082 0.457583 0.110000
v -0.924000 0.458000 0.110000
v -0.946323 0.457036 0.110000
v -0.967671 0.454120 0.110000
v -0.987859 0.449219 0.110000
v -1.006703 0.442296 0.110000
v -1.024020 0.433318 0.110000
v -1.039625 0.422250 0.110000
v -1.053334 0.409057 0.110000
v -1.064963 0.393704 0.110000
v -1.074328 0.376156 0.110000
v -1.081245 0.356380 0.110000
v -1.085531 0.334339 0.110000
v -1.087000 0.310000 0.110000
v -1.087000 0.079000 0.110000
v -1.087125 0.074976 0.110000
v -1.087496 0.071394 0.110000
v -1.088110 0.068234 0.110000
v -1.088963 0.065481 0.110000
v -1.090053 0.063117 0.110000
v -1.091375 0.061125 0.110000
v -1.092927 0.059487 0.110000
v -1.094704 0.058185 0.110000
v -1.096703 0.057203 0.110000
v -1.098921 0.056523 0.110000
v -1.101355 0.056128 0.110000
v -1.104000 0.056000 0.110000
v -1.106433 0.056186 0.110000
v -1.109218 0.056736 0.110000
v -1.112328 0.057641 0.110000
v -1.115741 0.058889 0.110000
v -1.119431 0.060470 0.110000
v -1.123375 0.062375 0.110000
v -1.127548 0.064592 0.110000
v -1.131926 0.067111 0.110000
v -1.136484 0.069922 0.110000
v -1.141199 0.073014 0.110000
v -1.146046 0.076377 0.110000
v -1.151000 0.080000 0.110000
v -1.151000 0.026000 0.110000
v -0.979241 0.215484 0.110000
v -0.961093 0.208875 0.110000
v -0.943750 0.202078 0.110000
v -0.927407 0.195000 0.110000
v -0.912259 0.187547 0.110000
v -0.898500 0.179625 0.110000
v -0.886324 0.171141 0.110000
v -0.875926 0.162000 0.110000
v -0.867500 0.152109 0.110000
v -0.861241 0.141375 0.110000
v -0.857343 0.129703 0.110000
v -0.856000 0.117000 0.110000
v -0.856553 0.107988 0.110000
v -0.858171 0.099486 0.110000
v -0.860797 0.091547 0.110000
v -0.864370 0.084222 0.110000
v -0.868833 0.077564 0.110000
v -0.874125 0.071625 0.110000
v -0.880188 0.066457 0.110000
v -0.886963 0.062111 0.110000
v -0.894391 0.058641 0.110000
v -0.902412 0.056097 0.110000
v -0.910968 0.054533 0.110000
v -0.920000 0.054000 0.110000
v -0.926958 0.054289 0.110000
v -0.933833 0.055144 0.110000
v -0.940625 0.056547 0.110000
v -0.947333 0.058481 0.110000
v -0.953958 0.060930 0.110000
v -0.960500 0.063875 0.110000
v -0.966958 0.067299 0.110000
v -0.973333 0.071185 0.110000
v -0.979625 0.075516 0.110000
v -0.985833 0.080273 0.110000
v -0.991958 0.085440 0.110000
v -0.998000 0.091000 0.110000
v -0.998000 0.222000 0.110000
v -0.650582 0.037495 0.110000
v -0.628741 0.028963 0.110000
v -0.607344 0.021375 0.110000
v -0.586259 0.014704 0.110000
v -0.565355 0.008921 0.110000
v -0.544500 0.004000 0.110000
v -0.523561 -0.000088 0.110000
v -0.502407 -0.003370 0.110000
v -0.480906 -0.005875 0.110000
v -0.458926 -0.007630 0.110000
v -0.436335 -0.008662 0.110000
v -0.413000 -0.009000 0.110000
v -0.361953 -0.006011 0.110000
v -0.313542 0.002741 0.110000
v -0.268109 0.016938 0.110000
v -0.226000 0.036259 0.110000
v -0.187557 0.060387 0.110000
v -0.153125 0.089000 0.110000
v -0.123047 0.121780 0.110000
v -0.097667 0.158407 0.110000
v -0.077328 0.198563 0.110000
v -0.062375 0.241926 0.110000
v -0.053151 0.288178 0.110000
v -0.050000 0.337000 0.110000
v -0.053229 0.386189 0.110000
v -0.062667 0.433014 0.110000
v -0.077937 0.477109 0.110000
v -0.098667 0.518111 0.110000
v -0.124479 0.555655 0.110000
v -0.155000 0.589375 0.110000
v -0.189854 0.618908 0.110000
v -0.228667 0.643889 0.110000
v -0.271062 0.663953 0.110000
v -0.316667 0.678736 0.110000
v -0.365104 0.687873 0.110000
v -0.416000 0.691000 0.110000
v -0.435543 0.690718 0.110000
v -0.454347 0.689829 0.110000
v -0.472672 0.688266 0.110000
v -0.490778 0.685963 0.110000
v -0.508925 0.682855 0.110000
v -0.527375 0.678875 0.110000
v -0.546387 0.673958 0.110000
v -0.566222 0.668037 0.110000
v -0.587141 0.661047 0.110000
v -0.609403 0.652921 0.110000
v -0.633269 0.643594 0.110000
v -0.659000 0.633000 0.110000
v -0.659000 0.534000 0.110000
v -0.638940 0.544561 0.110000
v -0.618769 0.554241 0.110000
v -0.598500 0.563031 0.110000
v -0.578148 0.570926 0.110000
v -0.557727 0.577918 0.110000
v -0.537250 0.584000 0.110000
v -0.516732 0.589166 0.110000
v -0.496185 0.593407 0.110000
v -0.475625 0.596719 0.110000
v -0.455065 0.599093 0.110000
v -0.434519 0.600522 0.110000
v -0.414000 0.601000 0.110000
v -0.377735 0.598691 0.110000
v -0.343130 0.591945 0.110000
v -0.310469 0.581031 0.110000
v -0.280037 0.566222 0.110000
v -0.252119 0.547788 0.110000
v -0.227000 0.526000 0.110000
v -0.204964 0.501129 0.110000
v -0.186296 0.473444 0.110000
v -0.171281 0.443219 0.110000
v -0.160204 0.410722 0.110000
v -0.153348 0.376226 0.110000
v -0.151000 0.340000 0.110000
v -0.153337 0.302973 0.110000
v -0.160194 0.268037 0.110000
v -0.171344 0.235406 0.110000
v -0.186556 0.205296 0.110000
v -0.205601 0.177922 0.110000
v -0.228250 0.153500 0.110000
v -0.254274 0.132244 0.110000
v -0.283444 0.114370 0.110000
v -0.315531 0.100094 0.110000
v -0.350306 0.089630 0.110000
v -0.387538 0.083193 0.110000
v -0.427000 0.081000 0.110000
v -0.440148 0.081245 0.110000
v -0.453102 0.081958 0.110000
v -0.465875 0.083109 0.110000
v -0.478481 0.084667 0.110000
v -0.490935 0.086599 0.110000
v -0.503250 0.088875 0.110000
v -0.515440 0.091464 0.110000
v -0.527519 0.094333 0.110000
v -0.539500 0.097453 0.110000
v -0.551398 0.100792 0.110000
v -0.563227 0.104318 0.110000
v -0.575000 0.108000 0.110000
v -0.575000 0.248000 0.110000
v -0.444000 0.248000 0.110000
v -0.444000 0.336000 0.110000
v -0.673000 0.336000 0.110000
v -0.673000 0.047000 0.110000
v -0.650582 0.037495 0.110000
v -0.654079 0.028909 0.108532
v -0.657233 0.021162 0.104271
v -0.659737 0.015015 0.097634
v -0.661344 0.011068 0.089271
v -0.661898 0.009708 0.080000
v -0.661898 0.009708 -0.080000
v -0.661344 0.011068 -0.089271
v -0.659737 0.015015 -0.097634
v -0.657233 0.021162 -0.104271
v -0.654079 0.028909 -0.108532
v -0.650582 0.037495 -0.110000
v -0.628741 0.028963 0.110000
v -0.631977 0.020275 0.108532
v -0.634897 0.012437 0.104271
v -0.637215 0.006217 0.097634
v -0.638702 0.002223 0.089271
v -0.639215 0.000847 0.080000
v -0.639215 0.000847 -0.080000
v -0.638702 0.002223 -0.089271
v -0.637215 0.006217 -0.097634
v -0.634897 0.012437 -0.104271
v -0.631977 0.020275 -0.108532
v -0.628741 0.028963 -0.110000
v -0.607344 0.021375 0.110000
v -0.610292 0.012584 0.108532
v -0.612952 0.004654 0.104271
v -0.615063 -0.001639 0.097634
v -0.616418 -0.005680 0.089271
v -0.616885 -0.007072 0.080000
v -0.616885 -0.007072 -0.080000
v -0.616418 -0.005680 -0.089271
v -0.615063 -0.001639 -0.097634
v -0.612952 0.004654 -0.104271
v -0.610292 0.012584 -0.108532
v -0.607344 0.021375 -0.110000
v -0.586259 0.014704 0.110000
v -0.588894 0.005814 0.108532
v -0.591271 -0.002206 0.104271
v -0.593158 -0.008570 0.097634
v -0.594369 -0.012656 0.089271
v -0.594786 -0.014064 0.080000
v -0.594786 -0.014064 -0.080000
v -0.594369 -0.012656 -0.089271
v -0.593158 -0.008570 -0.097634
v -0.591271 -0.002206 -0.104271
v -0.588894 0.005814 -0.108532
v -0.586259 0.014704 -0.110000
v -0.565355 0.008921 0.110000
v -0.567656 -0.000061 0.108532
v -0.569732 -0.008164 0.104271
v -0.571380 -0.014594 0.097634
v -0.572438 -0.018723 0.089271
v -0.572802 -0.020145 0.080000
v -0.572802 -0.020145 -0.080000
v -0.572438 -0.018723 -0.089271
v -0.571380 -0.014594 -0.097634
v -0.569732 -0.008164 -0.104271
v -0.567656 -0.000061 -0.108532
v -0.565355 0.008921 -0.110000
v -0.544500 0.004000 0.110000
v -0.546453 -0.005064 0.108532
v -0.548216 -0.013241 0.104271
v -0.549614 -0.019730 0.097634
v -0.550512 -0.023897 0.089271
v -0.550822 -0.025332 0.080000
v -0.550822 -0.025332 -0.080000
v -0.550512 -0.023897 -0.089271
v -0.549614 -0.019730 -0.097634
v -0.548216 -0.013241 -0.104271
v -0.546453 -0.005064 -0.108532
v -0.544500 0.004000 -0.110000
v -0.523561 -0.000088 0.110000
v -0.525161 -0.009221 0.108532
v -0.526604 -0.017460 0.104271
v -0.527749 -0.023999 0.097634
v -0.528484 -0.028197 0.089271
v -0.528738 -0.029644 0.080000
v -0.528738 -0.029644 -0.080000
v -0.528484 -0.028197 -0.089271
v -0.527749 -0.023999 -0.097634
v -0.526604 -0.017460 -0.104271
v -0.525161 -0.009221 -0.108532
v -0.523561 -0.000088 -0.110000
v -0.502407 -0.003370 0.110000
v -0.503655 -0.012558 0.108532
v -0.504780 -0.020847 0.104271
v -0.505673 -0.027425 0.097634
v -0.506247 -0.031648 0.089271
v -0.506444 -0.033103 0.080000
v -0.506444 -0.033103 -0.080000
v -0.506247 -0.031648 -0.089271
v -0.505673 -0.027425 -0.097634
v -0.504780 -0.020847 -0.104271
v -0.503655 -0.012558 -0.108532
v -0.502407 -0.003370 -0.110000
v -0.480906 -0.005875 0.110000
v -0.481812 -0.015103 0.108532
v -0.482629 -0.023427 0.104271
v -0.483277 -0.030033 0.097634
v -0.483693 -0.034275 0.089271
v -0.483836 -0.035737 0.080000
v -0.483836 -0.035737 -0.080000
v -0.483693 -0.034275 -0.089271
v -0.483277 -0.030033 -0.097634
v -0.482629 -0.023427 -0.104271
v -0.481812 -0.015103 -0.108532
v -0.480906 -0.005875 -0.110000
v -0.458926 -0.007630 0.110000
v -0.459507 -0.016883 0.108532
v -0.460030 -0.025231 0.104271
v -0.460446 -0.031856 0.097634
v -0.460713 -0.036109 0.089271
v -0.460805 -0.037575 0.080000
v -0.460805 -0.037575 -0.080000
v -0.460713 -0.036109 -0.089271
v -0.460446 -0.031856 -0.097634
v -0.460030 -0.025231 -0.104271
v -0.459507 -0.016883 -0.108532
v -0.458926 -0.007630 -0.110000
v -0.436335 -0.008662 0.110000
v -0.436613 -0.017929 0.108532
v -0.436865 -0.026290 0.104271
v -0.437064 -0.032925 0.097634
v -0.437193 -0.037184 0.089271
v -0.437237 -0.038652 0.080000
v -0.437237 -0.038652 -0.080000
v -0.437193 -0.037184 -0.089271
v -0.437064 -0.032925 -0.097634
v -0.436865 -0.026290 -0.104271
v -0.436613 -0.017929 -0.108532
v -0.436335 -0.008662 -0.110000
v -0.413000 -0.009000 0.110000
v -0.412796 -0.018274 0.108532
v -0.412612 -0.026641 0.104271
v -0.412466 -0.033281 0.097634
v -0.412372 -0.037544 0.089271
v -0.412340 -0.039013 0.080000
v -0.412340 -0.039013 -0.080000
v -0.412372 -0.037544 -0.089271
v -0.412466 -0.033281 -0.097634
v -0.412612 -0.026641 -0.104271
v -0.412796 -0.018274 -0.108532
v -0.413000 -0.009000 -0.110000
v -0.361953 -0.006011 0.110000
v -0.360854 -0.015233 0.108532
v -0.359862 -0.023553 0.104271
v -0.359075 -0.030155 0.097634
v -0.358569 -0.034394 0.089271
v -0.358395 -0.035855 0.080000
v -0.358395 -0.035855 -0.080000
v -0.358569 -0.034394 -0.089271
v -0.359075 -0.030155 -0.097634
v -0.359862 -0.023553 -0.104271
v -0.360854 -0.015234 -0.108532
v -0.361953 -0.006011 -0.110000
v -0.313542 0.002741 0.110000
v -0.311326 -0.006279 0.108532
v -0.309327 -0.014417 0.104271
v -0.307741 -0.020874 0.097634
v -0.306723 -0.025021 0.089271
v -0.306372 -0.026449 0.080000
v -0.306372 -0.026449 -0.080000
v -0.306723 -0.025021 -0.089271
v -0.307741 -0.020874 -0.097634
v -0.309327 -0.014417 -0.104271
v -0.311326 -0.006279 -0.108532
v -0.313542 0.002741 -0.110000
v -0.268109 0.016938 0.110000
v -0.264780 0.008265 0.108532
v -0.261777 0.000442 0.104271
v -0.259394 -0.005767 0.097634
v -0.257864 -0.009753 0.089271
v -0.257336 -0.011127 0.080000
v -0.257336 -0.011127 -0.080000
v -0.257864 -0.009753 -0.089271
v -0.259394 -0.005767 -0.097634
v -0.261777 0.000442 -0.104271
v -0.264780 0.008265 -0.108532
v -0.268109 0.016938 -0.110000
v -0.226000 0.036259 0.110000
v -0.221584 0.028086 0.108532
v -0.217601 0.020712 0.104271
v -0.214439 0.014860 0.097634
v -0.212409 0.011103 0.089271
v -0.211710 0.009809 0.080000
v -0.211710 0.009809 -0.080000
v -0.212409 0.011103 -0.089271
v -0.214439 0.014860 -0.097634
v -0.217601 0.020712 -0.104271
v -0.221584 0.028086 -0.108532
v -0.226000 0.036259 -0.110000
v -0.187557 0.060387 0.110000
v -0.182107 0.052862 0.108532
v -0.177190 0.046075 0.104271
v -0.173287 0.040688 0.097634
v -0.170782 0.037229 0.089271
v -0.169919 0.036038 0.080000
v -0.169919 0.036038 -0.080000
v -0.170782 0.037229 -0.089271
v -0.173287 0.040688 -0.097634
v -0.177190 0.046075 -0.104271
v -0.182107 0.052862 -0.108532
v -0.187557 0.060387 -0.110000
v -0.153125 0.089000 0.110000
v -0.146718 0.082271 0.108532
v -0.140938 0.076200 0.104271
v -0.136351 0.071382 0.097634
v -0.133406 0.068289 0.089271
v -0.132391 0.067223 0.080000
v -0.132391 0.067223 -0.080000
v -0.133406 0.068289 -0.089271
v -0.136351 0.071382 -0.097634
v -0.140938 0.076200 -0.104271
v -0.146718 0.082271 -0.108532
v -0.153125 0.089000 -0.110000
v -0.123047 0.121780 0.110000
v -0.115788 0.115979 0.108532
v -0.109239 0.110746 0.104271
v -0.104042 0.106593 0.097634
v -0.100706 0.103927 0.089271
v -0.099556 0.103008 0.080000
v -0.099556 0.103008 -0.080000
v -0.100706 0.103927 -0.089271
v -0.104042 0.106593 -0.097634
v -0.109239 0.110746 -0.104271
v -0.115788 0.115979 -0.108532
v -0.123047 0.121780 -0.110000
v -0.097667 0.158407 0.110000
v -0.089684 0.153651 0.108532
v -0.082483 0.149359 0.104271
v -0.076768 0.145954 0.097634
v -0.073099 0.143768 0.089271
v -0.071835 0.143014 0.080000
v -0.071835 0.143014 -0.080000
v -0.073099 0.143768 -0.089271
v -0.076768 0.145954 -0.097634
v -0.082483 0.149359 -0.104271
v -0.089684 0.153651 -0.108532
v -0.097667 0.158407 -0.110000
v -0.077328 0.198563 0.110000
v -0.068771 0.194940 0.108532
v -0.061052 0.191672 0.104271
v -0.054925 0.189079 0.097634
v -0.050992 0.187414 0.089271
v -0.049637 0.186840 0.080000
v -0.049637 0.186840 -0.080000
v -0.050992 0.187414 -0.089271
v -0.054925 0.189079 -0.097634
v -0.061052 0.191672 -0.104271
v -0.068771 0.194940 -0.108532
v -0.077328 0.198563 -0.110000
v -0.062375 0.241926 0.110000
v -0.053406 0.239497 0.108532
v -0.045315 0.237306 0.104271
v -0.038895 0.235568 0.097634
v -0.034772 0.234451 0.089271
v -0.033352 0.234067 0.080000
v -0.033352 0.234067 -0.080000
v -0.034772 0.234451 -0.089271
v -0.038895 0.235568 -0.097634
v -0.045315 0.237306 -0.104271
v -0.053406 0.239497 -0.108532
v -0.062375 0.241926 -0.110000
v -0.053151 0.288178 0.110000
v -0.043939 0.286968 0.108532
v -0.035629 0.285876 0.104270
v -0.029035 0.285009 0.097634
v -0.024800 0.284453 0.089270
v -0.023341 0.284261 0.080000
v -0.023341 0.284261 -0.080000
v -0.024800 0.284453 -0.089271
v -0.029035 0.285009 -0.097634
v -0.035629 0.285876 -0.104271
v -0.043939 0.286968 -0.108532
v -0.053151 0.288178 -0.110000
v -0.050000 0.337000 0.110000
v -0.040710 0.337005 0.108532
v -0.032329 0.337010 0.104270
v -0.025678 0.337013 0.097634
v -0.021408 0.337016 0.089270
v -0.019937 0.337017 0.080000
v -0.019937 0.337017 -0.080000
v -0.021408 0.337016 -0.089271
v -0.025678 0.337013 -0.097634
v -0.032329 0.337010 -0.104271
v -0.040710 0.337005 -0.108532
v -0.050000 0.337000 -0.110000
v -0.053229 0.386189 0.110000
v -0.044019 0.387414 0.108532
v -0.035711 0.388519 0.104270
v -0.029117 0.389396 0.097634
v -0.024884 0.389959 0.089270
v -0.023425 0.390153 0.080000
v -0.023425 0.390153 -0.080000
v -0.024884 0.389959 -0.089271
v -0.029117 0.389396 -0.097634
v -0.035711 0.388519 -0.104271
v -0.044019 0.387414 -0.108532
v -0.053229 0.386189 -0.110000
v -0.062667 0.433014 0.110000
v -0.053702 0.435458 0.108532
v -0.045615 0.437662 0.104270
v -0.039198 0.439412 0.097634
v -0.035077 0.440535 0.089270
v -0.033657 0.440922 0.080000
v -0.033657 0.440922 -0.080000
v -0.035077 0.440535 -0.089271
v -0.039198 0.439412 -0.097634
v -0.045615 0.437662 -0.104271
v -0.053702 0.435458 -0.108532
v -0.062667 0.433014 -0.110000
v -0.077937 0.477109 0.110000
v -0.069382 0.480734 0.108532
v -0.061664 0.484004 0.104270
v -0.055539 0.486599 0.097634
v -0.051607 0.488265 0.089270
v -0.050252 0.488839 0.080000
v -0.050252 0.488839 -0.080000
v -0.051607 0.488265 -0.089271
v -0.055539 0.486599 -0.097634
v -0.061664 0.484004 -0.104271
v -0.069382 0.480734 -0.108532
v -0.077937 0.477109 -0.110000
v -0.098667 0.518111 0.110000
v -0.090674 0.522850 0.108532
v -0.083465 0.527125 0.104270
v -0.077743 0.530517 0.097634
v -0.074069 0.532696 0.089270
v -0.072803 0.533446 0.080000
v -0.072803 0.533446 -0.080000
v -0.074069 0.532696 -0.089271
v -0.077743 0.530517 -0.097634
v -0.083465 0.527125 -0.104271
v -0.090674 0.522850 -0.108532
v -0.098667 0.518111 -0.110000
v -0.124479 0.555655 0.110000
v -0.117191 0.561417 0.108532
v -0.110616 0.566615 0.104270
v -0.105398 0.570740 0.097634
v -0.102047 0.573389 0.089270
v -0.100893 0.574301 0.080000
v -0.100893 0.574301 -0.080000
v -0.102047 0.573389 -0.089271
v -0.105398 0.570740 -0.097634
v -0.110616 0.566615 -0.104271
v -0.117191 0.561417 -0.108532
v -0.124479 0.555655 -0.110000
v -0.155000 0.589375 0.110000
v -0.148539 0.596051 0.108532
v -0.142710 0.602074 0.104270
v -0.138084 0.606853 0.097634
v -0.135114 0.609922 0.089270
v -0.134091 0.610979 0.080000
v -0.134091 0.610979 -0.080000
v -0.135114 0.609922 -0.089271
v -0.138084 0.606853 -0.097634
v -0.142710 0.602074 -0.104271
v -0.148539 0.596051 -0.108532
v -0.155000 0.589375 -0.110000
v -0.189854 0.618908 0.110000
v -0.184325 0.626374 0.108532
v -0.179338 0.633110 0.104270
v -0.175379 0.638455 0.097634
v -0.172838 0.641887 0.089270
v -0.171962 0.643069 0.080000
v -0.171962 0.643069 -0.080000
v -0.172838 0.641887 -0.089271
v -0.175379 0.638455 -0.097634
v -0.179338 0.633110 -0.104271
v -0.184325 0.626374 -0.108532
v -0.189854 0.618908 -0.110000
v -0.228667 0.643889 0.110000
v -0.224156 0.652011 0.108532
v -0.220087 0.659337 0.104270
v -0.216858 0.665152 0.097634
v -0.214785 0.668885 0.089270
v -0.214070 0.670171 0.080000
v -0.214070 0.670171 -0.080000
v -0.214785 0.668885 -0.089271
v -0.216858 0.665152 -0.097634
v -0.220087 0.659337 -0.104271
v -0.224156 0.652011 -0.108532
v -0.228667 0.643889 -0.110000
v -0.271062 0.663953 0.110000
v -0.267636 0.672588 0.108532
v -0.264545 0.680377 0.104270
v -0.262092 0.686559 0.097634
v -0.260517 0.690528 0.089270
v -0.259975 0.691896 0.080000
v -0.259975 0.691896 -0.080000
v -0.260517 0.690528 -0.089271
v -0.262092 0.686559 -0.097634
v -0.264545 0.680377 -0.104271
v -0.267636 0.672588 -0.108532
v -0.271062 0.663953 -0.110000
v -0.316667 0.678736 0.110000
v -0.314369 0.687737 0.108532
v -0.312296 0.695856 0.104270
v -0.310651 0.702300 0.097634
v -0.309595 0.706437 0.089270
v -0.309231 0.707863 0.080000
v -0.309231 0.707863 -0.080000
v -0.309595 0.706437 -0.089271
v -0.310651 0.702300 -0.097634
v -0.312296 0.695856 -0.104271
v -0.314369 0.687737 -0.108532
v -0.316667 0.678736 -0.110000
v -0.365104 0.687873 0.110000
v -0.363956 0.697091 0.108532
v -0.362921 0.705406 0.104270
v -0.362099 0.712005 0.097634
v -0.361571 0.716242 0.089270
v -0.361389 0.717702 0.080000
v -0.361389 0.717702 -0.080000
v -0.361571 0.716242 -0.089271
v -0.362099 0.712005 -0.097634
v -0.362921 0.705406 -0.104271
v -0.363956 0.697091 -0.108532
v -0.365104 0.687873 -0.110000
v -0.416000 0.691000 0.110000
v -0.415782 0.700275 0.108532
v -0.415586 0.708641 0.104270
v -0.415430 0.715281 0.097634
v -0.415330 0.719544 0.089270
v -0.415295 0.721013 0.080000
v -0.415295 0.721013 -0.080000
v -0.415330 0.719544 -0.089271
v -0.415430 0.715281 -0.097634
v -0.415586 0.708641 -0.104271
v -0.415782 0.700275 -0.108532
v -0.416000 0.691000 -0.110000
v -0.435543 0.690718 0.110000
v -0.435829 0.699986 0.108532
v -0.436087 0.708346 0.104270
v -0.436292 0.714980 0.097634
v -0.436423 0.719240 0.089270
v -0.436469 0.720708 0.080000
v -0.436469 0.720708 -0.080000
v -0.436423 0.719240 -0.089271
v -0.436292 0.714980 -0.097634
v -0.436087 0.708346 -0.104271
v -0.435829 0.699986 -0.108532
v -0.435543 0.690718 -0.110000
v -0.454347 0.689829 0.110000
v -0.454960 0.699081 0.108532
v -0.455514 0.707427 0.104270
v -0.455953 0.714050 0.097634
v -0.456234 0.718303 0.089270
v -0.456332 0.719768 0.080000
v -0.456332 0.719768 -0.080000
v -0.456234 0.718303 -0.089271
v -0.455953 0.714050 -0.097634
v -0.455514 0.707427 -0.104271
v -0.454960 0.699081 -0.108532
v -0.454347 0.689829 -0.110000
v -0.472672 0.688266 0.110000
v -0.473651 0.697486 0.108532
v -0.474534 0.705804 0.104270
v -0.475235 0.712406 0.097634
v -0.475685 0.716644 0.089270
v -0.475841 0.718104 0.080000
v -0.475841 0.718104 -0.080000
v -0.475685 0.716644 -0.089271
v -0.475235 0.712406 -0.097634
v -0.474534 0.705804 -0.104271
v -0.473651 0.697486 -0.108532
v -0.472672 0.688266 -0.110000
v -0.490778 0.685963 0.110000
v -0.492146 0.695134 0.108532
v -0.493380 0.703408 0.104270
v -0.494359 0.709974 0.097634
v -0.494988 0.714189 0.089270
v -0.495205 0.715642 0.080000
v -0.495205 0.715642 -0.080000
v -0.494988 0.714189 -0.089271
v -0.494359 0.709974 -0.097634
v -0.493380 0.703408 -0.104271
v -0.492146 0.695134 -0.108532
v -0.490778 0.685963 -0.110000
v -0.508925 0.682855 0.110000
v -0.510686 0.691959 0.108532
v -0.512274 0.700172 0.104270
v -0.513535 0.706689 0.097634
v -0.514344 0.710874 0.089270
v -0.514623 0.712316 0.080000
v -0.514623 0.712316 -0.080000
v -0.514344 0.710874 -0.089271
v -0.513535 0.706689 -0.097634
v -0.512274 0.700172 -0.104271
v -0.510686 0.691959 -0.108532
v -0.508925 0.682855 -0.110000
v -0.527375 0.678875 0.110000
v -0.529514 0.687897 0.108532
v -0.531444 0.696037 0.104270
v -0.532975 0.702496 0.097634
v -0.533958 0.706643 0.089270
v -0.534297 0.708072 0.080000
v -0.534297 0.708072 -0.080000
v -0.533958 0.706643 -0.089271
v -0.532975 0.702496 -0.097634
v -0.531444 0.696037 -0.104271
v -0.529514 0.687897 -0.108532
v -0.527375 0.678875 -0.110000
v -0.546387 0.673958 0.110000
v -0.548874 0.682890 0.108532
v -0.551118 0.690948 0.104270
v -0.552899 0.697343 0.097634
v -0.554042 0.701448 0.089270
v -0.554436 0.702863 0.080000
v -0.554436 0.702863 -0.080000
v -0.554042 0.701448 -0.089271
v -0.552899 0.697343 -0.097634
v -0.551118 0.690948 -0.104271
v -0.548874 0.682890 -0.108532
v -0.546387 0.673958 -0.110000
v -0.566222 0.668037 0.110000
v -0.569018 0.676877 0.108532
v -0.571540 0.684852 0.104270
v -0.573541 0.691181 0.097634
v -0.574826 0.695244 0.089270
v -0.575269 0.696645 0.080000
v -0.575269 0.696645 -0.080000
v -0.574826 0.695244 -0.089271
v -0.573541 0.691181 -0.097634
v -0.571540 0.684852 -0.104271
v -0.569018 0.676877 -0.108532
v -0.566222 0.668037 -0.110000
v -0.587141 0.661047 0.110000
v -0.590200 0.669799 0.108532
v -0.592959 0.677695 0.104270
v -0.595149 0.683961 0.097634
v -0.596555 0.687984 0.089270
v -0.597040 0.689370 0.080000
v -0.597040 0.689370 -0.080000
v -0.596555 0.687984 -0.089271
v -0.595149 0.683961 -0.097634
v -0.592959 0.677695 -0.104271
v -0.590200 0.669799 -0.108532
v -0.587141 0.661047 -0.110000
v -0.609403 0.652921 0.110000
v -0.612680 0.661594 0.108532
v -0.615636 0.669418 0.104270
v -0.617982 0.675627 0.097634
v -0.619488 0.679613 0.089270
v -0.620007 0.680987 0.080000
v -0.620007 0.680987 -0.080000
v -0.619488 0.679613 -0.089271
v -0.617982 0.675627 -0.097634
v -0.615636 0.669418 -0.104271
v -0.612680 0.661594 -0.108532
v -0.609403 0.652921 -0.110000
v -0.633269 0.643594 0.110000
v -0.636721 0.652198 0.108532
v -0.639836 0.659960 0.104270
v -0.642307 0.666120 0.097634
v -0.643894 0.670075 0.089270
v -0.644441 0.671438 0.080000
v -0.644441 0.671438 -0.080000
v -0.643894 0.670075 -0.089271
v -0.642307 0.666120 -0.097634
v -0.639836 0.659960 -0.104271
v -0.636721 0.652198 -0.108532
v -0.633269 0.643594 -0.110000
v -0.659000 0.633000 0.110000
v -0.668271 0.639209 0.108532
v -0.676634 0.644809 0.104270
v -0.683271 0.649254 0.097634
v -0.687532 0.652108 0.089270
v -0.689000 0.653091 0.080000
v -0.689000 0.653091 -0.080000
v -0.687532 0.652108 -0.089271
v -0.683271 0.649254 -0.097634
v -0.676634 0.644809 -0.104271
v -0.668271 0.639209 -0.108532
v -0.659000 0.633000 -0.110000
v -0.659000 0.534000 0.110000
v -0.668271 0.518642 0.108532
v -0.676634 0.504788 0.104270
v -0.683271 0.493793 0.097634
v -0.687532 0.486734 0.089270
v -0.689000 0.484302 0.080000
v -0.689000 0.484302 -0.080000
v -0.687532 0.486734 -0.089271
v -0.683271 0.493793 -0.097634
v -0.676634 0.504788 -0.104271
v -0.668271 0.518642 -0.108532
v -0.659000 0.534000 -0.110000
v -0.638940 0.544561 0.110000
v -0.634774 0.536278 0.108532
v -0.631015 0.528805 0.104270
v -0.628033 0.522875 0.097634
v -0.626118 0.519068 0.089270
v -0.625458 0.517756 0.080000
v -0.625458 0.517756 -0.080000
v -0.626118 0.519068 -0.089271
v -0.628033 0.522875 -0.097634
v -0.631015 0.528805 -0.104271
v -0.634774 0.536278 -0.108532
v -0.638940 0.544561 -0.110000
v -0.618769 0.554241 0.110000
v -0.614918 0.545806 0.108532
v -0.611443 0.538197 0.104270
v -0.608686 0.532159 0.097634
v -0.606916 0.528282 0.089270
v -0.606306 0.526946 0.080000
v -0.606306 0.526946 -0.080000
v -0.606916 0.528282 -0.089271
v -0.608686 0.532159 -0.097634
v -0.611443 0.538197 -0.104271
v -0.614918 0.545806 -0.108532
v -0.618769 0.554241 -0.110000
v -0.598500 0.563031 0.110000
v -0.594978 0.554454 0.108532
v -0.591801 0.546716 0.104270
v -0.589279 0.540576 0.097634
v -0.587660 0.536633 0.089270
v -0.587103 0.535274 0.080000
v -0.587103 0.535274 -0.080000
v -0.587660 0.536633 -0.089271
v -0.589279 0.540576 -0.097634
v -0.591801 0.546716 -0.104271
v -0.594978 0.554454 -0.108532
v -0.598500 0.563031 -0.110000
v -0.578148 0.570926 0.110000
v -0.574969 0.562216 0.108532
v -0.572101 0.554358 0.104270
v -0.569825 0.548122 0.097634
v -0.568364 0.544118 0.089270
v -0.567860 0.542739 0.080000
v -0.567860 0.542739 -0.080000
v -0.568364 0.544118 -0.089271
v -0.569825 0.548122 -0.097634
v -0.572101 0.554358 -0.104271
v -0.574969 0.562216 -0.108532
v -0.578148 0.570926 -0.110000
v -0.557727 0.577918 0.110000
v -0.554904 0.569085 0.108532
v -0.552358 0.561118 0.104270
v -0.550338 0.554794 0.097634
v -0.549040 0.550734 0.089270
v -0.548593 0.549335 0.080000
v -0.548593 0.549335 -0.080000
v -0.549040 0.550734 -0.089271
v -0.550338 0.554794 -0.097634
v -0.552358 0.561118 -0.104271
v -0.554904 0.569085 -0.108532
v -0.557727 0.577918 -0.110000
v -0.537250 0.584000 0.110000
v -0.534798 0.575058 0.108532
v -0.532585 0.566991 0.104270
v -0.530829 0.560589 0.097634
v -0.529702 0.556478 0.089270
v -0.529314 0.555062 0.080000
v -0.529314 0.555062 -0.080000
v -0.529702 0.556478 -0.089271
v -0.530829 0.560589 -0.097634
v -0.532585 0.566991 -0.104271
v -0.534798 0.575058 -0.108532
v -0.537250 0.584000 -0.110000
v -0.516732 0.589166 0.110000
v -0.514662 0.580127 0.108532
v -0.512795 0.571973 0.104270
v -0.511313 0.565502 0.097634
v -0.510361 0.561347 0.089270
v -0.510034 0.559916 0.080000
v -0.510034 0.559916 -0.080000
v -0.510361 0.561347 -0.089271
v -0.511313 0.565502 -0.097634
v -0.512795 0.571973 -0.104271
v -0.514662 0.580127 -0.108532
v -0.516732 0.589166 -0.110000
v -0.496185 0.593407 0.110000
v -0.494510 0.584287 0.108532
v -0.492999 0.576060 0.104270
v -0.491800 0.569530 0.097634
v -0.491030 0.565338 0.089270
v -0.490765 0.563894 0.080000
v -0.490765 0.563894 -0.080000
v -0.491030 0.565338 -0.089271
v -0.491800 0.569530 -0.097634
v -0.492999 0.576060 -0.104271
v -0.494510 0.584287 -0.108532
v -0.496185 0.593407 -0.110000
v -0.475625 0.596719 0.110000
v -0.474356 0.587533 0.108532
v -0.473211 0.579247 0.104270
v -0.472302 0.572671 0.097634
v -0.471718 0.568449 0.089270
v -0.471517 0.566994 0.080000
v -0.471517 0.566994 -0.080000
v -0.471718 0.568449 -0.089271
v -0.472302 0.572671 -0.097634
v -0.473211 0.579247 -0.104271
v -0.474356 0.587533 -0.108532
v -0.475625 0.596719 -0.110000
v -0.455065 0.599093 0.110000
v -0.454211 0.589859 0.108532
v -0.453441 0.581529 0.104270
v -0.452830 0.574919 0.097634
v -0.452437 0.570675 0.089270
v -0.452302 0.569212 0.080000
v -0.452302 0.569212 -0.080000
v -0.452437 0.570675 -0.089271
v -0.452830 0.574919 -0.097634
v -0.453441 0.581529 -0.104271
v -0.454211 0.589859 -0.108532
v -0.455065 0.599093 -0.110000
v -0.434519 0.600522 0.110000
v -0.434089 0.591259 0.108532
v -0.433701 0.582903 0.104270
v -0.433393 0.576271 0.097634
v -0.433196 0.572013 0.089270
v -0.433127 0.570546 0.080000
v -0.433127 0.570546 -0.080000
v -0.433196 0.572013 -0.089271
v -0.433393 0.576271 -0.097634
v -0.433701 0.582903 -0.104271
v -0.434089 0.591259 -0.108532
v -0.434519 0.600522 -0.110000
v -0.414000 0.601000 0.110000
v -0.414187 0.591723 0.108532
v -0.414356 0.583353 0.104270
v -0.414489 0.576712 0.097634
v -0.414575 0.572447 0.089270
v -0.414605 0.570978 0.080000
v -0.414605 0.570978 -0.080000
v -0.414575 0.572447 -0.089271
v -0.414489 0.576712 -0.097634
v -0.414356 0.583353 -0.104271
v -0.414187 0.591723 -0.108532
v -0.414000 0.601000 -0.110000
v -0.377735 0.598691 0.110000
v -0.378921 0.589477 0.108532
v -0.379992 0.581165 0.104270
v -0.380841 0.574569 0.097634
v -0.381386 0.570334 0.089270
v -0.381574 0.568875 0.080000
v -0.381574 0.568875 -0.080000
v -0.381386 0.570334 -0.089271
v -0.380841 0.574569 -0.097634
v -0.379992 0.581165 -0.104271
v -0.378921 0.589477 -0.108532
v -0.377735 0.598691 -0.110000
v -0.343130 0.591945 0.110000
v -0.345496 0.582961 0.108532
v -0.347630 0.574856 0.104270
v -0.349324 0.568425 0.097634
v -0.350411 0.564295 0.089270
v -0.350786 0.562872 0.080000
v -0.350786 0.562872 -0.080000
v -0.350411 0.564295 -0.089271
v -0.349324 0.568425 -0.097634
v -0.347630 0.574856 -0.104271
v -0.345496 0.582961 -0.108532
v -0.343130 0.591945 -0.110000
v -0.310469 0.581031 0.110000
v -0.313981 0.572431 0.108532
v -0.317149 0.564672 0.104270
v -0.319664 0.558514 0.097634
v -0.321278 0.554561 0.089270
v -0.321834 0.553199 0.080000
v -0.321834 0.553199 -0.080000
v -0.321278 0.554561 -0.089271
v -0.319664 0.558514 -0.097634
v -0.317149 0.564672 -0.104271
v -0.313981 0.572431 -0.108532
v -0.310469 0.581031 -0.110000
v -0.280037 0.566222 0.110000
v -0.284639 0.558152 0.108532
v -0.288790 0.550871 0.104270
v -0.292085 0.545094 0.097634
v -0.294200 0.541384 0.089270
v -0.294929 0.540106 0.080000
v -0.294929 0.540106 -0.080000
v -0.294200 0.541384 -0.089271
v -0.292085 0.545094 -0.097634
v -0.288790 0.550871 -0.104271
v -0.284639 0.558152 -0.108532
v -0.280037 0.566222 -0.110000
v -0.252119 0.547788 0.110000
v -0.257735 0.540387 0.108532
v -0.262800 0.533710 0.104270
v -0.266820 0.528411 0.097634
v -0.269401 0.525009 0.089270
v -0.270291 0.523837 0.080000
v -0.270291 0.523837 -0.080000
v -0.269401 0.525009 -0.089271
v -0.266820 0.528411 -0.097634
v -0.262800 0.533710 -0.104271
v -0.257735 0.540387 -0.108532
v -0.252119 0.547788 -0.110000
v -0.227000 0.526000 0.110000
v -0.233535 0.519396 0.108532
v -0.239430 0.513439 0.104270
v -0.244108 0.508711 0.097634
v -0.247112 0.505676 0.089270
v -0.248147 0.504630 0.080000
v -0.248147 0.504630 -0.080000
v -0.247112 0.505676 -0.089271
v -0.244108 0.508711 -0.097634
v -0.239430 0.513439 -0.104271
v -0.233535 0.519396 -0.108532
v -0.227000 0.526000 -0.110000
v -0.204964 0.501129 0.110000
v -0.212308 0.495439 0.108532
v -0.218934 0.490306 0.104270
v -0.224192 0.486232 0.097634
v -0.227568 0.483616 0.089270
v -0.228731 0.482715 0.080000
v -0.228731 0.482715 -0.080000
v -0.227568 0.483616 -0.089271
v -0.224192 0.486232 -0.097634
v -0.218934 0.490306 -0.104271
v -0.212308 0.495439 -0.108532
v -0.204964 0.501129 -0.110000
v -0.186296 0.473444 0.110000
v -0.194326 0.468770 0.108532
v -0.201569 0.464554 0.104270
v -0.207318 0.461208 0.097634
v -0.211008 0.459059 0.089270
v -0.212280 0.458319 0.080000
v -0.212280 0.458319 -0.080000
v -0.211008 0.459059 -0.089271
v -0.207318 0.461208 -0.097634
v -0.201569 0.464554 -0.104271
v -0.194326 0.468770 -0.108532
v -0.186296 0.473444 -0.110000
v -0.171281 0.443219 0.110000
v -0.179857 0.439645 0.108532
v -0.187594 0.436422 0.104270
v -0.193734 0.433863 0.097634
v -0.197676 0.432221 0.089270
v -0.199034 0.431655 0.080000
v -0.199034 0.431655 -0.080000
v -0.197676 0.432221 -0.089271
v -0.193734 0.433863 -0.097634
v -0.187594 0.436422 -0.104271
v -0.179857 0.439645 -0.108532
v -0.171281 0.443219 -0.110000
v -0.160204 0.410722 0.110000
v -0.169177 0.408313 0.108532
v -0.177271 0.406139 0.104270
v -0.183695 0.404414 0.097634
v -0.187820 0.403306 0.089270
v -0.189241 0.402925 0.080000
v -0.189241 0.402925 -0.080000
v -0.187820 0.403306 -0.089271
v -0.183695 0.404414 -0.097634
v -0.177271 0.406139 -0.104271
v -0.169177 0.408313 -0.108532
v -0.160204 0.410722 -0.110000
v -0.153348 0.376226 0.110000
v -0.162560 0.375017 0.108532
v -0.170870 0.373927 0.104270
v -0.177465 0.373062 0.097634
v -0.181699 0.372506 0.089270
v -0.183158 0.372315 0.080000
v -0.183158 0.372315 -0.080000
v -0.181699 0.372506 -0.089271
v -0.177465 0.373062 -0.097634
v -0.170870 0.373927 -0.104271
v -0.162560 0.375017 -0.108532
v -0.153348 0.376226 -0.110000
v -0.151000 0.340000 0.110000
v -0.160289 0.339992 0.108532
v -0.168670 0.339985 0.104270
v -0.175320 0.339979 0.097634
v -0.179590 0.339976 0.089270
v -0.181061 0.339974 0.080000
v -0.181061 0.339974 -0.080000
v -0.179590 0.339976 -0.089271
v -0.175320 0.339979 -0.097634
v -0.168670 0.339985 -0.104271
v -0.160289 0.339992 -0.108532
v -0.151000 0.340000 -0.110000
v -0.153337 0.302973 0.110000
v -0.162551 0.304163 0.108532
v -0.170863 0.305237 0.104270
v -0.177459 0.306088 0.097634
v -0.181694 0.306635 0.089270
v -0.183153 0.306824 0.080000
v -0.183153 0.306824 -0.080000
v -0.181694 0.306635 -0.089271
v -0.177459 0.306088 -0.097634
v -0.170863 0.305237 -0.104271
v -0.162551 0.304163 -0.108532
v -0.153337 0.302973 -0.110000
v -0.160194 0.268037 0.110000
v -0.169170 0.270440 0.108532
v -0.177267 0.272607 0.104270
v -0.183693 0.274327 0.097634
v -0.187819 0.275431 0.089270
v -0.189241 0.275812 0.080000
v -0.189241 0.275812 -0.080000
v -0.187819 0.275431 -0.089271
v -0.183693 0.274327 -0.097634
v -0.177267 0.272607 -0.104271
v -0.169170 0.270440 -0.108532
v -0.160194 0.268037 -0.110000
v -0.171344 0.235406 0.110000
v -0.179908 0.239012 0.108532
v -0.187634 0.242266 0.104271
v -0.193766 0.244847 0.097634
v -0.197703 0.246505 0.089271
v -0.199059 0.247076 0.080000
v -0.199059 0.247076 -0.080000
v -0.197703 0.246505 -0.089271
v -0.193766 0.244847 -0.097634
v -0.187634 0.242266 -0.104271
v -0.179908 0.239012 -0.108532
v -0.171344 0.235406 -0.110000
v -0.186556 0.205296 0.110000
v -0.194537 0.210057 0.108532
v -0.201737 0.214352 0.104271
v -0.207451 0.217760 0.097634
v -0.211119 0.219948 0.089271
v -0.212383 0.220702 0.080000
v -0.212383 0.220702 -0.080000
v -0.211119 0.219948 -0.089271
v -0.207451 0.217760 -0.097634
v -0.201737 0.214352 -0.104271
v -0.194537 0.210057 -0.108532
v -0.186556 0.205296 -0.110000
v -0.205601 0.177922 0.110000
v -0.212840 0.183750 0.108532
v -0.219370 0.189007 0.104271
v -0.224553 0.193179 0.097634
v -0.227880 0.195858 0.089271
v -0.229026 0.196781 0.080000
v -0.229026 0.196781 -0.080000
v -0.227880 0.195858 -0.089271
v -0.224553 0.193179 -0.097634
v -0.219370 0.189007 -0.104271
v -0.212840 0.183750 -0.108532
v -0.205601 0.177922 -0.110000
v -0.228250 0.153500 0.110000
v -0.234611 0.160274 0.108532
v -0.240350 0.166385 0.104271
v -0.244904 0.171235 0.097634
v -0.247828 0.174349 0.089271
v -0.248835 0.175422 0.080000
v -0.248835 0.175422 -0.080000
v -0.247828 0.174349 -0.089271
v -0.244904 0.171235 -0.097634
v -0.240350 0.166385 -0.104271
v -0.234611 0.160274 -0.108532
v -0.228250 0.153500 -0.110000
v -0.254274 0.132244 0.110000
v -0.259653 0.139821 0.108532
v -0.264505 0.146656 0.104271
v -0.268355 0.152081 0.097634
v -0.270827 0.155563 0.089271
v -0.271679 0.156763 0.080000
v -0.271679 0.156763 -0.080000
v -0.270827 0.155563 -0.089271
v -0.268355 0.152081 -0.097634
v -0.264505 0.146656 -0.104271
v -0.259653 0.139821 -0.108532
v -0.254274 0.132244 -0.110000
v -0.283444 0.114370 0.110000
v -0.287769 0.122593 0.108532
v -0.291670 0.130011 0.104271
v -0.294766 0.135897 0.097634
v -0.296754 0.139677 0.089271
v -0.297439 0.140979 0.080000
v -0.297439 0.140979 -0.080000
v -0.296754 0.139677 -0.089271
v -0.294766 0.135897 -0.097634
v -0.291670 0.130011 -0.104271
v -0.287769 0.122593 -0.108532
v -0.283444 0.114370 -0.110000
v -0.315531 0.100094 0.110000
v -0.318764 0.108802 0.108532
v -0.321680 0.116658 0.104271
v -0.323995 0.122892 0.097634
v -0.325481 0.126895 0.089271
v -0.325993 0.128274 0.080000
v -0.325993 0.128274 -0.080000
v -0.325481 0.126895 -0.089271
v -0.323995 0.122892 -0.097634
v -0.321680 0.116658 -0.104271
v -0.318764 0.108802 -0.108532
v -0.315531 0.100094 -0.110000
v -0.350306 0.089630 0.110000
v -0.352439 0.098669 0.108532
v -0.354363 0.106823 0.104271
v -0.355890 0.113295 0.097634
v -0.356870 0.117450 0.089271
v -0.357208 0.118881 0.080000
v -0.357208 0.118881 -0.080000
v -0.356870 0.117450 -0.089271
v -0.355890 0.113295 -0.097634
v -0.354363 0.106823 -0.104271
v -0.352439 0.098669 -0.108532
v -0.350306 0.089630 -0.110000
v -0.387538 0.083193 0.110000
v -0.388589 0.092420 0.108532
v -0.389536 0.100743 0.104271
v -0.390288 0.107348 0.097634
v -0.390771 0.111589 0.089271
v -0.390937 0.113051 0.080000
v -0.390937 0.113051 -0.080000
v -0.390771 0.111589 -0.089271
v -0.390288 0.107348 -0.097634
v -0.389536 0.100743 -0.104271
v -0.388589 0.092420 -0.108532
v -0.387538 0.083193 -0.110000
v -0.427000 0.081000 0.110000
v -0.427171 0.090275 0.108532
v -0.427326 0.098643 0.104271
v -0.427448 0.105283 0.097634
v -0.427527 0.109546 0.089271
v -0.427554 0.111016 0.080000
v -0.427554 0.111016 -0.080000
v -0.427527 0.109546 -0.089271
v -0.427448 0.105283 -0.097634
v -0.427326 0.098643 -0.104271
v -0.427171 0.090275 -0.108532
v -0.427000 0.081000 -0.110000
v -0.440148 0.081245 0.110000
v -0.439807 0.090511 0.108532
v -0.439499 0.098869 0.104271
v -0.439254 0.105503 0.097634
v -0.439098 0.109762 0.089271
v -0.439044 0.111229 0.080000
v -0.439044 0.111229 -0.080000
v -0.439098 0.109762 -0.089271
v -0.439254 0.105503 -0.097634
v -0.439499 0.098869 -0.104271
v -0.439807 0.090511 -0.108532
v -0.440148 0.081245 -0.110000
v -0.453102 0.081958 0.110000
v -0.452431 0.091206 0.108532
v -0.451825 0.099548 0.104271
v -0.451345 0.106169 0.097634
v -0.451036 0.110420 0.089271
v -0.450930 0.111884 0.080000
v -0.450930 0.111884 -0.080000
v -0.451036 0.110420 -0.089271
v -0.451345 0.106169 -0.097634
v -0.451825 0.099548 -0.104271
v -0.452431 0.091206 -0.108532
v -0.453102 0.081958 -0.110000
v -0.465875 0.083109 0.110000
v -0.464890 0.092329 0.108532
v -0.464002 0.100646 0.104271
v -0.463297 0.107246 0.097634
v -0.462845 0.111484 0.089271
v -0.462689 0.112944 0.080000
v -0.462689 0.112944 -0.080000
v -0.462845 0.111484 -0.089271
v -0.463297 0.107246 -0.097634
v -0.464002 0.100646 -0.104271
v -0.464890 0.092329 -0.108532
v -0.465875 0.083109 -0.110000
v -0.478481 0.084667 0.110000
v -0.477202 0.093850 0.108532
v -0.476048 0.102134 0.104271
v -0.475132 0.108708 0.097634
v -0.474544 0.112929 0.089271
v -0.474342 0.114383 0.080000
v -0.474342 0.114383 -0.080000
v -0.474544 0.112929 -0.089271
v -0.475132 0.108708 -0.097634
v -0.476048 0.102134 -0.104271
v -0.477202 0.093850 -0.108532
v -0.478481 0.084667 -0.110000
v -0.490935 0.086599 0.110000
v -0.489382 0.095739 0.108532
v -0.487980 0.103985 0.104271
v -0.486868 0.110529 0.097634
v -0.486154 0.114730 0.089271
v -0.485908 0.116178 0.080000
v -0.485908 0.116178 -0.080000
v -0.486154 0.114730 -0.089271
v -0.486868 0.110529 -0.097634
v -0.487980 0.103985 -0.104271
v -0.489382 0.095739 -0.108532
v -0.490935 0.086599 -0.110000
v -0.503250 0.088875 0.110000
v -0.501444 0.097969 0.108532
v -0.499816 0.106172 0.104271
v -0.498523 0.112683 0.097634
v -0.497693 0.116863 0.089271
v -0.497407 0.118303 0.080000
v -0.497407 0.118303 -0.080000
v -0.497693 0.116863 -0.089271
v -0.498523 0.112683 -0.097634
v -0.499816 0.106172 -0.104271
v -0.501444 0.097969 -0.108532
v -0.503250 0.088875 -0.110000
v -0.515440 0.091464 0.110000
v -0.513405 0.100509 0.108532
v -0.511570 0.108668 0.104271
v -0.510113 0.115144 0.097634
v -0.509178 0.119302 0.089271
v -0.508856 0.120734 0.080000
v -0.508856 0.120734 -0.080000
v -0.509178 0.119302 -0.089271
v -0.510113 0.115144 -0.097634
v -0.511570 0.108668 -0.104271
v -0.513405 0.100509 -0.108532
v -0.515440 0.091464 -0.110000
v -0.527519 0.094333 0.110000
v -0.525279 0.103330 0.108532
v -0.523258 0.111446 0.104271
v -0.521655 0.117886 0.097634
v -0.520625 0.122022 0.089271
v -0.520271 0.123446 0.080000
v -0.520271 0.123446 -0.080000
v -0.520625 0.122022 -0.089271
v -0.521655 0.117886 -0.097634
v -0.523258 0.111446 -0.104271
v -0.525279 0.103330 -0.108532
v -0.527519 0.094333 -0.110000
v -0.539500 0.097453 0.110000
v -0.537080 0.106403 0.108532
v -0.534896 0.114476 0.104271
v -0.533163 0.120883 0.097634
v -0.532051 0.124996 0.089271
v -0.531667 0.126414 0.080000
v -0.531667 0.126414 -0.080000
v -0.532051 0.124996 -0.089271
v -0.533163 0.120883 -0.097634
v -0.534896 0.114476 -0.104271
v -0.537080 0.106402 -0.108532
v -0.539500 0.097453 -0.110000
v -0.551398 0.100792 0.110000
v -0.548822 0.109697 0.108532
v -0.546497 0.117731 0.104271
v -0.544653 0.124107 0.097634
v -0.543468 0.128200 0.089271
v -0.543060 0.129611 0.080000
v -0.543060 0.129611 -0.080000
v -0.543468 0.128200 -0.089271
v -0.544653 0.124107 -0.097634
v -0.546497 0.117731 -0.104271
v -0.548822 0.109697 -0.108532
v -0.551398 0.100792 -0.110000
v -0.563227 0.104318 0.110000
v -0.560519 0.113184 0.108532
v -0.558076 0.121183 0.104271
v -0.556137 0.127530 0.097634
v -0.554893 0.131606 0.089271
v -0.554464 0.133010 0.080000
v -0.554464 0.133010 -0.080000
v -0.554893 0.131606 -0.089271
v -0.556137 0.127530 -0.097634
v -0.558076 0.121183 -0.104271
v -0.560519 0.113184 -0.108532
v -0.563227 0.104318 -0.110000
v -0.575000 0.108000 0.110000
v -0.565730 0.114814 0.108532
v -0.557366 0.120961 0.104271
v -0.550730 0.125839 0.097634
v -0.546468 0.128971 0.089271
v -0.545000 0.130050 0.080000
v -0.545000 0.130050 -0.080000
v -0.546468 0.128971 -0.089271
v -0.550730 0.125839 -0.097634
v -0.557366 0.120961 -0.104271
v -0.565730 0.114814 -0.108532
v -0.575000 0.108000 -0.110000
v -0.575000 0.248000 0.110000
v -0.565730 0.238730 0.108532
v -0.557366 0.230366 0.104271
v -0.550730 0.223730 0.097634
v -0.546468 0.219468 0.089271
v -0.545000 0.218000 0.080000
v -0.545000 0.218000 -0.080000
v -0.546468 0.219468 -0.089271
v -0.550730 0.223730 -0.097634
v -0.557366 0.230366 -0.104271
v -0.565730 0.238730 -0.108532
v -0.575000 0.248000 -0.110000
v -0.444000 0.248000 0.110000
v -0.434730 0.238730 0.108532
v -0.426366 0.230366 0.104271
v -0.419730 0.223730 0.097634
v -0.415468 0.219468 0.089271
v -0.414000 0.218000 0.080000
v -0.414000 0.218000 -0.080000
v -0.415468 0.219468 -0.089271
v -0.419730 0.223730 -0.097634
v -0.426366 0.230366 -0.104271
v -0.434730 0.238730 -0.108532
v -0.444000 0.248000 -0.110000
v -0.444000 0.336000 0.110000
v -0.434730 0.345271 0.108532
v -0.426366 0.353634 0.104270
v -0.419730 0.360271 0.097634
v -0.415468 0.364532 0.089270
v -0.414000 0.366000 0.080000
v -0.414000 0.366000 -0.080000
v -0.415468 0.364532 -0.089271
v -0.419730 0.360271 -0.097634
v -0.426366 0.353634 -0.104271
v -0.434730 0.345271 -0.108532
v -0.444000 0.336000 -0.110000
v -0.673000 0.336000 0.110000
v -0.682271 0.345271 0.108532
v -0.690634 0.353634 0.104270
v -0.697271 0.360271 0.097634
v -0.701532 0.364532 0.089270
v -0.703000 0.366000 0.080000
v -0.703000 0.366000 -0.080000
v -0.701532 0.364532 -0.089271
v -0.697271 0.360271 -0.097634
v -0.690634 0.353634 -0.104271
v -0.682271 0.345271 -0.108532
v -0.673000 0.336000 -0.110000
v -0.673000 0.047000 0.110000
v -0.682271 0.040861 0.108532
v -0.690634 0.035323 0.104271
v -0.697271 0.030928 0.097634
v -0.701532 0.028107 0.089271
v -0.703000 0.027134 0.080000
v -0.703000 0.027134 -0.080000
v -0.701532 0.028107 -0.089271
v -0.697271 0.030928 -0.097634
v -0.690634 0.035323 -0.104271
v -0.682271 0.040861 -0.108532
v -0.673000 0.047000 -0.110000
v -1.141230 0.019639 0.110000
v -1.146232 0.011834 0.108532
v -1.150743 0.004792 0.104271
v -1.154324 -0.000796 0.097634
v -1.156623 -0.004384 0.089271
v -1.157415 -0.005621 0.080000
v -1.157415 -0.005621 -0.080000
v -1.156623 -0.004384 -0.089271
v -1.154324 -0.000796 -0.097634
v -1.150743 0.004792 -0.104271
v -1.146232 0.011834 -0.108532
v -1.141230 0.019639 -0.110000
v -1.132338 0.014032 0.110000
v -1.137200 0.006138 0.108532
v -1.141585 -0.000983 0.104271
v -1.145066 -0.006634 0.097634
v -1.147301 -0.010263 0.089271
v -1.148071 -0.011513 0.080000
v -1.148071 -0.011513 -0.080000
v -1.147301 -0.010263 -0.089271
v -1.145066 -0.006634 -0.097634
v -1.141585 -0.000983 -0.104271
v -1.137200 0.006138 -0.108532
v -1.132338 0.014032 -0.110000
v -1.124203 0.009141 0.110000
v -1.128864 0.001126 0.108532
v -1.133068 -0.006105 0.104271
v -1.136405 -0.011843 0.097634
v -1.138547 -0.015527 0.089271
v -1.139285 -0.016796 0.080000
v -1.139285 -0.016796 -0.080000
v -1.138547 -0.015527 -0.089271
v -1.136405 -0.011843 -0.097634
v -1.133068 -0.006105 -0.104271
v -1.128864 0.001126 -0.108532
v -1.124203 0.009141 -0.110000
v -1.116704 0.004926 0.110000
v -1.121089 -0.003244 0.108532
v -1.125044 -0.010614 0.104271
v -1.128183 -0.016463 0.097634
v -1.130198 -0.020219 0.089271
v -1.130893 -0.021513 0.080000
v -1.130893 -0.021513 -0.080000
v -1.130198 -0.020219 -0.089271
v -1.128183 -0.016463 -0.097634
v -1.125044 -0.010614 -0.104271
v -1.121089 -0.003244 -0.108532
v -1.116704 0.004926 -0.110000
v -1.109718 0.001350 0.110000
v -1.113739 -0.007006 0.108532
v -1.117367 -0.014544 0.104271
v -1.120245 -0.020527 0.097634
v -1.122094 -0.024368 0.089271
v -1.122731 -0.025691 0.080000
v -1.122731 -0.025691 -0.080000
v -1.122094 -0.024368 -0.089271
v -1.120245 -0.020527 -0.097634
v -1.117367 -0.014544 -0.104271
v -1.113739 -0.007006 -0.108532
v -1.109718 0.001350 -0.110000
v -1.103125 -0.001625 0.110000
v -1.106687 -0.010188 0.108532
v -1.109901 -0.017913 0.104271
v -1.112451 -0.024044 0.097634
v -1.114089 -0.027980 0.089271
v -1.114653 -0.029336 0.080000
v -1.114653 -0.029336 -0.080000
v -1.114089 -0.027980 -0.089271
v -1.112451 -0.024044 -0.097634
v -1.109901 -0.017913 -0.104271
v -1.106687 -0.010188 -0.108532
v -1.103125 -0.001625 -0.110000
v -1.096803 -0.004038 0.110000
v -1.099815 -0.012811 0.108532
v -1.102532 -0.020725 0.104271
v -1.104688 -0.027006 0.097634
v -1.106072 -0.031039 0.089271
v -1.106550 -0.032428 0.080000
v -1.106550 -0.032428 -0.080000
v -1.106072 -0.031039 -0.089271
v -1.104688 -0.027006 -0.097634
v -1.102532 -0.020725 -0.104271
v -1.099815 -0.012811 -0.108532
v -1.096803 -0.004038 -0.110000
v -1.090630 -0.005926 0.110000
v -1.093020 -0.014889 0.108532
v -1.095176 -0.022975 0.104271
v -1.096887 -0.029392 0.097634
v -1.097986 -0.033512 0.089271
v -1.098364 -0.034932 0.080000
v -1.098364 -0.034932 -0.080000
v -1.097986 -0.033512 -0.089271
v -1.096887 -0.029392 -0.097634
v -1.095176 -0.022975 -0.104271
v -1.093020 -0.014889 -0.108532
v -1.090630 -0.005926 -0.110000
v -1.084484 -0.007328 0.110000
v -1.086219 -0.016441 0.108532
v -1.087783 -0.024662 0.104271
v -1.089025 -0.031186 0.097634
v -1.089822 -0.035375 0.089271
v -1.090097 -0.036819 0.080000
v -1.090097 -0.036819 -0.080000
v -1.089822 -0.035375 -0.089271
v -1.089025 -0.031186 -0.097634
v -1.087783 -0.024662 -0.104271
v -1.086219 -0.016441 -0.108532
v -1.084484 -0.007328 -0.110000
v -1.078245 -0.008282 0.110000
v -1.079337 -0.017494 0.108532
v -1.080322 -0.025803 0.104271
v -1.081104 -0.032398 0.097634
v -1.081606 -0.036632 0.089271
v -1.081778 -0.038091 0.080000
v -1.081778 -0.038091 -0.080000
v -1.081606 -0.036632 -0.089271
v -1.081104 -0.032398 -0.097634
v -1.080322 -0.025803 -0.104271
v -1.079337 -0.017494 -0.108532
v -1.078245 -0.008282 -0.110000
v -1.071791 -0.008827 0.110000
v -1.072299 -0.018088 0.108532
v -1.072758 -0.026442 0.104271
v -1.073122 -0.033071 0.097634
v -1.073355 -0.037328 0.089271
v -1.073436 -0.038795 0.080000
v -1.073436 -0.038795 -0.080000
v -1.073355 -0.037328 -0.089271
v -1.073122 -0.033071 -0.097634
v -1.072758 -0.026442 -0.104271
v -1.072299 -0.018088 -0.108532
v -1.071791 -0.008827 -0.110000
v -1.065000 -0.009000 0.110000
v -1.064973 -0.018274 0.108532
v -1.064948 -0.026641 0.104271
v -1.064929 -0.033280 0.097634
v -1.064916 -0.037543 0.089271
v -1.064912 -0.039012 0.080000
v -1.064912 -0.039012 -0.080000
v -1.064916 -0.037543 -0.089271
v -1.064929 -0.033280 -0.097634
v -1.064948 -0.026641 -0.104271
v -1.064973 -0.018274 -0.108532
v -1.065000 -0.009000 -0.110000
v -1.055622 -0.008706 0.110000
v -1.055001 -0.017962 0.108532
v -1.054440 -0.026311 0.104271
v -1.053995 -0.032937 0.097634
v -1.053710 -0.037192 0.089271
v -1.053612 -0.038658 0.080000
v -1.053612 -0.038658 -0.080000
v -1.053710 -0.037192 -0.089271
v -1.053995 -0.032937 -0.097634
v -1.054440 -0.026311 -0.104271
v -1.055001 -0.017962 -0.108532
v -1.055622 -0.008706 -0.110000
v -1.046977 -0.007815 0.110000
v -1.045636 -0.016996 0.108532
v -1.044427 -0.025279 0.104271
v -1.043468 -0.031852 0.097634
v -1.042851 -0.036072 0.089271
v -1.042639 -0.037527 0.080000
v -1.042639 -0.037527 -0.080000
v -1.042851 -0.036072 -0.089271
v -1.043468 -0.031852 -0.097634
v -1.044427 -0.025279 -0.104271
v -1.045636 -0.016996 -0.108532
v -1.046977 -0.007815 -0.110000
v -1.039047 -0.006312 0.110000
v -1.036871 -0.015336 0.108532
v -1.034908 -0.023476 0.104271
v -1.033350 -0.029935 0.097634
v -1.032349 -0.034083 0.089271
v -1.032005 -0.035512 0.080000
v -1.032005 -0.035512 -0.080000
v -1.032349 -0.034083 -0.089271
v -1.033350 -0.029935 -0.097634
v -1.034908 -0.023476 -0.104271
v -1.036871 -0.015336 -0.108532
v -1.039047 -0.006313 -0.110000
v -1.031815 -0.004185 0.110000
v -1.028694 -0.012930 0.108532
v -1.025878 -0.020820 0.104271
v -1.023644 -0.027080 0.097634
v -1.022209 -0.031100 0.089271
v -1.021715 -0.032485 0.080000
v -1.021715 -0.032485 -0.080000
v -1.022209 -0.031100 -0.089271
v -1.023644 -0.027080 -0.097634
v -1.025878 -0.020820 -0.104271
v -1.028694 -0.012930 -0.108532
v -1.031815 -0.004185 -0.110000
v -1.025263 -0.001419 0.110000
v -1.021116 -0.009731 0.108532
v -1.017375 -0.017229 0.104271
v -1.014406 -0.023180 0.097634
v -1.012500 -0.027001 0.089271
v -1.011843 -0.028317 0.080000
v -1.011843 -0.028317 -0.080000
v -1.012500 -0.027001 -0.089271
v -1.014406 -0.023180 -0.097634
v -1.017375 -0.017229 -0.104271
v -1.021116 -0.009731 -0.108532
v -1.025263 -0.001419 -0.110000
v -1.019375 0.002000 0.110000
v -1.014174 -0.005700 0.108532
v -1.009482 -0.012647 0.104271
v -1.005759 -0.018159 0.097634
v -1.003368 -0.021699 0.089271
v -1.002545 -0.022918 0.080000
v -1.002545 -0.022918 -0.080000
v -1.003368 -0.021699 -0.089271
v -1.005759 -0.018159 -0.097634
v -1.009482 -0.012647 -0.104271
v -1.014174 -0.005700 -0.108532
v -1.019375 0.002000 -0.110000
v -1.014132 0.006086 0.110000
v -1.007923 -0.000828 0.108532
v -1.002321 -0.007065 0.104271
v -0.997875 -0.012015 0.097634
v -0.995020 -0.015193 0.089271
v -0.994037 -0.016288 0.080000
v -0.994037 -0.016288 -0.080000
v -0.995020 -0.015193 -0.089271
v -0.997875 -0.012015 -0.097634
v -1.002321 -0.007065 -0.104271
v -1.007923 -0.000828 -0.108532
v -1.014132 0.006086 -0.110000
v -1.009519 0.010852 0.110000
v -1.002417 0.004859 0.108532
v -0.996010 -0.000546 0.104271
v -0.990926 -0.004836 0.097634
v -0.987661 -0.007591 0.089271
v -0.986536 -0.008540 0.080000
v -0.986536 -0.008540 -0.080000
v -0.987661 -0.007591 -0.089271
v -0.990926 -0.004836 -0.097634
v -0.996010 -0.000546 -0.104271
v -1.002417 0.004859 -0.108532
v -1.009519 0.010852 -0.110000
v -1.005516 0.016313 0.110000
v -0.997688 0.011310 0.108532
v -0.990627 0.006797 0.104271
v -0.985024 0.003215 0.097634
v -0.981426 0.000915 0.089271
v -0.980186 0.000123 0.080000
v -0.980186 0.000123 -0.080000
v -0.981426 0.000915 -0.089271
v -0.985024 0.003215 -0.097634
v -0.990627 0.006797 -0.104271
v -0.997688 0.011310 -0.108532
v -1.005516 0.016312 -0.110000
v -1.002106 0.022481 0.110000
v -0.993735 0.018464 0.108532
v -0.986182 0.014840 0.104271
v -0.980189 0.011963 0.097634
v -0.976341 0.010117 0.089271
v -0.975015 0.009481 0.080000
v -0.975015 0.009480 -0.080000
v -0.976341 0.010117 -0.089271
v -0.980189 0.011963 -0.097634
v -0.986182 0.014840 -0.104271
v -0.993735 0.018464 -0.108532
v -1.002106 0.022481 -0.110000
v -0.999274 0.029373 0.110000
v -0.990523 0.026278 0.108532
v -0.982628 0.023487 0.104271
v -0.976363 0.021272 0.097634
v -0.972340 0.019849 0.089271
v -0.970954 0.019359 0.080000
v -0.970954 0.019359 -0.080000
v -0.972340 0.019849 -0.089271
v -0.976363 0.021272 -0.097634
v -0.982628 0.023487 -0.104271
v -0.990523 0.026278 -0.108532
v -0.999274 0.029373 -0.110000
v -0.997000 0.037000 0.110000
v -0.991937 0.021534 0.108532
v -0.987369 0.007581 0.104271
v -0.983745 -0.003491 0.097634
v -0.981417 -0.010600 0.089271
v -0.980615 -0.013050 0.080000
v -0.980615 -0.013050 -0.080000
v -0.981417 -0.010600 -0.089271
v -0.983745 -0.003491 -0.097634
v -0.987369 0.007581 -0.104271
v -0.991937 0.021534 -0.108532
v -0.997000 0.037000 -0.110000
v -0.987209 0.029583 0.110000
v -0.992630 0.022059 0.108532
v -0.997520 0.015271 0.104271
v -1.001400 0.009885 0.097634
v -1.003892 0.006426 0.089271
v -1.004750 0.005235 0.080000
v -1.004750 0.005235 -0.080000
v -1.003892 0.006426 -0.089271
v -1.001400 0.009885 -0.097634
v -0.997520 0.015271 -0.104271
v -0.992630 0.022059 -0.108532
v -0.987209 0.029583 -0.110000
v -0.977343 0.022829 0.110000
v -0.982387 0.015048 0.108532
v -0.986938 0.008028 0.104271
v -0.990550 0.002458 0.097634
v -0.992869 -0.001119 0.089271
v -0.993668 -0.002351 0.080000
v -0.993668 -0.002351 -0.080000
v -0.992869 -0.001119 -0.089271
v -0.990550 0.002458 -0.097634
v -0.986938 0.008028 -0.104271
v -0.982387 0.015048 -0.108532
v -0.977343 0.022829 -0.110000
v -0.967406 0.016734 0.110000
v -0.972047 0.008706 0.108532
v -0.976234 0.001463 0.104271
v -0.979557 -0.004285 0.097634
v -0.981690 -0.007975 0.089271
v -0.982426 -0.009247 0.080000
v -0.982426 -0.009247 -0.080000
v -0.981690 -0.007975 -0.089271
v -0.979557 -0.004285 -0.097634
v -0.976234 0.001463 -0.104271
v -0.972047 0.008706 -0.108532
v -0.967406 0.016734 -0.110000
v -0.957407 0.011296 0.110000
v -0.961617 0.003033 0.108532
v -0.965415 -0.004422 0.104271
v -0.968428 -0.010338 0.097634
v -0.970363 -0.014136 0.089271
v -0.971030 -0.015445 0.080000
v -0.971030 -0.015445 -0.080000
v -0.970363 -0.014136 -0.089271
v -0.968428 -0.010338 -0.097634
v -0.965415 -0.004422 -0.104271
v -0.961617 0.003033 -0.108532
v -0.957407 0.011296 -0.110000
v -0.947353 0.006511 0.110000
v -0.951104 -0.001971 0.108532
v -0.954488 -0.009622 0.104271
v -0.957173 -0.015694 0.097634
v -0.958897 -0.019593 0.089271
v -0.959492 -0.020936 0.080000
v -0.959492 -0.020936 -0.080000
v -0.958897 -0.019593 -0.089271
v -0.957173 -0.015694 -0.097634
v -0.954488 -0.009622 -0.104271
v -0.951104 -0.001971 -0.108532
v -0.947353 0.006511 -0.110000
v -0.937250 0.002375 0.110000
v -0.940517 -0.006305 0.108532
v -0.943464 -0.014135 0.104271
v -0.945802 -0.020349 0.097634
v -0.947304 -0.024339 0.089271
v -0.947821 -0.025714 0.080000
v -0.947821 -0.025714 -0.080000
v -0.947304 -0.024339 -0.089271
v -0.945802 -0.020349 -0.097634
v -0.943464 -0.014135 -0.104271
v -0.940517 -0.006305 -0.108532
v -0.937250 0.002375 -0.110000
v -0.927105 -0.001115 0.110000
v -0.929864 -0.009970 0.108532
v -0.932353 -0.017958 0.104271
v -0.934329 -0.024297 0.097634
v -0.935597 -0.028367 0.089271
v -0.936034 -0.029769 0.080000
v -0.936034 -0.029769 -0.080000
v -0.935597 -0.028367 -0.089271
v -0.934329 -0.024297 -0.097634
v -0.932353 -0.017958 -0.104271
v -0.929864 -0.009970 -0.108532
v -0.927105 -0.001115 -0.110000
v -0.916926 -0.003963 0.110000
v -0.919157 -0.012965 0.108532
v -0.921170 -0.021086 0.104271
v -0.922767 -0.027531 0.097634
v -0.923793 -0.031669 0.089271
v -0.924146 -0.033095 0.080000
v -0.924146 -0.033095 -0.080000
v -0.923793 -0.031669 -0.089271
v -0.922767 -0.027531 -0.097634
v -0.921170 -0.021086 -0.104271
v -0.919157 -0.012965 -0.108532
v -0.916926 -0.003963 -0.110000
v -0.906719 -0.006172 0.110000
v -0.908405 -0.015292 0.108532
v -0.909927 -0.023519 0.104271
v -0.911135 -0.030049 0.097634
v -0.911910 -0.034241 0.089271
v -0.912177 -0.035685 0.080000
v -0.912177 -0.035685 -0.080000
v -0.911910 -0.034241 -0.089271
v -0.911135 -0.030049 -0.097634
v -0.909927 -0.023519 -0.104271
v -0.908405 -0.015292 -0.108532
v -0.906719 -0.006172 -0.110000
v -0.896491 -0.007745 0.110000
v -0.897621 -0.016951 0.108532
v -0.898641 -0.025256 0.104271
v -0.899450 -0.031846 0.097634
v -0.899969 -0.036078 0.089271
v -0.900148 -0.037536 0.080000
v -0.900148 -0.037536 -0.080000
v -0.899969 -0.036078 -0.089271
v -0.899450 -0.031846 -0.097634
v -0.898641 -0.025256 -0.104271
v -0.897621 -0.016951 -0.108532
v -0.896491 -0.007745 -0.110000
v -0.886249 -0.008687 0.110000
v -0.886815 -0.017944 0.108532
v -0.887326 -0.026296 0.104271
v -0.887732 -0.032923 0.097634
v -0.887992 -0.037179 0.089271
v -0.888082 -0.038645 0.080000
v -0.888082 -0.038645 -0.080000
v -0.887992 -0.037179 -0.089271
v -0.887732 -0.032923 -0.097634
v -0.887326 -0.026296 -0.104271
v -0.886815 -0.017944 -0.108532
v -0.886249 -0.008687 -0.110000
v -0.876000 -0.009000 0.110000
v -0.875836 -0.018280 0.108532
v -0.875689 -0.026651 0.104271
v -0.875571 -0.033295 0.097634
v -0.875496 -0.037560 0.089271
v -0.875470 -0.039030 0.080000
v -0.875470 -0.039030 -0.080000
v -0.875496 -0.037560 -0.089271
v -0.875571 -0.033295 -0.097634
v -0.875689 -0.026651 -0.104271
v -0.875836 -0.018280 -0.108532
v -0.876000 -0.009000 -0.110000
v -0.859971 -0.007943 0.110000
v -0.858735 -0.017152 0.108532
v -0.857620 -0.025460 0.104271
v -0.856735 -0.032053 0.097634
v -0.856167 -0.036286 0.089271
v -0.855971 -0.037745 0.080000
v -0.855971 -0.037745 -0.080000
v -0.856167 -0.036286 -0.089271
v -0.856735 -0.032053 -0.097634
v -0.857620 -0.025460 -0.104271
v -0.858735 -0.017152 -0.108532
v -0.859971 -0.007943 -0.110000
v -0.844935 -0.004880 0.110000
v -0.842461 -0.013836 0.108532
v -0.840228 -0.021916 0.104271
v -0.838457 -0.028329 0.097634
v -0.837319 -0.032446 0.089271
v -0.836927 -0.033864 0.080000
v -0.836927 -0.033864 -0.080000
v -0.837319 -0.032446 -0.089271
v -0.838457 -0.028329 -0.097634
v -0.840228 -0.021916 -0.104271
v -0.842461 -0.013836 -0.108532
v -0.844935 -0.004880 -0.110000
v -0.830969 0.000031 0.110000
v -0.827293 -0.008503 0.108532
v -0.823977 -0.016202 0.104271
v -0.821345 -0.022312 0.097634
v -0.819655 -0.026235 0.089271
v -0.819073 -0.027586 0.080000
v -0.819073 -0.027586 -0.080000
v -0.819655 -0.026235 -0.089271
v -0.821345 -0.022312 -0.097634
v -0.823977 -0.016202 -0.104271
v -0.827293 -0.008503 -0.108532
v -0.830969 0.000031 -0.110000
v -0.818148 0.006630 0.110000
v -0.813345 -0.001325 0.108532
v -0.809012 -0.008500 0.104271
v -0.805574 -0.014195 0.097634
v -0.803366 -0.017851 0.089271
v -0.802605 -0.019111 0.080000
v -0.802605 -0.019111 -0.080000
v -0.803366 -0.017851 -0.089271
v -0.805574 -0.014195 -0.097634
v -0.809012 -0.008500 -0.104271
v -0.813345 -0.001325 -0.108532
v -0.818148 0.006630 -0.110000
v -0.806550 0.014756 0.110000
v -0.800722 0.007519 0.108532
v -0.795466 0.000991 0.104271
v -0.791294 -0.004190 0.097634
v -0.788615 -0.007516 0.089271
v -0.787692 -0.008662 0.080000
v -0.787692 -0.008663 -0.080000
v -0.788615 -0.007516 -0.089271
v -0.791294 -0.004190 -0.097634
v -0.795466 0.000991 -0.104271
v -0.800722 0.007519 -0.108532
v -0.806550 0.014756 -0.110000
v -0.796250 0.024250 0.110000
v -0.789520 0.017846 0.108532
v -0.783448 0.012068 0.104271
v -0.778630 0.007484 0.097634
v -0.775536 0.004540 0.089271
v -0.774470 0.003526 0.080000
v -0.774470 0.003526 -0.080000
v -0.775536 0.004540 -0.089271
v -0.778630 0.007484 -0.097634
v -0.783448 0.012068 -0.104271
v -0.789520 0.017846 -0.108532
v -0.796250 0.024250 -0.110000
v -0.787325 0.034953 0.110000
v -0.779823 0.029474 0.108532
v -0.773055 0.024531 0.104271
v -0.767684 0.020609 0.097634
v -0.764236 0.018091 0.089271
v -0.763048 0.017223 0.080000
v -0.763048 0.017223 -0.080000
v -0.764236 0.018091 -0.089271
v -0.767684 0.020609 -0.097634
v -0.773055 0.024531 -0.104271
v -0.779823 0.029474 -0.108532
v -0.787325 0.034953 -0.110000
v -0.779852 0.046704 0.110000
v -0.771714 0.042225 0.108532
v -0.764372 0.038185 0.104271
v -0.758545 0.034979 0.097634
v -0.754805 0.032921 0.089271
v -0.753516 0.032211 0.080000
v -0.753516 0.032211 -0.080000
v -0.754805 0.032921 -0.089271
v -0.758545 0.034979 -0.097634
v -0.764372 0.038185 -0.104271
v -0.771714 0.042225 -0.108532
v -0.779852 0.046704 -0.110000
v -0.773906 0.059344 0.110000
v -0.765269 0.055926 0.108532
v -0.757478 0.052842 0.104271
v -0.751294 0.050395 0.097634
v -0.747324 0.048824 0.089271
v -0.745956 0.048283 0.080000
v -0.745956 0.048283 -0.080000
v -0.747324 0.048824 -0.089271
v -0.751294 0.050395 -0.097634
v -0.757478 0.052842 -0.104271
v -0.765269 0.055926 -0.108532
v -0.773906 0.059344 -0.110000
v -0.769565 0.072713 0.110000
v -0.760568 0.070403 0.108532
v -0.752452 0.068319 0.104271
v -0.746010 0.066666 0.097634
v -0.741875 0.065604 0.089271
v -0.740450 0.065238 0.080000
v -0.740450 0.065238 -0.080000
v -0.741875 0.065604 -0.089271
v -0.746010 0.066666 -0.097634
v -0.752452 0.068319 -0.104271
v -0.760568 0.070403 -0.108532
v -0.769565 0.072713 -0.110000
v -0.766904 0.086652 0.110000
v -0.757689 0.085486 0.108532
v -0.749375 0.084435 0.104271
v -0.742778 0.083601 0.097634
v -0.738542 0.083065 0.089271
v -0.737082 0.082881 0.080000
v -0.737082 0.082881 -0.080000
v -0.738542 0.083065 -0.089271
v -0.742778 0.083601 -0.097634
v -0.749375 0.084435 -0.104271
v -0.757689 0.085486 -0.108532
v -0.766904 0.086652 -0.110000
v -0.766000 0.101000 0.110000
v -0.756707 0.101069 0.108532
v -0.748323 0.101131 0.104271
v -0.741670 0.101180 0.097634
v -0.737398 0.101212 0.089271
v -0.735927 0.101223 0.080000
v -0.735927 0.101223 -0.080000
v -0.737398 0.101212 -0.089271
v -0.741670 0.101180 -0.097634
v -0.748323 0.101131 -0.104271
v -0.756707 0.101069 -0.108532
v -0.766000 0.101000 -0.110000
v -0.767635 0.121994 0.110000
v -0.758454 0.123498 0.108532
v -0.750171 0.124856 0.104271
v -0.743598 0.125933 0.097634
v -0.739378 0.126624 0.089271
v -0.737924 0.126863 0.080000
v -0.737924 0.126863 -0.080000
v -0.739378 0.126624 -0.089271
v -0.743598 0.125933 -0.097634
v -0.750171 0.124856 -0.104271
v -0.758454 0.123498 -0.108532
v -0.767635 0.121994 -0.110000
v -0.772333 0.140616 0.110000
v -0.763547 0.143684 0.108532
v -0.755620 0.146453 0.104271
v -0.749329 0.148650 0.097634
v -0.745290 0.150060 0.089271
v -0.743899 0.150546 0.080000
v -0.743899 0.150546 -0.080000
v -0.745290 0.150060 -0.089271
v -0.749329 0.148650 -0.097634
v -0.755620 0.146453 -0.104271
v -0.763547 0.143684 -0.108532
v -0.772333 0.140616 -0.110000
v -0.779781 0.157078 0.110000
v -0.771666 0.161632 0.108532
v -0.764346 0.165740 0.104271
v -0.758536 0.169000 0.097634
v -0.754806 0.171094 0.089271
v -0.753521 0.171815 0.080000
v -0.753521 0.171815 -0.080000
v -0.754806 0.171094 -0.089271
v -0.758536 0.169000 -0.097634
v -0.764346 0.165740 -0.104271
v -0.771666 0.161632 -0.108532
v -0.779781 0.157078 -0.110000
v -0.789667 0.171593 0.110000
v -0.782414 0.177412 0.108532
v -0.775871 0.182662 0.104271
v -0.770678 0.186828 0.097634
v -0.767344 0.189503 0.089271
v -0.766196 0.190425 0.080000
v -0.766196 0.190425 -0.080000
v -0.767344 0.189503 -0.089271
v -0.770678 0.186828 -0.097634
v -0.775871 0.182662 -0.104271
v -0.782414 0.177412 -0.108532
v -0.789667 0.171593 -0.110000
v -0.801677 0.184371 0.110000
v -0.795345 0.191170 0.108532
v -0.789633 0.197304 0.104271
v -0.785100 0.202171 0.097634
v -0.782189 0.205297 0.089271
v -0.781186 0.206374 0.080000
v -0.781186 0.206374 -0.080000
v -0.782189 0.205297 -0.089271
v -0.785100 0.202171 -0.097634
v -0.789633 0.197304 -0.104271
v -0.795345 0.191170 -0.108532
v -0.801677 0.184371 -0.110000
v -0.815500 0.195625 0.110000
v -0.810035 0.203130 0.108532
v -0.805104 0.209900 0.104271
v -0.801192 0.215273 0.097634
v -0.798680 0.218723 0.089271
v -0.797814 0.219911 0.080000
v -0.797814 0.219911 -0.080000
v -0.798680 0.218723 -0.089271
v -0.801192 0.215273 -0.097634
v -0.805104 0.209900 -0.104271
v -0.810035 0.203130 -0.108532
v -0.815500 0.195625 -0.110000
v -0.830823 0.205567 0.110000
v -0.826104 0.213555 0.108532
v -0.821846 0.220762 0.104271
v -0.818468 0.226482 0.097634
v -0.816298 0.230154 0.089271
v -0.815551 0.231419 0.080000
v -0.815551 0.231419 -0.080000
v -0.816298 0.230154 -0.089271
v -0.818468 0.226482 -0.097634
v -0.821846 0.220762 -0.104271
v -0.826104 0.213555 -0.108532
v -0.830823 0.205567 -0.110000
v -0.847333 0.214407 0.110000
v -0.843213 0.222717 0.108532
v -0.839496 0.230213 0.104271
v -0.836547 0.236162 0.097634
v -0.834653 0.239982 0.089271
v -0.834000 0.241298 0.080000
v -0.834000 0.241298 -0.080000
v -0.834653 0.239982 -0.089271
v -0.836547 0.236162 -0.097634
v -0.839496 0.230213 -0.104271
v -0.843213 0.222717 -0.108532
v -0.847333 0.214407 -0.110000
v -0.864719 0.222359 0.110000
v -0.861048 0.230875 0.108532
v -0.857736 0.238556 0.104271
v -0.855108 0.244652 0.097634
v -0.853421 0.248566 0.089271
v -0.852839 0.249915 0.080000
v -0.852839 0.249915 -0.080000
v -0.853421 0.248566 -0.089271
v -0.855108 0.244652 -0.097634
v -0.857736 0.238556 -0.104271
v -0.861048 0.230875 -0.108532
v -0.864719 0.222359 -0.110000
v -0.882667 0.229634 0.110000
v -0.879300 0.238273 0.108532
v -0.876264 0.246066 0.104271
v -0.873854 0.252250 0.097634
v -0.872306 0.256221 0.089270
v -0.871773 0.257589 0.080000
v -0.871773 0.257589 -0.080000
v -0.872306 0.256221 -0.089271
v -0.873854 0.252250 -0.097634
v -0.876264 0.246066 -0.104271
v -0.879300 0.238273 -0.108532
v -0.882667 0.229634 -0.110000
v -0.900865 0.236444 0.110000
v -0.897664 0.245145 0.108532
v -0.894777 0.252994 0.104271
v -0.892486 0.259223 0.097634
v -0.891015 0.263222 0.089270
v -0.890508 0.264600 0.080000
v -0.890508 0.264600 -0.080000
v -0.891015 0.263222 -0.089271
v -0.892486 0.259223 -0.097634
v -0.894777 0.252994 -0.104271
v -0.897664 0.245145 -0.108532
v -0.900865 0.236444 -0.110000
v -0.919000 0.243000 0.110000
v -0.915876 0.251728 0.108532
v -0.913057 0.259602 0.104270
v -0.910820 0.265851 0.097634
v -0.909384 0.269863 0.089270
v -0.908889 0.271245 0.080000
v -0.908889 0.271245 -0.080000
v -0.909384 0.269863 -0.089271
v -0.910820 0.265851 -0.097634
v -0.913057 0.259602 -0.104271
v -0.915876 0.251728 -0.108532
v -0.919000 0.243000 -0.110000
v -0.998000 0.271000 0.110000
v -0.988730 0.277550 0.108532
v -0.980366 0.283459 0.104270
v -0.973729 0.288148 0.097634
v -0.969468 0.291158 0.089270
v -0.968000 0.292196 0.080000
v -0.968000 0.292196 -0.080000
v -0.969468 0.291158 -0.089271
v -0.973729 0.288148 -0.097634
v -0.980366 0.283459 -0.104271
v -0.988730 0.277550 -0.108532
v -0.998000 0.271000 -0.110000
v -0.998000 0.295000 0.110000
v -0.988730 0.294804 0.108532
v -0.980366 0.294628 0.104270
v -0.973729 0.294488 0.097634
v -0.969468 0.294398 0.089270
v -0.968000 0.294367 0.080000
v -0.968000 0.294367 -0.080000
v -0.969468 0.294398 -0.089271
v -0.973729 0.294488 -0.097634
v -0.980366 0.294628 -0.104271
v -0.988730 0.294804 -0.108532
v -0.998000 0.295000 -0.110000
v -0.997437 0.308318 0.110000
v -0.988194 0.307474 0.108532
v -0.979856 0.306712 0.104270
v -0.973239 0.306108 0.097634
v -0.968990 0.305720 0.089270
v -0.967526 0.305586 0.080000
v -0.967526 0.305586 -0.080000
v -0.968990 0.305720 -0.089271
v -0.973239 0.306108 -0.097634
v -0.979856 0.306712 -0.104271
v -0.988194 0.307474 -0.108532
v -0.997437 0.308318 -0.110000
v -0.995750 0.320296 0.110000
v -0.986646 0.318462 0.108532
v -0.978434 0.316808 0.104270
v -0.971916 0.315494 0.097634
v -0.967732 0.314651 0.089270
v -0.966290 0.314361 0.080000
v -0.966290 0.314361 -0.080000
v -0.967732 0.314651 -0.089271
v -0.971916 0.315494 -0.097634
v -0.978434 0.316808 -0.104271
v -0.986646 0.318462 -0.108532
v -0.995750 0.320296 -0.110000
v -0.992937 0.330969 0.110000
v -0.984137 0.327983 0.108532
v -0.976199 0.325289 0.104270
v -0.969899 0.323151 0.097634
v -0.965854 0.321778 0.089270
v -0.964460 0.321305 0.080000
v -0.964460 0.321305 -0.080000
v -0.965854 0.321778 -0.089271
v -0.969899 0.323151 -0.097634
v -0.976199 0.325289 -0.104271
v -0.984137 0.327983 -0.108532
v -0.992937 0.330969 -0.110000
v -0.989000 0.340370 0.110000
v -0.980733 0.336111 0.108532
v -0.973276 0.332268 0.104270
v -0.967357 0.329218 0.097634
v -0.963558 0.327260 0.089270
v -0.962248 0.326586 0.080000
v -0.962248 0.326586 -0.080000
v -0.963558 0.327260 -0.089271
v -0.967357 0.329218 -0.097634
v -0.973276 0.332268 -0.104271
v -0.980733 0.336111 -0.108532
v -0.989000 0.340370 -0.110000
v -0.983937 0.348536 0.110000
v -0.976478 0.342974 0.108532
v -0.969749 0.337957 0.104270
v -0.964409 0.333975 0.097634
v -0.960980 0.331418 0.089270
v -0.959798 0.330537 0.080000
v -0.959798 0.330537 -0.080000
v -0.960980 0.331418 -0.089271
v -0.964409 0.333975 -0.097634
v -0.969749 0.337957 -0.104271
v -0.976478 0.342974 -0.108532
v -0.983937 0.348536 -0.110000
v -0.977750 0.355500 0.110000
v -0.971357 0.348738 0.108532
v -0.965590 0.342638 0.104270
v -0.961013 0.337797 0.097634
v -0.958074 0.334689 0.089270
v -0.957061 0.333618 0.080000
v -0.957061 0.333618 -0.080000
v -0.958074 0.334689 -0.089271
v -0.961013 0.337797 -0.097634
v -0.965590 0.342638 -0.104271
v -0.971357 0.348738 -0.108532
v -0.977750 0.355500 -0.110000
v -0.970437 0.361297 0.110000
v -0.965280 0.353556 0.108532
v -0.960627 0.346573 0.104270
v -0.956934 0.341030 0.097634
v -0.954563 0.337472 0.089270
v -0.953746 0.336246 0.080000
v -0.953746 0.336246 -0.080000
v -0.954563 0.337472 -0.089271
v -0.956934 0.341030 -0.097634
v -0.960627 0.346573 -0.104271
v -0.965280 0.353556 -0.108532
v -0.970437 0.361297 -0.110000
v -0.962000 0.365963 0.110000
v -0.958115 0.357518 0.108532
v -0.954611 0.349899 0.104270
v -0.951830 0.343853 0.097634
v -0.950044 0.339971 0.089270
v -0.949429 0.338633 0.080000
v -0.949429 0.338633 -0.080000
v -0.950044 0.339971 -0.089271
v -0.951830 0.343853 -0.097634
v -0.954611 0.349899 -0.104271
v -0.958115 0.357518 -0.108532
v -0.962000 0.365963 -0.110000
v -0.952437 0.369531 0.110000
v -0.949748 0.360640 0.108532
v -0.947322 0.352619 0.104270
v -0.945396 0.346253 0.097634
v -0.944160 0.342167 0.089270
v -0.943734 0.340758 0.080000
v -0.943734 0.340758 -0.080000
v -0.944160 0.342167 -0.089271
v -0.945396 0.346253 -0.097634
v -0.947322 0.352619 -0.104271
v -0.949748 0.360640 -0.108532
v -0.952437 0.369531 -0.110000
v -0.941750 0.372037 0.110000
v -0.940112 0.362899 0.108532
v -0.938634 0.354656 0.104270
v -0.937461 0.348114 0.097634
v -0.936708 0.343914 0.089270
v -0.936449 0.342466 0.080000
v -0.936449 0.342466 -0.080000
v -0.936708 0.343914 -0.089271
v -0.937461 0.348114 -0.097634
v -0.938634 0.354656 -0.104271
v -0.940112 0.362899 -0.108532
v -0.941750 0.372037 -0.110000
v -0.929937 0.373515 0.110000
v -0.929187 0.364266 0.108532
v -0.928510 0.355923 0.104270
v -0.927973 0.349301 0.097634
v -0.927628 0.345050 0.089270
v -0.927509 0.343585 0.080000
v -0.927509 0.343585 -0.080000
v -0.927628 0.345050 -0.089271
v -0.927973 0.349301 -0.097634
v -0.928510 0.355923 -0.104271
v -0.929187 0.364266 -0.108532
v -0.929937 0.373515 -0.110000
v -0.917000 0.374000 0.110000
v -0.917008 0.364723 0.108532
v -0.917016 0.356353 0.104270
v -0.917022 0.349712 0.097634
v -0.917026 0.345447 0.089270
v -0.917027 0.343978 0.080000
v -0.917027 0.343978 -0.080000
v -0.917026 0.345447 -0.089271
v -0.917022 0.349712 -0.097634
v -0.917016 0.356353 -0.104271
v -0.917008 0.364723 -0.108532
v -0.917000 0.374000 -0.110000
v -0.904734 0.373518 0.110000
v -0.905463 0.364269 0.108532
v -0.906122 0.355925 0.104270
v -0.906644 0.349304 0.097634
v -0.906979 0.345053 0.089270
v -0.907095 0.343588 0.080000
v -0.907095 0.343588 -0.080000
v -0.906979 0.345053 -0.089271
v -0.906644 0.349304 -0.097634
v -0.906122 0.355925 -0.104271
v -0.905463 0.364269 -0.108532
v -0.904734 0.373518 -0.110000
v -0.892454 0.372060 0.110000
v -0.893911 0.362898 0.108532
v -0.895225 0.354632 0.104270
v -0.896268 0.348072 0.097634
v -0.896937 0.343860 0.089270
v -0.897168 0.342409 0.080000
v -0.897168 0.342409 -0.080000
v -0.896937 0.343860 -0.089271
v -0.896268 0.348072 -0.097634
v -0.895225 0.354632 -0.104271
v -0.893911 0.362898 -0.108532
v -0.892454 0.372060 -0.110000
v -0.880188 0.369609 0.110000
v -0.882362 0.360590 0.108532
v -0.884323 0.352454 0.104270
v -0.885880 0.345997 0.097634
v -0.886879 0.341851 0.089270
v -0.887224 0.340422 0.080000
v -0.887224 0.340422 -0.080000
v -0.886879 0.341851 -0.089271
v -0.885880 0.345997 -0.097634
v -0.884323 0.352454 -0.104271
v -0.882362 0.360590 -0.108532
v -0.880188 0.369609 -0.110000
v -0.867963 0.366148 0.110000
v -0.870836 0.357327 0.108532
v -0.873428 0.349369 0.104270
v -0.875484 0.343053 0.097634
v -0.876805 0.338998 0.089270
v -0.877260 0.337601 0.080000
v -0.877260 0.337601 -0.080000
v -0.876805 0.338998 -0.089271
v -0.875484 0.343053 -0.097634
v -0.873428 0.349369 -0.104271
v -0.870836 0.357327 -0.108532
v -0.867963 0.366148 -0.110000
v -0.855808 0.361659 0.110000
v -0.859352 0.353086 0.108532
v -0.862550 0.345351 0.104270
v -0.865088 0.339213 0.097634
v -0.866717 0.335273 0.089270
v -0.867278 0.333915 0.080000
v -0.867278 0.333915 -0.080000
v -0.866717 0.335273 -0.089271
v -0.865088 0.339213 -0.097634
v -0.862550 0.345351 -0.104271
v -0.859352 0.353086 -0.108532
v -0.855808 0.361659 -0.110000
v -0.843750 0.356125 0.110000
v -0.847932 0.347844 0.108532
v -0.851704 0.340374 0.104270
v -0.854698 0.334445 0.097634
v -0.856621 0.330639 0.089270
v -0.857283 0.329327 0.080000
v -0.857283 0.329327 -0.080000
v -0.856621 0.330639 -0.089271
v -0.854698 0.334445 -0.097634
v -0.851704 0.340374 -0.104271
v -0.847932 0.347844 -0.108532
v -0.843750 0.356125 -0.110000
v -0.831817 0.349528 0.110000
v -0.836597 0.341578 0.108532
v -0.840908 0.334405 0.104270
v -0.844330 0.328714 0.097634
v -0.846527 0.325059 0.089270
v -0.847284 0.323800 0.080000
v -0.847284 0.323800 -0.080000
v -0.846527 0.325059 -0.089271
v -0.844330 0.328714 -0.097634
v -0.840908 0.334405 -0.104271
v -0.836597 0.341578 -0.108532
v -0.831817 0.349528 -0.110000
v -0.820037 0.341852 0.110000
v -0.825370 0.334262 0.108532
v -0.830182 0.327416 0.104270
v -0.834000 0.321982 0.097634
v -0.836452 0.318493 0.089270
v -0.837296 0.317291 0.080000
v -0.837296 0.317291 -0.080000
v -0.836452 0.318493 -0.089271
v -0.834000 0.321982 -0.097634
v -0.830182 0.327416 -0.104271
v -0.825370 0.334262 -0.108532
v -0.820037 0.341852 -0.110000
v -0.808438 0.333078 0.110000
v -0.814279 0.325873 0.108532
v -0.819549 0.319373 0.104270
v -0.823731 0.314214 0.097634
v -0.826416 0.310902 0.089270
v -0.827341 0.309761 0.080000
v -0.827341 0.309761 -0.080000
v -0.826416 0.310902 -0.089271
v -0.823731 0.314214 -0.097634
v -0.819549 0.319373 -0.104271
v -0.814279 0.325873 -0.108532
v -0.808438 0.333078 -0.110000
v -0.797046 0.323190 0.110000
v -0.803349 0.316385 0.108532
v -0.809035 0.310246 0.104270
v -0.813547 0.305374 0.097634
v -0.816444 0.302246 0.089270
v -0.817442 0.301169 0.080000
v -0.817442 0.301169 -0.080000
v -0.816444 0.302246 -0.089271
v -0.813547 0.305374 -0.097634
v -0.809035 0.310246 -0.104271
v -0.803349 0.316385 -0.108532
v -0.797046 0.323190 -0.110000
v -0.785891 0.312170 0.110000
v -0.792609 0.305775 0.108532
v -0.798670 0.300006 0.104270
v -0.803479 0.295428 0.097634
v -0.806567 0.292489 0.089270
v -0.807631 0.291476 0.080000
v -0.807631 0.291476 -0.080000
v -0.806567 0.292489 -0.089271
v -0.803479 0.295428 -0.097634
v -0.798670 0.300006 -0.104271
v -0.792609 0.305775 -0.108532
v -0.785891 0.312170 -0.110000
v -0.775000 0.300000 0.110000
v -0.765730 0.275740 0.108532
v -0.757366 0.253855 0.104271
v -0.750730 0.236487 0.097634
v -0.746468 0.225336 0.089271
v -0.745000 0.221493 0.080000
v -0.745000 0.221493 -0.080000
v -0.746468 0.225336 -0.089271
v -0.750730 0.236487 -0.097634
v -0.757366 0.253855 -0.104271
v -0.765730 0.275740 -0.108532
v -0.775000 0.300000 -0.110000
v -0.775000 0.397000 0.110000
v -0.765730 0.400620 0.108532
v -0.757366 0.403886 0.104270
v -0.750730 0.406478 0.097634
v -0.746468 0.408141 0.089270
v -0.745000 0.408715 0.080000
v -0.745000 0.408715 -0.080000
v -0.746468 0.408141 -0.089271
v -0.750730 0.406478 -0.097634
v -0.757366 0.403886 -0.104271
v -0.765730 0.400620 -0.108532
v -0.775000 0.397000 -0.110000
v -0.784043 0.406813 0.110000
v -0.777471 0.413361 0.108532
v -0.771542 0.419269 0.104270
v -0.766837 0.423957 0.097634
v -0.763816 0.426967 0.089270
v -0.762775 0.428004 0.080000
v -0.762775 0.428004 -0.080000
v -0.763816 0.426967 -0.089271
v -0.766837 0.423957 -0.097634
v -0.771542 0.419269 -0.104271
v -0.777471 0.413361 -0.108532
v -0.784043 0.406813 -0.110000
v -0.793676 0.415755 0.110000
v -0.787641 0.422802 0.108532
v -0.782197 0.429159 0.104270
v -0.777877 0.434205 0.097634
v -0.775103 0.437444 0.089270
v -0.774148 0.438560 0.080000
v -0.774148 0.438560 -0.080000
v -0.775103 0.437444 -0.089271
v -0.777877 0.434205 -0.097634
v -0.782197 0.429159 -0.104271
v -0.787641 0.422802 -0.108532
v -0.793676 0.415755 -0.110000
v -0.803906 0.423828 0.110000
v -0.798458 0.431338 0.108532
v -0.793543 0.438113 0.104270
v -0.789643 0.443490 0.097634
v -0.787139 0.446942 0.089270
v -0.786276 0.448131 0.080000
v -0.786276 0.448131 -0.080000
v -0.787139 0.446942 -0.089271
v -0.789643 0.443490 -0.097634
v -0.793543 0.438113 -0.104271
v -0.798458 0.431338 -0.108532
v -0.803906 0.423828 -0.110000
v -0.814741 0.431037 0.110000
v -0.809917 0.438963 0.108532
v -0.805566 0.446112 0.104270
v -0.802112 0.451786 0.097634
v -0.799895 0.455429 0.089270
v -0.799131 0.456685 0.080000
v -0.799131 0.456685 -0.080000
v -0.799895 0.455429 -0.089271
v -0.802112 0.451786 -0.097634
v -0.805566 0.446112 -0.104271
v -0.809917 0.438963 -0.108532
v -0.814741 0.431037 -0.110000
v -0.826186 0.437385 0.110000
v -0.822012 0.445670 0.108532
v -0.818246 0.453145 0.104270
v -0.815257 0.459077 0.097634
v -0.813338 0.462885 0.089270
v -0.812677 0.464197 0.080000
v -0.812677 0.464197 -0.080000
v -0.813338 0.462885 -0.089271
v -0.815257 0.459077 -0.097634
v -0.818246 0.453145 -0.104271
v -0.822012 0.445670 -0.108532
v -0.826186 0.437385 -0.110000
v -0.838250 0.442875 0.110000
v -0.834734 0.451460 0.108532
v -0.831562 0.459205 0.104270
v -0.829045 0.465352 0.097634
v -0.827429 0.469298 0.089270
v -0.826872 0.470658 0.080000
v -0.826872 0.470658 -0.080000
v -0.827429 0.469298 -0.089271
v -0.829045 0.465352 -0.097634
v -0.831562 0.459205 -0.104271
v -0.834734 0.451460 -0.108532
v -0.838250 0.442875 -0.110000
v -0.850939 0.447511 0.110000
v -0.848077 0.456335 0.108532
v -0.845496 0.464296 0.104270
v -0.843447 0.470614 0.097634
v -0.842132 0.474670 0.089270
v -0.841678 0.476067 0.080000
v -0.841678 0.476067 -0.080000
v -0.842132 0.474670 -0.089271
v -0.843447 0.470614 -0.097634
v -0.845496 0.464296 -0.104271
v -0.848077 0.456335 -0.108532
v -0.850939 0.447511 -0.110000
v -0.864259 0.451296 0.110000
v -0.862035 0.460302 0.108532
v -0.860028 0.468426 0.104270
v -0.858436 0.474873 0.097634
v -0.857413 0.479012 0.089270
v -0.857061 0.480439 0.080000
v -0.857061 0.480439 -0.080000
v -0.857413 0.479012 -0.089271
v -0.858436 0.474873 -0.097634
v -0.860028 0.468426 -0.104271
v -0.862035 0.460302 -0.108532
v -0.864259 0.451296 -0.110000
v -0.878219 0.454234 0.110000
v -0.876604 0.463368 0.108532
v -0.875148 0.471608 0.104270
v -0.873992 0.478147 0.097634
v -0.873250 0.482346 0.089270
v -0.872995 0.483792 0.080000
v -0.872995 0.483792 -0.080000
v -0.873250 0.482346 -0.089271
v -0.873992 0.478147 -0.097634
v -0.875148 0.471608 -0.104271
v -0.876604 0.463368 -0.108532
v -0.878219 0.454234 -0.110000
v -0.892824 0.456329 0.110000
v -0.891786 0.465545 0.108532
v -0.890849 0.473859 0.104270
v -0.890105 0.480458 0.097634
v -0.889628 0.484694 0.089270
v -0.889463 0.486154 0.080000
v -0.889463 0.486154 -0.080000
v -0.889628 0.484694 -0.089271
v -0.890105 0.480458 -0.097634
v -0.890849 0.473859 -0.104271
v -0.891786 0.465545 -0.108532
v -0.892824 0.456329 -0.110000
v -0.908082 0.457583 0.110000
v -0.907581 0.466843 0.108532
v -0.907128 0.475197 0.104270
v -0.906769 0.481827 0.097634
v -0.906539 0.486084 0.089270
v -0.906459 0.487551 0.080000
v -0.906459 0.487551 -0.080000
v -0.906539 0.486084 -0.089271
v -0.906769 0.481827 -0.097634
v -0.907128 0.475197 -0.104271
v -0.907581 0.466843 -0.108532
v -0.908082 0.457583 -0.110000
v -0.924000 0.458000 0.110000
v -0.924079 0.467276 0.108532
v -0.924150 0.475644 0.104270
v -0.924206 0.482284 0.097634
v -0.924242 0.486548 0.089270
v -0.924255 0.488017 0.080000
v -0.924255 0.488017 -0.080000
v -0.924242 0.486548 -0.089271
v -0.924206 0.482284 -0.097634
v -0.924150 0.475644 -0.104271
v -0.924079 0.467276 -0.108532
v -0.924000 0.458000 -0.110000
v -0.946323 0.457036 0.110000
v -0.947152 0.466279 0.108532
v -0.947900 0.474618 0.104270
v -0.948494 0.481235 0.097634
v -0.948875 0.485484 0.089270
v -0.949006 0.486948 0.080000
v -0.949006 0.486948 -0.080000
v -0.948875 0.485484 -0.089271
v -0.948494 0.481235 -0.097634
v -0.947900 0.474618 -0.104271
v -0.947152 0.466279 -0.108532
v -0.946323 0.457036 -0.110000
v -0.967671 0.454120 0.110000
v -0.969396 0.463241 0.108532
v -0.970953 0.471469 0.104270
v -0.972188 0.477999 0.097634
v -0.972981 0.482192 0.089270
v -0.973255 0.483636 0.080000
v -0.973255 0.483636 -0.080000
v -0.972981 0.482192 -0.089271
v -0.972188 0.477999 -0.097634
v -0.970953 0.471469 -0.104271
v -0.969396 0.463241 -0.108532
v -0.967671 0.454120 -0.110000
v -0.987859 0.449219 0.110000
v -0.990560 0.458103 0.108532
v -0.992996 0.466117 0.104270
v -0.994930 0.472478 0.097634
v -0.996171 0.476561 0.089270
v -0.996599 0.477968 0.080000
v -0.996599 0.477968 -0.080000
v -0.996171 0.476561 -0.089271
v -0.994930 0.472478 -0.097634
v -0.992996 0.466117 -0.104271
v -0.990560 0.458103 -0.108532
v -0.987859 0.449219 -0.110000
v -1.006703 0.442296 0.110000
v -1.010450 0.450796 0.108532
v -1.013830 0.458464 0.104270
v -1.016513 0.464549 0.097634
v -1.018235 0.468456 0.089270
v -1.018828 0.469802 0.080000
v -1.018828 0.469802 -0.080000
v -1.018235 0.468456 -0.089271
v -1.016513 0.464549 -0.097634
v -1.013830 0.458464 -0.104271
v -1.010450 0.450796 -0.108532
v -1.006703 0.442296 -0.110000
v -1.024020 0.433318 0.110000
v -1.028858 0.441252 0.108532
v -1.033223 0.448409 0.104270
v -1.036687 0.454090 0.097634
v -1.038911 0.457736 0.089270
v -1.039677 0.458993 0.080000
v -1.039677 0.458993 -0.080000
v -1.038911 0.457736 -0.089271
v -1.036687 0.454090 -0.097634
v -1.033223 0.448409 -0.104271
v -1.028858 0.441252 -0.108532
v -1.024020 0.433318 -0.110000
v -1.039625 0.422250 0.110000
v -1.045554 0.429410 0.108532
v -1.050902 0.435870 0.104270
v -1.055147 0.440996 0.097634
v -1.057872 0.444288 0.089270
v -1.058811 0.445422 0.080000
v -1.058811 0.445422 -0.080000
v -1.057872 0.444288 -0.089271
v -1.055147 0.440996 -0.097634
v -1.050902 0.435870 -0.104271
v -1.045554 0.429410 -0.108532
v -1.039625 0.422250 -0.110000
v -1.053334 0.409057 0.110000
v -1.060285 0.415233 0.108532
v -1.066556 0.420805 0.104270
v -1.071533 0.425226 0.097634
v -1.074728 0.428065 0.089270
v -1.075829 0.429043 0.080000
v -1.075829 0.429043 -0.080000
v -1.074728 0.428065 -0.089271
v -1.071533 0.425226 -0.097634
v -1.066556 0.420805 -0.104271
v -1.060285 0.415233 -0.108532
v -1.053334 0.409057 -0.110000
v -1.064963 0.393704 0.110000
v -1.072796 0.398716 0.108532
v -1.079862 0.403238 0.104270
v -1.085470 0.406826 0.097634
v -1.089070 0.409130 0.089270
v -1.090311 0.409924 0.080000
v -1.090311 0.409924 -0.080000
v -1.089070 0.409130 -0.089271
v -1.085470 0.406826 -0.097634
v -1.079862 0.403238 -0.104271
v -1.072796 0.398716 -0.108532
v -1.064963 0.393704 -0.110000
v -1.074328 0.376156 0.110000
v -1.082843 0.379891 0.108532
v -1.090524 0.383260 0.104270
v -1.096620 0.385934 0.097634
v -1.100534 0.387651 0.089270
v -1.101883 0.388243 0.080000
v -1.101883 0.388243 -0.080000
v -1.100534 0.387651 -0.089271
v -1.096620 0.385934 -0.097634
v -1.090524 0.383260 -0.104271
v -1.082843 0.379891 -0.108532
v -1.074328 0.376156 -0.110000
v -1.081245 0.356380 0.110000
v -1.090217 0.358807 0.108532
v -1.098311 0.360997 0.104270
v -1.104735 0.362735 0.097634
v -1.108859 0.363851 0.089270
v -1.110280 0.364236 0.080000
v -1.110280 0.364236 -0.080000
v -1.108859 0.363851 -0.089271
v -1.104735 0.362735 -0.097634
v -1.098311 0.360997 -0.104271
v -1.090217 0.358807 -0.108532
v -1.081245 0.356380 -0.110000
v -1.085531 0.334339 0.110000
v -1.094747 0.335508 0.108532
v -1.103062 0.336563 0.104270
v -1.109661 0.337400 0.097634
v -1.113897 0.337937 0.089270
v -1.115357 0.338122 0.080000
v -1.115357 0.338122 -0.080000
v -1.113897 0.337937 -0.089271
v -1.109661 0.337400 -0.097634
v -1.103062 0.336563 -0.104271
v -1.094747 0.335508 -0.108532
v -1.085531 0.334339 -0.110000
v -1.087000 0.310000 0.110000
v -1.096271 0.310280 0.108532
v -1.104634 0.310532 0.104270
v -1.111271 0.310732 0.097634
v -1.115532 0.310860 0.089270
v -1.117000 0.310905 0.080000
v -1.117000 0.310905 -0.080000
v -1.115532 0.310860 -0.089271
v -1.111271 0.310732 -0.097634
v -1.104634 0.310532 -0.104271
v -1.096271 0.310280 -0.108532
v -1.087000 0.310000 -0.110000
v -1.087000 0.079000 0.110000
v -1.096271 0.079143 0.108532
v -1.104634 0.079273 0.104271
v -1.111271 0.079376 0.097634
v -1.115532 0.079442 0.089271
v -1.117000 0.079464 0.080000
v -1.117000 0.079464 -0.080000
v -1.115532 0.079442 -0.089271
v -1.111271 0.079376 -0.097634
v -1.104634 0.079273 -0.104271
v -1.096271 0.079143 -0.108532
v -1.087000 0.079000 -0.110000
v -1.087125 0.074976 0.110000
v -1.096380 0.075598 0.108532
v -1.104730 0.076159 0.104271
v -1.111356 0.076604 0.097634
v -1.115611 0.076890 0.089271
v -1.117077 0.076988 0.080000
v -1.117077 0.076988 -0.080000
v -1.115611 0.076890 -0.089271
v -1.111356 0.076604 -0.097634
v -1.104730 0.076159 -0.104271
v -1.096380 0.075598 -0.108532
v -1.087125 0.074976 -0.110000
v -1.087496 0.071394 0.110000
v -1.096674 0.072758 0.108532
v -1.104955 0.073989 0.104271
v -1.111526 0.074966 0.097634
v -1.115745 0.075593 0.089271
v -1.117199 0.075809 0.080000
v -1.117199 0.075809 -0.080000
v -1.115745 0.075593 -0.089271
v -1.111526 0.074966 -0.097634
v -1.104955 0.073989 -0.104271
v -1.096674 0.072758 -0.108532
v -1.087496 0.071394 -0.110000
v -1.088110 0.068234 0.110000
v -1.097114 0.070498 0.108532
v -1.105236 0.072540 0.104271
v -1.111682 0.074161 0.097634
v -1.115821 0.075202 0.089271
v -1.117247 0.075560 0.080000
v -1.117247 0.075560 -0.080000
v -1.115821 0.075202 -0.089271
v -1.111682 0.074161 -0.097634
v -1.105236 0.072540 -0.104271
v -1.097114 0.070498 -0.108532
v -1.088110 0.068234 -0.110000
v -1.088963 0.065481 0.110000
v -1.097637 0.068809 0.108532
v -1.105462 0.071811 0.104271
v -1.111673 0.074193 0.097634
v -1.115660 0.075722 0.089271
v -1.117033 0.076249 0.080000
v -1.117033 0.076249 -0.080000
v -1.115660 0.075722 -0.089271
v -1.111673 0.074193 -0.097634
v -1.105462 0.071811 -0.104271
v -1.097637 0.068809 -0.108532
v -1.088963 0.065481 -0.110000
v -1.090053 0.063117 0.110000
v -1.098173 0.067648 0.108532
v -1.105497 0.071735 0.104271
v -1.111310 0.074978 0.097634
v -1.115043 0.077061 0.089271
v -1.116329 0.077778 0.080000
v -1.116329 0.077778 -0.080000
v -1.115043 0.077061 -0.089271
v -1.111310 0.074978 -0.097634
v -1.105497 0.071735 -0.104271
v -1.098173 0.067648 -0.108532
v -1.090053 0.063117 -0.110000
v -1.091375 0.061125 0.110000
v -1.098657 0.066918 0.108532
v -1.105225 0.072145 0.104271
v -1.110438 0.076292 0.097634
v -1.113785 0.078955 0.089271
v -1.114939 0.079873 0.080000
v -1.114939 0.079873 -0.080000
v -1.113785 0.078955 -0.089271
v -1.110438 0.076292 -0.097634
v -1.105225 0.072145 -0.104271
v -1.098657 0.066918 -0.108532
v -1.091375 0.061125 -0.110000
v -1.092927 0.059487 0.110000
v -1.099081 0.066470 0.108532
v -1.104633 0.072770 0.104271
v -1.109039 0.077770 0.097634
v -1.111868 0.080980 0.089271
v -1.112842 0.082086 0.080000
v -1.112842 0.082086 -0.080000
v -1.111868 0.080980 -0.089271
v -1.109039 0.077770 -0.097634
v -1.104633 0.072770 -0.104271
v -1.099081 0.066470 -0.108532
v -1.092927 0.059487 -0.110000
v -1.094704 0.058185 0.110000
v -1.099523 0.066146 0.108532
v -1.103871 0.073328 0.104271
v -1.107321 0.079028 0.097634
v -1.109536 0.082688 0.089271
v -1.110299 0.083948 0.080000
v -1.110299 0.083948 -0.080000
v -1.109536 0.082688 -0.089271
v -1.107321 0.079028 -0.097634
v -1.103871 0.073328 -0.104271
v -1.099523 0.066146 -0.108532
v -1.094704 0.058185 -0.110000
v -1.096703 0.057203 0.110000
v -1.100127 0.065850 0.108532
v -1.103216 0.073650 0.104271
v -1.105667 0.079841 0.097634
v -1.107240 0.083815 0.089271
v -1.107783 0.085185 0.080000
v -1.107783 0.085185 -0.080000
v -1.107240 0.083815 -0.089271
v -1.105667 0.079841 -0.097634
v -1.103216 0.073650 -0.104271
v -1.100127 0.065850 -0.108532
v -1.096703 0.057203 -0.110000
v -1.098921 0.056523 0.110000
v -1.101033 0.065572 0.108532
v -1.102938 0.073735 0.104271
v -1.104449 0.080214 0.097634
v -1.105420 0.084373 0.089271
v -1.105754 0.085806 0.080000
v -1.105754 0.085806 -0.080000
v -1.105420 0.084373 -0.089271
v -1.104449 0.080214 -0.097634
v -1.102938 0.073735 -0.104271
v -1.101033 0.065572 -0.108532
v -1.098921 0.056523 -0.110000
v -1.101355 0.056128 0.110000
v -1.102325 0.065362 0.108532
v -1.103200 0.073693 0.104271
v -1.103894 0.080304 0.097634
v -1.104340 0.084549 0.089271
v -1.104494 0.086011 0.080000
v -1.104494 0.086011 -0.080000
v -1.104340 0.084549 -0.089271
v -1.103894 0.080304 -0.097634
v -1.103200 0.073693 -0.104271
v -1.102325 0.065362 -0.108532
v -1.101355 0.056128 -0.110000
v -1.104000 0.056000 0.110000
v -1.103871 0.065288 0.108532
v -1.103754 0.073666 0.104271
v -1.103661 0.080315 0.097634
v -1.103602 0.084584 0.089271
v -1.103581 0.086055 0.080000
v -1.103581 0.086055 -0.080000
v -1.103602 0.084584 -0.089271
v -1.103661 0.080315 -0.097634
v -1.103754 0.073666 -0.104271
v -1.103871 0.065288 -0.108532
v -1.104000 0.056000 -0.110000
v -1.106433 0.056186 0.110000
v -1.105177 0.065387 0.108532
v -1.104044 0.073688 0.104271
v -1.103145 0.080276 0.097634
v -1.102567 0.084505 0.089271
v -1.102368 0.085963 0.080000
v -1.102368 0.085963 -0.080000
v -1.102567 0.084505 -0.089271
v -1.103145 0.080276 -0.097634
v -1.104044 0.073688 -0.104271
v -1.105177 0.065387 -0.108532
v -1.106433 0.056186 -0.110000
v -1.109218 0.056736 0.110000
v -1.107020 0.065752 0.108532
v -1.105038 0.073885 0.104271
v -1.103465 0.080339 0.097634
v -1.102455 0.084483 0.089271
v -1.102107 0.085911 0.080000
v -1.102107 0.085911 -0.080000
v -1.102455 0.084483 -0.089271
v -1.103465 0.080339 -0.097634
v -1.105038 0.073885 -0.104271
v -1.107020 0.065752 -0.108532
v -1.109218 0.056736 -0.110000
v -1.112328 0.057641 0.110000
v -1.109438 0.066455 0.108532
v -1.106831 0.074406 0.104271
v -1.104762 0.080716 0.097634
v -1.103434 0.084768 0.089271
v -1.102976 0.086164 0.080000
v -1.102976 0.086164 -0.080000
v -1.103434 0.084768 -0.089271
v -1.104762 0.080716 -0.097634
v -1.106831 0.074406 -0.104271
v -1.109438 0.066455 -0.108532
v -1.112328 0.057641 -0.110000
v -1.115741 0.058889 0.110000
v -1.112320 0.067509 0.108532
v -1.109234 0.075285 0.104271
v -1.106785 0.081456 0.097634
v -1.105213 0.085418 0.089271
v -1.104671 0.086784 0.080000
v -1.104671 0.086784 -0.080000
v -1.105213 0.085418 -0.089271
v -1.106785 0.081456 -0.097634
v -1.109234 0.075285 -0.104271
v -1.112320 0.067509 -0.108532
v -1.115741 0.058889 -0.110000
v -1.119431 0.060470 0.110000
v -1.115587 0.068909 0.108532
v -1.112120 0.076522 0.104271
v -1.109369 0.082564 0.097634
v -1.107602 0.086442 0.089271
v -1.106993 0.087779 0.080000
v -1.106993 0.087779 -0.080000
v -1.107602 0.086442 -0.089271
v -1.109369 0.082564 -0.097634
v -1.112120 0.076522 -0.104271
v -1.115587 0.068909 -0.108532
v -1.119431 0.060470 -0.110000
v -1.123375 0.062375 0.110000
v -1.119183 0.070646 0.108532
v -1.115401 0.078107 0.104271
v -1.112400 0.084028 0.097634
v -1.110474 0.087829 0.089271
v -1.109810 0.089139 0.080000
v -1.109810 0.089139 -0.080000
v -1.110474 0.087829 -0.089271
v -1.112400 0.084028 -0.097634
v -1.115401 0.078107 -0.104271
v -1.119183 0.070646 -0.108532
v -1.123375 0.062375 -0.110000
v -1.127548 0.064592 0.110000
v -1.123060 0.072705 0.108532
v -1.119012 0.080025 0.104271
v -1.115799 0.085833 0.097634
v -1.113736 0.089562 0.089271
v -1.113025 0.090847 0.080000
v -1.113025 0.090847 -0.080000
v -1.113736 0.089562 -0.089271
v -1.115799 0.085833 -0.097634
v -1.119012 0.080025 -0.104271
v -1.123060 0.072705 -0.108532
v -1.127548 0.064592 -0.110000
v -1.131926 0.067111 0.110000
v -1.127180 0.075076 0.108532
v -1.122899 0.082261 0.104271
v -1.119501 0.087964 0.097634
v -1.117320 0.091625 0.089271
v -1.116568 0.092886 0.080000
v -1.116568 0.092886 -0.080000
v -1.117320 0.091625 -0.089271
v -1.119501 0.087964 -0.097634
v -1.122899 0.082261 -0.104271
v -1.127180 0.075076 -0.108532
v -1.131926 0.067111 -0.110000
v -1.136484 0.069922 0.110000
v -1.131508 0.077745 0.108532
v -1.127020 0.084802 0.104271
v -1.123457 0.090403 0.097634
v -1.121170 0.093999 0.089271
v -1.120382 0.095238 0.080000
v -1.120382 0.095238 -0.080000
v -1.121170 0.093999 -0.089271
v -1.123457 0.090403 -0.097634
v -1.127020 0.084802 -0.104271
v -1.131508 0.077745 -0.108532
v -1.136484 0.069922 -0.110000
v -1.141199 0.073014 0.110000
v -1.136014 0.080700 0.108532
v -1.131336 0.087633 0.104271
v -1.127624 0.093135 0.097634
v -1.125240 0.096668 0.089271
v -1.124419 0.097885 0.080000
v -1.124419 0.097885 -0.080000
v -1.125240 0.096668 -0.089271
v -1.127624 0.093135 -0.097634
v -1.131336 0.087633 -0.104271
v -1.136014 0.080700 -0.108532
v -1.141199 0.073014 -0.110000
v -1.146046 0.076377 0.110000
v -1.140666 0.083928 0.108532
v -1.135813 0.090740 0.104271
v -1.131962 0.096145 0.097634
v -1.129489 0.099616 0.089271
v -1.128637 0.100812 0.080000
v -1.128637 0.100812 -0.080000
v -1.129489 0.099616 -0.089271
v -1.131962 0.096145 -0.097634
v -1.135813 0.090740 -0.104271
v -1.140666 0.083928 -0.108532
v -1.146046 0.076377 -0.110000
v -1.151000 0.080000 0.110000
v -1.160271 0.098265 0.108532
v -1.168634 0.114742 0.104271
v -1.175271 0.127818 0.097634
v -1.179532 0.136214 0.089271
v -1.181000 0.139107 0.080000
v -1.181000 0.139107 -0.080000
v -1.179532 0.136214 -0.089271
v -1.175271 0.127818 -0.097634
v -1.168634 0.114742 -0.104271
v -1.160271 0.098265 -0.108532
v -1.151000 0.080000 -0.110000
v -1.151000 0.026000 0.110000
v -1.160271 0.020973 0.108532
v -1.168634 0.016439 0.104271
v -1.175271 0.012840 0.097634
v -1.179532 0.010529 0.089271
v -1.181000 0.009733 0.080000
v -1.181000 0.009733 -0.080000
v -1.179532 0.010529 -0.089271
v -1.175271 0.012840 -0.097634
v -1.168634 0.016439 -0.104271
v -1.160271 0.020973 -0.108532
v -1.151000 0.026000 -0.110000
v -0.979241 0.215484 0.110000
v -0.982348 0.206750 0.108532
v -0.985151 0.198870 0.104271
v -0.987375 0.192617 0.097634
v -0.988804 0.188602 0.089271
v -0.989296 0.187219 0.080000
v -0.989296 0.187219 -0.080000
v -0.988804 0.188602 -0.089271
v -0.987375 0.192617 -0.097634
v -0.985151 0.198870 -0.104271
v -0.982348 0.206750 -0.108532
v -0.979241 0.215484 -0.110000
v -0.961093 0.208875 0.110000
v -0.964371 0.200203 0.108532
v -0.967328 0.192379 0.104271
v -0.969675 0.186171 0.097634
v -0.971181 0.182184 0.089271
v -0.971701 0.180811 0.080000
v -0.971701 0.180811 -0.080000
v -0.971181 0.182184 -0.089271
v -0.969675 0.186171 -0.097634
v -0.967328 0.192379 -0.104271
v -0.964371 0.200203 -0.108532
v -0.961093 0.208875 -0.110000
v -0.943750 0.202078 0.110000
v -0.947285 0.193506 0.108532
v -0.950473 0.185774 0.104271
v -0.953004 0.179637 0.097634
v -0.954629 0.175697 0.089271
v -0.955189 0.174339 0.080000
v -0.955189 0.174339 -0.080000
v -0.954629 0.175697 -0.089271
v -0.953004 0.179637 -0.097634
v -0.950473 0.185774 -0.104271
v -0.947285 0.193506 -0.108532
v -0.943750 0.202078 -0.110000
v -0.927407 0.195000 0.110000
v -0.931298 0.186583 0.108532
v -0.934808 0.178989 0.104271
v -0.937594 0.172963 0.097634
v -0.939382 0.169094 0.089271
v -0.939998 0.167760 0.080000
v -0.939998 0.167760 -0.080000
v -0.939382 0.169094 -0.089271
v -0.937594 0.172963 -0.097634
v -0.934808 0.178989 -0.104271
v -0.931298 0.186583 -0.108532
v -0.927407 0.195000 -0.110000
v -0.912259 0.187547 0.110000
v -0.916623 0.179362 0.108532
v -0.920560 0.171978 0.104271
v -0.923684 0.166119 0.097634
v -0.925690 0.162357 0.089271
v -0.926381 0.161060 0.080000
v -0.926381 0.161060 -0.080000
v -0.925690 0.162357 -0.089271
v -0.923684 0.166119 -0.097634
v -0.920560 0.171978 -0.104271
v -0.916623 0.179362 -0.108532
v -0.912259 0.187547 -0.110000
v -0.898500 0.179625 0.110000
v -0.903472 0.171790 0.108532
v -0.907957 0.164723 0.104271
v -0.911517 0.159114 0.097634
v -0.913802 0.155513 0.089271
v -0.914590 0.154272 0.080000
v -0.914590 0.154272 -0.080000
v -0.913802 0.155513 -0.089271
v -0.911517 0.159114 -0.097634
v -0.907957 0.164723 -0.104271
v -0.903472 0.171790 -0.108532
v -0.898500 0.179625 -0.110000
v -0.886324 0.171141 0.110000
v -0.892053 0.163833 0.108532
v -0.897220 0.157241 0.104271
v -0.901321 0.152009 0.097634
v -0.903955 0.148650 0.089271
v -0.904862 0.147493 0.080000
v -0.904862 0.147493 -0.080000
v -0.903955 0.148650 -0.089271
v -0.901321 0.152009 -0.097634
v -0.897220 0.157241 -0.104271
v -0.892053 0.163833 -0.108532
v -0.886324 0.171141 -0.110000
v -0.875926 0.162000 0.110000
v -0.882549 0.155479 0.108532
v -0.888524 0.149596 0.104271
v -0.893265 0.144928 0.097634
v -0.896310 0.141930 0.089271
v -0.897359 0.140897 0.080000
v -0.897359 0.140897 -0.080000
v -0.896310 0.141930 -0.089271
v -0.893265 0.144928 -0.097634
v -0.888524 0.149596 -0.104271
v -0.882549 0.155479 -0.108532
v -0.875926 0.162000 -0.110000
v -0.867500 0.152109 0.110000
v -0.875092 0.146726 0.108532
v -0.881942 0.141870 0.104271
v -0.887377 0.138016 0.097634
v -0.890867 0.135542 0.089271
v -0.892070 0.134689 0.080000
v -0.892070 0.134689 -0.080000
v -0.890867 0.135542 -0.089271
v -0.887377 0.138016 -0.097634
v -0.881942 0.141870 -0.104271
v -0.875092 0.146726 -0.108532
v -0.867500 0.152109 -0.110000
v -0.861241 0.141375 0.110000
v -0.869731 0.137531 0.108532
v -0.877390 0.134064 0.104271
v -0.883468 0.131312 0.097634
v -0.887371 0.129545 0.089271
v -0.888715 0.128937 0.080000
v -0.888715 0.128937 -0.080000
v -0.887371 0.129545 -0.089271
v -0.883468 0.131312 -0.097634
v -0.877390 0.134064 -0.104271
v -0.869731 0.137531 -0.108532
v -0.861241 0.141375 -0.110000
v -0.857343 0.129703 0.110000
v -0.866456 0.127724 0.108532
v -0.874677 0.125939 0.104271
v -0.881201 0.124523 0.097634
v -0.885390 0.123613 0.089271
v -0.886833 0.123300 0.080000
v -0.886833 0.123300 -0.080000
v -0.885390 0.123613 -0.089271
v -0.881201 0.124523 -0.097634
v -0.874677 0.125939 -0.104271
v -0.866456 0.127724 -0.108532
v -0.857343 0.129703 -0.110000
v -0.856000 0.117000 0.110000
v -0.865300 0.116795 0.108532
v -0.873691 0.116610 0.104271
v -0.880349 0.116464 0.097634
v -0.884624 0.116369 0.089271
v -0.886097 0.116337 0.080000
v -0.886097 0.116337 -0.080000
v -0.884624 0.116369 -0.089271
v -0.880349 0.116464 -0.097634
v -0.873691 0.116610 -0.104271
v -0.865300 0.116795 -0.108532
v -0.856000 0.117000 -0.110000
v -0.856553 0.107988 0.110000
v -0.865770 0.109143 0.108532
v -0.874085 0.110185 0.104271
v -0.880683 0.111012 0.097634
v -0.884920 0.111543 0.089271
v -0.886380 0.111726 0.080000
v -0.886380 0.111726 -0.080000
v -0.884920 0.111543 -0.089271
v -0.880683 0.111012 -0.097634
v -0.874085 0.110185 -0.104271
v -0.865770 0.109143 -0.108532
v -0.856553 0.107988 -0.110000
v -0.858171 0.099486 0.110000
v -0.867164 0.101818 0.108532
v -0.875277 0.103923 0.104271
v -0.881715 0.105592 0.097634
v -0.885849 0.106664 0.089271
v -0.887273 0.107034 0.080000
v -0.887273 0.107034 -0.080000
v -0.885849 0.106664 -0.089271
v -0.881715 0.105592 -0.097634
v -0.875277 0.103923 -0.104271
v -0.867164 0.101818 -0.108532
v -0.858171 0.099486 -0.110000
v -0.860797 0.091547 0.110000
v -0.869402 0.095051 0.108532
v -0.877166 0.098211 0.104271
v -0.883327 0.100720 0.097634
v -0.887282 0.102330 0.089271
v -0.888645 0.102885 0.080000
v -0.888645 0.102885 -0.080000
v -0.887282 0.102330 -0.089271
v -0.883327 0.100720 -0.097634
v -0.877166 0.098211 -0.104271
v -0.869402 0.095051 -0.108532
v -0.860797 0.091547 -0.110000
v -0.864370 0.084222 0.110000
v -0.872424 0.088857 0.108532
v -0.879690 0.093038 0.104271
v -0.885456 0.096356 0.097634
v -0.889158 0.098486 0.089271
v -0.890433 0.099220 0.080000
v -0.890433 0.099220 -0.080000
v -0.889158 0.098486 -0.089271
v -0.885456 0.096356 -0.097634
v -0.879690 0.093038 -0.104271
v -0.872424 0.088857 -0.108532
v -0.864370 0.084222 -0.110000
v -0.868833 0.077564 0.110000
v -0.876178 0.083255 0.108532
v -0.882805 0.088390 0.104271
v -0.888064 0.092464 0.097634
v -0.891441 0.095080 0.089271
v -0.892604 0.095981 0.080000
v -0.892604 0.095981 -0.080000
v -0.891441 0.095080 -0.089271
v -0.888064 0.092464 -0.097634
v -0.882805 0.088389 -0.104271
v -0.876178 0.083255 -0.108532
v -0.868833 0.077564 -0.110000
v -0.874125 0.071625 0.110000
v -0.880623 0.078267 0.108532
v -0.886485 0.084260 0.104271
v -0.891137 0.089015 0.097634
v -0.894124 0.092068 0.089271
v -0.895153 0.093120 0.080000
v -0.895153 0.093120 -0.080000
v -0.894124 0.092068 -0.089271
v -0.891137 0.089015 -0.097634
v -0.886485 0.084260 -0.104271
v -0.880623 0.078267 -0.108532
v -0.874125 0.071625 -0.110000
v -0.880188 0.066457 0.110000
v -0.885723 0.073920 0.108532
v -0.890716 0.080653 0.104271
v -0.894679 0.085996 0.097634
v -0.897223 0.089427 0.089271
v -0.898100 0.090609 0.080000
v -0.898100 0.090609 -0.080000
v -0.897223 0.089427 -0.089271
v -0.894679 0.085996 -0.097634
v -0.890716 0.080653 -0.104271
v -0.885723 0.073920 -0.108532
v -0.880188 0.066457 -0.110000
v -0.886963 0.062111 0.110000
v -0.891447 0.070248 0.108532
v -0.895493 0.077589 0.104271
v -0.898704 0.083415 0.097634
v -0.900765 0.087155 0.089271
v -0.901475 0.088444 0.080000
v -0.901475 0.088444 -0.080000
v -0.900765 0.087155 -0.089271
v -0.898704 0.083414 -0.097634
v -0.895493 0.077589 -0.104271
v -0.891447 0.070248 -0.108532
v -0.886963 0.062111 -0.110000
v -0.894391 0.058641 0.110000
v -0.897768 0.067295 0.108532
v -0.900815 0.075102 0.104271
v -0.903233 0.081298 0.097634
v -0.904785 0.085276 0.089271
v -0.905320 0.086647 0.080000
v -0.905320 0.086647 -0.080000
v -0.904785 0.085276 -0.089271
v -0.903233 0.081298 -0.097634
v -0.900815 0.075102 -0.104271
v -0.897768 0.067295 -0.108532
v -0.894391 0.058641 -0.110000
v -0.902412 0.056097 0.110000
v -0.904656 0.065111 0.108532
v -0.906680 0.073243 0.104271
v -0.908286 0.079696 0.097634
v -0.909317 0.083839 0.089271
v -0.909672 0.085267 0.080000
v -0.909672 0.085267 -0.080000
v -0.909317 0.083839 -0.089271
v -0.908286 0.079696 -0.097634
v -0.906680 0.073243 -0.104271
v -0.904656 0.065111 -0.108532
v -0.902412 0.056097 -0.110000
v -0.910968 0.054533 0.110000
v -0.912079 0.063754 0.108532
v -0.913081 0.072073 0.104271
v -0.913876 0.078674 0.097634
v -0.914387 0.082913 0.089271
v -0.914563 0.084373 0.080000
v -0.914563 0.084373 -0.080000
v -0.914387 0.082913 -0.089271
v -0.913876 0.078674 -0.097634
v -0.913081 0.072073 -0.104271
v -0.912079 0.063754 -0.108532
v -0.910968 0.054533 -0.110000
v -0.920000 0.054000 0.110000
v -0.920081 0.063282 0.108532
v -0.920154 0.071655 0.104271
v -0.920212 0.078300 0.097634
v -0.920250 0.082567 0.089271
v -0.920262 0.084037 0.080000
v -0.920262 0.084037 -0.080000
v -0.920250 0.082567 -0.089271
v -0.920212 0.078300 -0.097634
v -0.920154 0.071655 -0.104271
v -0.920081 0.063282 -0.108532
v -0.920000 0.054000 -0.110000
v -0.926958 0.054289 0.110000
v -0.926193 0.063536 0.108532
v -0.925503 0.071877 0.104271
v -0.924955 0.078497 0.097634
v -0.924603 0.082747 0.089271
v -0.924482 0.084212 0.080000
v -0.924482 0.084212 -0.080000
v -0.924603 0.082747 -0.089271
v -0.924955 0.078497 -0.097634
v -0.925503 0.071877 -0.104271
v -0.926193 0.063535 -0.108532
v -0.926958 0.054289 -0.110000
v -0.933833 0.055144 0.110000
v -0.932321 0.064297 0.108532
v -0.930957 0.072555 0.104271
v -0.929874 0.079109 0.097634
v -0.929179 0.083316 0.089271
v -0.928940 0.084766 0.080000
v -0.928940 0.084766 -0.080000
v -0.929179 0.083316 -0.089271
v -0.929874 0.079109 -0.097634
v -0.930957 0.072555 -0.104271
v -0.932321 0.064297 -0.108532
v -0.933833 0.055144 -0.110000
v -0.940625 0.056547 0.110000
v -0.938399 0.065553 0.108532
v -0.936392 0.073678 0.104271
v -0.934798 0.080126 0.097634
v -0.933775 0.084266 0.089271
v -0.933423 0.085692 0.080000
v -0.933423 0.085692 -0.080000
v -0.933775 0.084266 -0.089271
v -0.934798 0.080126 -0.097634
v -0.936392 0.073678 -0.104271
v -0.938399 0.065553 -0.108532
v -0.940625 0.056547 -0.110000
v -0.947333 0.058481 0.110000
v -0.944438 0.067295 0.108532
v -0.941826 0.075246 0.104271
v -0.939754 0.081555 0.097634
v -0.938423 0.085606 0.089271
v -0.937964 0.087002 0.080000
v -0.937964 0.087002 -0.080000
v -0.938423 0.085606 -0.089271
v -0.939754 0.081555 -0.097634
v -0.941826 0.075246 -0.104271
v -0.944438 0.067295 -0.108532
v -0.947333 0.058481 -0.110000
v -0.953958 0.060930 0.110000
v -0.950444 0.069515 0.108532
v -0.947275 0.077259 0.104271
v -0.944759 0.083405 0.097634
v -0.943144 0.087351 0.089271
v -0.942587 0.088711 0.080000
v -0.942587 0.088711 -0.080000
v -0.943144 0.087351 -0.089271
v -0.944759 0.083405 -0.097634
v -0.947275 0.077259 -0.104271
v -0.950444 0.069515 -0.108532
v -0.953958 0.060930 -0.110000
v -0.960500 0.063875 0.110000
v -0.956422 0.072206 0.108532
v -0.952743 0.079721 0.104271
v -0.949823 0.085685 0.097634
v -0.947948 0.089514 0.089271
v -0.947302 0.090833 0.080000
v -0.947302 0.090833 -0.080000
v -0.947948 0.089514 -0.089271
v -0.949823 0.085685 -0.097634
v -0.952743 0.079721 -0.104271
v -0.956422 0.072206 -0.108532
v -0.960500 0.063875 -0.110000
v -0.966958 0.067299 0.110000
v -0.962370 0.075360 0.108532
v -0.958231 0.082631 0.104271
v -0.954947 0.088402 0.097634
v -0.952838 0.092106 0.089271
v -0.952111 0.093383 0.080000
v -0.952111 0.093383 -0.080000
v -0.952838 0.092106 -0.089271
v -0.954947 0.088402 -0.097634
v -0.958231 0.082631 -0.104271
v -0.962370 0.075360 -0.108532
v -0.966958 0.067299 -0.110000
v -0.973333 0.071185 0.110000
v -0.968289 0.078967 0.108532
v -0.963738 0.085988 0.104271
v -0.960127 0.091559 0.097634
v -0.957808 0.095136 0.089271
v -0.957009 0.096369 0.080000
v -0.957009 0.096369 -0.080000
v -0.957808 0.095136 -0.089271
v -0.960127 0.091559 -0.097634
v -0.963738 0.085988 -0.104271
v -0.968289 0.078967 -0.108532
v -0.973333 0.071185 -0.110000
v -0.979625 0.075516 0.110000
v -0.974174 0.083018 0.108532
v -0.969257 0.089786 0.104271
v -0.965354 0.095157 0.097634
v -0.962849 0.098605 0.089271
v -0.961985 0.099794 0.080000
v -0.961985 0.099794 -0.080000
v -0.962849 0.098605 -0.089271
v -0.965354 0.095157 -0.097634
v -0.969257 0.089786 -0.104271
v -0.974174 0.083018 -0.108532
v -0.979625 0.075516 -0.110000
v -0.985833 0.080273 0.110000
v -0.980022 0.087499 0.108532
v -0.974779 0.094018 0.104271
v -0.970619 0.099191 0.097634
v -0.967947 0.102513 0.089271
v -0.967027 0.103657 0.080000
v -0.967027 0.103657 -0.080000
v -0.967947 0.102513 -0.089271
v -0.970619 0.099191 -0.097634
v -0.974779 0.094018 -0.104271
v -0.980022 0.087499 -0.108532
v -0.985833 0.080273 -0.110000
v -0.991958 0.085440 0.110000
v -0.985828 0.092397 0.108532
v -0.980298 0.098673 0.104271
v -0.975909 0.103654 0.097634
v -0.973091 0.106852 0.089271
v -0.972120 0.107954 0.080000
v -0.972120 0.107954 -0.080000
v -0.973091 0.106852 -0.089271
v -0.975909 0.103654 -0.097634
v -0.980298 0.098673 -0.104271
v -0.985828 0.092397 -0.108532
v -0.991958 0.085440 -0.110000
v -0.998000 0.091000 0.110000
v -0.988730 0.095067 0.108532
v -0.980366 0.098737 0.104271
v -0.973729 0.101649 0.097634
v -0.969468 0.103518 0.089271
v -0.968000 0.104163 0.080000
v -0.968000 0.104163 -0.080000
v -0.969468 0.103518 -0.089271
v -0.973729 0.101649 -0.097634
v -0.980366 0.098737 -0.104271
v -0.988730 0.095067 -0.108532
v -0.998000 0.091000 -0.110000
v -0.998000 0.222000 0.110000
v -0.988730 0.208966 0.108532
v -0.980366 0.197209 0.104271
v -0.973729 0.187877 0.097634
v -0.969468 0.181887 0.089271
v -0.968000 0.179822 0.080000
v -0.968000 0.179822 -0.080000
v -0.969468 0.181887 -0.089271
v -0.973729 0.187877 -0.097634
v -0.980366 0.197209 -0.104271
v -0.988730 0.208966 -0.108532
v -0.998000 0.222000 -0.110000
v -1.315000 0.390000 0.110000
v -1.324271 0.411778 0.108532
v -1.332634 0.431425 0.104270
v -1.339271 0.447016 0.097634
v -1.343532 0.457026 0.089270
v -1.345000 0.460476 0.080000
v -1.345000 0.460476 -0.080000
v -1.343532 0.457026 -0.089271
v -1.339271 0.447016 -0.097634
v -1.332634 0.431425 -0.104271
v -1.324271 0.411778 -0.108532
v -1.315000 0.390000 -0.110000
v -1.326439 0.401001 0.110000
v -1.320153 0.407818 0.108532
v -1.314482 0.413967 0.104270
v -1.309982 0.418847 0.097634
v -1.307092 0.421981 0.089270
v -1.306097 0.423060 0.080000
v -1.306097 0.423060 -0.080000
v -1.307092 0.421981 -0.089271
v -1.309982 0.418847 -0.097634
v -1.314482 0.413967 -0.104271
v -1.320153 0.407818 -0.108532
v -1.326439 0.401001 -0.110000
v -1.337759 0.411009 0.110000
v -1.331780 0.418097 0.108532
v -1.326385 0.424491 0.104270
v -1.322104 0.429565 0.097634
v -1.319356 0.432822 0.089270
v -1.318409 0.433945 0.080000
v -1.318409 0.433945 -0.080000
v -1.319356 0.432822 -0.089271
v -1.322104 0.429565 -0.097634
v -1.326385 0.424491 -0.104271
v -1.331780 0.418097 -0.108532
v -1.337759 0.411009 -0.110000
v -1.348969 0.420031 0.110000
v -1.343340 0.427401 0.108532
v -1.338262 0.434050 0.104270
v -1.334232 0.439326 0.097634
v -1.331645 0.442713 0.089270
v -1.330754 0.443881 0.080000
v -1.330754 0.443881 -0.080000
v -1.331645 0.442713 -0.089271
v -1.334232 0.439326 -0.097634
v -1.338262 0.434050 -0.104271
v -1.343340 0.427401 -0.108532
v -1.348969 0.420031 -0.110000
v -1.360074 0.428074 0.110000
v -1.354846 0.435734 0.108532
v -1.350130 0.442645 0.104270
v -1.346387 0.448129 0.097634
v -1.343984 0.451650 0.089270
v -1.343156 0.452863 0.080000
v -1.343156 0.452863 -0.080000
v -1.343984 0.451650 -0.089271
v -1.346387 0.448129 -0.097634
v -1.350130 0.442645 -0.104271
v -1.354846 0.435734 -0.108532
v -1.360074 0.428074 -0.110000
v -1.371082 0.435145 0.110000
v -1.366310 0.443098 0.108532
v -1.362006 0.450272 0.104270
v -1.358589 0.455966 0.097634
v -1.356396 0.459622 0.089270
v -1.355640 0.460882 0.080000
v -1.355640 0.460882 -0.080000
v -1.356396 0.459622 -0.089271
v -1.358589 0.455966 -0.097634
v -1.362006 0.450272 -0.104271
v -1.366310 0.443098 -0.108532
v -1.371082 0.435145 -0.110000
v -1.382000 0.441250 0.110000
v -1.377744 0.449492 0.108532
v -1.373904 0.456926 0.104270
v -1.370857 0.462827 0.097634
v -1.368901 0.466615 0.089270
v -1.368227 0.467920 0.080000
v -1.368227 0.467920 -0.080000
v -1.368901 0.466615 -0.089271
v -1.370857 0.462827 -0.097634
v -1.373904 0.456926 -0.104271
v -1.377744 0.449492 -0.108532
v -1.382000 0.441250 -0.110000
v -1.392834 0.446397 0.110000
v -1.389157 0.454913 0.108532
v -1.385839 0.462596 0.104270
v -1.383206 0.468693 0.097634
v -1.381515 0.472607 0.089270
v -1.380933 0.473956 0.080000
v -1.380933 0.473956 -0.080000
v -1.381515 0.472607 -0.089271
v -1.383206 0.468693 -0.097634
v -1.385839 0.462596 -0.104271
v -1.389157 0.454913 -0.108532
v -1.392834 0.446397 -0.110000
v -1.403593 0.450593 0.110000
v -1.400555 0.459359 0.108532
v -1.397815 0.467266 0.104270
v -1.395640 0.473542 0.097634
v -1.394244 0.477571 0.089270
v -1.393763 0.478960 0.080000
v -1.393763 0.478960 -0.080000
v -1.394244 0.477571 -0.089271
v -1.395640 0.473542 -0.097634
v -1.397815 0.467266 -0.104271
v -1.400555 0.459359 -0.108532
v -1.403593 0.450593 -0.110000
v -1.414281 0.453844 0.110000
v -1.411942 0.462822 0.108532
v -1.409832 0.470922 0.104270
v -1.408158 0.477350 0.097634
v -1.407083 0.481477 0.089270
v -1.406713 0.482899 0.080000
v -1.406713 0.482899 -0.080000
v -1.407083 0.481477 -0.089271
v -1.408158 0.477350 -0.097634
v -1.409832 0.470922 -0.104271
v -1.411942 0.462822 -0.108532
v -1.414281 0.453844 -0.110000
v -1.424907 0.456157 0.110000
v -1.423317 0.465299 0.108532
v -1.421883 0.473545 0.104270
v -1.420744 0.480090 0.097634
v -1.420013 0.484292 0.089270
v -1.419761 0.485740 0.080000
v -1.419761 0.485740 -0.080000
v -1.420013 0.484292 -0.089271
v -1.420744 0.480090 -0.097634
v -1.421883 0.473545 -0.104271
v -1.423317 0.465299 -0.108532
v -1.424907 0.456157 -0.110000
v -1.435478 0.457541 0.110000
v -1.434673 0.466785 0.108532
v -1.433947 0.475124 0.104270
v -1.433370 0.481742 0.097634
v -1.433000 0.485991 0.089270
v -1.432873 0.487455 0.080000
v -1.432873 0.487455 -0.080000
v -1.433000 0.485991 -0.089271
v -1.433370 0.481742 -0.097634
v -1.433947 0.475124 -0.104271
v -1.434673 0.466785 -0.108532
v -1.435478 0.457541 -0.110000
v -1.446000 0.458000 0.110000
v -1.445990 0.467279 0.108532
v -1.445980 0.475650 0.104270
v -1.445973 0.482293 0.097634
v -1.445968 0.486558 0.089270
v -1.445967 0.488027 0.080000
v -1.445967 0.488027 -0.080000
v -1.445968 0.486558 -0.089271
v -1.445973 0.482293 -0.097634
v -1.445980 0.475650 -0.104271
v -1.445990 0.467279 -0.108532
v -1.446000 0.458000 -0.110000
v -1.460038 0.457418 0.110000
v -1.460819 0.466665 0.108532
v -1.461523 0.475006 0.104270
v -1.462082 0.481625 0.097634
v -1.462441 0.485875 0.089270
v -1.462565 0.487339 0.080000
v -1.462565 0.487339 -0.080000
v -1.462441 0.485875 -0.089271
v -1.462082 0.481625 -0.097634
v -1.461523 0.475006 -0.104271
v -1.460819 0.466665 -0.108532
v -1.460038 0.457418 -0.110000
v -1.473634 0.455681 0.110000
v -1.475219 0.464824 0.108532
v -1.476649 0.473072 0.104270
v -1.477784 0.479618 0.097634
v -1.478513 0.483821 0.089270
v -1.478764 0.485269 0.080000
v -1.478764 0.485269 -0.080000
v -1.478513 0.483821 -0.089271
v -1.477784 0.479618 -0.097634
v -1.476649 0.473072 -0.104271
v -1.475219 0.464824 -0.108532
v -1.473634 0.455681 -0.110000
v -1.486766 0.452797 0.110000
v -1.489169 0.461760 0.108532
v -1.491338 0.469847 0.104270
v -1.493059 0.476264 0.097634
v -1.494163 0.480384 0.089270
v -1.494544 0.481804 0.080000
v -1.494544 0.481804 -0.080000
v -1.494163 0.480384 -0.089271
v -1.493059 0.476264 -0.097634
v -1.491338 0.469847 -0.104271
v -1.489169 0.461760 -0.108532
v -1.486766 0.452797 -0.110000
v -1.499408 0.448778 0.110000
v -1.502629 0.457481 0.108532
v -1.505535 0.465333 0.104270
v -1.507841 0.471564 0.097634
v -1.509322 0.475565 0.089270
v -1.509832 0.476943 0.080000
v -1.509832 0.476943 -0.080000
v -1.509322 0.475565 -0.089271
v -1.507841 0.471564 -0.097634
v -1.505535 0.465333 -0.104271
v -1.502629 0.457481 -0.108532
v -1.499408 0.448778 -0.110000
v -1.511535 0.443634 0.110000
v -1.515557 0.451998 0.108532
v -1.519184 0.459543 0.104270
v -1.522063 0.465532 0.097634
v -1.523912 0.469376 0.089270
v -1.524549 0.470701 0.080000
v -1.524549 0.470701 -0.080000
v -1.523912 0.469376 -0.089271
v -1.522063 0.465532 -0.097634
v -1.519184 0.459543 -0.104271
v -1.515557 0.451998 -0.108532
v -1.511535 0.443634 -0.110000
v -1.523125 0.437375 0.110000
v -1.527912 0.445326 0.108532
v -1.532230 0.452498 0.104270
v -1.535657 0.458191 0.097634
v -1.537858 0.461845 0.089270
v -1.538616 0.463105 0.080000
v -1.538616 0.463105 -0.080000
v -1.537858 0.461845 -0.089271
v -1.535657 0.458191 -0.097634
v -1.532230 0.452498 -0.104271
v -1.527912 0.445326 -0.108532
v -1.523125 0.437375 -0.110000
v -1.534152 0.430012 0.110000
v -1.539655 0.437485 0.108532
v -1.544620 0.444226 0.104270
v -1.548560 0.449576 0.097634
v -1.551089 0.453011 0.089270
v -1.551961 0.454194 0.080000
v -1.551961 0.454194 -0.080000
v -1.551089 0.453011 -0.089271
v -1.548560 0.449576 -0.097634
v -1.544620 0.444226 -0.104271
v -1.539655 0.437485 -0.108532
v -1.534152 0.430012 -0.110000
v -1.544593 0.421556 0.110000
v -1.550751 0.428498 0.108532
v -1.556306 0.434760 0.104270
v -1.560715 0.439730 0.097634
v -1.563546 0.442921 0.089270
v -1.564521 0.444021 0.080000
v -1.564521 0.444021 -0.080000
v -1.563546 0.442921 -0.089271
v -1.560715 0.439730 -0.097634
v -1.556306 0.434760 -0.104271
v -1.550751 0.428498 -0.108532
v -1.544593 0.421556 -0.110000
v -1.554422 0.412016 0.110000
v -1.561166 0.418389 0.108532
v -1.567250 0.424138 0.104270
v -1.572079 0.428701 0.097634
v -1.575179 0.431630 0.089270
v -1.576247 0.432640 0.080000
v -1.576247 0.432640 -0.080000
v -1.575179 0.431630 -0.089271
v -1.572079 0.428701 -0.097634
v -1.567250 0.424138 -0.104271
v -1.561166 0.418389 -0.108532
v -1.554422 0.412016 -0.110000
v -1.563616 0.401403 0.110000
v -1.570874 0.407183 0.108532
v -1.577421 0.412397 0.104270
v -1.582617 0.416536 0.097634
v -1.585954 0.419193 0.089270
v -1.587103 0.420108 0.080000
v -1.587103 0.420108 -0.080000
v -1.585954 0.419193 -0.089271
v -1.582617 0.416536 -0.097634
v -1.577421 0.412397 -0.104271
v -1.570874 0.407183 -0.108532
v -1.563616 0.401403 -0.110000
v -1.572150 0.389727 0.110000
v -1.579849 0.394904 0.108532
v -1.586795 0.399574 0.104270
v -1.592307 0.403280 0.097634
v -1.595846 0.405659 0.089270
v -1.597065 0.406479 0.080000
v -1.597065 0.406479 -0.080000
v -1.595846 0.405659 -0.089271
v -1.592307 0.403280 -0.097634
v -1.586795 0.399574 -0.104271
v -1.579849 0.394904 -0.108532
v -1.572150 0.389727 -0.110000
v -1.580000 0.377000 0.110000
v -1.581449 0.392311 0.108532
v -1.582756 0.406122 0.104270
v -1.583793 0.417084 0.097634
v -1.584459 0.424121 0.089270
v -1.584688 0.426546 0.080000
v -1.584688 0.426546 -0.080000
v -1.584459 0.424121 -0.089271
v -1.583793 0.417084 -0.097634
v -1.582756 0.406122 -0.104271
v -1.581449 0.392311 -0.108532
v -1.580000 0.377000 -0.110000
v -1.589922 0.387837 0.110000
v -1.583199 0.394222 0.108532
v -1.577134 0.399982 0.104270
v -1.572321 0.404554 0.097634
v -1.569231 0.407489 0.089270
v -1.568166 0.408500 0.080000
v -1.568166 0.408500 -0.080000
v -1.569231 0.407489 -0.089271
v -1.572321 0.404554 -0.097634
v -1.577134 0.399982 -0.104271
v -1.583199 0.394222 -0.108532
v -1.589922 0.387837 -0.110000
v -1.600208 0.398278 0.110000
v -1.593746 0.404927 0.108532
v -1.587916 0.410926 0.104270
v -1.583289 0.415686 0.097634
v -1.580318 0.418743 0.089270
v -1.579294 0.419796 0.080000
v -1.579294 0.419796 -0.080000
v -1.580318 0.418743 -0.089271
v -1.583289 0.415686 -0.097634
v -1.587916 0.410926 -0.104271
v -1.593746 0.404927 -0.108532
v -1.600208 0.398278 -0.110000
v -1.610891 0.408219 0.110000
v -1.604747 0.415165 0.108532
v -1.599204 0.421431 0.104270
v -1.594806 0.426404 0.097634
v -1.591982 0.429597 0.089270
v -1.591008 0.430697 0.080000
v -1.591008 0.430697 -0.080000
v -1.591982 0.429597 -0.089271
v -1.594806 0.426404 -0.097634
v -1.599204 0.421431 -0.104271
v -1.604747 0.415165 -0.108532
v -1.610891 0.408219 -0.110000
v -1.622000 0.417556 0.110000
v -1.616242 0.424826 0.108532
v -1.611047 0.431384 0.104270
v -1.606924 0.436589 0.097634
v -1.604277 0.439931 0.089270
v -1.603365 0.441082 0.080000
v -1.603365 0.441082 -0.080000
v -1.604277 0.439931 -0.089271
v -1.606924 0.436589 -0.097634
v -1.611047 0.431384 -0.104271
v -1.616242 0.424826 -0.108532
v -1.622000 0.417556 -0.110000
v -1.633568 0.426184 0.110000
v -1.628269 0.433797 0.108532
v -1.623489 0.440665 0.104270
v -1.619696 0.446116 0.097634
v -1.617261 0.449615 0.089270
v -1.616422 0.450821 0.080000
v -1.616422 0.450821 -0.080000
v -1.617261 0.449615 -0.089271
v -1.619696 0.446116 -0.097634
v -1.623489 0.440665 -0.104271
v -1.628269 0.433797 -0.108532
v -1.633568 0.426184 -0.110000
v -1.645625 0.434000 0.110000
v -1.640868 0.441964 0.108532
v -1.636577 0.449149 0.104270
v -1.633171 0.454851 0.097634
v -1.630985 0.458512 0.089270
v -1.630231 0.459773 0.080000
v -1.630231 0.459773 -0.080000
v -1.630985 0.458512 -0.089271
v -1.633171 0.454851 -0.097634
v -1.636577 0.449149 -0.104271
v -1.640868 0.441964 -0.108532
v -1.645625 0.434000 -0.110000
v -1.658203 0.440899 0.110000
v -1.654073 0.449208 0.108532
v -1.650348 0.456702 0.104270
v -1.647391 0.462650 0.097634
v -1.645492 0.466469 0.089270
v -1.644838 0.467785 0.080000
v -1.644838 0.467785 -0.080000
v -1.645492 0.466469 -0.089271
v -1.647391 0.462650 -0.097634
v -1.650348 0.456702 -0.104271
v -1.654073 0.449208 -0.108532
v -1.658203 0.440899 -0.110000
v -1.671333 0.446778 0.110000
v -1.667915 0.455404 0.108532
v -1.664831 0.463187 0.104270
v -1.662383 0.469363 0.097634
v -1.660812 0.473328 0.089270
v -1.660270 0.474694 0.080000
v -1.660270 0.474694 -0.080000
v -1.660812 0.473328 -0.089271
v -1.662383 0.469363 -0.097634
v -1.664831 0.463187 -0.104271
v -1.667915 0.455404 -0.108532
v -1.671333 0.446778 -0.110000
v -1.685047 0.451531 0.110000
v -1.682416 0.460431 0.108532
v -1.680043 0.468460 0.104270
v -1.678159 0.474831 0.097634
v -1.676950 0.478922 0.089270
v -1.676533 0.480331 0.080000
v -1.676533 0.480331 -0.080000
v -1.676950 0.478922 -0.089271
v -1.678159 0.474831 -0.097634
v -1.680043 0.468460 -0.104271
v -1.682416 0.460431 -0.108532
v -1.685047 0.451531 -0.110000
v -1.699375 0.455056 0.110000
v -1.697593 0.464164 0.108532
v -1.695985 0.472381 0.104270
v -1.694709 0.478902 0.097634
v -1.693890 0.483088 0.089270
v -1.693607 0.484531 0.080000
v -1.693607 0.484531 -0.080000
v -1.693890 0.483088 -0.089271
v -1.694709 0.478902 -0.097634
v -1.695985 0.472381 -0.104271
v -1.697593 0.464164 -0.108532
v -1.699375 0.455056 -0.110000
v -1.714349 0.457247 0.110000
v -1.713453 0.466485 0.108532
v -1.712645 0.474818 0.104270
v -1.712003 0.481432 0.097634
v -1.711591 0.485679 0.089270
v -1.711449 0.487142 0.080000
v -1.711449 0.487142 -0.080000
v -1.711591 0.485679 -0.089271
v -1.712003 0.481432 -0.097634
v -1.712645 0.474818 -0.104271
v -1.713453 0.466485 -0.108532
v -1.714349 0.457247 -0.110000
v -1.730000 0.458000 0.110000
v -1.730079 0.467285 0.108532
v -1.730151 0.475661 0.104270
v -1.730207 0.482309 0.097634
v -1.730244 0.486576 0.089270
v -1.730256 0.488047 0.080000
v -1.730256 0.488047 -0.080000
v -1.730244 0.486576 -0.089271
v -1.730207 0.482309 -0.097634
v -1.730151 0.475661 -0.104271
v -1.730079 0.467285 -0.108532
v -1.730000 0.458000 -0.110000
v -1.752048 0.456561 0.110000
v -1.753290 0.465771 0.108532
v -1.754411 0.474078 0.104270
v -1.755300 0.480671 0.097634
v -1.755871 0.484904 0.089270
v -1.756068 0.486363 0.080000
v -1.756068 0.486363 -0.080000
v -1.755871 0.484904 -0.089271
v -1.755300 0.480671 -0.097634
v -1.754411 0.474078 -0.104271
v -1.753290 0.465771 -0.108532
v -1.752048 0.456561 -0.110000
v -1.772634 0.452324 0.110000
v -1.775165 0.461268 0.108532
v -1.777449 0.469336 0.104270
v -1.779261 0.475740 0.097634
v -1.780424 0.479851 0.089270
v -1.780825 0.481267 0.080000
v -1.780825 0.481267 -0.080000
v -1.780424 0.479851 -0.089271
v -1.779261 0.475740 -0.097634
v -1.777449 0.469336 -0.104271
v -1.775165 0.461268 -0.108532
v -1.772634 0.452324 -0.110000
v -1.791672 0.445406 0.110000
v -1.795494 0.453881 0.108532
v -1.798942 0.461526 0.104270
v -1.801678 0.467593 0.097634
v -1.803435 0.471489 0.089270
v -1.804041 0.472831 0.080000
v -1.804041 0.472831 -0.080000
v -1.803435 0.471489 -0.089271
v -1.801678 0.467593 -0.097634
v -1.798942 0.461526 -0.104271
v -1.795494 0.453881 -0.108532
v -1.791672 0.445406 -0.110000
v -1.809074 0.435926 0.110000
v -1.814126 0.443731 0.108532
v -1.818684 0.450771 0.104270
v -1.822301 0.456359 0.097634
v -1.824623 0.459946 0.089270
v -1.825424 0.461182 0.080000
v -1.825424 0.461182 -0.080000
v -1.824623 0.459946 -0.089271
v -1.822301 0.456359 -0.097634
v -1.818684 0.450771 -0.104271
v -1.814126 0.443731 -0.108532
v -1.809074 0.435926 -0.110000
v -1.824754 0.424001 0.110000
v -1.830916 0.430962 0.108532
v -1.836474 0.437242 0.104270
v -1.840885 0.442225 0.097634
v -1.843717 0.445425 0.089270
v -1.844693 0.446527 0.080000
v -1.844693 0.446527 -0.080000
v -1.843717 0.445425 -0.089271
v -1.840885 0.442225 -0.097634
v -1.836474 0.437242 -0.104271
v -1.830916 0.430962 -0.108532
v -1.824754 0.424001 -0.110000
v -1.838625 0.409750 0.110000
v -1.845731 0.415741 0.108532
v -1.852142 0.421145 0.104270
v -1.857229 0.425433 0.097634
v -1.860495 0.428187 0.089270
v -1.861621 0.429136 0.080000
v -1.861621 0.429136 -0.080000
v -1.860495 0.428187 -0.089271
v -1.857229 0.425433 -0.097634
v -1.852142 0.421145 -0.104271
v -1.845731 0.415741 -0.108532
v -1.838625 0.409750 -0.110000
v -1.850600 0.393291 0.110000
v -1.858465 0.398238 0.108532
v -1.865560 0.402702 0.104270
v -1.871190 0.406244 0.097634
v -1.874805 0.408518 0.089270
v -1.876051 0.409302 0.080000
v -1.876051 0.409302 -0.080000
v -1.874805 0.408518 -0.089271
v -1.871190 0.406244 -0.097634
v -1.865560 0.402702 -0.104271
v -1.858465 0.398238 -0.108532
v -1.850600 0.393291 -0.110000
v -1.860593 0.374741 0.110000
v -1.869031 0.378624 0.108532
v -1.876643 0.382127 0.104270
v -1.882684 0.384907 0.097634
v -1.886563 0.386692 0.089270
v -1.887900 0.387307 0.080000
v -1.887900 0.387307 -0.080000
v -1.886563 0.386692 -0.089271
v -1.882684 0.384907 -0.097634
v -1.876643 0.382127 -0.104271
v -1.869031 0.378624 -0.108532
v -1.860593 0.374741 -0.110000
v -1.868516 0.354219 0.110000
v -1.877358 0.357055 0.108532
v -1.885335 0.359613 0.104270
v -1.891666 0.361643 0.097634
v -1.895730 0.362946 0.089270
v -1.897131 0.363396 0.080000
v -1.897131 0.363396 -0.080000
v -1.895730 0.362946 -0.089271
v -1.891666 0.361643 -0.097634
v -1.885335 0.359613 -0.104271
v -1.877358 0.357055 -0.108532
v -1.868516 0.354219 -0.110000
v -1.874282 0.331843 0.110000
v -1.883384 0.333675 0.108532
v -1.891594 0.335328 0.104270
v -1.898110 0.336640 0.097634
v -1.902293 0.337482 0.089270
v -1.903735 0.337772 0.080000
v -1.903735 0.337772 -0.080000
v -1.902293 0.337482 -0.089271
v -1.898110 0.336640 -0.097634
v -1.891594 0.335328 -0.104271
v -1.883384 0.333675 -0.108532
v -1.874282 0.331843 -0.110000
v -1.877806 0.307730 0.110000
v -1.887046 0.308618 0.108532
v -1.895380 0.309418 0.104270
v -1.901995 0.310053 0.097634
v -1.906242 0.310461 0.089270
v -1.907705 0.310602 0.080000
v -1.907705 0.310602 -0.080000
v -1.906242 0.310461 -0.089271
v -1.901995 0.310053 -0.097634
v -1.895380 0.309418 -0.104271
v -1.887046 0.308618 -0.108532
v -1.877806 0.307730 -0.110000
v -1.879000 0.282000 0.110000
v -1.888271 0.282215 0.108532
v -1.896634 0.282409 0.104270
v -1.903271 0.282563 0.097634
v -1.907532 0.282662 0.089270
v -1.909000 0.282696 0.080000
v -1.909000 0.282696 -0.080000
v -1.907532 0.282662 -0.089271
v -1.903271 0.282563 -0.097634
v -1.896634 0.282409 -0.104271
v -1.888271 0.282215 -0.108532
v -1.879000 0.282000 -0.110000
v -1.879000 0.000000 0.110000
v -1.888271 -0.009271 0.108532
v -1.896634 -0.017634 0.104271
v -1.903271 -0.024271 0.097634
v -1.907532 -0.028532 0.089271
v -1.909000 -0.030000 0.080000
v -1.909000 -0.030000 -0.080000
v -1.907532 -0.028532 -0.089271
v -1.903271 -0.024271 -0.097634
v -1.896634 -0.017634 -0.104271
v -1.888271 -0.009271 -0.108532
v -1.879000 -0.000000 -0.110000
v -1.790000 0.000000 0.110000
v -1.780730 -0.009271 0.108532
v -1.772367 -0.017634 0.104271
v -1.765730 -0.024271 0.097634
v -1.761468 -0.028532 0.089271
v -1.760000 -0.030000 0.080000
v -1.760000 -0.030000 -0.080000
v -1.761468 -0.028532 -0.089271
v -1.765730 -0.024271 -0.097634
v -1.772367 -0.017634 -0.104271
v -1.780730 -0.009271 -0.108532
v -1.790000 -0.000000 -0.110000
v -1.790000 0.278000 0.110000
v -1.780730 0.277758 0.108532
v -1.772367 0.277539 0.104270
v -1.765730 0.277365 0.097634
v -1.761468 0.277254 0.089270
v -1.760000 0.277215 0.080000
v -1.760000 0.277215 -0.080000
v -1.761468 0.277254 -0.089271
v -1.765730 0.277365 -0.097634
v -1.772367 0.277539 -0.104271
v -1.780730 0.277758 -0.108532
v -1.790000 0.278000 -0.110000
v -1.789144 0.294351 0.110000
v -1.779913 0.293348 0.108532
v -1.771586 0.292443 0.104270
v -1.764978 0.291725 0.097634
v -1.760735 0.291264 0.089270
v -1.759273 0.291105 0.080000
v -1.759273 0.291105 -0.080000
v -1.760735 0.291264 -0.089271
v -1.764978 0.291725 -0.097634
v -1.771586 0.292443 -0.104271
v -1.779913 0.293348 -0.108532
v -1.789144 0.294351 -0.110000
v -1.786653 0.309389 0.110000
v -1.777599 0.307321 0.108532
v -1.769430 0.305456 0.104270
v -1.762948 0.303976 0.097634
v -1.758786 0.303026 0.089270
v -1.757352 0.302699 0.080000
v -1.757352 0.302699 -0.080000
v -1.758786 0.303026 -0.089271
v -1.762948 0.303976 -0.097634
v -1.769430 0.305456 -0.104271
v -1.777599 0.307321 -0.108532
v -1.786653 0.309389 -0.110000
v -1.782641 0.323094 0.110000
v -1.773911 0.319916 0.108532
v -1.766037 0.317050 0.104270
v -1.759787 0.314775 0.097634
v -1.755775 0.313314 0.089270
v -1.754392 0.312811 0.080000
v -1.754392 0.312811 -0.080000
v -1.755775 0.313314 -0.089271
v -1.759787 0.314775 -0.097634
v -1.766037 0.317050 -0.104271
v -1.773911 0.319916 -0.108532
v -1.782641 0.323094 -0.110000
v -1.777222 0.335444 0.110000
v -1.768985 0.331145 0.108532
v -1.761554 0.327266 0.104270
v -1.755657 0.324188 0.097634
v -1.751871 0.322212 0.089270
v -1.750566 0.321531 0.080000
v -1.750566 0.321531 -0.080000
v -1.751871 0.322212 -0.089271
v -1.755657 0.324188 -0.097634
v -1.761554 0.327266 -0.104271
v -1.768985 0.331145 -0.108532
v -1.777222 0.335444 -0.110000
v -1.770512 0.346420 0.110000
v -1.762942 0.341030 0.108532
v -1.756113 0.336167 0.104270
v -1.750693 0.332308 0.097634
v -1.747213 0.329830 0.089270
v -1.746014 0.328977 0.080000
v -1.746014 0.328977 -0.080000
v -1.747213 0.329830 -0.089271
v -1.750693 0.332308 -0.097634
v -1.756113 0.336167 -0.104271
v -1.762942 0.341030 -0.108532
v -1.770512 0.346420 -0.110000
v -1.762625 0.356000 0.110000
v -1.755889 0.349597 0.108532
v -1.749812 0.343820 0.104270
v -1.744989 0.339236 0.097634
v -1.741893 0.336293 0.089270
v -1.740826 0.335279 0.080000
v -1.740826 0.335279 -0.080000
v -1.741893 0.336293 -0.089271
v -1.744989 0.339236 -0.097634
v -1.749812 0.343820 -0.104271
v -1.755889 0.349597 -0.108532
v -1.762625 0.356000 -0.110000
v -1.753675 0.364163 0.110000
v -1.747917 0.356868 0.108532
v -1.742723 0.350286 0.104270
v -1.738600 0.345063 0.097634
v -1.735954 0.341710 0.089270
v -1.735042 0.340554 0.080000
v -1.735042 0.340554 -0.080000
v -1.735954 0.341710 -0.089271
v -1.738600 0.345063 -0.097634
v -1.742723 0.350286 -0.104271
v -1.747917 0.356868 -0.108532
v -1.753675 0.364163 -0.110000
v -1.743778 0.370889 0.110000
v -1.739107 0.362854 0.108532
v -1.734894 0.355606 0.104270
v -1.731550 0.349854 0.097634
v -1.729403 0.346161 0.089270
v -1.728663 0.344889 0.080000
v -1.728663 0.344889 -0.080000
v -1.729403 0.346161 -0.089271
v -1.731550 0.349854 -0.097634
v -1.734894 0.355606 -0.104271
v -1.739107 0.362854 -0.108532
v -1.743778 0.370889 -0.110000
v -1.733047 0.376156 0.110000
v -1.729532 0.367554 0.108532
v -1.726361 0.359795 0.104270
v -1.723845 0.353636 0.097634
v -1.722229 0.349683 0.089270
v -1.721673 0.348320 0.080000
v -1.721673 0.348320 -0.080000
v -1.722229 0.349683 -0.089271
v -1.723845 0.353636 -0.097634
v -1.726361 0.359795 -0.104271
v -1.729532 0.367554 -0.108532
v -1.733047 0.376156 -0.110000
v -1.721597 0.379944 0.110000
v -1.719267 0.370951 0.108532
v -1.717164 0.362838 0.104270
v -1.715496 0.356399 0.097634
v -1.714424 0.352265 0.089270
v -1.714055 0.350840 0.080000
v -1.714055 0.350840 -0.080000
v -1.714424 0.352265 -0.089271
v -1.715496 0.356399 -0.097634
v -1.717164 0.362838 -0.104271
v -1.719267 0.370951 -0.108532
v -1.721597 0.379944 -0.110000
v -1.709543 0.382233 0.110000
v -1.708391 0.373015 0.108532
v -1.707352 0.364700 0.104270
v -1.706527 0.358101 0.097634
v -1.705998 0.353865 0.089270
v -1.705815 0.352405 0.080000
v -1.705815 0.352405 -0.080000
v -1.705998 0.353865 -0.089271
v -1.706527 0.358101 -0.097634
v -1.707352 0.364700 -0.104271
v -1.708391 0.373015 -0.108532
v -1.709543 0.382233 -0.110000
v -1.697000 0.383000 0.110000
v -1.696892 0.373719 0.108532
v -1.696794 0.365346 0.104270
v -1.696716 0.358701 0.097634
v -1.696666 0.354435 0.089270
v -1.696649 0.352965 0.080000
v -1.696649 0.352965 -0.080000
v -1.696666 0.354435 -0.089271
v -1.696716 0.358701 -0.097634
v -1.696794 0.365346 -0.104271
v -1.696892 0.373719 -0.108532
v -1.697000 0.383000 -0.110000
v -1.689551 0.382719 0.110000
v -1.690493 0.373477 0.108532
v -1.691342 0.365140 0.104270
v -1.692016 0.358524 0.097634
v -1.692449 0.354276 0.089270
v -1.692598 0.352812 0.080000
v -1.692598 0.352812 -0.080000
v -1.692449 0.354276 -0.089271
v -1.692016 0.358524 -0.097634
v -1.691342 0.365140 -0.104271
v -1.690493 0.373477 -0.108532
v -1.689551 0.382719 -0.110000
v -1.681745 0.381417 0.110000
v -1.683759 0.372354 0.108532
v -1.685576 0.364178 0.104270
v -1.687017 0.357690 0.097634
v -1.687943 0.353525 0.089270
v -1.688262 0.352089 0.080000
v -1.688262 0.352089 -0.080000
v -1.687943 0.353525 -0.089271
v -1.687017 0.357690 -0.097634
v -1.685576 0.364178 -0.104271
v -1.683759 0.372354 -0.108532
v -1.681745 0.381417 -0.110000
v -1.673641 0.379156 0.110000
v -1.676532 0.370338 0.108532
v -1.679140 0.362383 0.104270
v -1.681209 0.356070 0.097634
v -1.682538 0.352017 0.089270
v -1.682996 0.350621 0.080000
v -1.682996 0.350621 -0.080000
v -1.682538 0.352017 -0.089271
v -1.681209 0.356070 -0.097634
v -1.679140 0.362383 -0.104271
v -1.676532 0.370338 -0.108532
v -1.673641 0.379156 -0.110000
v -1.665296 0.376000 0.110000
v -1.668906 0.367454 0.108532
v -1.672163 0.359744 0.104270
v -1.674747 0.353626 0.097634
v -1.676407 0.349698 0.089270
v -1.676978 0.348344 0.080000
v -1.676978 0.348344 -0.080000
v -1.676407 0.349698 -0.089271
v -1.674747 0.353626 -0.097634
v -1.672163 0.359744 -0.104271
v -1.668906 0.367454 -0.108532
v -1.665296 0.376000 -0.110000
v -1.656772 0.372010 0.110000
v -1.660976 0.363743 0.108532
v -1.664770 0.356284 0.104270
v -1.667780 0.350365 0.097634
v -1.669713 0.346565 0.089270
v -1.670379 0.345256 0.080000
v -1.670379 0.345256 -0.080000
v -1.669713 0.346565 -0.089271
v -1.667780 0.350365 -0.097634
v -1.664770 0.356284 -0.104271
v -1.660976 0.363743 -0.108532
v -1.656772 0.372010 -0.110000
v -1.648125 0.367250 0.110000
v -1.652830 0.359257 0.108532
v -1.657074 0.352047 0.104270
v -1.660442 0.346325 0.097634
v -1.662604 0.342651 0.089270
v -1.663349 0.341385 0.080000
v -1.663349 0.341385 -0.080000
v -1.662604 0.342651 -0.089271
v -1.660442 0.346325 -0.097634
v -1.657074 0.352047 -0.104271
v -1.652830 0.359257 -0.108532
v -1.648125 0.367250 -0.110000
v -1.639416 0.361781 0.110000
v -1.644547 0.354057 0.108532
v -1.649176 0.347088 0.104270
v -1.652850 0.341558 0.097634
v -1.655208 0.338007 0.089270
v -1.656021 0.336784 0.080000
v -1.656021 0.336784 -0.080000
v -1.655208 0.338007 -0.089271
v -1.652850 0.341558 -0.097634
v -1.649176 0.347088 -0.104271
v -1.644547 0.354057 -0.108532
v -1.639416 0.361781 -0.110000
v -1.630704 0.355667 0.110000
v -1.636206 0.348202 0.108532
v -1.641170 0.341469 0.104270
v -1.645109 0.336125 0.097634
v -1.647638 0.332694 0.089270
v -1.648509 0.331512 0.080000
v -1.648509 0.331512 -0.080000
v -1.647638 0.332694 -0.089271
v -1.645109 0.336125 -0.097634
v -1.641170 0.341469 -0.104271
v -1.636206 0.348202 -0.108532
v -1.630704 0.355667 -0.110000
v -1.622047 0.348969 0.110000
v -1.627878 0.341759 0.108532
v -1.633138 0.335255 0.104270
v -1.637313 0.330093 0.097634
v -1.639993 0.326779 0.089270
v -1.640917 0.325637 0.080000
v -1.640917 0.325637 -0.080000
v -1.639993 0.326779 -0.089271
v -1.637313 0.330093 -0.097634
v -1.633138 0.335255 -0.104271
v -1.627878 0.341759 -0.108532
v -1.622047 0.348969 -0.110000
v -1.613505 0.341750 0.110000
v -1.619633 0.334791 0.108532
v -1.625161 0.328513 0.104270
v -1.629548 0.323531 0.097634
v -1.632364 0.320332 0.089270
v -1.633335 0.319230 0.080000
v -1.633335 0.319230 -0.080000
v -1.632364 0.320332 -0.089271
v -1.629548 0.323531 -0.097634
v -1.625161 0.328513 -0.104271
v -1.619633 0.334791 -0.108532
v -1.613505 0.341750 -0.110000
v -1.605136 0.334073 0.110000
v -1.611537 0.327364 0.108532
v -1.617311 0.321312 0.104270
v -1.621894 0.316509 0.097634
v -1.624836 0.313426 0.089270
v -1.625849 0.312363 0.080000
v -1.625849 0.312363 -0.080000
v -1.624836 0.313426 -0.089271
v -1.621894 0.316509 -0.097634
v -1.617311 0.321312 -0.104271
v -1.611537 0.327364 -0.108532
v -1.605136 0.334073 -0.110000
v -1.597000 0.326000 0.110000
v -1.606271 0.322139 0.108532
v -1.614634 0.318656 0.104270
v -1.621271 0.315891 0.097634
v -1.625532 0.314117 0.089270
v -1.627000 0.313505 0.080000
v -1.627000 0.313505 -0.080000
v -1.625532 0.314117 -0.089271
v -1.621271 0.315891 -0.097634
v -1.614634 0.318656 -0.104271
v -1.606271 0.322139 -0.108532
v -1.597000 0.326000 -0.110000
v -1.597000 0.000000 0.110000
v -1.606271 -0.009271 0.108532
v -1.614634 -0.017634 0.104271
v -1.621271 -0.024271 0.097634
v -1.625532 -0.028532 0.089271
v -1.627000 -0.030000 0.080000
v -1.627000 -0.030000 -0.080000
v -1.625532 -0.028532 -0.089271
v -1.621271 -0.024271 -0.097634
v -1.614634 -0.017634 -0.104271
v -1.606271 -0.009271 -0.108532
v -1.597000 -0.000000 -0.110000
v -1.508000 0.000000 0.110000
v -1.498730 -0.009271 0.108532
v -1.490367 -0.017634 0.104271
v -1.483730 -0.024271 0.097634
v -1.479468 -0.028532 0.089271
v -1.478000 -0.030000 0.080000
v -1.478000 -0.030000 -0.080000
v -1.479468 -0.028532 -0.089271
v -1.483730 -0.024271 -0.097634
v -1.490367 -0.017634 -0.104271
v -1.498730 -0.009271 -0.108532
v -1.508000 -0.000000 -0.110000
v -1.508000 0.279000 0.110000
v -1.498730 0.278799 0.108532
v -1.490367 0.278618 0.104270
v -1.483730 0.278474 0.097634
v -1.479468 0.278382 0.089270
v -1.478000 0.278350 0.080000
v -1.478000 0.278350 -0.080000
v -1.479468 0.278382 -0.089271
v -1.483730 0.278474 -0.097634
v -1.490367 0.278618 -0.104271
v -1.498730 0.278799 -0.108532
v -1.508000 0.279000 -0.110000
v -1.507247 0.296381 0.110000
v -1.498004 0.295537 0.108532
v -1.489666 0.294775 0.104270
v -1.483049 0.294170 0.097634
v -1.478801 0.293782 0.089270
v -1.477337 0.293648 0.080000
v -1.477337 0.293648 -0.080000
v -1.478801 0.293782 -0.089271
v -1.483049 0.294170 -0.097634
v -1.489666 0.294775 -0.104271
v -1.498004 0.295537 -0.108532
v -1.507247 0.296381 -0.110000
v -1.505056 0.312051 0.110000
v -1.495944 0.310272 0.108532
v -1.487724 0.308667 0.104270
v -1.481200 0.307394 0.097634
v -1.477012 0.306576 0.089270
v -1.475569 0.306294 0.080000
v -1.475569 0.306294 -0.080000
v -1.477012 0.306576 -0.089271
v -1.481200 0.307394 -0.097634
v -1.487724 0.308667 -0.104271
v -1.495944 0.310272 -0.108532
v -1.505056 0.312051 -0.110000
v -1.501531 0.326047 0.110000
v -1.492678 0.323241 0.108532
v -1.484691 0.320710 0.104270
v -1.478353 0.318701 0.097634
v -1.474283 0.317411 0.089270
v -1.472881 0.316967 0.080000
v -1.472881 0.316967 -0.080000
v -1.474283 0.317411 -0.089271
v -1.478353 0.318701 -0.097634
v -1.484691 0.320710 -0.104271
v -1.492678 0.323241 -0.108532
v -1.501531 0.326047 -0.110000
v -1.496778 0.338407 0.110000
v -1.488346 0.334505 0.108532
v -1.480740 0.330984 0.104270
v -1.474704 0.328190 0.097634
v -1.470828 0.326396 0.089270
v -1.469493 0.325778 0.080000
v -1.469493 0.325778 -0.080000
v -1.470828 0.326396 -0.089271
v -1.474704 0.328190 -0.097634
v -1.480740 0.330984 -0.104271
v -1.488346 0.334505 -0.108532
v -1.496778 0.338407 -0.110000
v -1.490899 0.349171 0.110000
v -1.483082 0.344143 0.108532
v -1.476030 0.339607 0.104270
v -1.470434 0.336008 0.097634
v -1.466841 0.333697 0.089270
v -1.465603 0.332901 0.080000
v -1.465603 0.332901 -0.080000
v -1.466841 0.333697 -0.089271
v -1.470434 0.336008 -0.097634
v -1.476030 0.339607 -0.104271
v -1.483082 0.344143 -0.108532
v -1.490899 0.349171 -0.110000
v -1.484000 0.358375 0.110000
v -1.477002 0.352255 0.108532
v -1.470689 0.346733 0.104270
v -1.465679 0.342352 0.097634
v -1.462462 0.339538 0.089270
v -1.461354 0.338569 0.080000
v -1.461354 0.338569 -0.080000
v -1.462462 0.339538 -0.089271
v -1.465679 0.342352 -0.097634
v -1.470689 0.346733 -0.104271
v -1.477002 0.352255 -0.108532
v -1.484000 0.358375 -0.110000
v -1.476184 0.366058 0.110000
v -1.470194 0.358947 0.108532
v -1.464791 0.352532 0.104270
v -1.460503 0.347440 0.097634
v -1.457749 0.344171 0.089270
v -1.456801 0.343045 0.080000
v -1.456801 0.343045 -0.080000
v -1.457749 0.344171 -0.089271
v -1.460503 0.347440 -0.097634
v -1.464791 0.352532 -0.104271
v -1.470194 0.358947 -0.108532
v -1.476184 0.366058 -0.110000
v -1.467556 0.372259 0.110000
v -1.462719 0.364319 0.108532
v -1.458355 0.357156 0.104270
v -1.454892 0.351472 0.097634
v -1.452669 0.347822 0.089270
v -1.451903 0.346565 0.080000
v -1.451903 0.346565 -0.080000
v -1.452669 0.347822 -0.089271
v -1.454892 0.351472 -0.097634
v -1.458355 0.357156 -0.104271
v -1.462719 0.364319 -0.108532
v -1.467556 0.372259 -0.110000
v -1.458219 0.377016 0.110000
v -1.454615 0.368447 0.108532
v -1.451365 0.360718 0.104270
v -1.448785 0.354583 0.097634
v -1.447128 0.350645 0.089270
v -1.446558 0.349288 0.080000
v -1.446558 0.349288 -0.080000
v -1.447128 0.350645 -0.089271
v -1.448785 0.354583 -0.097634
v -1.451365 0.360718 -0.104271
v -1.454615 0.368447 -0.108532
v -1.458219 0.377016 -0.110000
v -1.448278 0.380366 0.110000
v -1.445922 0.371377 0.108532
v -1.443797 0.363268 0.104270
v -1.442110 0.356833 0.097634
v -1.441027 0.352701 0.089270
v -1.440654 0.351277 0.080000
v -1.440654 0.351277 -0.080000
v -1.441027 0.352701 -0.089271
v -1.442110 0.356833 -0.097634
v -1.443797 0.363268 -0.104271
v -1.445922 0.371377 -0.108532
v -1.448278 0.380366 -0.110000
v -1.437837 0.382348 0.110000
v -1.436689 0.373130 0.108532
v -1.435654 0.364814 0.104270
v -1.434832 0.358214 0.097634
v -1.434305 0.353977 0.089270
v -1.434123 0.352517 0.080000
v -1.434123 0.352517 -0.080000
v -1.434305 0.353977 -0.089271
v -1.434832 0.358214 -0.097634
v -1.435654 0.364814 -0.104271
v -1.436689 0.373130 -0.108532
v -1.437837 0.382348 -0.110000
v -1.427000 0.383000 0.110000
v -1.426848 0.373722 0.108532
v -1.426712 0.365352 0.104270
v -1.426603 0.358709 0.097634
v -1.426533 0.354445 0.089270
v -1.426509 0.352975 0.080000
v -1.426509 0.352975 -0.080000
v -1.426533 0.354445 -0.089271
v -1.426603 0.358709 -0.097634
v -1.426712 0.365352 -0.104271
v -1.426848 0.373722 -0.108532
v -1.427000 0.383000 -0.110000
v -1.416050 0.382700 0.110000
v -1.416593 0.373441 0.108532
v -1.417083 0.365088 0.104270
v -1.417471 0.358459 0.097634
v -1.417721 0.354203 0.089270
v -1.417807 0.352737 0.080000
v -1.417807 0.352737 -0.080000
v -1.417721 0.354203 -0.089271
v -1.417471 0.358459 -0.097634
v -1.417083 0.365088 -0.104271
v -1.416593 0.373441 -0.108532
v -1.416050 0.382700 -0.110000
v -1.405648 0.381764 0.110000
v -1.406813 0.372561 0.108532
v -1.407864 0.364258 0.104270
v -1.408697 0.357670 0.097634
v -1.409233 0.353440 0.089270
v -1.409417 0.351982 0.080000
v -1.409417 0.351982 -0.080000
v -1.409233 0.353440 -0.089271
v -1.408697 0.357670 -0.097634
v -1.407864 0.364258 -0.104271
v -1.406813 0.372561 -0.108532
v -1.405648 0.381764 -0.110000
v -1.395719 0.380141 0.110000
v -1.397585 0.371052 0.108532
v -1.399268 0.362853 0.104270
v -1.400604 0.356347 0.097634
v -1.401462 0.352169 0.089270
v -1.401757 0.350730 0.080000
v -1.401757 0.350730 -0.080000
v -1.401462 0.352169 -0.089271
v -1.400604 0.356347 -0.097634
v -1.399268 0.362853 -0.104271
v -1.397585 0.371052 -0.108532
v -1.395719 0.380141 -0.110000
v -1.386185 0.377778 0.110000
v -1.388807 0.368877 0.108532
v -1.391171 0.360847 0.104270
v -1.393048 0.354474 0.097634
v -1.394253 0.350382 0.089270
v -1.394668 0.348973 0.080000
v -1.394668 0.348973 -0.080000
v -1.394253 0.350382 -0.089271
v -1.393048 0.354474 -0.097634
v -1.391171 0.360847 -0.104271
v -1.388807 0.368877 -0.108532
v -1.386185 0.377778 -0.110000
v -1.376971 0.374623 0.110000
v -1.380366 0.365987 0.108532
v -1.383429 0.358196 0.104270
v -1.385860 0.352013 0.097634
v -1.387420 0.348043 0.089270
v -1.387958 0.346675 0.080000
v -1.387958 0.346675 -0.080000
v -1.387420 0.348043 -0.089271
v -1.385860 0.352013 -0.097634
v -1.383429 0.358196 -0.104271
v -1.380366 0.365987 -0.108532
v -1.376971 0.374623 -0.110000
v -1.368000 0.370625 0.110000
v -1.372147 0.362324 0.108532
v -1.375888 0.354835 0.104270
v -1.378857 0.348892 0.097634
v -1.380763 0.345076 0.089270
v -1.381420 0.343762 0.080000
v -1.381420 0.343762 -0.080000
v -1.380763 0.345076 -0.089271
v -1.378857 0.348892 -0.097634
v -1.375888 0.354835 -0.104271
v -1.372147 0.362324 -0.108532
v -1.368000 0.370625 -0.110000
v -1.359196 0.365731 0.110000
v -1.364037 0.357816 0.108532
v -1.368405 0.350675 0.104270
v -1.371871 0.345009 0.097634
v -1.374096 0.341370 0.089270
v -1.374863 0.340117 0.080000
v -1.374863 0.340117 -0.080000
v -1.374096 0.341370 -0.089271
v -1.371871 0.345009 -0.097634
v -1.368405 0.350675 -0.104271
v -1.364037 0.357816 -0.108532
v -1.359196 0.365731 -0.110000
v -1.350482 0.359889 0.110000
v -1.355936 0.352385 0.108532
v -1.360856 0.345615 0.104270
v -1.364761 0.340242 0.097634
v -1.367268 0.336793 0.089270
v -1.368132 0.335604 0.080000
v -1.368132 0.335604 -0.080000
v -1.367268 0.336793 -0.089271
v -1.364761 0.340242 -0.097634
v -1.360856 0.345615 -0.104271
v -1.355936 0.352385 -0.108532
v -1.350482 0.359889 -0.110000
v -1.341781 0.353047 0.110000
v -1.347756 0.345952 0.108532
v -1.353145 0.339551 0.104270
v -1.357423 0.334471 0.097634
v -1.360169 0.331210 0.089270
v -1.361115 0.330086 0.080000
v -1.361115 0.330086 -0.080000
v -1.360169 0.331210 -0.089271
v -1.357423 0.334471 -0.097634
v -1.353145 0.339551 -0.104271
v -1.347756 0.345952 -0.108532
v -1.341781 0.353047 -0.110000
v -1.333019 0.345153 0.110000
v -1.339422 0.338444 0.108532
v -1.345198 0.332391 0.104270
v -1.349782 0.327588 0.097634
v -1.352725 0.324504 0.089270
v -1.353739 0.323441 0.080000
v -1.353739 0.323441 -0.080000
v -1.352725 0.324504 -0.089271
v -1.349782 0.327588 -0.097634
v -1.345198 0.332391 -0.104271
v -1.339422 0.338444 -0.108532
v -1.333019 0.345153 -0.110000
v -1.324117 0.336155 0.110000
v -1.330865 0.329794 0.108532
v -1.336953 0.324057 0.104270
v -1.341784 0.319503 0.097634
v -1.344886 0.316580 0.089270
v -1.345955 0.315572 0.080000
v -1.345955 0.315572 -0.080000
v -1.344886 0.316580 -0.089271
v -1.341784 0.319503 -0.097634
v -1.336953 0.324057 -0.104271
v -1.330865 0.329794 -0.108532
v -1.324117 0.336155 -0.110000
v -1.315000 0.326000 0.110000
v -1.324271 0.322449 0.108532
v -1.332634 0.319246 0.104270
v -1.339271 0.316703 0.097634
v -1.343532 0.315071 0.089270
v -1.345000 0.314509 0.080000
v -1.345000 0.314509 -0.080000
v -1.343532 0.315071 -0.089271
v -1.339271 0.316703 -0.097634
v -1.332634 0.319246 -0.104271
v -1.324271 0.322449 -0.108532
v -1.315000 0.326000 -0.110000
v -1.315000 0.000000 0.110000
v -1.324271 -0.009271 0.108532
v -1.332634 -0.017634 0.104271
v -1.339271 -0.024271 0.097634
v -1.343532 -0.028532 0.089271
v -1.345000 -0.030000 0.080000
v -1.345000 -0.030000 -0.080000
v -1.343532 -0.028532 -0.089271
v -1.339271 -0.024271 -0.097634
v -1.332634 -0.017634 -0.104271
v -1.324271 -0.009271 -0.108532
v -1.315000 -0.000000 -0.110000
v -1.226000 0.000000 0.110000
v -1.216730 -0.009271 0.108532
v -1.208367 -0.017634 0.104271
v -1.201730 -0.024271 0.097634
v -1.197468 -0.028532 0.089271
v -1.196000 -0.030000 0.080000
v -1.196000 -0.030000 -0.080000
v -1.197468 -0.028532 -0.089271
v -1.201730 -0.024271 -0.097634
v -1.208367 -0.017634 -0.104271
v -1.216730 -0.009271 -0.108532
v -1.226000 -0.000000 -0.110000
v -1.226000 0.449000 0.110000
v -1.216730 0.458271 0.108532
v -1.208367 0.466634 0.104270
v -1.201730 0.473271 0.097634
v -1.197468 0.477532 0.089270
v -1.196000 0.479000 0.080000
v -1.196000 0.479000 -0.080000
v -1.197468 0.477532 -0.089271
v -1.201730 0.473271 -0.097634
v -1.208367 0.466634 -0.104271
v -1.216730 0.458271 -0.108532
v -1.226000 0.449000 -0.110000
v -1.315000 0.449000 0.110000
v -1.324271 0.458271 0.108532
v -1.332634 0.466634 0.104270
v -1.339271 0.473271 0.097634
v -1.343532 0.477532 0.089270
v -1.345000 0.479000 0.080000
v -1.345000 0.479000 -0.080000
v -1.343532 0.477532 -0.089271
v -1.339271 0.473271 -0.097634
v -1.332634 0.466634 -0.104271
v -1.324271 0.458271 -0.108532
v -1.315000 0.449000 -0.110000
v -2.362586 0.035395 0.110000
v -2.367438 0.027493 0.108532
v -2.371815 0.020365 0.104271
v -2.375288 0.014708 0.097634
v -2.377519 0.011076 0.089271
v -2.378287 0.009825 0.080000
v -2.378287 0.009825 -0.080000
v -2.377519 0.011076 -0.089271
v -2.375288 0.014708 -0.097634
v -2.371815 0.020365 -0.104271
v -2.367438 0.027493 -0.108532
v -2.362586 0.035395 -0.110000
v -2.349269 0.027574 0.110000
v -2.353783 0.019475 0.108532
v -2.357856 0.012168 0.104271
v -2.361089 0.006369 0.097634
v -2.363164 0.002646 0.089271
v -2.363879 0.001363 0.080000
v -2.363879 0.001363 -0.080000
v -2.363164 0.002646 -0.089271
v -2.361089 0.006369 -0.097634
v -2.357856 0.012168 -0.104271
v -2.353783 0.019475 -0.108532
v -2.349269 0.027574 -0.110000
v -2.335938 0.020531 0.110000
v -2.340064 0.012226 0.108532
v -2.343786 0.004734 0.104271
v -2.346740 -0.001211 0.097634
v -2.348636 -0.005029 0.089271
v -2.349290 -0.006344 0.080000
v -2.349290 -0.006344 -0.080000
v -2.348636 -0.005029 -0.089271
v -2.346740 -0.001211 -0.097634
v -2.343786 0.004734 -0.104271
v -2.340064 0.012226 -0.108532
v -2.335938 0.020531 -0.110000
v -2.322482 0.014259 0.110000
v -2.326173 0.005752 0.108532
v -2.329502 -0.001923 0.104271
v -2.332144 -0.008014 0.097634
v -2.333841 -0.011925 0.089271
v -2.334425 -0.013272 0.080000
v -2.334425 -0.013272 -0.080000
v -2.333841 -0.011925 -0.089271
v -2.332144 -0.008014 -0.097634
v -2.329502 -0.001923 -0.104271
v -2.326173 0.005752 -0.108532
v -2.322482 0.014259 -0.110000
v -2.308789 0.008751 0.110000
v -2.312008 0.000053 0.108532
v -2.314911 -0.007793 0.104271
v -2.317215 -0.014020 0.097634
v -2.318695 -0.018018 0.089271
v -2.319204 -0.019396 0.080000
v -2.319204 -0.019396 -0.080000
v -2.318695 -0.018018 -0.089271
v -2.317215 -0.014020 -0.097634
v -2.314911 -0.007793 -0.104271
v -2.312008 0.000053 -0.108532
v -2.308789 0.008751 -0.110000
v -2.294750 0.004000 0.110000
v -2.297472 -0.004866 0.108532
v -2.299926 -0.012864 0.104271
v -2.301875 -0.019212 0.097634
v -2.303125 -0.023287 0.089271
v -2.303556 -0.024691 0.080000
v -2.303556 -0.024691 -0.080000
v -2.303125 -0.023287 -0.089271
v -2.301875 -0.019212 -0.097634
v -2.299926 -0.012864 -0.104271
v -2.297472 -0.004866 -0.108532
v -2.294750 0.004000 -0.110000
v -2.280252 -0.000001 0.110000
v -2.282467 -0.009007 0.108532
v -2.284465 -0.017131 0.104271
v -2.286050 -0.023579 0.097634
v -2.287068 -0.027718 0.089271
v -2.287419 -0.029145 0.080000
v -2.287419 -0.029145 -0.080000
v -2.287068 -0.027718 -0.089271
v -2.286050 -0.023579 -0.097634
v -2.284465 -0.017131 -0.104271
v -2.282467 -0.009007 -0.108532
v -2.280252 -0.000001 -0.110000
v -2.265185 -0.003259 0.110000
v -2.266899 -0.012373 0.108532
v -2.268445 -0.020595 0.104271
v -2.269672 -0.027120 0.097634
v -2.270460 -0.031310 0.089271
v -2.270732 -0.032753 0.080000
v -2.270732 -0.032753 -0.080000
v -2.270460 -0.031310 -0.089271
v -2.269672 -0.027120 -0.097634
v -2.268445 -0.020595 -0.104271
v -2.266899 -0.012373 -0.108532
v -2.265185 -0.003259 -0.110000
v -2.249438 -0.005781 0.110000
v -2.250671 -0.014972 0.108532
v -2.251783 -0.023264 0.104271
v -2.252666 -0.029844 0.097634
v -2.253233 -0.034069 0.089271
v -2.253429 -0.035524 0.080000
v -2.253429 -0.035524 -0.080000
v -2.253233 -0.034069 -0.089271
v -2.252666 -0.029844 -0.097634
v -2.251783 -0.023264 -0.104271
v -2.250671 -0.014972 -0.108532
v -2.249438 -0.005781 -0.110000
v -2.232898 -0.007574 0.110000
v -2.233682 -0.016814 0.108532
v -2.234389 -0.025149 0.104271
v -2.234951 -0.031764 0.097634
v -2.235311 -0.036011 0.089271
v -2.235435 -0.037475 0.080000
v -2.235435 -0.037475 -0.080000
v -2.235311 -0.036011 -0.089271
v -2.234951 -0.031764 -0.097634
v -2.234389 -0.025149 -0.104271
v -2.233682 -0.016814 -0.108532
v -2.232898 -0.007574 -0.110000
v -2.215456 -0.008645 0.110000
v -2.215829 -0.017910 0.108532
v -2.216166 -0.026268 0.104271
v -2.216434 -0.032901 0.097634
v -2.216605 -0.037160 0.089271
v -2.216664 -0.038627 0.080000
v -2.216664 -0.038627 -0.080000
v -2.216605 -0.037160 -0.089271
v -2.216434 -0.032901 -0.097634
v -2.216166 -0.026268 -0.104271
v -2.215829 -0.017910 -0.108532
v -2.215456 -0.008645 -0.110000
v -2.197000 -0.009000 0.110000
v -2.196769 -0.018277 0.108532
v -2.196560 -0.026645 0.104271
v -2.196394 -0.033287 0.097634
v -2.196287 -0.037551 0.089271
v -2.196251 -0.039020 0.080000
v -2.196251 -0.039020 -0.080000
v -2.196287 -0.037551 -0.089271
v -2.196394 -0.033287 -0.097634
v -2.196560 -0.026645 -0.104271
v -2.196769 -0.018277 -0.108532
v -2.197000 -0.009000 -0.110000
v -2.163301 -0.006665 0.110000
v -2.161988 -0.015867 0.108532
v -2.160804 -0.024168 0.104271
v -2.159864 -0.030756 0.097634
v -2.159261 -0.034986 0.089271
v -2.159053 -0.036443 0.080000
v -2.159053 -0.036443 -0.080000
v -2.159261 -0.034986 -0.089271
v -2.159864 -0.030756 -0.097634
v -2.160804 -0.024168 -0.104271
v -2.161988 -0.015867 -0.108532
v -2.163301 -0.006665 -0.110000
v -2.132241 0.000093 0.110000
v -2.129589 -0.008818 0.108532
v -2.127197 -0.016856 0.104271
v -2.125299 -0.023235 0.097634
v -2.124080 -0.027331 0.089271
v -2.123660 -0.028742 0.080000
v -2.123660 -0.028742 -0.080000
v -2.124080 -0.027331 -0.089271
v -2.125299 -0.023235 -0.097634
v -2.127197 -0.016856 -0.104271
v -2.129589 -0.008818 -0.108532
v -2.132241 0.000093 -0.110000
v -2.103875 0.010906 0.110000
v -2.099918 0.002494 0.108532
v -2.096348 -0.005096 0.104271
v -2.093515 -0.011119 0.097634
v -2.091696 -0.014986 0.089271
v -2.091069 -0.016318 0.080000
v -2.091069 -0.016318 -0.080000
v -2.091696 -0.014986 -0.089271
v -2.093515 -0.011119 -0.097634
v -2.096348 -0.005096 -0.104271
v -2.099918 0.002494 -0.108532
v -2.103875 0.010906 -0.110000
v -2.078259 0.025407 0.110000
v -2.073094 0.017679 0.108532
v -2.068434 0.010707 0.104271
v -2.064736 0.005173 0.097634
v -2.062362 0.001621 0.089271
v -2.061544 0.000397 0.080000
v -2.061544 0.000397 -0.080000
v -2.062362 0.001621 -0.089271
v -2.064736 0.005173 -0.097634
v -2.068434 0.010707 -0.104271
v -2.073094 0.017679 -0.108532
v -2.078259 0.025407 -0.110000
v -2.055449 0.043228 0.110000
v -2.049221 0.036330 0.108532
v -2.043602 0.030107 0.104271
v -2.039143 0.025168 0.097634
v -2.036280 0.021997 0.089271
v -2.035294 0.020905 0.080000
v -2.035294 0.020905 -0.080000
v -2.036280 0.021997 -0.089271
v -2.039143 0.025168 -0.097634
v -2.043602 0.030107 -0.104271
v -2.049221 0.036330 -0.108532
v -2.055449 0.043228 -0.110000
v -2.035500 0.064000 0.110000
v -2.028379 0.058031 0.108532
v -2.021956 0.052646 0.104271
v -2.016858 0.048373 0.097634
v -2.013585 0.045629 0.089271
v -2.012457 0.044684 0.080000
v -2.012457 0.044683 -0.080000
v -2.013585 0.045629 -0.089271
v -2.016858 0.048373 -0.097634
v -2.021956 0.052646 -0.104271
v -2.028379 0.058031 -0.108532
v -2.035500 0.064000 -0.110000
v -2.018468 0.087355 0.110000
v -2.010629 0.082371 0.108532
v -2.003558 0.077874 0.104271
v -1.997946 0.074305 0.097634
v -1.994343 0.072014 0.089271
v -1.993102 0.071224 0.080000
v -1.993102 0.071224 -0.080000
v -1.994343 0.072014 -0.089271
v -1.997946 0.074305 -0.097634
v -2.003558 0.077874 -0.104271
v -2.010629 0.082371 -0.108532
v -2.018468 0.087355 -0.110000
v -2.004408 0.112926 0.110000
v -1.996015 0.108948 0.108532
v -1.988445 0.105359 0.104271
v -1.982437 0.102511 0.097634
v -1.978579 0.100683 0.089271
v -1.977250 0.100053 0.080000
v -1.977250 0.100053 -0.080000
v -1.978579 0.100683 -0.089271
v -1.982437 0.102511 -0.097634
v -1.988445 0.105359 -0.104271
v -1.996015 0.108948 -0.108532
v -2.004408 0.112926 -0.110000
v -1.993375 0.140344 0.110000
v -1.984577 0.137374 0.108532
v -1.976640 0.134696 0.104271
v -1.970342 0.132570 0.097634
v -1.966298 0.131205 0.089271
v -1.964904 0.130735 0.080000
v -1.964904 0.130735 -0.080000
v -1.966298 0.131205 -0.089271
v -1.970342 0.132570 -0.097634
v -1.976640 0.134696 -0.104271
v -1.984577 0.137374 -0.108532
v -1.993375 0.140344 -0.110000
v -1.985426 0.169241 0.110000
v -1.976353 0.167272 0.108532
v -1.968168 0.165496 0.104271
v -1.961672 0.164086 0.097634
v -1.957502 0.163181 0.089271
v -1.956064 0.162869 0.080000
v -1.956064 0.162869 -0.080000
v -1.957502 0.163181 -0.089271
v -1.961672 0.164086 -0.097634
v -1.968168 0.165496 -0.104271
v -1.976353 0.167272 -0.108532
v -1.985426 0.169241 -0.110000
v -1.980616 0.199249 0.110000
v -1.971384 0.198269 0.108532
v -1.963056 0.197385 0.104271
v -1.956447 0.196684 0.097634
v -1.952203 0.196234 0.089271
v -1.950741 0.196079 0.080000
v -1.950741 0.196079 -0.080000
v -1.952203 0.196234 -0.089271
v -1.956447 0.196684 -0.097634
v -1.963056 0.197385 -0.104271
v -1.971384 0.198269 -0.108532
v -1.980616 0.199249 -0.110000
v -1.979000 0.230000 0.110000
v -1.969717 0.230004 0.108532
v -1.961342 0.230007 0.104271
v -1.954696 0.230010 0.097634
v -1.950428 0.230012 0.089271
v -1.948958 0.230012 0.080000
v -1.948958 0.230012 -0.080000
v -1.950428 0.230012 -0.089271
v -1.954696 0.230010 -0.097634
v -1.961342 0.230007 -0.104271
v -1.969717 0.230004 -0.108532
v -1.979000 0.230000 -0.110000
v -1.980764 0.263056 0.110000
v -1.971535 0.264068 0.108532
v -1.963209 0.264982 0.104270
v -1.956601 0.265707 0.097634
v -1.952358 0.266173 0.089270
v -1.950897 0.266333 0.080000
v -1.950897 0.266333 -0.080000
v -1.952358 0.266173 -0.089271
v -1.956601 0.265707 -0.097634
v -1.963209 0.264982 -0.104271
v -1.971535 0.264068 -0.108532
v -1.980764 0.263056 -0.110000
v -1.985945 0.294111 0.110000
v -1.976891 0.296180 0.108532
v -1.968724 0.298046 0.104270
v -1.962242 0.299527 0.097634
v -1.958081 0.300477 0.089270
v -1.956647 0.300805 0.080000
v -1.956647 0.300805 -0.080000
v -1.958081 0.300477 -0.089271
v -1.962242 0.299527 -0.097634
v -1.968724 0.298046 -0.104271
v -1.976891 0.296180 -0.108532
v -1.985945 0.294111 -0.110000
v -1.994376 0.323000 0.110000
v -1.985639 0.326155 0.108532
v -1.977758 0.329001 0.104270
v -1.971503 0.331259 0.097634
v -1.967487 0.332709 0.089270
v -1.966104 0.333209 0.080000
v -1.966104 0.333209 -0.080000
v -1.967487 0.332709 -0.089271
v -1.971503 0.331259 -0.097634
v -1.977758 0.329001 -0.104271
v -1.985639 0.326155 -0.108532
v -1.994376 0.323000 -0.110000
v -2.005889 0.349556 0.110000
v -1.997626 0.353802 0.108532
v -1.990172 0.357633 0.104270
v -1.984256 0.360673 0.097634
v -1.980458 0.362625 0.089270
v -1.979149 0.363298 0.080000
v -1.979149 0.363298 -0.080000
v -1.980458 0.362625 -0.089271
v -1.984256 0.360673 -0.097634
v -1.990172 0.357633 -0.104271
v -1.997626 0.353802 -0.108532
v -2.005889 0.349556 -0.110000
v -2.020320 0.373611 0.110000
v -2.012696 0.378923 0.108532
v -2.005818 0.383715 0.104270
v -2.000360 0.387518 0.097634
v -1.996855 0.389959 0.089270
v -1.995648 0.390801 0.080000
v -1.995648 0.390801 -0.080000
v -1.996855 0.389959 -0.089271
v -2.000360 0.387518 -0.097634
v -2.005818 0.383715 -0.104271
v -2.012696 0.378923 -0.108532
v -2.020320 0.373611 -0.110000
v -2.037500 0.395000 0.110000
v -2.030680 0.401313 0.108532
v -2.024528 0.407008 0.104270
v -2.019645 0.411528 0.097634
v -2.016511 0.414430 0.089270
v -2.015430 0.415429 0.080000
v -2.015430 0.415429 -0.080000
v -2.016511 0.414430 -0.089271
v -2.019645 0.411528 -0.097634
v -2.024528 0.407008 -0.104271
v -2.030680 0.401313 -0.108532
v -2.037500 0.395000 -0.110000
v -2.057264 0.413556 0.110000
v -2.051400 0.420766 0.108532
v -2.046111 0.427271 0.104270
v -2.041913 0.432433 0.097634
v -2.039217 0.435748 0.089270
v -2.038289 0.436890 0.080000
v -2.038289 0.436890 -0.080000
v -2.039217 0.435748 -0.089271
v -2.041913 0.432433 -0.097634
v -2.046111 0.427271 -0.104271
v -2.051400 0.420766 -0.108532
v -2.057264 0.413556 -0.110000
v -2.079445 0.429111 0.110000
v -2.074663 0.437080 0.108532
v -2.070349 0.444270 0.104270
v -2.066925 0.449975 0.097634
v -2.064727 0.453638 0.089270
v -2.063970 0.454900 0.080000
v -2.063970 0.454900 -0.080000
v -2.064727 0.453638 -0.089271
v -2.066925 0.449975 -0.097634
v -2.070349 0.444270 -0.104271
v -2.074663 0.437080 -0.108532
v -2.079445 0.429111 -0.110000
v -2.103875 0.441500 0.110000
v -2.100263 0.450063 0.108532
v -2.097004 0.457787 0.104270
v -2.094418 0.463917 0.097634
v -2.092758 0.467853 0.089270
v -2.092186 0.469209 0.080000
v -2.092186 0.469209 -0.080000
v -2.092758 0.467853 -0.089271
v -2.094418 0.463917 -0.097634
v -2.097004 0.457787 -0.104271
v -2.100263 0.450063 -0.108532
v -2.103875 0.441500 -0.110000
v -2.130389 0.450556 0.110000
v -2.127991 0.459533 0.108532
v -2.125828 0.467631 0.104270
v -2.124111 0.474058 0.097634
v -2.123008 0.478185 0.089270
v -2.122628 0.479606 0.080000
v -2.122628 0.479606 -0.080000
v -2.123008 0.478185 -0.089271
v -2.124111 0.474058 -0.097634
v -2.125828 0.467631 -0.104271
v -2.127991 0.459533 -0.108532
v -2.130389 0.450556 -0.110000
v -2.158820 0.456111 0.110000
v -2.157636 0.465326 0.108532
v -2.156569 0.473638 0.104270
v -2.155721 0.480235 0.097634
v -2.155177 0.484471 0.089270
v -2.154990 0.485930 0.080000
v -2.154990 0.485930 -0.080000
v -2.155177 0.484471 -0.089271
v -2.155721 0.480235 -0.097634
v -2.156569 0.473638 -0.104271
v -2.157636 0.465326 -0.108532
v -2.158820 0.456111 -0.110000
v -2.189000 0.458000 0.110000
v -2.188982 0.467288 0.108532
v -2.188965 0.475666 0.104270
v -2.188952 0.482315 0.097634
v -2.188943 0.486584 0.089270
v -2.188941 0.488055 0.080000
v -2.188941 0.488055 -0.080000
v -2.188943 0.486584 -0.089271
v -2.188952 0.482315 -0.097634
v -2.188965 0.475666 -0.104271
v -2.188982 0.467288 -0.108532
v -2.189000 0.458000 -0.110000
v -2.217835 0.456310 0.110000
v -2.218970 0.465530 0.108532
v -2.219994 0.473848 0.104270
v -2.220806 0.480448 0.097634
v -2.221328 0.484686 0.089270
v -2.221508 0.486146 0.080000
v -2.221508 0.486146 -0.080000
v -2.221328 0.484686 -0.089271
v -2.220806 0.480448 -0.097634
v -2.219994 0.473848 -0.104271
v -2.218970 0.465530 -0.108532
v -2.217835 0.456310 -0.110000
v -2.244764 0.451232 0.110000
v -2.247129 0.460219 0.108532
v -2.249262 0.468328 0.104270
v -2.250956 0.474762 0.097634
v -2.252043 0.478893 0.089270
v -2.252417 0.480317 0.080000
v -2.252417 0.480317 -0.080000
v -2.252043 0.478893 -0.089271
v -2.250956 0.474762 -0.097634
v -2.249262 0.468328 -0.104271
v -2.247129 0.460219 -0.108532
v -2.244764 0.451232 -0.110000
v -2.269672 0.442750 0.110000
v -2.273334 0.451296 0.108532
v -2.276638 0.459006 0.104270
v -2.279259 0.465124 0.097634
v -2.280943 0.469053 0.089270
v -2.281523 0.470406 0.080000
v -2.281523 0.470406 -0.080000
v -2.280943 0.469053 -0.089271
v -2.279259 0.465124 -0.097634
v -2.276638 0.459006 -0.104271
v -2.273334 0.451296 -0.108532
v -2.269672 0.442750 -0.110000
v -2.292444 0.430852 0.110000
v -2.297396 0.438724 0.108532
v -2.301864 0.445826 0.104270
v -2.305409 0.451462 0.097634
v -2.307685 0.455080 0.089270
v -2.308469 0.456327 0.080000
v -2.308469 0.456327 -0.080000
v -2.307685 0.455080 -0.089271
v -2.305409 0.451462 -0.097634
v -2.301864 0.445826 -0.104271
v -2.297396 0.438724 -0.108532
v -2.292444 0.430852 -0.110000
v -2.312967 0.415523 0.110000
v -2.319112 0.422504 0.108532
v -2.324656 0.428802 0.104270
v -2.329055 0.433800 0.097634
v -2.331880 0.437009 0.089270
v -2.332853 0.438115 0.080000
v -2.332853 0.438115 -0.080000
v -2.331880 0.437009 -0.089271
v -2.329055 0.433800 -0.097634
v -2.324656 0.428802 -0.104271
v -2.319112 0.422504 -0.108532
v -2.312967 0.415523 -0.110000
v -2.331125 0.396750 0.110000
v -2.338287 0.402679 0.108532
v -2.344749 0.408028 0.104270
v -2.349876 0.412273 0.097634
v -2.353168 0.414999 0.089270
v -2.354303 0.415938 0.080000
v -2.354303 0.415938 -0.080000
v -2.353168 0.414999 -0.089271
v -2.349876 0.412273 -0.097634
v -2.344749 0.408028 -0.104271
v -2.338287 0.402679 -0.108532
v -2.331125 0.396750 -0.110000
v -2.346804 0.374519 0.110000
v -2.354764 0.379318 0.108532
v -2.361944 0.383647 0.104270
v -2.367642 0.387082 0.097634
v -2.371301 0.389288 0.089270
v -2.372562 0.390048 0.080000
v -2.372562 0.390048 -0.080000
v -2.371301 0.389288 -0.089271
v -2.367642 0.387082 -0.097634
v -2.361944 0.383647 -0.104271
v -2.354764 0.379318 -0.108532
v -2.346804 0.374519 -0.110000
v -2.359889 0.348815 0.110000
v -2.368423 0.352486 0.108532
v -2.376122 0.355797 0.104270
v -2.382231 0.358425 0.097634
v -2.386154 0.360112 0.089270
v -2.387505 0.360694 0.080000
v -2.387505 0.360694 -0.080000
v -2.386154 0.360112 -0.089271
v -2.382231 0.358425 -0.097634
v -2.376122 0.355797 -0.104271
v -2.368423 0.352486 -0.108532
v -2.359889 0.348815 -0.110000
v -2.370266 0.319625 0.110000
v -2.379179 0.322230 0.108532
v -2.387219 0.324579 0.104270
v -2.393600 0.326444 0.097634
v -2.397697 0.327642 0.089270
v -2.399108 0.328054 0.080000
v -2.399108 0.328054 -0.080000
v -2.397697 0.327642 -0.089271
v -2.393600 0.326444 -0.097634
v -2.387219 0.324579 -0.104271
v -2.379179 0.322230 -0.108532
v -2.370266 0.319625 -0.110000
v -2.377820 0.286935 0.110000
v -2.386957 0.288569 0.108532
v -2.395200 0.290043 0.104270
v -2.401741 0.291213 0.097634
v -2.405941 0.291964 0.089270
v -2.407388 0.292223 0.080000
v -2.407388 0.292223 -0.080000
v -2.405941 0.291964 -0.089271
v -2.401741 0.291213 -0.097634
v -2.395200 0.290043 -0.104271
v -2.386957 0.288569 -0.108532
v -2.377820 0.286935 -0.110000
v -2.382436 0.250731 0.110000
v -2.391683 0.251502 0.108532
v -2.400025 0.252196 0.104271
v -2.406646 0.252748 0.097634
v -2.410896 0.253102 0.089271
v -2.412361 0.253224 0.080000
v -2.412361 0.253224 -0.080000
v -2.410896 0.253102 -0.089271
v -2.406646 0.252748 -0.097634
v -2.400025 0.252196 -0.104271
v -2.391683 0.251502 -0.108532
v -2.382436 0.250731 -0.110000
v -2.384000 0.211000 0.110000
v -2.393643 0.201730 0.108532
v -2.402342 0.193366 0.104271
v -2.409245 0.186730 0.097634
v -2.413677 0.182468 0.089271
v -2.415205 0.181000 0.080000
v -2.415205 0.181000 -0.080000
v -2.413677 0.182468 -0.089271
v -2.409245 0.186730 -0.097634
v -2.402342 0.193366 -0.104271
v -2.393643 0.201730 -0.108532
v -2.384000 0.211000 -0.110000
v -2.068000 0.211000 0.110000
v -2.079308 0.201730 0.108532
v -2.089509 0.193366 0.104271
v -2.097604 0.186729 0.097634
v -2.102802 0.182468 0.089271
v -2.104593 0.181000 0.080000
v -2.104593 0.181000 -0.080000
v -2.102802 0.182468 -0.089271
v -2.097604 0.186729 -0.097634
v -2.089509 0.193366 -0.104271
v -2.079308 0.201730 -0.108532
v -2.068000 0.211000 -0.110000
v -2.072270 0.189648 0.110000
v -2.081277 0.191880 0.108532
v -2.089403 0.193895 0.104271
v -2.095852 0.195493 0.097634
v -2.099992 0.196519 0.089271
v -2.101419 0.196873 0.080000
v -2.101419 0.196873 -0.080000
v -2.099992 0.196519 -0.089271
v -2.095852 0.195493 -0.097634
v -2.089403 0.193895 -0.104271
v -2.081277 0.191880 -0.108532
v -2.072270 0.189648 -0.110000
v -2.078074 0.170097 0.110000
v -2.086825 0.173195 0.108532
v -2.094719 0.175990 0.104271
v -2.100983 0.178208 0.097634
v -2.105006 0.179633 0.089271
v -2.106392 0.180123 0.080000
v -2.106392 0.180123 -0.080000
v -2.105006 0.179633 -0.089271
v -2.100983 0.178208 -0.097634
v -2.094719 0.175990 -0.104271
v -2.086825 0.173195 -0.108532
v -2.078074 0.170097 -0.110000
v -2.085406 0.152359 0.110000
v -2.093768 0.156397 0.108532
v -2.101312 0.160039 0.104271
v -2.107299 0.162930 0.097634
v -2.111143 0.164785 0.089271
v -2.112467 0.165425 0.080000
v -2.112467 0.165425 -0.080000
v -2.111143 0.164785 -0.089271
v -2.107299 0.162930 -0.097634
v -2.101312 0.160039 -0.104271
v -2.093768 0.156397 -0.108532
v -2.085406 0.152359 -0.110000
v -2.094259 0.136444 0.110000
v -2.102074 0.141466 0.108532
v -2.109124 0.145996 0.104271
v -2.114719 0.149591 0.097634
v -2.118311 0.151899 0.089271
v -2.119549 0.152695 0.080000
v -2.119549 0.152695 -0.080000
v -2.118311 0.151899 -0.089271
v -2.114719 0.149591 -0.097634
v -2.109124 0.145996 -0.104271
v -2.102074 0.141466 -0.108532
v -2.094259 0.136444 -0.110000
v -2.104626 0.122363 0.110000
v -2.111718 0.128366 0.108532
v -2.118116 0.133782 0.104271
v -2.123193 0.138080 0.097634
v -2.126453 0.140840 0.089271
v -2.127576 0.141790 0.080000
v -2.127576 0.141790 -0.080000
v -2.126453 0.140840 -0.089271
v -2.123193 0.138080 -0.097634
v -2.118116 0.133782 -0.104271
v -2.111718 0.128366 -0.108532
v -2.104626 0.122363 -0.110000
v -2.116500 0.110125 0.110000
v -2.122700 0.117048 0.108532
v -2.128293 0.123293 0.104271
v -2.132731 0.128250 0.097634
v -2.135581 0.131432 0.089271
v -2.136563 0.132528 0.080000
v -2.136563 0.132528 -0.080000
v -2.135581 0.131432 -0.089271
v -2.132731 0.128250 -0.097634
v -2.128293 0.123293 -0.104271
v -2.122700 0.117048 -0.108532
v -2.116500 0.110125 -0.110000
v -2.129874 0.099741 0.110000
v -2.135046 0.107462 0.108532
v -2.139712 0.114427 0.104271
v -2.143415 0.119954 0.097634
v -2.145793 0.123503 0.089271
v -2.146612 0.124726 0.080000
v -2.146612 0.124726 -0.080000
v -2.145793 0.123503 -0.089271
v -2.143415 0.119954 -0.097634
v -2.139712 0.114427 -0.104271
v -2.135046 0.107462 -0.108532
v -2.129874 0.099741 -0.110000
v -2.144741 0.091222 0.110000
v -2.148808 0.099576 0.108532
v -2.152478 0.107112 0.104271
v -2.155390 0.113093 0.097634
v -2.157260 0.116933 0.089271
v -2.157904 0.118256 0.080000
v -2.157904 0.118256 -0.080000
v -2.157260 0.116933 -0.089271
v -2.155390 0.113093 -0.097634
v -2.152478 0.107112 -0.104271
v -2.148808 0.099576 -0.108532
v -2.144741 0.091222 -0.110000
v -2.161094 0.084578 0.110000
v -2.164045 0.093385 0.108532
v -2.166708 0.101331 0.104271
v -2.168821 0.107636 0.097634
v -2.170177 0.111684 0.089271
v -2.170645 0.113079 0.080000
v -2.170645 0.113079 -0.080000
v -2.170177 0.111684 -0.089271
v -2.168821 0.107636 -0.097634
v -2.166708 0.101331 -0.104271
v -2.164045 0.093385 -0.108532
v -2.161094 0.084578 -0.110000
v -2.178926 0.079819 0.110000
v -2.180807 0.088912 0.108532
v -2.182504 0.097115 0.104271
v -2.183851 0.103625 0.097634
v -2.184716 0.107805 0.089271
v -2.185014 0.109245 0.080000
v -2.185014 0.109245 -0.080000
v -2.184716 0.107805 -0.089271
v -2.183851 0.103625 -0.097634
v -2.182504 0.097115 -0.104271
v -2.180807 0.088912 -0.108532
v -2.178926 0.079819 -0.110000
v -2.198231 0.076957 0.110000
v -2.199126 0.086196 0.108532
v -2.199934 0.094530 0.104271
v -2.200575 0.101145 0.097634
v -2.200987 0.105392 0.089271
v -2.201128 0.106855 0.080000
v -2.201128 0.106855 -0.080000
v -2.200987 0.105392 -0.089271
v -2.200575 0.101145 -0.097634
v -2.199934 0.094530 -0.104271
v -2.199126 0.086196 -0.108532
v -2.198231 0.076957 -0.110000
v -2.219000 0.076000 0.110000
v -2.219071 0.085277 0.108532
v -2.219135 0.093646 0.104271
v -2.219186 0.100288 0.097634
v -2.219218 0.104552 0.089271
v -2.219230 0.106021 0.080000
v -2.219230 0.106021 -0.080000
v -2.219218 0.104552 -0.089271
v -2.219186 0.100288 -0.097634
v -2.219135 0.093646 -0.104271
v -2.219071 0.085277 -0.108532
v -2.219000 0.076000 -0.110000
v -2.232440 0.076413 0.110000
v -2.231872 0.085671 0.108532
v -2.231360 0.094022 0.104271
v -2.230954 0.100650 0.097634
v -2.230693 0.104905 0.089271
v -2.230603 0.106371 0.080000
v -2.230603 0.106371 -0.080000
v -2.230693 0.104905 -0.089271
v -2.230954 0.100649 -0.097634
v -2.231360 0.094022 -0.104271
v -2.231872 0.085671 -0.108532
v -2.232440 0.076413 -0.110000
v -2.245769 0.077639 0.110000
v -2.244644 0.086845 0.108532
v -2.243630 0.095150 0.104271
v -2.242826 0.101741 0.097634
v -2.242309 0.105973 0.089271
v -2.242131 0.107431 0.080000
v -2.242131 0.107431 -0.080000
v -2.242309 0.105973 -0.089271
v -2.242826 0.101741 -0.097634
v -2.243630 0.095150 -0.104271
v -2.244644 0.086845 -0.108532
v -2.245769 0.077639 -0.110000
v -2.259000 0.079656 0.110000
v -2.257339 0.088781 0.108532
v -2.255840 0.097012 0.104271
v -2.254650 0.103544 0.097634
v -2.253886 0.107738 0.089271
v -2.253623 0.109183 0.080000
v -2.253623 0.109183 -0.080000
v -2.253886 0.107738 -0.089271
v -2.254650 0.103544 -0.097634
v -2.255840 0.097012 -0.104271
v -2.257339 0.088781 -0.108532
v -2.259000 0.079656 -0.110000
v -2.272148 0.082444 0.110000
v -2.269974 0.091460 0.108532
v -2.268013 0.099593 0.104271
v -2.266457 0.106048 0.097634
v -2.265458 0.110192 0.089271
v -2.265114 0.111620 0.080000
v -2.265114 0.111620 -0.080000
v -2.265458 0.110192 -0.089271
v -2.266457 0.106048 -0.097634
v -2.268013 0.099593 -0.104271
v -2.269974 0.091460 -0.108532
v -2.272148 0.082444 -0.110000
v -2.285227 0.085983 0.110000
v -2.282571 0.094868 0.108532
v -2.280175 0.102884 0.104271
v -2.278274 0.109245 0.097634
v -2.277054 0.113329 0.089271
v -2.276633 0.114736 0.080000
v -2.276633 0.114736 -0.080000
v -2.277054 0.113329 -0.089271
v -2.278274 0.109245 -0.097634
v -2.280175 0.102884 -0.104271
v -2.282571 0.094868 -0.108532
v -2.285227 0.085983 -0.110000
v -2.298250 0.090250 0.110000
v -2.295146 0.098988 0.108532
v -2.292345 0.106871 0.104271
v -2.290123 0.113127 0.097634
v -2.288696 0.117144 0.089271
v -2.288204 0.118528 0.080000
v -2.288204 0.118528 -0.080000
v -2.288696 0.117144 -0.089271
v -2.290123 0.113127 -0.097634
v -2.292345 0.106871 -0.104271
v -2.295146 0.098988 -0.108532
v -2.298250 0.090250 -0.110000
v -2.311231 0.095226 0.110000
v -2.307714 0.103806 0.108532
v -2.304540 0.111546 0.104271
v -2.302022 0.117688 0.097634
v -2.300405 0.121632 0.089271
v -2.299848 0.122991 0.080000
v -2.299848 0.122991 -0.080000
v -2.300405 0.121632 -0.089271
v -2.302022 0.117688 -0.097634
v -2.304540 0.111546 -0.104271
v -2.307714 0.103806 -0.108532
v -2.311231 0.095226 -0.110000
v -2.324185 0.100889 0.110000
v -2.320290 0.109304 0.108532
v -2.316776 0.116895 0.104271
v -2.313987 0.122919 0.097634
v -2.312196 0.126787 0.089271
v -2.311579 0.128120 0.080000
v -2.311579 0.128120 -0.080000
v -2.312196 0.126787 -0.089271
v -2.313987 0.122919 -0.097634
v -2.316776 0.116895 -0.104271
v -2.320290 0.109304 -0.108532
v -2.324185 0.100889 -0.110000
v -2.337125 0.107219 0.110000
v -2.332887 0.115466 0.108532
v -2.329064 0.122906 0.104271
v -2.326030 0.128810 0.097634
v -2.324082 0.132601 0.089271
v -2.323411 0.133907 0.080000
v -2.323411 0.133907 -0.080000
v -2.324082 0.132601 -0.089271
v -2.326030 0.128810 -0.097634
v -2.329064 0.122906 -0.104271
v -2.332887 0.115466 -0.108532
v -2.337125 0.107219 -0.110000
v -2.350065 0.114194 0.110000
v -2.345518 0.122275 0.108532
v -2.341416 0.129565 0.104271
v -2.338161 0.135350 0.097634
v -2.336071 0.139064 0.089271
v -2.335351 0.140344 0.080000
v -2.335351 0.140344 -0.080000
v -2.336071 0.139064 -0.089271
v -2.338161 0.135350 -0.097634
v -2.341416 0.129565 -0.104271
v -2.345518 0.122275 -0.108532
v -2.350065 0.114194 -0.110000
v -2.363019 0.121795 0.110000
v -2.358195 0.129713 0.108532
v -2.353844 0.136857 0.104271
v -2.350390 0.142525 0.097634
v -2.348173 0.146165 0.089271
v -2.347409 0.147419 0.080000
v -2.347409 0.147419 -0.080000
v -2.348173 0.146165 -0.089271
v -2.350390 0.142525 -0.097634
v -2.353844 0.136857 -0.104271
v -2.358195 0.129713 -0.108532
v -2.363019 0.121795 -0.110000
v -2.376000 0.130000 0.110000
v -2.385271 0.146826 0.108532
v -2.393634 0.162006 0.104271
v -2.400271 0.174052 0.097634
v -2.404532 0.181786 0.089271
v -2.406000 0.184451 0.080000
v -2.406000 0.184451 -0.080000
v -2.404532 0.181786 -0.089271
v -2.400271 0.174052 -0.097634
v -2.393634 0.162006 -0.104271
v -2.385271 0.146826 -0.108532
v -2.376000 0.130000 -0.110000
v -2.376000 0.044000 0.110000
v -2.385271 0.038933 0.108532
v -2.393634 0.034362 0.104271
v -2.400271 0.030734 0.097634
v -2.404532 0.028405 0.089271
v -2.406000 0.027603 0.080000
v -2.406000 0.027603 -0.080000
v -2.404532 0.028405 -0.089271
v -2.400271 0.030734 -0.097634
v -2.393634 0.034362 -0.104271
v -2.385271 0.038933 -0.108532
v -2.376000 0.044000 -0.110000
v -2.294507 0.286469 0.110000
v -2.285316 0.285173 0.108532
v -2.277025 0.284003 0.104270
v -2.270444 0.283075 0.097634
v -2.266220 0.282480 0.089270
v -2.264764 0.282274 0.080000
v -2.264764 0.282274 -0.080000
v -2.266220 0.282480 -0.089271
v -2.270444 0.283075 -0.097634
v -2.277025 0.284003 -0.104271
v -2.285316 0.285173 -0.108532
v -2.294507 0.286469 -0.110000
v -2.291555 0.301833 0.110000
v -2.282547 0.299589 0.108532
v -2.274419 0.297565 0.104270
v -2.267970 0.295958 0.097634
v -2.263829 0.294927 0.089270
v -2.262402 0.294571 0.080000
v -2.262402 0.294571 -0.080000
v -2.263829 0.294927 -0.089271
v -2.267970 0.295958 -0.097634
v -2.274419 0.297565 -0.104271
v -2.282547 0.299589 -0.108532
v -2.291555 0.301833 -0.110000
v -2.287187 0.316031 0.110000
v -2.278488 0.312780 0.108532
v -2.270641 0.309847 0.104270
v -2.264413 0.307519 0.097634
v -2.260414 0.306025 0.089270
v -2.259037 0.305510 0.080000
v -2.259037 0.305510 -0.080000
v -2.260414 0.306025 -0.089271
v -2.264413 0.307519 -0.097634
v -2.270641 0.309847 -0.104271
v -2.278488 0.312780 -0.108532
v -2.287187 0.316031 -0.110000
v -2.281444 0.329000 0.110000
v -2.273208 0.324703 0.108532
v -2.265778 0.320827 0.104270
v -2.259882 0.317751 0.097634
v -2.256096 0.315776 0.089270
v -2.254792 0.315096 0.080000
v -2.254792 0.315096 -0.080000
v -2.256096 0.315776 -0.089271
v -2.259882 0.317751 -0.097634
v -2.265778 0.320827 -0.104271
v -2.273208 0.324703 -0.108532
v -2.281444 0.329000 -0.110000
v -2.274368 0.340677 0.110000
v -2.266768 0.335331 0.108532
v -2.259912 0.330508 0.104270
v -2.254470 0.326681 0.097634
v -2.250977 0.324224 0.089270
v -2.249773 0.323377 0.080000
v -2.249773 0.323377 -0.080000
v -2.250977 0.324224 -0.089271
v -2.254470 0.326681 -0.097634
v -2.259912 0.330508 -0.104271
v -2.266768 0.335331 -0.108532
v -2.274368 0.340677 -0.110000
v -2.266000 0.351000 0.110000
v -2.259215 0.344648 0.108532
v -2.253095 0.338917 0.104270
v -2.248238 0.334370 0.097634
v -2.245119 0.331450 0.089270
v -2.244045 0.330444 0.080000
v -2.244045 0.330444 -0.080000
v -2.245119 0.331450 -0.089271
v -2.248238 0.334370 -0.097634
v -2.253095 0.338917 -0.104271
v -2.259215 0.344648 -0.108532
v -2.266000 0.351000 -0.110000
v -2.256382 0.359906 0.110000
v -2.250580 0.352644 0.108532
v -2.245345 0.346093 0.104270
v -2.241191 0.340895 0.097634
v -2.238524 0.337557 0.089270
v -2.237606 0.336406 0.080000
v -2.237606 0.336406 -0.080000
v -2.238524 0.337557 -0.089271
v -2.241191 0.340895 -0.097634
v -2.245345 0.346093 -0.104271
v -2.250580 0.352644 -0.108532
v -2.256382 0.359906 -0.110000
v -2.245556 0.367333 0.110000
v -2.240867 0.359308 0.108532
v -2.236637 0.352068 0.104270
v -2.233280 0.346322 0.097634
v -2.231125 0.342633 0.089270
v -2.230382 0.341362 0.080000
v -2.230382 0.341362 -0.080000
v -2.231125 0.342633 -0.089271
v -2.233280 0.346322 -0.097634
v -2.236637 0.352068 -0.104271
v -2.240867 0.359308 -0.108532
v -2.245556 0.367333 -0.110000
v -2.233562 0.373219 0.110000
v -2.230065 0.364608 0.108532
v -2.226910 0.356841 0.104270
v -2.224406 0.350677 0.097634
v -2.222798 0.346719 0.089270
v -2.222245 0.345355 0.080000
v -2.222245 0.345355 -0.080000
v -2.222798 0.346719 -0.089271
v -2.224406 0.350677 -0.097634
v -2.226910 0.356841 -0.104271
v -2.230065 0.364608 -0.108532
v -2.233562 0.373219 -0.110000
v -2.220444 0.377500 0.110000
v -2.218157 0.368495 0.108532
v -2.216093 0.360371 0.104270
v -2.214456 0.353924 0.097634
v -2.213404 0.349785 0.089270
v -2.213042 0.348359 0.080000
v -2.213042 0.348359 -0.080000
v -2.213404 0.349785 -0.089271
v -2.214456 0.353924 -0.097634
v -2.216093 0.360371 -0.104271
v -2.218157 0.368495 -0.108532
v -2.220444 0.377500 -0.110000
v -2.206243 0.380115 0.110000
v -2.205131 0.370893 0.108532
v -2.204127 0.362574 0.104270
v -2.203331 0.355972 0.097634
v -2.202820 0.351734 0.089270
v -2.202643 0.350273 0.080000
v -2.202643 0.350273 -0.080000
v -2.202820 0.351734 -0.089271
v -2.203331 0.355972 -0.097634
v -2.204127 0.362574 -0.104271
v -2.205131 0.370893 -0.108532
v -2.206243 0.380115 -0.110000
v -2.191000 0.381000 0.110000
v -2.190964 0.371716 0.108532
v -2.190932 0.363341 0.104270
v -2.190907 0.356694 0.097634
v -2.190890 0.352427 0.089270
v -2.190885 0.350956 0.080000
v -2.190885 0.350956 -0.080000
v -2.190890 0.352427 -0.089271
v -2.190907 0.356694 -0.097634
v -2.190932 0.363341 -0.104271
v -2.190964 0.371716 -0.108532
v -2.191000 0.381000 -0.110000
v -2.174563 0.380172 0.110000
v -2.175536 0.370939 0.108532
v -2.176414 0.362609 0.104270
v -2.177110 0.355999 0.097634
v -2.177557 0.351755 0.089270
v -2.177711 0.350293 0.080000
v -2.177711 0.350293 -0.080000
v -2.177557 0.351755 -0.089271
v -2.177110 0.355999 -0.097634
v -2.176414 0.362609 -0.104271
v -2.175536 0.370939 -0.108532
v -2.174563 0.380172 -0.110000
v -2.159259 0.377708 0.110000
v -2.161282 0.368644 0.108532
v -2.163108 0.360467 0.104270
v -2.164556 0.353978 0.097634
v -2.165486 0.349812 0.089270
v -2.165807 0.348376 0.080000
v -2.165807 0.348376 -0.080000
v -2.165486 0.349812 -0.089271
v -2.164556 0.353978 -0.097634
v -2.163108 0.360467 -0.104271
v -2.161282 0.368644 -0.108532
v -2.159259 0.377708 -0.110000
v -2.145094 0.373641 0.110000
v -2.148229 0.364896 0.108532
v -2.151057 0.357007 0.104270
v -2.153301 0.350746 0.097634
v -2.154742 0.346727 0.089270
v -2.155239 0.345342 0.080000
v -2.155239 0.345342 -0.080000
v -2.154742 0.346727 -0.089271
v -2.153301 0.350746 -0.097634
v -2.151057 0.357007 -0.104271
v -2.148229 0.364896 -0.108532
v -2.145094 0.373641 -0.110000
v -2.132074 0.368000 0.110000
v -2.136336 0.359744 0.108532
v -2.140182 0.352295 0.104270
v -2.143233 0.346384 0.097634
v -2.145192 0.342589 0.089270
v -2.145867 0.341281 0.080000
v -2.145867 0.341281 -0.080000
v -2.145192 0.342589 -0.089271
v -2.143233 0.346384 -0.097634
v -2.140182 0.352295 -0.104271
v -2.136336 0.359744 -0.108532
v -2.132074 0.368000 -0.110000
v -2.120207 0.360818 0.110000
v -2.125554 0.353218 0.108532
v -2.130378 0.346362 0.104270
v -2.134206 0.340921 0.097634
v -2.136663 0.337427 0.089270
v -2.137511 0.336223 0.080000
v -2.137511 0.336223 -0.080000
v -2.136663 0.337427 -0.089271
v -2.134206 0.340921 -0.097634
v -2.130378 0.346362 -0.104271
v -2.125554 0.353218 -0.108532
v -2.120207 0.360818 -0.110000
v -2.109500 0.352125 0.110000
v -2.115832 0.345324 0.108532
v -2.121543 0.339189 0.104270
v -2.126076 0.334320 0.097634
v -2.128986 0.331194 0.089270
v -2.129989 0.330117 0.080000
v -2.129989 0.330117 -0.080000
v -2.128986 0.331194 -0.089271
v -2.126076 0.334320 -0.097634
v -2.121543 0.339189 -0.104271
v -2.115832 0.345324 -0.108532
v -2.109500 0.352125 -0.110000
v -2.099960 0.341953 0.110000
v -2.107132 0.336049 0.108532
v -2.113602 0.330723 0.104270
v -2.118737 0.326496 0.097634
v -2.122034 0.323782 0.089270
v -2.123170 0.322847 0.080000
v -2.123170 0.322847 -0.080000
v -2.122034 0.323782 -0.089271
v -2.118737 0.326496 -0.097634
v -2.113602 0.330723 -0.104271
v -2.107132 0.336049 -0.108532
v -2.099960 0.341953 -0.110000
v -2.091593 0.330333 0.110000
v -2.099442 0.325369 0.108532
v -2.106523 0.320891 0.104270
v -2.112142 0.317337 0.097634
v -2.115750 0.315055 0.089270
v -2.116993 0.314269 0.080000
v -2.116993 0.314269 -0.080000
v -2.115750 0.315055 -0.089271
v -2.112142 0.317337 -0.097634
v -2.106523 0.320891 -0.104271
v -2.099442 0.325369 -0.108532
v -2.091593 0.330333 -0.110000
v -2.084406 0.317297 0.110000
v -2.092771 0.313267 0.108532
v -2.100316 0.309631 0.104270
v -2.106304 0.306746 0.097634
v -2.110149 0.304894 0.089270
v -2.111474 0.304255 0.080000
v -2.111474 0.304255 -0.080000
v -2.110149 0.304894 -0.089271
v -2.106304 0.306746 -0.097634
v -2.100316 0.309631 -0.104271
v -2.092771 0.313267 -0.108532
v -2.084406 0.317297 -0.110000
v -2.078408 0.302875 0.110000
v -2.087143 0.299737 0.108532
v -2.095023 0.296906 0.104270
v -2.101276 0.294659 0.097634
v -2.105292 0.293217 0.089270
v -2.106675 0.292720 0.080000
v -2.106675 0.292720 -0.080000
v -2.105292 0.293217 -0.089271
v -2.101276 0.294659 -0.097634
v -2.095023 0.296906 -0.104271
v -2.087143 0.299737 -0.108532
v -2.078408 0.302875 -0.110000
v -2.073603 0.287099 0.110000
v -2.082590 0.284788 0.108532
v -2.090698 0.282704 0.104270
v -2.097132 0.281050 0.097634
v -2.101263 0.279988 0.089270
v -2.102686 0.279622 0.080000
v -2.102686 0.279622 -0.080000
v -2.101263 0.279988 -0.089271
v -2.097132 0.281050 -0.097634
v -2.090698 0.282704 -0.104271
v -2.082590 0.284788 -0.108532
v -2.073603 0.287099 -0.110000
v -2.070000 0.270000 0.110000
v -2.081428 0.279271 0.108532
v -2.091737 0.287634 0.104270
v -2.099918 0.294271 0.097634
v -2.105170 0.298532 0.089270
v -2.106980 0.300000 0.080000
v -2.106980 0.300000 -0.080000
v -2.105170 0.298532 -0.089271
v -2.099918 0.294271 -0.097634
v -2.091737 0.287634 -0.104271
v -2.081428 0.279271 -0.108532
v -2.070000 0.270000 -0.110000
v -2.296000 0.270000 0.110000
v -2.285851 0.279271 0.108532
v -2.276695 0.287634 0.104270
v -2.269429 0.294271 0.097634
v -2.264764 0.298532 0.089270
v -2.263157 0.300000 0.080000
v -2.263157 0.300000 -0.080000
v -2.264764 0.298532 -0.089271
v -2.269429 0.294271 -0.097634
v -2.276695 0.287634 -0.104271
v -2.285851 0.279271 -0.108532
v -2.296000 0.270000 -0.110000
vn -0.0000 -0.0000 -1.0000
vn -0.0000 -0.0000 1.0000
vn -0.1170 -0.2874 0.9506
vn -0.0546 -0.1466 0.9877
vn -0.0590 -0.1449 0.9877
vn -0.2220 -0.5452 0.8084
vn -0.1084 -0.2909 0.9506
vn -0.3053 -0.7497 0.5871
vn -0.2055 -0.5517 0.8083
vn -0.3587 -0.8809 0.3086
vn -0.2826 -0.7586 0.5871
vn -0.3760 -0.9233 0.0784
vn -0.3321 -0.8914 0.3086
vn -0.3480 -0.9342 -0.0784
vn -0.3760 -0.9233 -0.0784
vn -0.3321 -0.8914 -0.3086
vn -0.3587 -0.8809 -0.3086
vn -0.2826 -0.7586 -0.5871
vn -0.3053 -0.7497 -0.5871
vn -0.2055 -0.5517 -0.8083
vn -0.2220 -0.5452 -0.8084
vn -0.1084 -0.2909 -0.9506
vn -0.1170 -0.2874 -0.9506
vn -0.0546 -0.1466 -0.9877
vn -0.0590 -0.1449 -0.9877
vn -0.0497 -0.1483 0.9877
vn -0.0987 -0.2944 0.9506
vn -0.1873 -0.5583 0.8082
vn -0.2574 -0.7675 0.5870
vn -0.3480 -0.9342 0.0784
vn -0.3025 -0.9018 0.3086
vn -0.3170 -0.9452 -0.0784
vn -0.3025 -0.9018 -0.3086
vn -0.2574 -0.7675 -0.5870
vn -0.1873 -0.5583 -0.8082
vn -0.0987 -0.2944 -0.9506
vn -0.0497 -0.1483 -0.9877
vn -0.0444 -0.1500 0.9877
vn -0.0883 -0.2978 0.9505
vn -0.1674 -0.5646 0.8082
vn -0.2301 -0.7762 0.5870
vn -0.3170 -0.9452 0.0784
vn -0.2703 -0.9120 0.3085
vn -0.2833 -0.9558 -0.0784
vn -0.2703 -0.9120 -0.3085
vn -0.2301 -0.7762 -0.5870
vn -0.1674 -0.5646 -0.8082
vn -0.0883 -0.2978 -0.9505
vn -0.0444 -0.1500 -0.9877
vn -0.0388 -0.1515 0.9877
vn -0.0771 -0.3010 0.9505
vn -0.1462 -0.5705 0.8082
vn -0.2009 -0.7843 0.5870
vn -0.2833 -0.9558 0.0784
vn -0.2361 -0.9215 0.3085
vn -0.2474 -0.9657 -0.0784
vn -0.2361 -0.9215 -0.3085
vn -0.2009 -0.7843 -0.5870
vn -0.1462 -0.5705 -0.8082
vn -0.0771 -0.3010 -0.9505
vn -0.0388 -0.1515 -0.9877
vn -0.0330 -0.1529 0.9877
vn -0.0655 -0.3037 0.9505
vn -0.1241 -0.5758 0.8081
vn -0.1706 -0.7915 0.5869
vn -0.2474 -0.9657 0.0784
vn -0.2004 -0.9299 0.3085
vn -0.2100 -0.9745 -0.0784
vn -0.2004 -0.9299 -0.3085
vn -0.1706 -0.7915 -0.5869
vn -0.1241 -0.5758 -0.8081
vn -0.0655 -0.3037 -0.9505
vn -0.0330 -0.1529 -0.9877
vn -0.0536 -0.3061 0.9505
vn -0.1016 -0.5801 0.8081
vn -0.1397 -0.7975 0.5869
vn -0.1641 -0.9370 0.3085
vn -0.1720 -0.9820 0.0784
vn -0.2100 -0.9745 0.0784
vn -0.1720 -0.9820 -0.0784
vn -0.1641 -0.9370 -0.3085
vn -0.1397 -0.7975 -0.5869
vn -0.1016 -0.5801 -0.8081
vn -0.0536 -0.3061 -0.9505
vn -0.0418 -0.3079 0.9505
vn -0.0270 -0.1541 0.9877
vn -0.0792 -0.5836 0.8082
vn -0.1089 -0.8023 0.5870
vn -0.1280 -0.9426 0.3085
vn -0.1341 -0.9879 0.0784
vn -0.1341 -0.9879 -0.0784
vn -0.1280 -0.9426 -0.3085
vn -0.1089 -0.8023 -0.5870
vn -0.0792 -0.5836 -0.8082
vn -0.0270 -0.1541 -0.9877
vn -0.0418 -0.3079 -0.9505
vn -0.0303 -0.3091 0.9505
vn -0.0210 -0.1550 0.9877
vn -0.0575 -0.5861 0.8082
vn -0.0791 -0.8057 0.5870
vn -0.0929 -0.9467 0.3085
vn -0.0974 -0.9922 0.0784
vn -0.0974 -0.9922 -0.0784
vn -0.0929 -0.9467 -0.3085
vn -0.0791 -0.8057 -0.5870
vn -0.0575 -0.5861 -0.8082
vn -0.0210 -0.1550 -0.9877
vn -0.0303 -0.3091 -0.9505
vn -0.0194 -0.3099 0.9506
vn -0.0153 -0.1557 0.9877
vn -0.0369 -0.5877 0.8083
vn -0.0507 -0.8080 0.5870
vn -0.0596 -0.9493 0.3086
vn -0.0624 -0.9950 0.0784
vn -0.0624 -0.9950 -0.0784
vn -0.0596 -0.9493 -0.3086
vn -0.0507 -0.8080 -0.5870
vn -0.0369 -0.5877 -0.8083
vn -0.0153 -0.1557 -0.9877
vn -0.0194 -0.3099 -0.9506
vn -0.0093 -0.3103 0.9506
vn -0.0098 -0.1561 0.9877
vn -0.0177 -0.5885 0.8083
vn -0.0243 -0.8092 0.5871
vn -0.0286 -0.9508 0.3086
vn -0.0300 -0.9965 0.0784
vn -0.0300 -0.9965 -0.0784
vn -0.0286 -0.9508 -0.3086
vn -0.0243 -0.8092 -0.5871
vn -0.0177 -0.5885 -0.8083
vn -0.0098 -0.1561 -0.9877
vn -0.0093 -0.3103 -0.9506
vn 0.0034 -0.1563 0.9877
vn -0.0047 -0.1563 0.9877
vn 0.0069 -0.3120 0.9500
vn 0.0130 -0.5898 0.8075
vn 0.0178 -0.8099 0.5863
vn 0.0209 -0.9511 0.3081
vn 0.0219 -0.9967 -0.0784
vn 0.0209 -0.9511 -0.3081
vn 0.0178 -0.8099 -0.5863
vn 0.0130 -0.5898 -0.8075
vn 0.0069 -0.3120 -0.9500
vn 0.0034 -0.1563 -0.9877
vn -0.0047 -0.1563 -0.9877
vn 0.0185 -0.1551 0.9877
vn 0.0372 -0.3117 0.9494
vn 0.0700 -0.5869 0.8067
vn 0.0960 -0.8049 0.5856
vn 0.0219 -0.9967 0.0784
vn 0.1126 -0.9448 0.3077
vn 0.1180 -0.9899 -0.0784
vn 0.1126 -0.9448 -0.3077
vn 0.0960 -0.8049 -0.5856
vn 0.0700 -0.5869 -0.8067
vn 0.0372 -0.3117 -0.9494
vn 0.0185 -0.1551 -0.9877
vn 0.0372 -0.1516 0.9877
vn 0.0749 -0.3050 0.9494
vn 0.1410 -0.5740 0.8066
vn 0.1934 -0.7872 0.5856
vn 0.1180 -0.9899 0.0784
vn 0.2270 -0.9240 0.3077
vn 0.2378 -0.9681 -0.0784
vn 0.2270 -0.9240 -0.3077
vn 0.1934 -0.7872 -0.5856
vn 0.1410 -0.5740 -0.8066
vn 0.0749 -0.3050 -0.9494
vn 0.0372 -0.1516 -0.9877
vn 0.0560 -0.1458 0.9877
vn 0.1126 -0.2933 0.9494
vn 0.2119 -0.5519 0.8066
vn 0.2905 -0.7568 0.5855
vn 0.2378 -0.9681 0.0784
vn 0.3410 -0.8883 0.3077
vn 0.3573 -0.9307 -0.0784
vn 0.3410 -0.8883 -0.3077
vn 0.2905 -0.7568 -0.5855
vn 0.2119 -0.5519 -0.8066
vn 0.1126 -0.2933 -0.9494
vn 0.0560 -0.1458 -0.9877
vn 0.0742 -0.1373 0.9877
vn 0.1494 -0.2765 0.9493
vn 0.2810 -0.5202 0.8065
vn 0.3853 -0.7132 0.5855
vn 0.3573 -0.9307 0.0784
vn 0.4523 -0.8371 0.3077
vn 0.4739 -0.8771 -0.0784
vn 0.4523 -0.8371 -0.3077
vn 0.3853 -0.7132 -0.5855
vn 0.2810 -0.5202 -0.8065
vn 0.1494 -0.2765 -0.9493
vn 0.0742 -0.1373 -0.9877
vn 0.0916 -0.1264 0.9877
vn 0.1844 -0.2546 0.9493
vn 0.3469 -0.4788 0.8065
vn 0.4756 -0.6565 0.5855
vn 0.4739 -0.8771 0.0784
vn 0.5582 -0.7706 0.3077
vn 0.5849 -0.8073 -0.0784
vn 0.5582 -0.7706 -0.3077
vn 0.4756 -0.6565 -0.5855
vn 0.3469 -0.4788 -0.8065
vn 0.1844 -0.2546 -0.9493
vn 0.0916 -0.1264 -0.9877
vn 0.1076 -0.1130 0.9877
vn 0.2168 -0.2277 0.9493
vn 0.4077 -0.4283 0.8064
vn 0.5590 -0.5872 0.5854
vn 0.5848 -0.8073 0.0784
vn 0.6561 -0.6891 0.3077
vn 0.6874 -0.7220 -0.0784
vn 0.6561 -0.6891 -0.3077
vn 0.5590 -0.5872 -0.5854
vn 0.4077 -0.4283 -0.8064
vn 0.2168 -0.2277 -0.9493
vn 0.1076 -0.1130 -0.9877
vn 0.1219 -0.0974 0.9877
vn 0.2457 -0.1963 0.9493
vn 0.4620 -0.3692 0.8064
vn 0.6333 -0.5061 0.5854
vn 0.6874 -0.7220 0.0784
vn 0.7433 -0.5940 0.3077
vn 0.7788 -0.6224 -0.0784
vn 0.7433 -0.5940 -0.3077
vn 0.6333 -0.5061 -0.5854
vn 0.4620 -0.3692 -0.8064
vn 0.2457 -0.1963 -0.9493
vn 0.1219 -0.0974 -0.9877
vn 0.1341 -0.0799 0.9877
vn 0.2702 -0.1610 0.9492
vn 0.5080 -0.3027 0.8064
vn 0.6965 -0.4150 0.5854
vn 0.7788 -0.6224 0.0784
vn 0.8174 -0.4871 0.3077
vn 0.8564 -0.5103 -0.0784
vn 0.8174 -0.4871 -0.3077
vn 0.6965 -0.4150 -0.5854
vn 0.5080 -0.3027 -0.8064
vn 0.2702 -0.1610 -0.9492
vn 0.1341 -0.0799 -0.9877
vn 0.2896 -0.1226 0.9493
vn 0.5446 -0.2305 0.8064
vn 0.7466 -0.3160 0.5854
vn 0.8762 -0.3709 0.3077
vn 0.9181 -0.3886 0.0784
vn 0.8564 -0.5103 0.0784
vn 0.9181 -0.3886 -0.0784
vn 0.8762 -0.3709 -0.3077
vn 0.7466 -0.3160 -0.5854
vn 0.5446 -0.2305 -0.8064
vn 0.2896 -0.1226 -0.9493
vn 0.3035 -0.0822 0.9493
vn 0.1437 -0.0608 0.9877
vn 0.5708 -0.1546 0.8064
vn 0.7825 -0.2119 0.5854
vn 0.9184 -0.2487 0.3077
vn 0.9623 -0.2606 0.0784
vn 0.9623 -0.2606 -0.0784
vn 0.9184 -0.2487 -0.3077
vn 0.7825 -0.2119 -0.5854
vn 0.5708 -0.1546 -0.8064
vn 0.1437 -0.0608 -0.9877
vn 0.3035 -0.0822 -0.9493
vn 0.3117 -0.0410 0.9493
vn 0.1507 -0.0408 0.9877
vn 0.5862 -0.0770 0.8065
vn 0.8038 -0.1056 0.5855
vn 0.9434 -0.1240 0.3077
vn 0.9884 -0.1299 0.0784
vn 0.9884 -0.1299 -0.0784
vn 0.9434 -0.1240 -0.3077
vn 0.8038 -0.1056 -0.5855
vn 0.5862 -0.0770 -0.8065
vn 0.1507 -0.0408 -0.9877
vn 0.3117 -0.0410 -0.9493
vn 0.3143 0.0002 0.9493
vn 0.1548 -0.0203 0.9877
vn 0.5912 0.0003 0.8065
vn 0.8107 0.0004 0.5855
vn 0.9515 0.0005 0.3077
vn 0.9969 0.0005 0.0784
vn 0.9969 0.0005 -0.0784
vn 0.9515 0.0005 -0.3077
vn 0.8107 0.0004 -0.5855
vn 0.5912 0.0003 -0.8065
vn 0.1548 -0.0203 -0.9877
vn 0.3143 0.0002 -0.9493
vn 0.1547 0.0206 0.9877
vn 0.1561 0.0001 0.9877
vn 0.3117 0.0414 0.9493
vn 0.5861 0.0780 0.8065
vn 0.8036 0.1069 0.5855
vn 0.9432 0.1254 0.3077
vn 0.9882 0.1314 -0.0784
vn 0.9432 0.1254 -0.3077
vn 0.8036 0.1069 -0.5855
vn 0.5861 0.0780 -0.8065
vn 0.3117 0.0414 -0.9493
vn 0.1547 0.0206 -0.9877
vn 0.1561 0.0001 -0.9877
vn 0.1506 0.0411 0.9877
vn 0.3034 0.0827 0.9493
vn 0.5705 0.1555 0.8064
vn 0.7822 0.2132 0.5854
vn 0.9882 0.1314 0.0784
vn 0.9180 0.2502 0.3077
vn 0.9618 0.2622 -0.0784
vn 0.9180 0.2502 -0.3077
vn 0.7822 0.2132 -0.5854
vn 0.5705 0.1555 -0.8064
vn 0.3034 0.0827 -0.9493
vn 0.1506 0.0411 -0.9877
vn 0.1437 0.0609 0.9877
vn 0.2895 0.1227 0.9493
vn 0.5445 0.2307 0.8064
vn 0.7465 0.3163 0.5854
vn 0.9618 0.2622 0.0784
vn 0.8761 0.3712 0.3077
vn 0.9179 0.3889 -0.0784
vn 0.8761 0.3712 -0.3077
vn 0.7465 0.3163 -0.5854
vn 0.5445 0.2307 -0.8064
vn 0.2895 0.1227 -0.9493
vn 0.1437 0.0609 -0.9877
vn 0.2705 0.1604 0.9493
vn 0.5086 0.3016 0.8064
vn 0.6973 0.4135 0.5855
vn 0.8184 0.4853 0.3077
vn 0.8575 0.5084 0.0784
vn 0.9179 0.3889 0.0784
vn 0.8575 0.5084 -0.0784
vn 0.8184 0.4853 -0.3077
vn 0.6973 0.4135 -0.5854
vn 0.5086 0.3016 -0.8064
vn 0.2705 0.1604 -0.9493
vn 0.2466 0.1950 0.9493
vn 0.1343 0.0796 0.9877
vn 0.4638 0.3667 0.8065
vn 0.6360 0.5028 0.5855
vn 0.7464 0.5901 0.3077
vn 0.7820 0.6183 0.0784
vn 0.7820 0.6183 -0.0784
vn 0.7464 0.5901 -0.3077
vn 0.6360 0.5028 -0.5855
vn 0.4638 0.3667 -0.8065
vn 0.1343 0.0796 -0.9877
vn 0.2466 0.1950 -0.9493
vn 0.2186 0.2259 0.9493
vn 0.1225 0.0968 0.9877
vn 0.4112 0.4249 0.8065
vn 0.5638 0.5825 0.5855
vn 0.6617 0.6837 0.3077
vn 0.6933 0.7164 0.0784
vn 0.6933 0.7164 -0.0784
vn 0.6617 0.6837 -0.3077
vn 0.5638 0.5825 -0.5855
vn 0.4112 0.4249 -0.8065
vn 0.1225 0.0968 -0.9877
vn 0.2186 0.2259 -0.9493
vn 0.1871 0.2526 0.9493
vn 0.1086 0.1122 0.9877
vn 0.3519 0.4751 0.8065
vn 0.4824 0.6515 0.5855
vn 0.5662 0.7647 0.3077
vn 0.5933 0.8012 0.0784
vn 0.5933 0.8012 -0.0784
vn 0.5662 0.7647 -0.3077
vn 0.4825 0.6515 -0.5855
vn 0.3519 0.4751 -0.8065
vn 0.1086 0.1122 -0.9877
vn 0.1871 0.2526 -0.9493
vn 0.1526 0.2747 0.9493
vn 0.0929 0.1255 0.9877
vn 0.2870 0.5169 0.8065
vn 0.3936 0.7087 0.5855
vn 0.4620 0.8318 0.3077
vn 0.4840 0.8715 0.0784
vn 0.4840 0.8715 -0.0784
vn 0.4620 0.8318 -0.3077
vn 0.3936 0.7087 -0.5855
vn 0.2870 0.5169 -0.8065
vn 0.0929 0.1255 -0.9877
vn 0.1526 0.2747 -0.9493
vn 0.1159 0.2921 0.9493
vn 0.0758 0.1365 0.9877
vn 0.2180 0.5495 0.8065
vn 0.2990 0.7535 0.5855
vn 0.3509 0.8844 0.3077
vn 0.3677 0.9266 0.0784
vn 0.3677 0.9266 -0.0784
vn 0.3509 0.8844 -0.3077
vn 0.2990 0.7535 -0.5855
vn 0.2180 0.5495 -0.8065
vn 0.0758 0.1365 -0.9877
vn 0.1159 0.2921 -0.9493
vn 0.0777 0.3044 0.9494
vn 0.0576 0.1451 0.9877
vn 0.1462 0.5728 0.8066
vn 0.2005 0.7855 0.5855
vn 0.2354 0.9219 0.3077
vn 0.2466 0.9659 0.0784
vn 0.2466 0.9659 -0.0784
vn 0.2354 0.9219 -0.3077
vn 0.2005 0.7855 -0.5855
vn 0.1462 0.5728 -0.8066
vn 0.0576 0.1451 -0.9877
vn 0.0777 0.3044 -0.9494
vn 0.0388 0.3117 0.9494
vn 0.0386 0.1513 0.9877
vn 0.0731 0.5866 0.8066
vn 0.1002 0.8044 0.5856
vn 0.1176 0.9442 0.3077
vn 0.1232 0.9893 0.0784
vn 0.1232 0.9893 -0.0784
vn 0.1176 0.9442 -0.3077
vn 0.1002 0.8044 -0.5856
vn 0.0731 0.5866 -0.8066
vn 0.0386 0.1513 -0.9877
vn 0.0388 0.3117 -0.9494
vn 0.0073 0.3121 0.9500
vn 0.0193 0.1549 0.9877
vn 0.0138 0.5898 0.8074
vn 0.0190 0.8099 0.5863
vn 0.0223 0.9511 0.3081
vn 0.0234 0.9966 0.0784
vn 0.0234 0.9966 -0.0784
vn 0.0223 0.9511 -0.3081
vn 0.0190 0.8099 -0.5863
vn 0.0138 0.5898 -0.8074
vn 0.0193 0.1549 -0.9877
vn 0.0073 0.3121 -0.9500
vn -0.0096 0.3103 0.9506
vn 0.0037 0.1563 0.9877
vn -0.0182 0.5885 0.8083
vn -0.0250 0.8092 0.5871
vn -0.0293 0.9508 0.3086
vn -0.0307 0.9964 0.0784
vn -0.0307 0.9964 -0.0784
vn -0.0293 0.9508 -0.3086
vn -0.0250 0.8092 -0.5871
vn -0.0182 0.5885 -0.8083
vn 0.0037 0.1563 -0.9877
vn -0.0096 0.3103 -0.9506
vn -0.0103 0.1561 0.9877
vn -0.0048 0.1563 0.9877
vn -0.0205 0.3100 0.9505
vn -0.0389 0.5877 0.8082
vn -0.0535 0.8078 0.5870
vn -0.0629 0.9491 0.3085
vn -0.0659 0.9947 -0.0784
vn -0.0629 0.9491 -0.3085
vn -0.0535 0.8078 -0.5870
vn -0.0389 0.5877 -0.8082
vn -0.0205 0.3100 -0.9505
vn -0.0103 0.1561 -0.9877
vn -0.0048 0.1563 -0.9877
vn -0.0165 0.1555 0.9877
vn -0.0328 0.3091 0.9505
vn -0.0622 0.5858 0.8081
vn -0.0855 0.8051 0.5869
vn -0.0659 0.9947 0.0784
vn -0.1004 0.9459 0.3085
vn -0.1053 0.9913 -0.0784
vn -0.1004 0.9459 -0.3085
vn -0.0855 0.8051 -0.5869
vn -0.0622 0.5858 -0.8081
vn -0.0328 0.3091 -0.9505
vn -0.0165 0.1555 -0.9877
vn -0.0231 0.1547 0.9877
vn -0.0459 0.3075 0.9504
vn -0.0869 0.5827 0.8081
vn -0.1194 0.8008 0.5869
vn -0.1053 0.9913 0.0784
vn -0.1403 0.9408 0.3085
vn -0.1471 0.9860 -0.0784
vn -0.1403 0.9408 -0.3085
vn -0.1194 0.8008 -0.5869
vn -0.0869 0.5827 -0.8081
vn -0.0459 0.3075 -0.9504
vn -0.0231 0.1547 -0.9877
vn -0.0590 0.3052 0.9504
vn -0.1119 0.5784 0.8081
vn -0.1537 0.7950 0.5869
vn -0.1806 0.9339 0.3085
vn -0.1893 0.9788 0.0784
vn -0.1471 0.9860 0.0784
vn -0.1893 0.9788 -0.0784
vn -0.1806 0.9339 -0.3085
vn -0.1537 0.7950 -0.5869
vn -0.1119 0.5784 -0.8081
vn -0.0590 0.3052 -0.9504
vn -0.0717 0.3024 0.9505
vn -0.0297 0.1536 0.9877
vn -0.1359 0.5731 0.8081
vn -0.1868 0.7878 0.5869
vn -0.2194 0.9256 0.3085
vn -0.2300 0.9700 0.0784
vn -0.2300 0.9700 -0.0784
vn -0.2194 0.9256 -0.3085
vn -0.1868 0.7878 -0.5869
vn -0.1359 0.5731 -0.8081
vn -0.0297 0.1536 -0.9877
vn -0.0717 0.3024 -0.9505
vn -0.0833 0.2992 0.9505
vn -0.0361 0.1522 0.9877
vn -0.1580 0.5673 0.8082
vn -0.2172 0.7799 0.5870
vn -0.2552 0.9164 0.3085
vn -0.2674 0.9604 0.0784
vn -0.2674 0.9604 -0.0784
vn -0.2552 0.9164 -0.3085
vn -0.2172 0.7799 -0.5870
vn -0.1580 0.5673 -0.8082
vn -0.0361 0.1522 -0.9877
vn -0.0833 0.2992 -0.9505
vn -0.0936 0.2960 0.9506
vn -0.0420 0.1507 0.9877
vn -0.1775 0.5614 0.8083
vn -0.2441 0.7719 0.5871
vn -0.2868 0.9069 0.3086
vn -0.3006 0.9505 0.0784
vn -0.3006 0.9505 -0.0784
vn -0.2868 0.9069 -0.3086
vn -0.2441 0.7719 -0.5871
vn -0.1775 0.5614 -0.8083
vn -0.0420 0.1507 -0.9877
vn -0.0936 0.2960 -0.9506
vn -0.1024 0.2929 0.9507
vn -0.0472 0.1491 0.9877
vn -0.1942 0.5557 0.8084
vn -0.2671 0.7641 0.5872
vn -0.3138 0.8979 0.3086
vn -0.3289 0.9411 0.0784
vn -0.3289 0.9411 -0.0784
vn -0.3138 0.8979 -0.3086
vn -0.2671 0.7641 -0.5872
vn -0.1942 0.5557 -0.8084
vn -0.0472 0.1491 -0.9877
vn -0.1024 0.2929 -0.9507
vn -0.1096 0.2900 0.9507
vn -0.0516 0.1477 0.9877
vn -0.2080 0.5505 0.8085
vn -0.2861 0.7571 0.5873
vn -0.3362 0.8898 0.3087
vn -0.3524 0.9326 0.0784
vn -0.3524 0.9326 -0.0784
vn -0.3362 0.8898 -0.3087
vn -0.2861 0.7571 -0.5873
vn -0.2080 0.5505 -0.8085
vn -0.0516 0.1477 -0.9877
vn -0.1096 0.2900 -0.9507
vn -0.1154 0.2875 0.9508
vn -0.0553 0.1463 0.9877
vn -0.2191 0.5460 0.8086
vn -0.3014 0.7511 0.5874
vn -0.3542 0.8827 0.3088
vn -0.3712 0.9252 0.0784
vn -0.3712 0.9252 -0.0784
vn -0.3542 0.8827 -0.3088
vn -0.3014 0.7511 -0.5874
vn -0.2191 0.5460 -0.8086
vn -0.0553 0.1463 -0.9877
vn -0.1154 0.2875 -0.9508
vn -0.1084 0.0726 0.9915
vn -0.0583 0.1452 0.9877
vn -0.2559 0.1714 0.9514
vn -0.4629 0.3100 0.8304
vn -0.6473 0.4335 0.6269
vn -0.7811 0.5231 0.3410
vn -0.8274 0.5541 -0.0911
vn -0.7811 0.5231 -0.3410
vn -0.6473 0.4335 -0.6269
vn -0.4629 0.3100 -0.8304
vn -0.2559 0.1714 -0.9514
vn -0.1084 0.0726 -0.9915
vn -0.0583 0.1452 -0.9877
vn -0.0422 -0.0698 0.9967
vn -0.1150 -0.1906 0.9749
vn -0.2148 -0.3559 0.9095
vn -0.3345 -0.5541 0.7623
vn -0.8274 0.5541 0.0911
vn -0.4585 -0.7596 0.4613
vn -0.5119 -0.8480 -0.1375
vn -0.4585 -0.7596 -0.4613
vn -0.3345 -0.5541 -0.7623
vn -0.2148 -0.3559 -0.9095
vn -0.1150 -0.1906 -0.9749
vn -0.0422 -0.0698 -0.9967
vn 0.1381 -0.2745 0.9516
vn 0.2635 -0.5240 0.8099
vn 0.3632 -0.7221 0.5887
vn 0.4272 -0.8495 0.3096
vn 0.4479 -0.8906 0.0785
vn -0.5119 -0.8480 0.1375
vn 0.4479 -0.8906 -0.0785
vn 0.4272 -0.8495 -0.3096
vn 0.3632 -0.7221 -0.5887
vn 0.2635 -0.5240 -0.8099
vn 0.1381 -0.2745 -0.9516
vn 0.1276 -0.2795 0.9516
vn 0.0703 -0.1397 0.9877
vn 0.2436 -0.5335 0.8100
vn 0.3357 -0.7353 0.5888
vn 0.3949 -0.8650 0.3096
vn 0.4141 -0.9069 0.0786
vn 0.4141 -0.9069 -0.0785
vn 0.3949 -0.8650 -0.3096
vn 0.3357 -0.7353 -0.5888
vn 0.2436 -0.5335 -0.8100
vn 0.0703 -0.1397 -0.9877
vn 0.1276 -0.2795 -0.9516
vn 0.1167 -0.2842 0.9516
vn 0.0650 -0.1423 0.9877
vn 0.2228 -0.5425 0.8100
vn 0.3070 -0.7477 0.5888
vn 0.3612 -0.8796 0.3096
vn 0.3787 -0.9222 0.0786
vn 0.3787 -0.9222 -0.0786
vn 0.3612 -0.8796 -0.3096
vn 0.3070 -0.7477 -0.5888
vn 0.2228 -0.5425 -0.8100
vn 0.0650 -0.1423 -0.9877
vn 0.1167 -0.2842 -0.9516
vn 0.1053 -0.2885 0.9517
vn 0.0594 -0.1447 0.9877
vn 0.2011 -0.5509 0.8100
vn 0.2771 -0.7593 0.5888
vn 0.3260 -0.8932 0.3097
vn 0.3418 -0.9365 0.0785
vn 0.3418 -0.9365 -0.0785
vn 0.3260 -0.8932 -0.3097
vn 0.2771 -0.7593 -0.5888
vn 0.2011 -0.5509 -0.8100
vn 0.0594 -0.1447 -0.9877
vn 0.1053 -0.2885 -0.9517
vn 0.0935 -0.2925 0.9517
vn 0.0536 -0.1469 0.9877
vn 0.1785 -0.5585 0.8100
vn 0.2460 -0.7699 0.5888
vn 0.2894 -0.9057 0.3097
vn 0.3035 -0.9496 0.0786
vn 0.3035 -0.9496 -0.0786
vn 0.2894 -0.9057 -0.3097
vn 0.2460 -0.7699 -0.5888
vn 0.1785 -0.5585 -0.8100
vn 0.0536 -0.1469 -0.9877
vn 0.0935 -0.2925 -0.9517
vn 0.0812 -0.2961 0.9517
vn 0.0476 -0.1490 0.9877
vn 0.1551 -0.5655 0.8101
vn 0.2138 -0.7795 0.5889
vn 0.2515 -0.9170 0.3097
vn 0.2637 -0.9614 0.0786
vn 0.2637 -0.9614 -0.0786
vn 0.2515 -0.9170 -0.3097
vn 0.2138 -0.7795 -0.5889
vn 0.1551 -0.5654 -0.8101
vn 0.0476 -0.1490 -0.9877
vn 0.0812 -0.2961 -0.9517
vn 0.0685 -0.2993 0.9517
vn 0.0414 -0.1508 0.9877
vn 0.1309 -0.5715 0.8101
vn 0.1804 -0.7878 0.5889
vn 0.2122 -0.9268 0.3097
vn 0.2225 -0.9718 0.0786
vn 0.2225 -0.9718 -0.0786
vn 0.2122 -0.9268 -0.3097
vn 0.1804 -0.7878 -0.5889
vn 0.1309 -0.5715 -0.8101
vn 0.0414 -0.1508 -0.9877
vn 0.0685 -0.2993 -0.9517
vn 0.0555 -0.3019 0.9517
vn 0.0349 -0.1525 0.9877
vn 0.1059 -0.5766 0.8101
vn 0.1460 -0.7949 0.5889
vn 0.1718 -0.9352 0.3097
vn 0.1801 -0.9805 0.0786
vn 0.1801 -0.9805 -0.0786
vn 0.1718 -0.9352 -0.3097
vn 0.1460 -0.7949 -0.5889
vn 0.1059 -0.5766 -0.8101
vn 0.0349 -0.1525 -0.9877
vn 0.0555 -0.3019 -0.9517
vn 0.0420 -0.3040 0.9517
vn 0.0283 -0.1538 0.9877
vn 0.0802 -0.5807 0.8101
vn 0.1106 -0.8006 0.5889
vn 0.1302 -0.9419 0.3097
vn 0.1365 -0.9875 0.0786
vn 0.1365 -0.9875 -0.0786
vn 0.1302 -0.9419 -0.3097
vn 0.1106 -0.8006 -0.5889
vn 0.0802 -0.5807 -0.8101
vn 0.0283 -0.1538 -0.9877
vn 0.0420 -0.3040 -0.9517
vn 0.0283 -0.3056 0.9517
vn 0.0214 -0.1549 0.9877
vn 0.0540 -0.5837 0.8102
vn 0.0744 -0.8047 0.5890
vn 0.0875 -0.9468 0.3098
vn 0.0918 -0.9927 0.0786
vn 0.0918 -0.9927 -0.0786
vn 0.0875 -0.9468 -0.3098
vn 0.0744 -0.8047 -0.5890
vn 0.0540 -0.5837 -0.8102
vn 0.0214 -0.1549 -0.9877
vn 0.0283 -0.3056 -0.9517
vn 0.0142 -0.3065 0.9518
vn 0.0144 -0.1557 0.9877
vn 0.0272 -0.5855 0.8102
vn 0.0375 -0.8073 0.5890
vn 0.0441 -0.9498 0.3098
vn 0.0462 -0.9958 0.0786
vn 0.0462 -0.9958 -0.0786
vn 0.0441 -0.9498 -0.3098
vn 0.0375 -0.8073 -0.5890
vn 0.0272 -0.5855 -0.8102
vn 0.0144 -0.1557 -0.9877
vn 0.0142 -0.3065 -0.9518
vn -0.0061 -0.3048 0.9524
vn 0.0073 -0.1562 0.9877
vn -0.0118 -0.5845 0.8113
vn -0.0163 -0.8071 0.5902
vn -0.0191 -0.9504 0.3105
vn -0.0201 -0.9967 0.0787
vn -0.0201 -0.9967 -0.0787
vn -0.0191 -0.9504 -0.3105
vn -0.0163 -0.8071 -0.5902
vn -0.0118 -0.5845 -0.8113
vn 0.0073 -0.1562 -0.9877
vn -0.0061 -0.3048 -0.9524
vn -0.0387 -0.3002 0.9531
vn -0.0031 -0.1563 0.9877
vn -0.0744 -0.5780 0.8126
vn -0.1030 -0.7996 0.5916
vn -0.1214 -0.9425 0.3115
vn -0.1273 -0.9887 0.0789
vn -0.1273 -0.9887 -0.0789
vn -0.1214 -0.9425 -0.3115
vn -0.1030 -0.7996 -0.5916
vn -0.0744 -0.5780 -0.8126
vn -0.0031 -0.1563 -0.9877
vn -0.0387 -0.3002 -0.9531
vn -0.0771 -0.2926 0.9531
vn -0.0199 -0.1548 0.9877
vn -0.1484 -0.5635 0.8127
vn -0.2053 -0.7796 0.5917
vn -0.2420 -0.9189 0.3115
vn -0.2539 -0.9640 0.0789
vn -0.2539 -0.9640 -0.0789
vn -0.2420 -0.9189 -0.3115
vn -0.2053 -0.7796 -0.5917
vn -0.1484 -0.5635 -0.8127
vn -0.0199 -0.1548 -0.9877
vn -0.0771 -0.2926 -0.9531
vn -0.1144 -0.2801 0.9531
vn -0.0398 -0.1510 0.9877
vn -0.2203 -0.5395 0.8127
vn -0.3048 -0.7463 0.5917
vn -0.3592 -0.8797 0.3115
vn -0.3769 -0.9229 0.0789
vn -0.3769 -0.9229 -0.0789
vn -0.3592 -0.8797 -0.3115
vn -0.3048 -0.7463 -0.5917
vn -0.2203 -0.5395 -0.8127
vn -0.0398 -0.1510 -0.9877
vn -0.1144 -0.2801 -0.9531
vn -0.1499 -0.2628 0.9531
vn -0.0590 -0.1445 0.9877
vn -0.2886 -0.5062 0.8127
vn -0.3993 -0.7003 0.5917
vn -0.4707 -0.8255 0.3115
vn -0.4938 -0.8660 0.0789
vn -0.4938 -0.8660 -0.0789
vn -0.4707 -0.8255 -0.3115
vn -0.3993 -0.7003 -0.5917
vn -0.2886 -0.5062 -0.8127
vn -0.0590 -0.1445 -0.9877
vn -0.1499 -0.2628 -0.9531
vn -0.1829 -0.2410 0.9531
vn -0.0773 -0.1356 0.9877
vn -0.3522 -0.4642 0.8127
vn -0.4873 -0.6422 0.5917
vn -0.5743 -0.7570 0.3115
vn -0.6025 -0.7942 0.0789
vn -0.6025 -0.7942 -0.0789
vn -0.5743 -0.7570 -0.3115
vn -0.4873 -0.6422 -0.5917
vn -0.3522 -0.4642 -0.8127
vn -0.0773 -0.1356 -0.9877
vn -0.1829 -0.2410 -0.9531
vn -0.2128 -0.2150 0.9531
vn -0.0944 -0.1244 0.9877
vn -0.4098 -0.4142 0.8127
vn -0.5670 -0.5730 0.5917
vn -0.6684 -0.6754 0.3115
vn -0.7012 -0.7086 0.0789
vn -0.7012 -0.7086 -0.0789
vn -0.6684 -0.6754 -0.3115
vn -0.5670 -0.5730 -0.5917
vn -0.4098 -0.4142 -0.8127
vn -0.0944 -0.1244 -0.9877
vn -0.2128 -0.2150 -0.9531
vn -0.2391 -0.1853 0.9532
vn -0.1098 -0.1110 0.9877
vn -0.4606 -0.3568 0.8127
vn -0.6373 -0.4937 0.5917
vn -0.7512 -0.5820 0.3115
vn -0.7881 -0.6105 0.0789
vn -0.7881 -0.6105 -0.0789
vn -0.7512 -0.5820 -0.3115
vn -0.6373 -0.4937 -0.5917
vn -0.4606 -0.3568 -0.8127
vn -0.1098 -0.1110 -0.9877
vn -0.2391 -0.1853 -0.9532
vn -0.2614 -0.1522 0.9532
vn -0.1234 -0.0956 0.9877
vn -0.5035 -0.2931 0.8127
vn -0.6967 -0.4056 0.5917
vn -0.8212 -0.4780 0.3116
vn -0.8615 -0.5015 0.0789
vn -0.8615 -0.5015 -0.0789
vn -0.8212 -0.4780 -0.3116
vn -0.6967 -0.4056 -0.5917
vn -0.5035 -0.2931 -0.8127
vn -0.1234 -0.0956 -0.9877
vn -0.2614 -0.1522 -0.9532
vn -0.2792 -0.1163 0.9532
vn -0.1349 -0.0785 0.9877
vn -0.5378 -0.2241 0.8127
vn -0.7441 -0.3100 0.5917
vn -0.8771 -0.3655 0.3116
vn -0.9202 -0.3834 0.0789
vn -0.9202 -0.3834 -0.0789
vn -0.8771 -0.3655 -0.3116
vn -0.7441 -0.3100 -0.5917
vn -0.5378 -0.2241 -0.8127
vn -0.1349 -0.0785 -0.9877
vn -0.2792 -0.1163 -0.9532
vn -0.1508 -0.0405 0.9877
vn -0.1441 -0.0600 0.9877
vn -0.2921 -0.0784 0.9532
vn -0.5627 -0.1511 0.8127
vn -0.7785 -0.2091 0.5917
vn -0.9177 -0.2464 0.3116
vn -0.9628 -0.2585 -0.0789
vn -0.9177 -0.2464 -0.3116
vn -0.7785 -0.2091 -0.5917
vn -0.5627 -0.1511 -0.8127
vn -0.2921 -0.0784 -0.9532
vn -0.1508 -0.0405 -0.9877
vn -0.1441 -0.0600 -0.9877
vn -0.1548 -0.0203 0.9877
vn -0.2999 -0.0394 0.9531
vn -0.5777 -0.0758 0.8127
vn -0.7993 -0.1049 0.5917
vn -0.9628 -0.2585 0.0789
vn -0.9422 -0.1236 0.3115
vn -0.9884 -0.1297 -0.0789
vn -0.9422 -0.1236 -0.3115
vn -0.7993 -0.1049 -0.5917
vn -0.5777 -0.0758 -0.8127
vn -0.2999 -0.0394 -0.9531
vn -0.1548 -0.0203 -0.9877
vn -0.1561 -0.0001 0.9877
vn -0.3027 -0.0003 0.9531
vn -0.5828 -0.0005 0.8126
vn -0.8062 -0.0007 0.5916
vn -0.9884 -0.1297 0.0789
vn -0.9503 -0.0008 0.3115
vn -0.9969 -0.0009 -0.0789
vn -0.9503 -0.0008 -0.3115
vn -0.8062 -0.0007 -0.5916
vn -0.5828 -0.0005 -0.8126
vn -0.3027 -0.0003 -0.9531
vn -0.1561 -0.0001 -0.9877
vn -0.3001 0.0387 0.9531
vn -0.5779 0.0746 0.8127
vn -0.7995 0.1032 0.5917
vn -0.9424 0.1217 0.3115
vn -0.9887 0.1277 0.0789
vn -0.9969 -0.0009 0.0789
vn -0.9887 0.1277 -0.0789
vn -0.9424 0.1217 -0.3115
vn -0.7995 0.1032 -0.5917
vn -0.5779 0.0746 -0.8127
vn -0.3001 0.0387 -0.9531
vn -0.2920 0.0782 0.9532
vn -0.1548 0.0200 0.9877
vn -0.5627 0.1506 0.8128
vn -0.7786 0.2084 0.5919
vn -0.9179 0.2457 0.3116
vn -0.9630 0.2578 0.0789
vn -0.9630 0.2578 -0.0789
vn -0.9179 0.2457 -0.3116
vn -0.7786 0.2084 -0.5919
vn -0.5627 0.1506 -0.8128
vn -0.1548 0.0200 -0.9877
vn -0.2920 0.0782 -0.9532
vn -0.2784 0.1172 0.9533
vn -0.1508 0.0404 0.9877
vn -0.5367 0.2260 0.8129
vn -0.7428 0.3128 0.5920
vn -0.8757 0.3687 0.3117
vn -0.9188 0.3868 0.0789
vn -0.9188 0.3869 -0.0789
vn -0.8757 0.3687 -0.3117
vn -0.7428 0.3128 -0.5920
vn -0.5367 0.2260 -0.8129
vn -0.1508 0.0404 -0.9877
vn -0.2784 0.1172 -0.9533
vn -0.2594 0.1547 0.9533
vn -0.1438 0.0606 0.9877
vn -0.5001 0.2983 0.8130
vn -0.6921 0.4129 0.5920
vn -0.8160 0.4867 0.3117
vn -0.8561 0.5107 0.0789
vn -0.8561 0.5107 -0.0789
vn -0.8160 0.4867 -0.3117
vn -0.6921 0.4129 -0.5920
vn -0.5001 0.2983 -0.8130
vn -0.1438 0.0606 -0.9877
vn -0.2594 0.1547 -0.9533
vn -0.1216 0.0979 0.9877
vn -0.1340 0.0799 0.9877
vn -0.2353 0.1894 0.9533
vn -0.4536 0.3651 0.8130
vn -0.6278 0.5054 0.5920
vn -0.7401 0.5958 0.3117
vn -0.7765 0.6251 -0.0789
vn -0.7401 0.5958 -0.3117
vn -0.6278 0.5054 -0.5920
vn -0.4536 0.3651 -0.8130
vn -0.2353 0.1894 -0.9533
vn -0.1216 0.0979 -0.9877
vn -0.1340 0.0799 -0.9877
vn -0.1068 0.1138 0.9877
vn -0.2068 0.2203 0.9533
vn -0.3987 0.4245 0.8129
vn -0.5517 0.5875 0.5920
vn -0.7765 0.6251 0.0789
vn -0.6504 0.6927 0.3117
vn -0.6824 0.7267 -0.0789
vn -0.6504 0.6927 -0.3117
vn -0.5517 0.5875 -0.5920
vn -0.3987 0.4245 -0.8129
vn -0.2068 0.2203 -0.9533
vn -0.1068 0.1138 -0.9877
vn -0.0903 0.1273 0.9877
vn -0.1750 0.2465 0.9532
vn -0.3372 0.4750 0.8128
vn -0.4666 0.6573 0.5918
vn -0.6824 0.7267 0.0789
vn -0.5500 0.7748 0.3116
vn -0.5770 0.8129 -0.0789
vn -0.5500 0.7748 -0.3116
vn -0.4666 0.6573 -0.5918
vn -0.3372 0.4750 -0.8128
vn -0.1750 0.2465 -0.9532
vn -0.0903 0.1273 -0.9877
vn -0.0727 0.1382 0.9877
vn -0.1408 0.2678 0.9531
vn -0.2712 0.5157 0.8127
vn -0.3753 0.7135 0.5917
vn -0.5770 0.8129 0.0789
vn -0.4423 0.8410 0.3115
vn -0.4640 0.8823 -0.0789
vn -0.4423 0.8410 -0.3115
vn -0.3753 0.7135 -0.5917
vn -0.2712 0.5157 -0.8127
vn -0.1408 0.2678 -0.9531
vn -0.0727 0.1382 -0.9877
vn -0.0543 0.1464 0.9877
vn -0.1054 0.2839 0.9531
vn -0.2029 0.5465 0.8125
vn -0.2806 0.7559 0.5915
vn -0.4640 0.8823 0.0789
vn -0.3307 0.8909 0.3114
vn -0.3469 0.9346 -0.0789
vn -0.3307 0.8909 -0.3114
vn -0.2806 0.7559 -0.5915
vn -0.2029 0.5465 -0.8125
vn -0.1054 0.2839 -0.9531
vn -0.0543 0.1464 -0.9877
vn -0.0359 0.1520 0.9877
vn -0.0696 0.2950 0.9530
vn -0.1339 0.5675 0.8124
vn -0.1852 0.7849 0.5913
vn -0.3469 0.9346 0.0789
vn -0.2183 0.9249 0.3113
vn -0.2290 0.9702 -0.0788
vn -0.2183 0.9249 -0.3113
vn -0.1852 0.7849 -0.5913
vn -0.1339 0.5675 -0.8124
vn -0.0696 0.2950 -0.9530
vn -0.0359 0.1520 -0.9877
vn -0.0177 0.1552 0.9877
vn -0.0343 0.3014 0.9529
vn -0.0660 0.5796 0.8122
vn -0.0912 0.8014 0.5912
vn -0.2290 0.9702 0.0788
vn -0.1075 0.9443 0.3112
vn -0.1128 0.9905 -0.0788
vn -0.1075 0.9443 -0.3112
vn -0.0912 0.8014 -0.5912
vn -0.0660 0.5796 -0.8122
vn -0.0343 0.3014 -0.9529
vn -0.0177 0.1552 -0.9877
vn -0.0029 0.1563 0.9877
vn -0.0056 0.3054 0.9522
vn -0.0108 0.5850 0.8110
vn -0.0149 0.8074 0.5898
vn -0.1128 0.9905 0.0788
vn -0.0175 0.9505 0.3103
vn -0.0184 0.9967 -0.0787
vn -0.0175 0.9505 -0.3103
vn -0.0149 0.8074 -0.5898
vn -0.0108 0.5850 -0.8110
vn -0.0056 0.3054 -0.9522
vn -0.0029 0.1563 -0.9877
vn 0.0058 0.1563 0.9877
vn 0.0113 0.3071 0.9516
vn 0.0216 0.5861 0.8099
vn 0.0298 0.8078 0.5887
vn -0.0184 0.9967 0.0787
vn 0.0350 0.9502 0.3096
vn 0.0367 0.9962 -0.0785
vn 0.0350 0.9502 -0.3096
vn 0.0298 0.8078 -0.5887
vn 0.0216 0.5861 -0.8099
vn 0.0113 0.3071 -0.9516
vn 0.0058 0.1563 -0.9877
vn 0.0113 0.1560 0.9877
vn 0.0223 0.3066 0.9516
vn 0.0425 0.5851 0.8099
vn 0.0585 0.8063 0.5887
vn 0.0367 0.9962 0.0785
vn 0.0688 0.9484 0.3096
vn 0.0722 0.9943 -0.0785
vn 0.0688 0.9484 -0.3096
vn 0.0585 0.8063 -0.5887
vn 0.0425 0.5851 -0.8099
vn 0.0223 0.3066 -0.9516
vn 0.0113 0.1560 -0.9877
vn 0.0166 0.1555 0.9877
vn 0.0327 0.3058 0.9516
vn 0.0623 0.5833 0.8098
vn 0.0858 0.8038 0.5886
vn 0.0722 0.9943 0.0785
vn 0.1010 0.9455 0.3095
vn 0.1059 0.9913 -0.0785
vn 0.1010 0.9455 -0.3095
vn 0.0858 0.8038 -0.5886
vn 0.0623 0.5833 -0.8098
vn 0.0327 0.3058 -0.9516
vn 0.0166 0.1555 -0.9877
vn 0.0216 0.1549 0.9877
vn 0.0424 0.3046 0.9515
vn 0.0810 0.5811 0.8098
vn 0.1115 0.8007 0.5886
vn 0.1059 0.9913 0.0785
vn 0.1312 0.9418 0.3095
vn 0.1376 0.9874 -0.0785
vn 0.1312 0.9418 -0.3095
vn 0.1115 0.8007 -0.5886
vn 0.0810 0.5811 -0.8098
vn 0.0424 0.3046 -0.9515
vn 0.0216 0.1549 -0.9877
vn 0.0262 0.1542 0.9877
vn 0.0516 0.3033 0.9515
vn 0.0983 0.5785 0.8097
vn 0.1355 0.7971 0.5885
vn 0.1376 0.9874 0.0785
vn 0.1593 0.9375 0.3095
vn 0.1670 0.9828 -0.0785
vn 0.1593 0.9375 -0.3095
vn 0.1355 0.7971 -0.5885
vn 0.0983 0.5785 -0.8097
vn 0.0516 0.3033 -0.9515
vn 0.0262 0.1542 -0.9877
vn 0.0305 0.1534 0.9877
vn 0.0599 0.3019 0.9515
vn 0.1143 0.5757 0.8097
vn 0.1575 0.7931 0.5884
vn 0.1670 0.9828 0.0785
vn 0.1852 0.9327 0.3094
vn 0.1941 0.9778 -0.0785
vn 0.1852 0.9327 -0.3094
vn 0.1575 0.7931 -0.5884
vn 0.1143 0.5757 -0.8097
vn 0.0599 0.3019 -0.9515
vn 0.0305 0.1534 -0.9877
vn 0.0343 0.1526 0.9877
vn 0.0676 0.3004 0.9514
vn 0.1288 0.5727 0.8096
vn 0.1774 0.7889 0.5884
vn 0.1941 0.9778 0.0785
vn 0.2087 0.9278 0.3094
vn 0.2188 0.9726 -0.0785
vn 0.2087 0.9278 -0.3094
vn 0.1774 0.7889 -0.5884
vn 0.1288 0.5727 -0.8096
vn 0.0676 0.3004 -0.9514
vn 0.0343 0.1526 -0.9877
vn 0.0378 0.1518 0.9877
vn 0.0744 0.2989 0.9514
vn 0.1418 0.5697 0.8095
vn 0.1954 0.7847 0.5883
vn 0.2188 0.9726 0.0785
vn 0.2297 0.9228 0.3093
vn 0.2408 0.9674 -0.0785
vn 0.2297 0.9228 -0.3093
vn 0.1954 0.7847 -0.5883
vn 0.1418 0.5697 -0.8095
vn 0.0744 0.2989 -0.9514
vn 0.0378 0.1518 -0.9877
vn 0.0408 0.1510 0.9877
vn 0.0805 0.2975 0.9513
vn 0.1533 0.5668 0.8095
vn 0.2111 0.7806 0.5882
vn 0.2408 0.9674 0.0785
vn 0.2483 0.9180 0.3093
vn 0.2603 0.9623 -0.0785
vn 0.2483 0.9180 -0.3093
vn 0.2111 0.7806 -0.5882
vn 0.1533 0.5668 -0.8095
vn 0.0805 0.2975 -0.9513
vn 0.0408 0.1510 -0.9877
vn 0.0435 0.1503 0.9877
vn 0.0857 0.2961 0.9513
vn 0.1632 0.5641 0.8094
vn 0.2248 0.7769 0.5882
vn 0.2603 0.9623 0.0785
vn 0.2643 0.9135 0.3093
vn 0.2771 0.9576 -0.0785
vn 0.2643 0.9135 -0.3093
vn 0.2248 0.7769 -0.5882
vn 0.1632 0.5641 -0.8094
vn 0.0857 0.2961 -0.9513
vn 0.0435 0.1503 -0.9877
vn 0.0457 0.1496 0.9877
vn 0.0901 0.2950 0.9513
vn -0.9578 0.2384 0.1603
vn -0.9378 0.3273 0.1161
vn 0.2771 0.9576 0.0785
vn -0.9260 0.3726 0.0615
vn -0.9413 0.3376 -0.0076
vn -0.9260 0.3726 -0.0615
vn -0.9378 0.3273 -0.1162
vn -0.9576 0.2396 -0.1600
vn 0.0901 0.2950 -0.9513
vn 0.0457 0.1496 -0.9877
vn 0.1652 0.1214 0.9788
vn 0.5386 -0.8268 0.1620
vn 0.6096 -0.7822 0.1285
vn -0.9417 0.3364 0.0075
vn 0.6530 -0.7538 0.0730
vn 0.6311 -0.7756 -0.0097
vn 0.6530 -0.7538 -0.0730
vn 0.6096 -0.7822 -0.1285
vn 0.5386 -0.8268 -0.1620
vn 0.1652 0.1214 -0.9788
vn 0.1203 -0.1203 0.9854
vn 0.1020 0.0750 0.9920
vn 0.2882 -0.2882 0.9132
vn 0.4666 -0.4666 0.7513
vn 0.6319 -0.6319 0.4487
vn 0.7023 -0.7024 0.1158
vn 0.6311 -0.7756 0.0097
vn 0.7023 -0.7024 -0.1158
vn 0.6319 -0.6319 -0.4487
vn 0.4666 -0.4666 -0.7513
vn 0.2882 -0.2882 -0.9132
vn 0.1020 0.0750 -0.9920
vn 0.1203 -0.1203 -0.9854
vn 0.0787 -0.0787 0.9938
vn 0.1980 -0.1980 0.9600
vn 0.3610 -0.3610 0.8599
vn 0.5226 -0.5226 0.6736
vn 0.6543 -0.6543 0.3793
vn 0.7032 -0.7032 -0.1049
vn 0.6543 -0.6543 -0.3793
vn 0.5226 -0.5226 -0.6736
vn 0.3610 -0.3610 -0.8599
vn 0.1980 -0.1980 -0.9600
vn 0.0787 -0.0787 -0.9938
vn 0.0787 0.0787 0.9938
vn 0.3610 0.3610 0.8599
vn 0.5226 0.5226 0.6736
vn 0.6543 0.6543 0.3793
vn 0.7032 0.7032 0.1049
vn 0.7032 -0.7032 0.1049
vn 0.7032 0.7032 -0.1049
vn 0.6543 0.6543 -0.3793
vn 0.5226 0.5226 -0.6736
vn 0.3610 0.3610 -0.8599
vn 0.1980 0.1980 -0.9600
vn 0.0787 0.0787 -0.9938
vn -0.1980 0.1980 0.9600
vn 0.1980 0.1980 0.9600
vn -0.5226 0.5226 0.6736
vn -0.6543 0.6543 0.3792
vn -0.7032 0.7032 0.1049
vn -0.7032 0.7032 -0.1049
vn -0.6543 0.6543 -0.3793
vn -0.3610 0.3610 -0.8599
vn -0.1980 0.1980 -0.9600
vn -0.0787 0.0787 -0.9938
vn -0.2572 -0.1703 0.9512
vn -0.0787 0.0787 0.9938
vn -0.4653 -0.3081 0.8298
vn -0.3610 0.3610 0.8599
vn -0.6502 -0.4306 0.6259
vn -0.7840 -0.5192 0.3402
vn -0.8303 -0.5498 0.0908
vn -0.8303 -0.5498 -0.0908
vn -0.5226 0.5226 -0.6736
vn -0.7840 -0.5192 -0.3402
vn -0.6502 -0.4306 -0.6259
vn -0.4653 -0.3081 -0.8298
vn -0.2572 -0.1703 -0.9512
vn -0.1092 -0.0723 0.9914
vn -0.1092 -0.0723 -0.9914
vn -0.1671 -0.2607 0.9508
vn -0.0820 -0.1332 0.9877
vn -0.0844 -0.1317 0.9877
vn -0.3174 -0.4953 0.8087
vn -0.1625 -0.2639 0.9508
vn -0.4366 -0.6814 0.5875
vn -0.3086 -0.5011 0.8085
vn -0.5131 -0.8008 0.3088
vn -0.4244 -0.6892 0.5873
vn -0.5378 -0.8394 0.0784
vn -0.4988 -0.8099 0.3087
vn -0.5228 -0.8489 -0.0784
vn -0.5378 -0.8394 -0.0784
vn -0.4988 -0.8099 -0.3087
vn -0.5131 -0.8008 -0.3088
vn -0.4244 -0.6892 -0.5873
vn -0.4366 -0.6814 -0.5875
vn -0.3086 -0.5011 -0.8085
vn -0.3174 -0.4953 -0.8087
vn -0.1625 -0.2639 -0.9508
vn -0.1671 -0.2607 -0.9508
vn -0.0820 -0.1332 -0.9877
vn -0.0844 -0.1317 -0.9877
vn -0.0786 -0.1352 0.9877
vn -0.1560 -0.2683 0.9506
vn -0.2959 -0.5089 0.8084
vn -0.4069 -0.6998 0.5871
vn -0.5228 -0.8489 0.0784
vn -0.4782 -0.8223 0.3086
vn -0.5011 -0.8618 -0.0784
vn -0.4782 -0.8223 -0.3086
vn -0.4069 -0.6998 -0.5871
vn -0.2959 -0.5089 -0.8084
vn -0.1560 -0.2683 -0.9506
vn -0.0786 -0.1352 -0.9877
vn -0.0740 -0.1378 0.9877
vn -0.1469 -0.2738 0.9505
vn -0.2785 -0.5190 0.8081
vn -0.3829 -0.7134 0.5869
vn -0.5011 -0.8618 0.0784
vn -0.4498 -0.8381 0.3085
vn -0.4714 -0.8784 -0.0784
vn -0.4498 -0.8381 -0.3085
vn -0.3829 -0.7134 -0.5869
vn -0.2785 -0.5190 -0.8081
vn -0.1469 -0.2738 -0.9505
vn -0.0740 -0.1378 -0.9877
vn -0.0678 -0.1409 0.9877
vn -0.1349 -0.2804 0.9504
vn -0.2555 -0.5310 0.8079
vn -0.3511 -0.7297 0.5867
vn -0.4714 -0.8784 0.0784
vn -0.4125 -0.8572 0.3084
vn -0.4323 -0.8983 -0.0784
vn -0.4125 -0.8572 -0.3084
vn -0.3511 -0.7297 -0.5867
vn -0.2555 -0.5310 -0.8079
vn -0.1349 -0.2804 -0.9504
vn -0.0678 -0.1409 -0.9877
vn -0.0601 -0.1444 0.9877
vn -0.1197 -0.2877 0.9502
vn -0.2264 -0.5443 0.8077
vn -0.3111 -0.7478 0.5865
vn -0.4323 -0.8983 0.0784
vn -0.3654 -0.8783 0.3083
vn -0.3829 -0.9205 -0.0784
vn -0.3654 -0.8783 -0.3083
vn -0.3111 -0.7478 -0.5865
vn -0.2264 -0.5443 -0.8077
vn -0.1197 -0.2877 -0.9502
vn -0.0601 -0.1444 -0.9877
vn -0.0508 -0.1479 0.9877
vn -0.1013 -0.2950 0.9501
vn -0.1915 -0.5578 0.8076
vn -0.2630 -0.7661 0.5864
vn -0.3829 -0.9205 0.0784
vn -0.3089 -0.8998 0.3082
vn -0.3237 -0.9429 -0.0784
vn -0.3089 -0.8998 -0.3082
vn -0.2630 -0.7661 -0.5864
vn -0.1915 -0.5578 -0.8076
vn -0.1013 -0.2950 -0.9501
vn -0.0508 -0.1479 -0.9877
vn -0.0403 -0.1511 0.9877
vn -0.0804 -0.3016 0.9500
vn -0.1520 -0.5700 0.8075
vn -0.2087 -0.7827 0.5863
vn -0.3237 -0.9429 0.0784
vn -0.2451 -0.9192 0.3081
vn -0.2569 -0.9633 -0.0784
vn -0.2451 -0.9192 -0.3081
vn -0.2087 -0.7827 -0.5863
vn -0.1520 -0.5700 -0.8075
vn -0.0804 -0.3016 -0.9500
vn -0.0403 -0.1511 -0.9877
vn -0.0292 -0.1536 0.9877
vn -0.0583 -0.3066 0.9500
vn -0.1103 -0.5795 0.8075
vn -0.1514 -0.7958 0.5863
vn -0.2569 -0.9633 0.0784
vn -0.1779 -0.9346 0.3081
vn -0.1864 -0.9793 -0.0784
vn -0.1779 -0.9346 -0.3081
vn -0.1514 -0.7958 -0.5863
vn -0.1103 -0.5795 -0.8075
vn -0.0583 -0.3066 -0.9500
vn -0.0292 -0.1536 -0.9877
vn -0.0367 -0.3097 0.9501
vn -0.0694 -0.5857 0.8076
vn -0.0953 -0.8044 0.5864
vn -0.1120 -0.9447 0.3082
vn -0.1173 -0.9900 0.0784
vn -0.1864 -0.9793 0.0784
vn -0.1173 -0.9900 -0.0784
vn -0.1120 -0.9447 -0.3082
vn -0.0953 -0.8044 -0.5864
vn -0.0694 -0.5857 -0.8076
vn -0.0367 -0.3097 -0.9501
vn -0.0171 -0.3111 0.9502
vn -0.0184 -0.1553 0.9877
vn -0.0323 -0.5887 0.8077
vn -0.0444 -0.8087 0.5866
vn -0.0521 -0.9499 0.3083
vn -0.0546 -0.9954 0.0784
vn -0.0546 -0.9954 -0.0784
vn -0.0521 -0.9499 -0.3083
vn -0.0444 -0.8087 -0.5866
vn -0.0323 -0.5887 -0.8077
vn -0.0184 -0.1553 -0.9877
vn -0.0171 -0.3111 -0.9502
vn 0.0009 -0.3115 0.9503
vn -0.0086 -0.1561 0.9877
vn 0.0017 -0.5895 0.8078
vn 0.0024 -0.8099 0.5866
vn 0.0028 -0.9513 0.3083
vn 0.0029 -0.9969 0.0784
vn 0.0029 -0.9969 -0.0784
vn 0.0028 -0.9513 -0.3083
vn 0.0024 -0.8099 -0.5866
vn 0.0017 -0.5895 -0.8078
vn -0.0086 -0.1561 -0.9877
vn 0.0009 -0.3115 -0.9503
vn 0.0105 -0.1560 0.9877
vn 0.0005 -0.1564 0.9877
vn 0.0209 -0.3114 0.9501
vn 0.0395 -0.5885 0.8075
vn 0.0543 -0.8082 0.5863
vn 0.0637 -0.9492 0.3081
vn 0.0668 -0.9947 -0.0784
vn 0.0637 -0.9492 -0.3081
vn 0.0543 -0.8082 -0.5863
vn 0.0395 -0.5885 -0.8075
vn 0.0209 -0.3114 -0.9501
vn 0.0105 -0.1560 -0.9877
vn 0.0005 -0.1564 -0.9877
vn 0.0226 -0.1547 0.9877
vn 0.0452 -0.3093 0.9499
vn 0.0853 -0.5840 0.8073
vn 0.1171 -0.8017 0.5861
vn 0.0668 -0.9947 0.0784
vn 0.1374 -0.9414 0.3080
vn 0.1440 -0.9865 -0.0784
vn 0.1374 -0.9414 -0.3080
vn 0.1171 -0.8017 -0.5861
vn 0.0853 -0.5840 -0.8073
vn 0.0452 -0.3093 -0.9499
vn 0.0226 -0.1547 -0.9877
vn 0.0366 -0.1519 0.9877
vn 0.0734 -0.3044 0.9497
vn 0.1385 -0.5741 0.8070
vn 0.1900 -0.7878 0.5859
vn 0.1440 -0.9865 0.0784
vn 0.2231 -0.9249 0.3079
vn 0.2337 -0.9691 -0.0784
vn 0.2231 -0.9249 -0.3079
vn 0.1900 -0.7878 -0.5859
vn 0.1385 -0.5741 -0.8070
vn 0.0734 -0.3044 -0.9497
vn 0.0366 -0.1519 -0.9877
vn 0.0525 -0.1471 0.9877
vn 0.1054 -0.2954 0.9495
vn 0.1986 -0.5565 0.8068
vn 0.2724 -0.7634 0.5857
vn 0.2337 -0.9691 0.0784
vn 0.3198 -0.8961 0.3078
vn 0.3351 -0.9389 -0.0784
vn 0.3198 -0.8961 -0.3078
vn 0.2724 -0.7634 -0.5857
vn 0.1986 -0.5565 -0.8068
vn 0.1054 -0.2954 -0.9495
vn 0.0525 -0.1471 -0.9877
vn 0.0697 -0.1397 0.9877
vn 0.1403 -0.2811 0.9494
vn 0.2639 -0.5290 0.8066
vn 0.3619 -0.7254 0.5855
vn 0.3351 -0.9389 0.0784
vn 0.4248 -0.8514 0.3077
vn 0.4451 -0.8921 -0.0784
vn 0.4248 -0.8514 -0.3077
vn 0.3619 -0.7254 -0.5855
vn 0.2639 -0.5290 -0.8066
vn 0.1403 -0.2811 -0.9494
vn 0.0697 -0.1397 -0.9877
vn 0.0874 -0.1293 0.9877
vn 0.1760 -0.2606 0.9493
vn 0.3310 -0.4900 0.8064
vn 0.4538 -0.6718 0.5854
vn 0.4451 -0.8921 0.0784
vn 0.5326 -0.7885 0.3077
vn 0.5580 -0.8261 -0.0784
vn 0.5326 -0.7885 -0.3077
vn 0.4538 -0.6718 -0.5854
vn 0.3310 -0.4900 -0.8064
vn 0.1760 -0.2606 -0.9493
vn 0.0874 -0.1293 -0.9877
vn 0.1043 -0.1161 0.9877
vn 0.2102 -0.2341 0.9492
vn 0.3952 -0.4400 0.8064
vn 0.5418 -0.6032 0.5854
vn 0.5580 -0.8261 0.0784
vn 0.6358 -0.7079 0.3076
vn 0.6662 -0.7417 -0.0784
vn 0.6358 -0.7079 -0.3076
vn 0.5418 -0.6032 -0.5854
vn 0.3952 -0.4400 -0.8064
vn 0.2102 -0.2341 -0.9492
vn 0.1043 -0.1161 -0.9877
vn 0.2404 -0.2028 0.9493
vn 0.4520 -0.3813 0.8064
vn 0.6196 -0.5228 0.5854
vn 0.7272 -0.6136 0.3077
vn 0.7619 -0.6429 0.0784
vn 0.6662 -0.7417 0.0784
vn 0.7619 -0.6429 -0.0784
vn 0.7272 -0.6136 -0.3077
vn 0.6196 -0.5228 -0.5854
vn 0.4520 -0.3813 -0.8064
vn 0.2404 -0.2028 -0.9493
vn 0.2647 -0.1692 0.9494
vn 0.1193 -0.1007 0.9877
vn 0.4981 -0.3184 0.8065
vn 0.6831 -0.4366 0.5855
vn 0.8017 -0.5124 0.3077
vn 0.8400 -0.5369 0.0784
vn 0.8400 -0.5369 -0.0784
vn 0.8017 -0.5124 -0.3077
vn 0.6831 -0.4366 -0.5855
vn 0.4981 -0.3184 -0.8065
vn 0.1193 -0.1007 -0.9877
vn 0.2647 -0.1692 -0.9494
vn 0.2828 -0.1357 0.9495
vn 0.1315 -0.0841 0.9877
vn 0.5327 -0.2557 0.8067
vn 0.7308 -0.3507 0.5857
vn 0.8578 -0.4116 0.3078
vn 0.8988 -0.4313 0.0784
vn 0.8988 -0.4313 -0.0784
vn 0.8578 -0.4116 -0.3078
vn 0.7308 -0.3507 -0.5857
vn 0.5327 -0.2557 -0.8067
vn 0.1315 -0.0841 -0.9877
vn 0.2828 -0.1357 -0.9495
vn -0.0836 -0.9802 -0.1795
vn 0.1408 -0.0676 0.9877
vn -0.2799 -0.9468 -0.1585
vn -0.3663 -0.9232 -0.1160
vn -0.4106 -0.9098 -0.0610
vn -0.3790 -0.9254 -0.0077
vn -0.3790 -0.9254 0.0077
vn -0.4106 -0.9098 0.0610
vn -0.3663 -0.9232 0.1160
vn -0.2799 -0.9468 0.1585
vn 0.1408 -0.0676 -0.9877
vn -0.0837 -0.9801 0.1799
vn 0.0280 -0.0854 0.9960
vn 0.1473 -0.0521 0.9877
vn -0.0747 0.2282 -0.9708
vn -0.1384 0.4229 -0.8955
vn -0.2107 0.6438 -0.7356
vn -0.2801 0.8557 -0.4350
vn -0.3086 0.9427 0.1266
vn -0.2801 0.8557 0.4350
vn -0.2107 0.6438 0.7356
vn -0.1384 0.4229 0.8955
vn -0.0747 0.2282 0.9708
vn 0.1473 -0.0521 -0.9877
vn -0.0914 -0.1269 0.9877
vn 0.7699 -0.6181 -0.1588
vn 0.8274 -0.5494 -0.1163
vn 0.8559 -0.5136 -0.0609
vn 0.8387 -0.5445 -0.0077
vn -0.3086 0.9427 -0.1266
vn 0.8387 -0.5445 0.0077
vn 0.8559 -0.5136 0.0609
vn 0.8274 -0.5494 0.1163
vn 0.7699 -0.6181 0.1588
vn 0.0280 -0.0854 -0.9960
vn 0.6275 -0.7579 0.1785
vn 0.6281 -0.7572 -0.1791
vn -0.0851 -0.1312 0.9877
vn -0.1693 -0.2611 0.9503
vn -0.3206 -0.4945 0.8079
vn -0.4405 -0.6795 0.5867
vn -0.5175 -0.7982 0.3084
vn -0.5423 -0.8365 -0.0784
vn -0.5175 -0.7982 -0.3084
vn -0.4405 -0.6795 -0.5867
vn -0.3206 -0.4945 -0.8079
vn -0.1693 -0.2611 -0.9503
vn -0.0851 -0.1312 -0.9877
vn -0.0914 -0.1269 -0.9877
vn -0.0783 -0.1354 0.9877
vn -0.1558 -0.2695 0.9503
vn -0.2950 -0.5102 0.8079
vn -0.4053 -0.7011 0.5867
vn -0.5423 -0.8365 0.0784
vn -0.4761 -0.8236 0.3083
vn -0.4989 -0.8631 -0.0784
vn -0.4761 -0.8236 -0.3083
vn -0.4053 -0.7011 -0.5867
vn -0.2950 -0.5102 -0.8079
vn -0.1558 -0.2695 -0.9503
vn -0.0783 -0.1354 -0.9877
vn -0.0710 -0.1393 0.9877
vn -0.1413 -0.2774 0.9503
vn -0.2675 -0.5252 0.8078
vn -0.3676 -0.7216 0.5866
vn -0.4989 -0.8631 0.0784
vn -0.4318 -0.8476 0.3083
vn -0.4525 -0.8883 -0.0784
vn -0.4318 -0.8476 -0.3083
vn -0.3676 -0.7216 -0.5866
vn -0.2675 -0.5252 -0.8078
vn -0.1413 -0.2774 -0.9503
vn -0.0710 -0.1393 -0.9877
vn -0.0632 -0.1430 0.9877
vn -0.1260 -0.2848 0.9503
vn -0.2384 -0.5391 0.8078
vn -0.3276 -0.7407 0.5866
vn -0.4525 -0.8883 0.0784
vn -0.3848 -0.8700 0.3083
vn -0.4032 -0.9117 -0.0784
vn -0.3848 -0.8700 -0.3083
vn -0.3276 -0.7407 -0.5866
vn -0.2384 -0.5391 -0.8078
vn -0.1260 -0.2848 -0.9503
vn -0.0632 -0.1430 -0.9877
vn -0.0551 -0.1464 0.9877
vn -0.1097 -0.2915 0.9503
vn -0.2076 -0.5517 0.8078
vn -0.2853 -0.7580 0.5866
vn -0.4032 -0.9117 0.0784
vn -0.3351 -0.8903 0.3083
vn -0.3512 -0.9330 -0.0784
vn -0.3351 -0.8903 -0.3083
vn -0.2853 -0.7580 -0.5866
vn -0.2076 -0.5517 -0.8078
vn -0.1097 -0.2915 -0.9503
vn -0.0551 -0.1464 -0.9877
vn -0.0465 -0.1493 0.9877
vn -0.0927 -0.2974 0.9502
vn -0.1754 -0.5628 0.8077
vn -0.2409 -0.7732 0.5866
vn -0.3512 -0.9330 0.0784
vn -0.2830 -0.9082 0.3083
vn -0.2966 -0.9518 -0.0784
vn -0.2830 -0.9082 -0.3083
vn -0.2409 -0.7732 -0.5866
vn -0.1754 -0.5628 -0.8077
vn -0.0927 -0.2974 -0.9502
vn -0.0465 -0.1493 -0.9877
vn -0.0376 -0.1518 0.9877
vn -0.0750 -0.3024 0.9502
vn -0.1418 -0.5722 0.8077
vn -0.1948 -0.7861 0.5865
vn -0.2966 -0.9518 0.0784
vn -0.2289 -0.9234 0.3083
vn -0.2398 -0.9676 -0.0784
vn -0.2289 -0.9234 -0.3083
vn -0.1948 -0.7861 -0.5865
vn -0.1418 -0.5722 -0.8077
vn -0.0750 -0.3024 -0.9502
vn -0.0376 -0.1518 -0.9877
vn -0.0284 -0.1538 0.9877
vn -0.0567 -0.3064 0.9502
vn -0.1072 -0.5797 0.8077
vn -0.1473 -0.7964 0.5865
vn -0.2398 -0.9676 0.0784
vn -0.1730 -0.9354 0.3083
vn -0.1813 -0.9803 -0.0784
vn -0.1730 -0.9354 -0.3083
vn -0.1473 -0.7964 -0.5865
vn -0.1072 -0.5797 -0.8077
vn -0.0567 -0.3064 -0.9502
vn -0.0284 -0.1538 -0.9877
vn -0.0191 -0.1552 0.9877
vn -0.0380 -0.3093 0.9502
vn -0.0718 -0.5852 0.8077
vn -0.0987 -0.8039 0.5865
vn -0.1813 -0.9803 0.0784
vn -0.1159 -0.9442 0.3083
vn -0.1215 -0.9895 -0.0784
vn -0.1159 -0.9442 -0.3083
vn -0.0987 -0.8039 -0.5865
vn -0.0718 -0.5852 -0.8077
vn -0.0380 -0.3093 -0.9502
vn -0.0191 -0.1552 -0.9877
vn -0.0095 -0.1561 0.9877
vn -0.0190 -0.3111 0.9502
vn -0.0360 -0.5885 0.8077
vn -0.0495 -0.8084 0.5865
vn -0.1215 -0.9895 0.0784
vn -0.0581 -0.9495 0.3082
vn -0.0609 -0.9951 -0.0784
vn -0.0581 -0.9495 -0.3082
vn -0.0495 -0.8084 -0.5865
vn -0.0360 -0.5885 -0.8077
vn -0.0190 -0.3111 -0.9502
vn -0.0095 -0.1561 -0.9877
vn 0.0028 -0.1562 0.9877
vn 0.0055 -0.3130 0.9497
vn 0.0104 -0.5904 0.8070
vn 0.0143 -0.8102 0.5859
vn -0.0609 -0.9951 0.0784
vn 0.0168 -0.9513 0.3079
vn 0.0176 -0.9968 -0.0784
vn 0.0168 -0.9513 -0.3079
vn 0.0143 -0.8102 -0.5859
vn 0.0104 -0.5904 -0.8070
vn 0.0055 -0.3130 -0.9497
vn 0.0028 -0.1562 -0.9877
vn 0.0208 -0.1547 0.9877
vn 0.0418 -0.3117 0.9493
vn 0.0787 -0.5861 0.8064
vn 0.1078 -0.8035 0.5854
vn 0.0176 -0.9968 0.0784
vn 0.1266 -0.9430 0.3077
vn 0.1326 -0.9881 -0.0784
vn 0.1266 -0.9430 -0.3077
vn 0.1078 -0.8035 -0.5854
vn 0.0787 -0.5861 -0.8064
vn 0.0418 -0.3117 -0.9493
vn 0.0208 -0.1547 -0.9877
vn 0.0416 -0.1504 0.9877
vn 0.0838 -0.3032 0.9492
vn 0.1575 -0.5700 0.8064
vn 0.2159 -0.7815 0.5854
vn 0.1326 -0.9881 0.0784
vn 0.2534 -0.9171 0.3077
vn 0.2655 -0.9609 -0.0784
vn 0.2534 -0.9171 -0.3077
vn 0.2159 -0.7815 -0.5854
vn 0.1575 -0.5700 -0.8064
vn 0.0838 -0.3032 -0.9492
vn 0.0416 -0.1504 -0.9877
vn 0.0617 -0.1433 0.9877
vn 0.1244 -0.2889 0.9492
vn 0.2339 -0.5431 0.8064
vn 0.3207 -0.7446 0.5854
vn 0.3944 -0.9156 0.0784
vn 0.2655 -0.9609 0.0784
vn 0.3944 -0.9156 -0.0784
vn 0.3207 -0.7446 -0.5854
vn 0.2339 -0.5431 -0.8064
vn 0.1244 -0.2889 -0.9492
vn 0.0617 -0.1433 -0.9877
vn 0.1626 -0.2692 0.9493
vn 0.3057 -0.5062 0.8064
vn 0.4191 -0.6940 0.5854
vn 0.4918 -0.8145 0.3077
vn 0.3764 -0.8739 0.3077
vn 0.5153 -0.8534 0.0784
vn 0.5153 -0.8534 -0.0784
vn 0.3764 -0.8739 -0.3077
vn 0.4918 -0.8145 -0.3077
vn 0.4191 -0.6940 -0.5854
vn 0.3057 -0.5062 -0.8064
vn 0.1626 -0.2692 -0.9493
vn 0.1972 -0.2449 0.9493
vn 0.0807 -0.1336 0.9877
vn 0.3708 -0.4605 0.8065
vn 0.5085 -0.6314 0.5855
vn 0.5968 -0.7411 0.3077
vn 0.6253 -0.7765 0.0784
vn 0.6253 -0.7765 -0.0784
vn 0.5968 -0.7411 -0.3077
vn 0.5085 -0.6314 -0.5855
vn 0.3708 -0.4605 -0.8065
vn 0.0807 -0.1336 -0.9877
vn 0.1972 -0.2449 -0.9493
vn 0.2277 -0.2167 0.9493
vn 0.0979 -0.1216 0.9877
vn 0.4283 -0.4076 0.8065
vn 0.5873 -0.5588 0.5855
vn 0.6893 -0.6559 0.3077
vn 0.7222 -0.6872 0.0784
vn 0.7222 -0.6872 -0.0784
vn 0.6893 -0.6559 -0.3077
vn 0.5873 -0.5588 -0.5855
vn 0.4283 -0.4076 -0.8065
vn 0.0979 -0.1216 -0.9877
vn 0.2277 -0.2167 -0.9493
vn 0.2538 -0.1853 0.9493
vn 0.1131 -0.1076 0.9877
vn 0.4774 -0.3487 0.8065
vn 0.6547 -0.4781 0.5855
vn 0.7684 -0.5611 0.3077
vn 0.8051 -0.5879 0.0784
vn 0.8051 -0.5879 -0.0784
vn 0.7684 -0.5611 -0.3077
vn 0.6547 -0.4781 -0.5855
vn 0.4774 -0.3487 -0.8065
vn 0.1131 -0.1076 -0.9877
vn 0.2538 -0.1853 -0.9493
vn 0.2752 -0.1515 0.9494
vn 0.1261 -0.0921 0.9877
vn 0.5179 -0.2850 0.8066
vn 0.7102 -0.3908 0.5855
vn 0.8336 -0.4587 0.3077
vn 0.8734 -0.4806 0.0784
vn 0.8734 -0.4806 -0.0784
vn 0.8336 -0.4587 -0.3077
vn 0.7102 -0.3908 -0.5855
vn 0.5179 -0.2850 -0.8066
vn 0.1261 -0.0921 -0.9877
vn 0.2752 -0.1515 -0.9494
vn 0.2921 -0.1156 0.9494
vn 0.1368 -0.0753 0.9877
vn 0.5497 -0.2175 0.8066
vn 0.7538 -0.2983 0.5856
vn 0.8847 -0.3501 0.3077
vn 0.9270 -0.3668 0.0784
vn 0.9270 -0.3668 -0.0784
vn 0.8847 -0.3501 -0.3077
vn 0.7538 -0.2983 -0.5856
vn 0.5497 -0.2175 -0.8066
vn 0.1368 -0.0753 -0.9877
vn 0.2921 -0.1156 -0.9494
vn 0.3042 -0.0781 0.9494
vn 0.1452 -0.0575 0.9877
vn 0.5726 -0.1470 0.8066
vn 0.7852 -0.2016 0.5856
vn 0.9216 -0.2366 0.3077
vn 0.9656 -0.2479 0.0784
vn 0.9656 -0.2479 -0.0784
vn 0.9216 -0.2366 -0.3077
vn 0.7852 -0.2016 -0.5856
vn 0.5726 -0.1470 -0.8066
vn 0.1452 -0.0575 -0.9877
vn 0.3042 -0.0781 -0.9494
vn 0.1549 -0.0196 0.9877
vn 0.1512 -0.0388 0.9877
vn 0.3116 -0.0394 0.9494
vn 0.5865 -0.0742 0.8066
vn 0.8042 -0.1017 0.5855
vn 0.9440 -0.1194 0.3077
vn 0.9890 -0.1251 -0.0784
vn 0.9440 -0.1194 -0.3077
vn 0.8042 -0.1017 -0.5855
vn 0.5865 -0.0742 -0.8066
vn 0.3116 -0.0394 -0.9494
vn 0.1549 -0.0196 -0.9877
vn 0.1512 -0.0388 -0.9877
vn 0.1561 0.0012 0.9877
vn 0.3146 0.0023 0.9492
vn 0.5914 0.0044 0.8064
vn 0.8107 0.0060 0.5854
vn 0.9890 -0.1251 0.0784
vn 0.9515 0.0071 0.3076
vn 0.9969 0.0074 -0.0784
vn 0.9515 0.0071 -0.3076
vn 0.8107 0.0060 -0.5854
vn 0.5914 0.0044 -0.8064
vn 0.3146 0.0023 -0.9492
vn 0.1561 0.0012 -0.9877
vn 0.1538 0.0252 0.9878
vn 0.3115 0.0510 0.9489
vn 0.5841 0.0957 0.8060
vn 0.8003 0.1311 0.5851
vn 0.9969 0.0074 0.0784
vn 0.9390 0.1539 0.3075
vn 0.9838 0.1612 -0.0784
vn 0.9390 0.1539 -0.3075
vn 0.8003 0.1311 -0.5851
vn 0.5841 0.0957 -0.8060
vn 0.3115 0.0510 -0.9489
vn 0.1538 0.0252 -0.9878
vn 0.1471 0.0514 0.9878
vn 0.2982 0.1042 0.9488
vn 0.5590 0.1952 0.8059
vn 0.7656 0.2674 0.5851
vn 0.9838 0.1612 0.0784
vn 0.8983 0.3137 0.3075
vn 0.9412 0.3287 -0.0784
vn 0.8983 0.3137 -0.3075
vn 0.7656 0.2674 -0.5851
vn 0.5590 0.1952 -0.8059
vn 0.2982 0.1042 -0.9488
vn 0.1471 0.0514 -0.9878
vn 0.2754 0.1545 0.9488
vn 0.5163 0.2897 0.8059
vn 0.7072 0.3969 0.5851
vn 0.8298 0.4657 0.3075
vn 0.8694 0.4879 0.0784
vn 0.9412 0.3287 0.0784
vn 0.8694 0.4879 -0.0784
vn 0.8298 0.4657 -0.3075
vn 0.7072 0.3969 -0.5851
vn 0.5163 0.2897 -0.8059
vn 0.2754 0.1545 -0.9488
vn 0.2458 0.1973 0.9490
vn 0.1359 0.0763 0.9878
vn 0.4615 0.3703 0.8061
vn 0.6325 0.5075 0.5852
vn 0.7422 0.5955 0.3076
vn 0.7776 0.6239 0.0784
vn 0.7776 0.6239 -0.0784
vn 0.7422 0.5955 -0.3076
vn 0.6325 0.5075 -0.5852
vn 0.4615 0.3703 -0.8061
vn 0.1359 0.0763 -0.9878
vn 0.2458 0.1973 -0.9490
vn 0.2143 0.2301 0.9493
vn 0.1217 0.0976 0.9878
vn 0.4030 0.4327 0.8065
vn 0.5525 0.5933 0.5855
vn 0.6485 0.6963 0.3077
vn 0.6794 0.7295 0.0784
vn 0.6794 0.7295 -0.0784
vn 0.6485 0.6963 -0.3077
vn 0.5525 0.5933 -0.5855
vn 0.4030 0.4327 -0.8065
vn 0.1217 0.0976 -0.9878
vn 0.2143 0.2301 -0.9493
vn 0.1845 0.2534 0.9496
vn 0.1064 0.1142 0.9877
vn 0.3478 0.4775 0.8069
vn 0.4771 0.6552 0.5858
vn 0.5601 0.7691 0.3078
vn 0.5869 0.8059 0.0784
vn 0.5869 0.8059 -0.0784
vn 0.5601 0.7691 -0.3078
vn 0.4771 0.6552 -0.5858
vn 0.3478 0.4775 -0.8069
vn 0.1064 0.1142 -0.9877
vn 0.1845 0.2534 -0.9496
vn 0.1590 0.2691 0.9499
vn 0.0920 0.1263 0.9877
vn 0.3002 0.5081 0.8073
vn 0.4121 0.6976 0.5861
vn 0.4839 0.8191 0.3080
vn 0.5071 0.8583 0.0784
vn 0.5071 0.8583 -0.0784
vn 0.4839 0.8191 -0.3080
vn 0.4121 0.6976 -0.5861
vn 0.3002 0.5081 -0.8073
vn 0.0920 0.1263 -0.9877
vn 0.1590 0.2691 -0.9499
vn 0.1385 0.2793 0.9502
vn 0.0795 0.1346 0.9877
vn 0.2619 0.5283 0.8077
vn 0.3598 0.7257 0.5865
vn 0.4226 0.8523 0.3082
vn 0.4429 0.8932 0.0784
vn 0.4429 0.8932 -0.0784
vn 0.4226 0.8523 -0.3082
vn 0.3598 0.7257 -0.5865
vn 0.2619 0.5283 -0.8077
vn 0.0795 0.1346 -0.9877
vn 0.1385 0.2793 -0.9502
vn 0.1231 0.2855 0.9504
vn 0.0695 0.1401 0.9877
vn 0.2332 0.5410 0.8080
vn 0.3206 0.7435 0.5868
vn 0.3766 0.8735 0.3084
vn 0.3947 0.9155 0.0784
vn 0.3947 0.9155 -0.0784
vn 0.3766 0.8735 -0.3084
vn 0.3206 0.7435 -0.5868
vn 0.2332 0.5410 -0.8080
vn 0.0695 0.1401 -0.9877
vn 0.1231 0.2855 -0.9504
vn 0.1126 0.2890 0.9507
vn 0.0619 0.1436 0.9877
vn 0.2137 0.5485 0.8084
vn 0.2939 0.7542 0.5872
vn 0.3454 0.8863 0.3086
vn 0.3620 0.9289 0.0784
vn 0.3620 0.9289 -0.0784
vn 0.3454 0.8863 -0.3086
vn 0.2939 0.7542 -0.5872
vn 0.2137 0.5485 -0.8084
vn 0.0619 0.1436 -0.9877
vn 0.1126 0.2890 -0.9507
vn 0.1069 0.2905 0.9509
vn 0.0568 0.1457 0.9877
vn 0.2030 0.5520 0.8088
vn 0.2794 0.7595 0.5875
vn 0.3283 0.8926 0.3089
vn 0.3442 0.9356 0.0784
vn 0.3442 0.9356 -0.0784
vn 0.3283 0.8926 -0.3089
vn 0.2794 0.7595 -0.5875
vn 0.2030 0.5520 -0.8088
vn 0.0568 0.1457 -0.9877
vn 0.1069 0.2905 -0.9509
vn 0.1042 0.2912 0.9510
vn 0.0540 0.1468 0.9877
vn 0.1982 0.5536 0.8089
vn 0.2727 0.7618 0.5876
vn 0.3205 0.8954 0.3089
vn 0.3360 0.9386 0.0784
vn 0.3360 0.9386 -0.0784
vn 0.3205 0.8954 -0.3089
vn 0.2727 0.7618 -0.5876
vn 0.1982 0.5536 -0.8089
vn 0.0540 0.1468 -0.9877
vn 0.1042 0.2912 -0.9510
vn 0.1708 0.1207 0.9779
vn 0.0527 0.1473 0.9877
vn 0.3842 0.2714 0.8825
vn 0.5888 0.4160 0.6929
vn 0.7517 0.5311 0.3911
vn 0.8127 0.5742 0.0992
vn 0.8127 0.5742 -0.0992
vn 0.7517 0.5311 -0.3911
vn 0.5888 0.4160 -0.6929
vn 0.3842 0.2714 -0.8825
vn 0.0527 0.1473 -0.9877
vn 0.1708 0.1207 -0.9779
vn 0.1564 -0.0033 0.9877
vn 0.1048 0.0740 0.9917
vn 0.3070 -0.0065 0.9517
vn 0.5862 -0.0124 0.8101
vn 0.8080 -0.0171 0.5889
vn 0.9506 -0.0201 0.3097
vn 0.9967 -0.0210 -0.0786
vn 0.9506 -0.0201 -0.3097
vn 0.8080 -0.0171 -0.5889
vn 0.5862 -0.0124 -0.8101
vn 0.3070 -0.0065 -0.9517
vn 0.1564 -0.0033 -0.9877
vn 0.1048 0.0740 -0.9917
vn 0.3030 -0.0277 0.9526
vn 0.5817 -0.0531 0.8116
vn 0.8037 -0.0734 0.5905
vn 0.9465 -0.0865 0.3108
vn 0.9928 -0.0907 0.0787
vn 0.9967 -0.0211 0.0786
vn 0.9928 -0.0907 -0.0787
vn 0.9465 -0.0865 -0.3108
vn 0.8037 -0.0734 -0.5905
vn 0.5817 -0.0531 -0.8116
vn 0.3030 -0.0277 -0.9526
vn 0.2973 -0.0599 0.9529
vn 0.1556 -0.0142 0.9877
vn 0.5718 -0.1152 0.8123
vn 0.7906 -0.1593 0.5912
vn 0.9316 -0.1877 0.3112
vn 0.9773 -0.1969 0.0788
vn 0.9773 -0.1969 -0.0788
vn 0.9316 -0.1877 -0.3112
vn 0.7906 -0.1593 -0.5912
vn 0.5718 -0.1152 -0.8123
vn 0.1556 -0.0142 -0.9877
vn 0.2973 -0.0599 -0.9529
vn 0.2861 -0.0971 0.9533
vn 0.1531 -0.0308 0.9877
vn 0.5515 -0.1871 0.8129
vn 0.7632 -0.2590 0.5920
vn 0.8998 -0.3053 0.3117
vn 0.9440 -0.3203 0.0789
vn 0.9440 -0.3203 -0.0789
vn 0.8998 -0.3053 -0.3117
vn 0.7632 -0.2590 -0.5920
vn 0.5514 -0.1871 -0.8129
vn 0.1531 -0.0308 -0.9877
vn 0.2861 -0.0971 -0.9533
vn 0.2676 -0.1379 0.9536
vn 0.1478 -0.0502 0.9877
vn 0.5168 -0.2663 0.8136
vn 0.7160 -0.3689 0.5927
vn 0.8445 -0.4351 0.3122
vn 0.8862 -0.4566 0.0790
vn 0.8861 -0.4566 -0.0790
vn 0.8445 -0.4351 -0.3122
vn 0.7160 -0.3689 -0.5927
vn 0.5168 -0.2663 -0.8136
vn 0.1478 -0.0502 -0.9877
vn 0.2676 -0.1379 -0.9536
vn 0.2407 -0.1795 0.9538
vn 0.1386 -0.0714 0.9878
vn 0.4656 -0.3472 0.8141
vn 0.6454 -0.4812 0.5932
vn 0.7615 -0.5678 0.3125
vn 0.7992 -0.5959 0.0791
vn 0.7992 -0.5959 -0.0791
vn 0.7615 -0.5678 -0.3125
vn 0.6454 -0.4812 -0.5932
vn 0.4656 -0.3472 -0.8141
vn 0.1386 -0.0714 -0.9878
vn 0.2407 -0.1795 -0.9538
vn 0.2062 -0.2181 0.9539
vn 0.1250 -0.0932 0.9878
vn 0.3989 -0.4219 0.8141
vn 0.5530 -0.5849 0.5933
vn 0.6526 -0.6902 0.3126
vn 0.6849 -0.7244 0.0791
vn 0.6849 -0.7244 -0.0791
vn 0.6526 -0.6902 -0.3126
vn 0.5530 -0.5849 -0.5933
vn 0.3989 -0.4219 -0.8141
vn 0.1250 -0.0932 -0.9878
vn 0.2062 -0.2181 -0.9539
vn 0.0864 -0.1298 0.9878
vn 0.1071 -0.1133 0.9878
vn 0.1667 -0.2502 0.9537
vn 0.3222 -0.4836 0.8138
vn 0.4465 -0.6701 0.5930
vn 0.5267 -0.7906 0.3124
vn 0.5527 -0.8296 -0.0790
vn 0.5267 -0.7906 -0.3124
vn 0.4465 -0.6701 -0.5930
vn 0.3222 -0.4836 -0.8138
vn 0.1667 -0.2502 -0.9537
vn 0.0864 -0.1298 -0.9878
vn 0.1071 -0.1133 -0.9878
vn 0.0652 -0.1417 0.9878
vn 0.1260 -0.2740 0.9534
vn 0.2432 -0.5287 0.8132
vn 0.3367 -0.7320 0.5923
vn 0.5527 -0.8296 0.0790
vn 0.3970 -0.8632 0.3119
vn 0.4166 -0.9057 -0.0790
vn 0.3970 -0.8632 -0.3119
vn 0.3367 -0.7320 -0.5923
vn 0.2432 -0.5287 -0.8132
vn 0.1260 -0.2740 -0.9534
vn 0.0652 -0.1417 -0.9878
vn 0.0452 -0.1494 0.9877
vn 0.0877 -0.2898 0.9531
vn 0.1688 -0.5579 0.8126
vn 0.2334 -0.7717 0.5915
vn 0.4166 -0.9057 0.0790
vn 0.2751 -0.9096 0.3114
vn 0.2886 -0.9542 -0.0789
vn 0.2751 -0.9096 -0.3114
vn 0.2334 -0.7717 -0.5915
vn 0.1688 -0.5579 -0.8126
vn 0.0877 -0.2898 -0.9531
vn 0.0452 -0.1494 -0.9877
vn 0.0276 -0.1538 0.9877
vn 0.0536 -0.2991 0.9527
vn 0.1030 -0.5746 0.8119
vn 0.1424 -0.7941 0.5908
vn 0.2886 -0.9542 0.0789
vn 0.1677 -0.9355 0.3110
vn 0.1759 -0.9812 -0.0788
vn 0.1677 -0.9355 -0.3110
vn 0.1424 -0.7941 -0.5908
vn 0.1030 -0.5746 -0.8119
vn 0.0536 -0.2991 -0.9527
vn 0.0276 -0.1538 -0.9877
vn 0.0126 -0.1558 0.9877
vn 0.0247 -0.3038 0.9524
vn 0.0473 -0.5827 0.8113
vn 0.0653 -0.8046 0.5902
vn 0.1759 -0.9812 0.0788
vn 0.0769 -0.9474 0.3106
vn 0.0806 -0.9936 -0.0787
vn 0.0769 -0.9474 -0.3106
vn 0.0653 -0.8046 -0.5902
vn 0.0473 -0.5827 -0.8113
vn 0.0247 -0.3038 -0.9524
vn 0.0126 -0.1558 -0.9877
vn -0.0001 -0.1563 0.9877
vn -0.0003 -0.3054 0.9522
vn -0.0005 -0.5850 0.8110
vn -0.0007 -0.8075 0.5899
vn 0.0806 -0.9936 0.0787
vn -0.0009 -0.9506 0.3103
vn -0.0009 -0.9969 -0.0787
vn -0.0009 -0.9506 -0.3103
vn -0.0007 -0.8075 -0.5899
vn -0.0005 -0.5850 -0.8110
vn -0.0003 -0.3054 -0.9522
vn -0.0001 -0.1563 -0.9877
vn -0.0240 -0.3043 0.9523
vn -0.0460 -0.5831 0.8111
vn -0.0635 -0.8049 0.5899
vn -0.0748 -0.9477 0.3104
vn -0.0784 -0.9938 0.0787
vn -0.0009 -0.9969 0.0787
vn -0.0784 -0.9938 -0.0787
vn -0.0748 -0.9477 -0.3104
vn -0.0635 -0.8049 -0.5899
vn -0.0460 -0.5831 -0.8111
vn -0.0240 -0.3043 -0.9523
vn -0.0479 -0.3015 0.9523
vn -0.0123 -0.1558 0.9877
vn -0.0918 -0.5777 0.8111
vn -0.1268 -0.7974 0.5900
vn -0.1493 -0.9388 0.3104
vn -0.1565 -0.9845 0.0787
vn -0.1565 -0.9845 -0.0787
vn -0.1493 -0.9388 -0.3104
vn -0.1268 -0.7974 -0.5900
vn -0.0918 -0.5777 -0.8111
vn -0.0123 -0.1558 -0.9877
vn -0.0479 -0.3015 -0.9523
vn -0.0366 -0.1520 0.9877
vn -0.0245 -0.1544 0.9877
vn -0.0715 -0.2968 0.9523
vn -0.1371 -0.5686 0.8111
vn -0.1892 -0.7850 0.5899
vn -0.2228 -0.9241 0.3104
vn -0.2336 -0.9691 -0.0787
vn -0.2228 -0.9241 -0.3104
vn -0.1892 -0.7850 -0.5899
vn -0.1371 -0.5686 -0.8111
vn -0.0715 -0.2968 -0.9523
vn -0.0366 -0.1520 -0.9877
vn -0.0245 -0.1544 -0.9877
vn -0.0484 -0.1486 0.9877
vn -0.0945 -0.2903 0.9523
vn -0.1811 -0.5562 0.8111
vn -0.2500 -0.7678 0.5899
vn -0.2336 -0.9691 0.0787
vn -0.2944 -0.9039 0.3104
vn -0.3087 -0.9479 -0.0787
vn -0.2944 -0.9039 -0.3104
vn -0.2500 -0.7678 -0.5899
vn -0.1811 -0.5562 -0.8111
vn -0.0945 -0.2903 -0.9523
vn -0.0484 -0.1486 -0.9877
vn -0.0597 -0.1445 0.9877
vn -0.1167 -0.2822 0.9522
vn -0.2235 -0.5406 0.8110
vn -0.3085 -0.7462 0.5899
vn -0.3087 -0.9479 0.0787
vn -0.3632 -0.8785 0.3103
vn -0.3809 -0.9213 -0.0787
vn -0.3632 -0.8785 -0.3103
vn -0.3085 -0.7462 -0.5899
vn -0.2235 -0.5406 -0.8110
vn -0.1167 -0.2822 -0.9522
vn -0.0597 -0.1445 -0.9877
vn -0.0705 -0.1395 0.9877
vn -0.1377 -0.2727 0.9522
vn -0.2637 -0.5223 0.8110
vn -0.3640 -0.7208 0.5898
vn -0.3809 -0.9213 0.0787
vn -0.4285 -0.8486 0.3103
vn -0.4494 -0.8899 -0.0787
vn -0.4285 -0.8486 -0.3103
vn -0.3640 -0.7208 -0.5898
vn -0.2637 -0.5223 -0.8110
vn -0.1377 -0.2727 -0.9522
vn -0.0705 -0.1395 -0.9877
vn -0.0805 -0.1340 0.9877
vn -0.1574 -0.2619 0.9522
vn -0.3015 -0.5015 0.8109
vn -0.4161 -0.6921 0.5897
vn -0.4494 -0.8899 0.0787
vn -0.4898 -0.8148 0.3103
vn -0.5136 -0.8544 -0.0787
vn -0.4898 -0.8148 -0.3103
vn -0.4161 -0.6921 -0.5897
vn -0.3015 -0.5015 -0.8109
vn -0.1574 -0.2619 -0.9522
vn -0.0805 -0.1340 -0.9877
vn -0.0899 -0.1279 0.9877
vn -0.1758 -0.2501 0.9521
vn -0.3365 -0.4789 0.8108
vn -0.4644 -0.6608 0.5897
vn -0.5136 -0.8544 0.0787
vn -0.5466 -0.7778 0.3102
vn -0.5732 -0.8156 -0.0786
vn -0.5466 -0.7778 -0.3102
vn -0.4644 -0.6608 -0.5897
vn -0.3365 -0.4789 -0.8108
vn -0.1758 -0.2501 -0.9521
vn -0.0899 -0.1279 -0.9877
vn -0.0985 -0.1215 0.9877
vn -0.1926 -0.2376 0.9521
vn -0.3686 -0.4547 0.8108
vn -0.5087 -0.6274 0.5896
vn -0.5732 -0.8156 0.0786
vn -0.5987 -0.7385 0.3102
vn -0.6278 -0.7744 -0.0786
vn -0.5987 -0.7385 -0.3102
vn -0.5087 -0.6274 -0.5896
vn -0.3686 -0.4547 -0.8108
vn -0.1926 -0.2376 -0.9521
vn -0.0985 -0.1215 -0.9877
vn -0.1062 -0.1147 0.9877
vn -0.2079 -0.2245 0.9520
vn -0.3978 -0.4296 0.8107
vn -0.5489 -0.5926 0.5895
vn -0.6278 -0.7744 0.0786
vn -0.6460 -0.6975 0.3101
vn -0.6774 -0.7314 -0.0786
vn -0.6460 -0.6975 -0.3101
vn -0.5489 -0.5926 -0.5895
vn -0.3978 -0.4296 -0.8107
vn -0.2079 -0.2245 -0.9520
vn -0.1062 -0.1147 -0.9877
vn -0.1133 -0.1078 0.9877
vn -0.2217 -0.2111 0.9520
vn -0.4242 -0.4038 0.8106
vn -0.5851 -0.5570 0.5894
vn -0.6774 -0.7314 0.0786
vn -0.6886 -0.6555 0.3100
vn -0.7221 -0.6873 -0.0786
vn -0.6886 -0.6555 -0.3100
vn -0.5851 -0.5570 -0.5894
vn -0.4242 -0.4038 -0.8106
vn -0.2217 -0.2111 -0.9520
vn -0.1133 -0.1078 -0.9877
vn 0.0201 -0.0527 0.9984
vn 0.0583 -0.1526 0.9866
vn 0.1115 -0.2916 0.9500
vn 0.1877 -0.4911 0.8506
vn -0.7221 -0.6873 0.0786
vn 0.2947 -0.7712 0.5642
vn 0.3507 -0.9178 -0.1859
vn 0.2947 -0.7712 -0.5642
vn 0.1877 -0.4911 -0.8506
vn 0.1115 -0.2916 -0.9500
vn 0.0583 -0.1526 -0.9866
vn 0.0201 -0.0527 -0.9984
vn 0.2998 0.1171 0.9468
vn 0.5453 0.2129 0.8107
vn 0.7478 0.2920 0.5962
vn 0.8835 0.3450 0.3170
vn 0.9283 0.3625 0.0825
vn 0.3508 -0.9178 0.1859
vn 0.9283 0.3625 -0.0825
vn 0.8835 0.3450 -0.3170
vn 0.7478 0.2920 -0.5962
vn 0.5453 0.2129 -0.8107
vn 0.2998 0.1171 -0.9468
vn 0.2212 0.2204 0.9500
vn 0.1360 0.0531 0.9893
vn 0.4180 0.4165 0.8074
vn 0.5739 0.5718 0.5862
vn 0.6739 0.6715 0.3081
vn 0.7062 0.7037 0.0784
vn 0.7062 0.7037 -0.0784
vn 0.6739 0.6715 -0.3081
vn 0.5739 0.5718 -0.5862
vn 0.4180 0.4165 -0.8074
vn 0.1360 0.0531 -0.9893
vn 0.2212 0.2204 -0.9500
vn 0.1017 0.1187 0.9877
vn 0.1107 0.1103 0.9877
vn 0.2032 0.2373 0.9500
vn 0.3838 0.4482 0.8073
vn 0.5270 0.6154 0.5862
vn 0.6188 0.7226 0.3081
vn 0.6484 0.7572 -0.0784
vn 0.6188 0.7226 -0.3081
vn 0.5270 0.6154 -0.5862
vn 0.3838 0.4482 -0.8073
vn 0.2032 0.2373 -0.9500
vn 0.1017 0.1187 -0.9877
vn 0.1107 0.1103 -0.9877
vn 0.0918 0.1265 0.9877
vn 0.1835 0.2529 0.9499
vn 0.3465 0.4777 0.8073
vn 0.4757 0.6558 0.5862
vn 0.6484 0.7572 0.0784
vn 0.5586 0.7701 0.3081
vn 0.5854 0.8069 -0.0784
vn 0.5586 0.7701 -0.3081
vn 0.4757 0.6558 -0.5862
vn 0.3465 0.4777 -0.8073
vn 0.1835 0.2529 -0.9499
vn 0.0918 0.1265 -0.9877
vn 0.1624 0.2669 0.9499
vn 0.3068 0.5041 0.8073
vn 0.4212 0.6921 0.5862
vn 0.4946 0.8127 0.3081
vn 0.5183 0.8516 0.0784
vn 0.5854 0.8069 0.0784
vn 0.5183 0.8516 -0.0784
vn 0.4946 0.8127 -0.3081
vn 0.4212 0.6921 -0.5862
vn 0.3068 0.5041 -0.8073
vn 0.1624 0.2669 -0.9499
vn 0.1406 0.2790 0.9500
vn 0.0813 0.1335 0.9877
vn 0.2655 0.5270 0.8074
vn 0.3645 0.7235 0.5862
vn 0.4281 0.8496 0.3081
vn 0.4486 0.8903 0.0784
vn 0.4486 0.8903 -0.0784
vn 0.4281 0.8496 -0.3081
vn 0.3645 0.7235 -0.5862
vn 0.2655 0.5270 -0.8074
vn 0.0813 0.1335 -0.9877
vn 0.1406 0.2790 -0.9500
vn 0.1183 0.2890 0.9500
vn 0.0703 0.1396 0.9877
vn 0.2236 0.5460 0.8074
vn 0.3070 0.7497 0.5862
vn 0.3605 0.8804 0.3081
vn 0.3778 0.9226 0.0784
vn 0.3778 0.9226 -0.0784
vn 0.3605 0.8804 -0.3081
vn 0.3070 0.7497 -0.5862
vn 0.2236 0.5460 -0.8074
vn 0.0703 0.1396 -0.9877
vn 0.1183 0.2890 -0.9500
vn 0.0963 0.2969 0.9500
vn 0.0592 0.1447 0.9877
vn 0.1820 0.5612 0.8075
vn 0.2499 0.7706 0.5863
vn 0.2935 0.9050 0.3081
vn 0.3075 0.9483 0.0784
vn 0.3075 0.9483 -0.0784
vn 0.2935 0.9050 -0.3081
vn 0.2499 0.7706 -0.5863
vn 0.1820 0.5612 -0.8075
vn 0.0592 0.1447 -0.9877
vn 0.0963 0.2969 -0.9500
vn 0.0748 0.3029 0.9501
vn 0.0482 0.1487 0.9877
vn 0.1414 0.5726 0.8075
vn 0.1942 0.7864 0.5864
vn 0.2281 0.9236 0.3082
vn 0.2391 0.9678 0.0784
vn 0.2391 0.9678 -0.0784
vn 0.2281 0.9236 -0.3082
vn 0.1942 0.7864 -0.5864
vn 0.1414 0.5726 -0.8075
vn 0.0482 0.1487 -0.9877
vn 0.0748 0.3029 -0.9501
vn 0.0543 0.3070 0.9501
vn 0.0375 0.1518 0.9877
vn 0.1026 0.5807 0.8076
vn 0.1410 0.7976 0.5864
vn 0.1656 0.9368 0.3082
vn 0.1735 0.9817 0.0784
vn 0.1735 0.9817 -0.0784
vn 0.1656 0.9368 -0.3082
vn 0.1410 0.7976 -0.5864
vn 0.1026 0.5807 -0.8076
vn 0.0375 0.1518 -0.9877
vn 0.0543 0.3070 -0.9501
vn 0.0349 0.3096 0.9502
vn 0.0272 0.1540 0.9877
vn 0.0660 0.5859 0.8077
vn 0.0907 0.8048 0.5865
vn 0.1065 0.9453 0.3083
vn 0.1116 0.9907 0.0784
vn 0.1116 0.9907 -0.0784
vn 0.1065 0.9453 -0.3083
vn 0.0907 0.8048 -0.5865
vn 0.0660 0.5859 -0.8077
vn 0.0272 0.1540 -0.9877
vn 0.0349 0.3096 -0.9502
vn 0.0168 0.3110 0.9503
vn 0.0175 0.1554 0.9877
vn 0.0319 0.5886 0.8078
vn 0.0438 0.8087 0.5866
vn 0.0514 0.9499 0.3083
vn 0.0539 0.9955 0.0784
vn 0.0539 0.9955 -0.0784
vn 0.0514 0.9499 -0.3083
vn 0.0438 0.8087 -0.5866
vn 0.0319 0.5886 -0.8078
vn 0.0175 0.1554 -0.9877
vn 0.0168 0.3110 -0.9503
vn -0.0013 0.1563 0.9877
vn 0.0085 0.1561 0.9877
vn -0.0026 0.3120 0.9501
vn -0.0050 0.5898 0.8075
vn -0.0069 0.8100 0.5864
vn -0.0081 0.9513 0.3082
vn -0.0085 0.9969 -0.0784
vn -0.0081 0.9513 -0.3082
vn -0.0069 0.8100 -0.5864
vn -0.0050 0.5898 -0.8075
vn -0.0026 0.3120 -0.9501
vn -0.0013 0.1563 -0.9877
vn 0.0085 0.1561 -0.9877
vn -0.0140 0.1556 0.9877
vn -0.0279 0.3116 0.9498
vn -0.0527 0.5880 0.8071
vn -0.0724 0.8071 0.5860
vn -0.0085 0.9969 0.0784
vn -0.0850 0.9476 0.3080
vn -0.0891 0.9929 -0.0784
vn -0.0850 0.9476 -0.3080
vn -0.0724 0.8071 -0.5860
vn -0.0527 0.5880 -0.8071
vn -0.0279 0.3116 -0.9498
vn -0.0140 0.1556 -0.9877
vn -0.0290 0.1535 0.9877
vn -0.0582 0.3078 0.9497
vn -0.1098 0.5803 0.8069
vn -0.1506 0.7963 0.5859
vn -0.0891 0.9929 0.0784
vn -0.1768 0.9348 0.3079
vn -0.1853 0.9796 -0.0784
vn -0.1768 0.9348 -0.3079
vn -0.1506 0.7963 -0.5859
vn -0.1098 0.5803 -0.8069
vn -0.0582 0.3078 -0.9497
vn -0.0290 0.1535 -0.9877
vn -0.0454 0.1494 0.9877
vn -0.0912 0.3001 0.9495
vn -0.1719 0.5653 0.8068
vn -0.2357 0.7755 0.5857
vn -0.1853 0.9796 0.0784
vn -0.2767 0.9103 0.3078
vn -0.2900 0.9538 -0.0784
vn -0.2767 0.9103 -0.3078
vn -0.2357 0.7755 -0.5857
vn -0.1719 0.5653 -0.8068
vn -0.0912 0.3001 -0.9495
vn -0.0454 0.1494 -0.9877
vn -0.0630 0.1429 0.9877
vn -0.1267 0.2875 0.9494
vn -0.2384 0.5409 0.8066
vn -0.3270 0.7418 0.5855
vn -0.2900 0.9538 0.0784
vn -0.3838 0.8706 0.3077
vn -0.4021 0.9122 -0.0784
vn -0.3838 0.8706 -0.3077
vn -0.3270 0.7418 -0.5855
vn -0.2384 0.5409 -0.8066
vn -0.1267 0.2875 -0.9494
vn -0.0630 0.1429 -0.9877
vn -0.0813 0.1332 0.9877
vn -0.1638 0.2686 0.9492
vn -0.3079 0.5049 0.8064
vn -0.4221 0.6922 0.5854
vn -0.4021 0.9122 0.0784
vn -0.4954 0.8124 0.3076
vn -0.5191 0.8511 -0.0784
vn -0.4954 0.8124 -0.3076
vn -0.4221 0.6922 -0.5854
vn -0.3079 0.5049 -0.8064
vn -0.1638 0.2686 -0.9492
vn -0.0813 0.1332 -0.9877
vn -0.0995 0.1202 0.9878
vn -0.2009 0.2426 0.9491
vn -0.3773 0.4557 0.8062
vn -0.5171 0.6245 0.5853
vn -0.5191 0.8511 0.0784
vn -0.6068 0.7329 0.3076
vn -0.6358 0.7679 -0.0784
vn -0.6068 0.7329 -0.3076
vn -0.5171 0.6245 -0.5853
vn -0.3773 0.4557 -0.8062
vn -0.2009 0.2426 -0.9491
vn -0.0995 0.1202 -0.9878
vn -0.1166 0.1036 0.9878
vn -0.2356 0.2094 0.9490
vn -0.4423 0.3930 0.8061
vn -0.6062 0.5386 0.5852
vn -0.6358 0.7679 0.0784
vn -0.7113 0.6320 0.3076
vn -0.7453 0.6621 -0.0784
vn -0.7113 0.6320 -0.3076
vn -0.6062 0.5386 -0.5852
vn -0.4423 0.3930 -0.8061
vn -0.2356 0.2094 -0.9490
vn -0.1166 0.1036 -0.9878
vn -0.1314 0.0841 0.9878
vn -0.2655 0.1699 0.9490
vn -0.4984 0.3190 0.8061
vn -0.6830 0.4371 0.5852
vn -0.7453 0.6621 0.0784
vn -0.8015 0.5129 0.3076
vn -0.8397 0.5373 -0.0784
vn -0.8015 0.5129 -0.3076
vn -0.6830 0.4371 -0.5852
vn -0.4984 0.3190 -0.8061
vn -0.2655 0.1699 -0.9490
vn -0.1314 0.0841 -0.9878
vn -0.2886 0.1266 0.9491
vn -0.5418 0.2377 0.8062
vn -0.7426 0.3257 0.5853
vn -0.8714 0.3822 0.3076
vn -0.9130 0.4005 0.0784
vn -0.8397 0.5373 0.0784
vn -0.9130 0.4005 -0.0784
vn -0.8714 0.3822 -0.3076
vn -0.7426 0.3257 -0.5853
vn -0.5418 0.2377 -0.8062
vn -0.2886 0.1266 -0.9491
vn -0.3039 0.0822 0.9492
vn -0.1428 0.0627 0.9878
vn -0.5710 0.1545 0.8063
vn -0.7826 0.2118 0.5853
vn -0.9185 0.2485 0.3076
vn -0.9623 0.2604 0.0784
vn -0.9623 0.2604 -0.0784
vn -0.9185 0.2485 -0.3076
vn -0.7826 0.2118 -0.5853
vn -0.5710 0.1545 -0.8063
vn -0.1428 0.0627 -0.9878
vn -0.3039 0.0822 -0.9492
vn -0.3118 0.0396 0.9493
vn -0.1506 0.0408 0.9878
vn -0.5866 0.0744 0.8065
vn -0.8042 0.1020 0.5855
vn -0.9439 0.1197 0.3077
vn -0.9890 0.1254 0.0784
vn -0.9890 0.1254 -0.0784
vn -0.9439 0.1197 -0.3077
vn -0.8042 0.1020 -0.5855
vn -0.5866 0.0744 -0.8065
vn -0.1506 0.0408 -0.9878
vn -0.3118 0.0396 -0.9493
vn -0.3115 0.0094 0.9502
vn -0.1549 0.0196 0.9877
vn -0.5893 0.0178 0.8077
vn -0.8096 0.0244 0.5865
vn -0.9509 0.0287 0.3083
vn -0.9965 0.0300 0.0784
vn -0.9965 0.0301 -0.0784
vn -0.9509 0.0287 -0.3083
vn -0.8096 0.0244 -0.5865
vn -0.5893 0.0178 -0.8077
vn -0.1549 0.0196 -0.9877
vn -0.3115 0.0094 -0.9502
vn -0.3076 0.0048 0.9515
vn -0.1563 0.0047 0.9877
vn -0.5867 0.0091 0.8098
vn -0.8084 0.0125 0.5886
vn -0.9508 0.0147 0.3095
vn -0.9968 0.0154 0.0785
vn -0.9968 0.0154 -0.0785
vn -0.9508 0.0147 -0.3095
vn -0.8084 0.0125 -0.5886
vn -0.5867 0.0091 -0.8098
vn -0.1563 0.0047 -0.9877
vn -0.3076 0.0048 -0.9515
vn -0.3049 0.0205 0.9522
vn -0.1564 0.0024 0.9877
vn -0.5839 0.0392 0.8109
vn -0.8058 0.0541 0.5897
vn -0.9485 0.0637 0.3102
vn -0.9947 0.0668 0.0786
vn -0.9947 0.0668 -0.0786
vn -0.9485 0.0637 -0.3102
vn -0.8058 0.0541 -0.5897
vn -0.5839 0.0392 -0.8109
vn -0.1564 0.0024 -0.9877
vn -0.3049 0.0205 -0.9522
vn -0.3014 0.0448 0.9524
vn -0.1560 0.0105 0.9877
vn -0.5782 0.0859 0.8114
vn -0.7984 0.1188 0.5903
vn -0.9403 0.1395 0.3106
vn -0.9860 0.1468 0.0787
vn -0.9860 0.1468 -0.0787
vn -0.9403 0.1395 -0.3106
vn -0.7984 0.1188 -0.5903
vn -0.5782 0.0859 -0.8114
vn -0.1560 0.0105 -0.9877
vn -0.3014 0.0448 -0.9524
vn -0.2946 0.0740 0.9528
vn -0.1546 0.0230 0.9877
vn -0.5661 0.1424 0.8120
vn -0.2773 -0.9536 0.1173
vn -0.3236 -0.9442 0.0613
vn -0.2919 -0.9564 0.0078
vn -0.2920 -0.9564 -0.0078
vn -0.3236 -0.9442 -0.0613
vn -0.2807 -0.9527 -0.1168
vn -0.5661 0.1423 -0.8120
vn -0.1546 0.0230 -0.9877
vn -0.2946 0.0740 -0.9528
vn -0.2825 0.1083 0.9531
vn -0.1515 0.0381 0.9877
vn -0.5441 0.2086 0.8127
vn 0.7566 -0.2913 -0.5854
vn 0.8884 -0.3407 -0.3077
vn 0.9308 -0.3570 0.0784
vn 0.8884 -0.3407 0.3077
vn 0.7570 -0.2899 0.5856
vn -0.5441 0.2086 -0.8127
vn -0.1515 0.0381 -0.9877
vn -0.2825 0.1083 -0.9531
vn -0.2631 0.1468 0.9535
vn -0.1457 0.0559 0.9877
vn -0.4352 -0.8862 0.1590
vn 0.7081 -0.3951 -0.5853
vn 0.9308 -0.3570 -0.0784
vn 0.8309 -0.4636 -0.3076
vn 0.8706 -0.4857 0.0784
vn 0.8309 -0.4636 0.3076
vn 0.7081 -0.3951 0.5853
vn -0.4354 -0.8861 -0.1589
vn -0.1457 0.0559 -0.9877
vn -0.2631 0.1468 -0.9535
vn -0.2350 0.1870 0.9539
vn -0.1362 0.0760 0.9878
vn 0.4633 -0.3686 -0.8059
vn 0.6346 -0.5049 -0.5851
vn 0.8706 -0.4858 -0.0784
vn 0.7446 -0.5924 -0.3075
vn 0.7801 -0.6207 0.0784
vn 0.7446 -0.5924 0.3075
vn 0.6346 -0.5049 0.5851
vn 0.4633 -0.3686 0.8059
vn -0.1362 0.0760 -0.9878
vn -0.2350 0.1870 -0.9539
vn -0.1982 0.2250 0.9540
vn -0.1220 0.0970 0.9878
vn 0.3915 -0.4443 -0.8058
vn 0.5362 -0.6084 -0.5850
vn 0.7801 -0.6207 -0.0784
vn 0.6291 -0.7139 -0.3075
vn 0.6591 -0.7479 0.0784
vn 0.6291 -0.7139 0.3075
vn 0.5362 -0.6084 0.5850
vn 0.3915 -0.4443 0.8058
vn -0.1220 0.0970 -0.9878
vn -0.1982 0.2249 -0.9540
vn -0.0807 0.1333 0.9878
vn -0.1030 0.1169 0.9878
vn -0.1554 0.2567 0.9539
vn 0.4200 -0.6938 -0.5851
vn 0.4928 -0.8140 -0.3075
vn 0.5162 -0.8528 -0.0784
vn 0.6591 -0.7480 -0.0784
vn 0.5163 -0.8528 0.0784
vn 0.4928 -0.8140 0.3075
vn 0.4200 -0.6938 0.5851
vn 0.3066 -0.5065 0.8059
vn -0.0807 0.1333 -0.9878
vn -0.1030 0.1169 -0.9878
vn -0.0574 0.1450 0.9878
vn 0.3066 -0.5065 -0.8059
vn -0.1108 0.2798 0.9536
vn 0.2985 -0.7539 -0.5852
vn 0.3503 -0.8847 -0.3075
vn 0.3670 -0.9269 -0.0784
vn 0.3670 -0.9269 0.0784
vn 0.3503 -0.8847 0.3075
vn 0.2985 -0.7539 0.5852
vn -0.1554 0.2566 -0.9539
vn 0.2179 -0.5502 0.8061
vn -0.0574 0.1450 -0.9878
vn -0.0355 0.1520 0.9877
vn 0.2179 -0.5502 -0.8061
vn -0.0687 0.2943 0.9532
vn 0.1842 -0.7895 -0.5854
vn 0.2162 -0.9266 -0.3076
vn 0.2266 -0.9708 -0.0784
vn 0.2265 -0.9708 0.0784
vn 0.2162 -0.9266 0.3076
vn 0.1842 -0.7895 0.5855
vn -0.1108 0.2798 -0.9536
vn 0.9717 0.1736 -0.1601
vn -0.0355 0.1520 -0.9877
vn -0.0163 0.1553 0.9877
vn 0.9717 0.1747 0.1589
vn -0.0317 0.3018 0.9528
vn -0.0610 0.5803 0.8121
vn 0.0994 -0.9463 -0.3078
vn 0.1042 -0.9915 -0.0784
vn 0.1042 -0.9915 0.0784
vn 0.0994 -0.9463 0.3078
vn 0.0847 -0.8061 0.5857
vn -0.0317 0.3018 -0.9528
vn -0.0687 0.2943 -0.9532
vn -0.0163 0.1553 -0.9877
vn 0.0042 0.3028 0.9530
vn 0.0081 0.5830 0.8125
vn 0.0847 -0.8061 -0.5858
vn -0.0113 -0.8105 -0.5857
vn -0.0133 -0.9514 -0.3077
vn -0.0139 -0.9968 0.0784
vn -0.0133 -0.9514 0.3077
vn -0.0113 -0.8105 0.5856
vn -0.0610 0.5803 -0.8121
vn 0.0081 0.5830 -0.8124
vn 0.0042 0.3028 -0.9530
vn 0.0211 0.1547 0.9877
vn 0.0022 0.1561 0.9877
vn 0.0410 0.3004 0.9529
vn 0.0789 0.5779 0.8123
vn -0.1288 -0.9427 -0.3078
vn -0.1349 -0.9878 -0.0784
vn -0.0139 -0.9968 -0.0784
vn -0.1348 -0.9878 0.0784
vn -0.1287 -0.9428 0.3076
vn 0.9888 -0.0956 -0.1146
vn 0.0410 0.3004 -0.9529
vn 0.0211 0.1547 -0.9877
vn 0.0022 0.1561 -0.9877
vn 0.0370 0.1518 0.9877
vn 0.0722 0.2961 0.9524
vn 0.9886 -0.0963 0.1157
vn 0.1384 0.5679 0.8114
vn 0.1912 0.7842 0.5903
vn 0.9820 -0.1885 0.0081
vn 0.9820 -0.1885 -0.0081
vn 0.9857 -0.1555 -0.0643
vn 0.1384 0.5679 -0.8114
vn 0.0789 0.5779 -0.8123
vn 0.0722 0.2961 -0.9524
vn 0.0370 0.1518 -0.9877
vn 0.0487 0.1486 0.9877
vn 0.0953 0.2906 0.9521
vn 0.1824 0.5562 0.8108
vn 0.9863 -0.1535 0.0603
vn 0.2516 0.7675 0.5896
vn 0.2961 0.9034 0.3101
vn 0.3106 0.9473 -0.0786
vn 0.2961 0.9034 -0.3101
vn 0.2516 0.7675 -0.5896
vn 0.1911 0.7843 -0.5902
vn 0.1824 0.5562 -0.8108
vn 0.0953 0.2906 -0.9521
vn 0.0487 0.1486 -0.9877
vn 0.0577 0.1453 0.9877
vn 0.1130 0.2849 0.9519
vn 0.2161 0.5446 0.8104
vn 0.2980 0.7510 0.5892
vn 0.3106 0.9473 0.0786
vn 0.3507 0.8837 0.3099
vn 0.3677 0.9266 -0.0786
vn 0.3507 0.8837 -0.3099
vn 0.2980 0.7510 -0.5892
vn 0.2161 0.5446 -0.8104
vn 0.1130 0.2849 -0.9519
vn 0.0577 0.1453 -0.9877
vn 0.0648 0.1423 0.9877
vn 0.1272 0.2793 0.9517
vn 0.2430 0.5335 0.8102
vn 0.3350 0.7355 0.5890
vn 0.3677 0.9266 0.0786
vn 0.3941 0.8653 0.3097
vn 0.4132 0.9072 -0.0786
vn 0.3941 0.8653 -0.3097
vn 0.3350 0.7355 -0.5890
vn 0.2430 0.5335 -0.8102
vn 0.1272 0.2793 -0.9517
vn 0.0648 0.1423 -0.9877
vn 0.0707 0.1395 0.9877
vn 0.1389 0.2740 0.9516
vn 0.2651 0.5231 0.8100
vn 0.3654 0.7210 0.5888
vn 0.4132 0.9072 0.0786
vn 0.4299 0.8481 0.3096
vn 0.4507 0.8892 -0.0785
vn 0.4299 0.8481 -0.3096
vn 0.3654 0.7210 -0.5888
vn 0.2651 0.5231 -0.8100
vn 0.1389 0.2740 -0.9516
vn 0.0707 0.1395 -0.9877
vn 0.0757 0.1369 0.9877
vn 0.1488 0.2690 0.9516
vn 0.2839 0.5133 0.8099
vn 0.3913 0.7074 0.5886
vn 0.4507 0.8892 0.0785
vn 0.4602 0.8321 0.3095
vn 0.4825 0.8723 -0.0785
vn 0.4602 0.8321 -0.3095
vn 0.3913 0.7074 -0.5886
vn 0.2839 0.5133 -0.8099
vn 0.1488 0.2690 -0.9516
vn 0.0757 0.1369 -0.9877
vn 0.0801 0.1344 0.9877
vn 0.1575 0.2643 0.9515
vn 0.3003 0.5041 0.8098
vn 0.4138 0.6945 0.5885
vn 0.4825 0.8724 0.0785
vn 0.4867 0.8169 0.3095
vn 0.5103 0.8564 -0.0785
vn 0.4867 0.8169 -0.3095
vn 0.4138 0.6945 -0.5885
vn 0.3003 0.5041 -0.8098
vn 0.1575 0.2643 -0.9515
vn 0.0801 0.1344 -0.9877
vn 0.0839 0.1320 0.9877
vn 0.1652 0.2597 0.9515
vn 0.3149 0.4952 0.8097
vn 0.4339 0.6822 0.5885
vn 0.5103 0.8564 0.0785
vn 0.5103 0.8024 0.3095
vn 0.5350 0.8412 -0.0785
vn 0.5103 0.8024 -0.3095
vn 0.4339 0.6822 -0.5885
vn 0.3149 0.4952 -0.8097
vn 0.1652 0.2597 -0.9515
vn 0.0839 0.1320 -0.9877
vn 0.0875 0.1297 0.9877
vn 0.1722 0.2552 0.9514
vn 0.3282 0.4865 0.8097
vn 0.4522 0.6703 0.5884
vn 0.5350 0.8412 0.0785
vn 0.5318 0.7883 0.3094
vn 0.5576 0.8264 -0.0785
vn 0.5318 0.7883 -0.3094
vn 0.4522 0.6703 -0.5884
vn 0.3282 0.4865 -0.8097
vn 0.1722 0.2552 -0.9514
vn 0.0875 0.1297 -0.9877
vn 0.0908 0.1274 0.9877
vn 0.1786 0.2508 0.9514
vn 0.3406 0.4780 0.8096
vn 0.4692 0.6585 0.5884
vn 0.5576 0.8264 0.0785
vn 0.5518 0.7745 0.3094
vn 0.5784 0.8119 -0.0785
vn 0.5518 0.7745 -0.3094
vn 0.4692 0.6585 -0.5884
vn 0.3406 0.4780 -0.8096
vn 0.1786 0.2507 -0.9514
vn 0.0908 0.1274 -0.9877
vn -0.0324 0.0638 0.9974
vn -0.0905 0.1783 0.9798
vn -0.1706 0.3361 0.9262
vn -0.2736 0.5391 0.7965
vn 0.5785 0.8119 0.0785
vn -0.3926 0.7734 0.4978
vn -0.4472 0.8811 -0.1537
vn -0.3926 0.7734 -0.4978
vn -0.2736 0.5391 -0.7965
vn -0.1706 0.3361 -0.9262
vn -0.0905 0.1783 -0.9798
vn -0.0324 0.0638 -0.9974
vn -0.2778 -0.1507 0.9487
vn -0.5028 -0.2726 0.8203
vn -0.6958 -0.3773 0.6112
vn -0.8303 -0.4502 0.3286
vn -0.8758 -0.4749 0.0867
vn -0.4472 0.8811 0.1536
vn -0.8758 -0.4749 -0.0867
vn -0.8303 -0.4502 -0.3286
vn -0.6958 -0.3773 -0.6112
vn -0.5028 -0.2726 -0.8203
vn -0.2778 -0.1507 -0.9487
vn -0.1212 -0.0657 0.9904
vn -0.1212 -0.0657 -0.9904
vn -0.1089 -0.2880 0.9514
vn -0.0524 -0.1474 0.9877
vn -0.1033 -0.2905 0.9513
vn -0.2075 -0.5491 0.8096
vn -0.9114 0.3803 0.1570
vn -0.2859 -0.7563 0.5884
vn -0.9476 0.2976 0.1162
vn -0.3362 -0.8895 0.3094
vn -0.9649 0.2554 0.0609
vn -0.3525 -0.9325 0.0785
vn -0.9580 0.2867 0.0080
vn -0.3525 -0.9325 -0.0785
vn -0.9579 0.2869 -0.0080
vn -0.9649 0.2554 -0.0609
vn -0.9476 0.2976 -0.1161
vn -0.3362 -0.8895 -0.3094
vn -0.9110 0.3804 -0.1590
vn -0.2859 -0.7564 -0.5884
vn -0.1033 -0.2905 -0.9513
vn -0.2075 -0.5491 -0.8096
vn -0.0524 -0.1474 -0.9877
vn -0.1089 -0.2880 -0.9514
vn -0.1172 -0.2842 0.9516
vn -0.0553 -0.1463 0.9877
vn -0.2236 -0.5423 0.8099
vn -0.3082 -0.7473 0.5887
vn -0.3625 -0.8791 0.3096
vn -0.3800 -0.9216 0.0785
vn -0.3800 -0.9216 -0.0785
vn -0.3625 -0.8791 -0.3096
vn -0.3082 -0.7473 -0.5887
vn -0.2236 -0.5423 -0.8099
vn -0.0553 -0.1463 -0.9877
vn -0.1172 -0.2842 -0.9516
vn -0.1287 -0.2784 0.9518
vn -0.0596 -0.1446 0.9877
vn -0.2459 -0.5320 0.8102
vn -0.3391 -0.7335 0.5890
vn -0.3989 -0.8631 0.3098
vn -0.4183 -0.9049 0.0786
vn -0.4183 -0.9049 -0.0786
vn -0.3989 -0.8631 -0.3098
vn -0.3391 -0.7335 -0.5890
vn -0.2459 -0.5320 -0.8102
vn -0.0596 -0.1446 -0.9877
vn -0.1287 -0.2784 -0.9518
vn -0.1439 -0.2700 0.9521
vn -0.0656 -0.1420 0.9877
vn -0.2754 -0.5166 0.8107
vn -0.3800 -0.7128 0.5895
vn -0.4473 -0.8389 0.3101
vn -0.4690 -0.8797 0.0786
vn -0.4690 -0.8797 -0.0786
vn -0.4473 -0.8389 -0.3101
vn -0.3800 -0.7128 -0.5895
vn -0.2754 -0.5166 -0.8107
vn -0.0656 -0.1420 -0.9877
vn -0.1439 -0.2700 -0.9521
vn -0.1634 -0.2574 0.9524
vn -0.0736 -0.1380 0.9877
vn -0.3133 -0.4936 0.8113
vn -0.4326 -0.6816 0.5902
vn -0.5093 -0.8026 0.3105
vn -0.5342 -0.8417 0.0787
vn -0.5342 -0.8417 -0.0787
vn -0.5093 -0.8026 -0.3105
vn -0.4326 -0.6816 -0.5902
vn -0.3133 -0.4936 -0.8113
vn -0.0736 -0.1380 -0.9877
vn -0.1634 -0.2574 -0.9524
vn -0.1873 -0.2389 0.9528
vn -0.0837 -0.1320 0.9877
vn -0.3600 -0.4592 0.8121
vn -0.4977 -0.6348 0.5910
vn -0.5863 -0.7480 0.3111
vn -0.6150 -0.7846 0.0788
vn -0.6150 -0.7846 -0.0788
vn -0.5863 -0.7480 -0.3111
vn -0.4977 -0.6348 -0.5910
vn -0.3600 -0.4592 -0.8121
vn -0.0837 -0.1320 -0.9877
vn -0.1873 -0.2389 -0.9528
vn -0.2151 -0.2118 0.9534
vn -0.0964 -0.1229 0.9877
vn -0.4148 -0.4084 0.8131
vn -0.5742 -0.5654 0.5922
vn -0.6770 -0.6666 0.3118
vn -0.7103 -0.6994 0.0789
vn -0.7104 -0.6994 -0.0789
vn -0.6770 -0.6666 -0.3118
vn -0.5742 -0.5654 -0.5922
vn -0.4148 -0.4084 -0.8131
vn -0.0964 -0.1229 -0.9877
vn -0.2151 -0.2118 -0.9534
vn -0.2447 -0.1735 0.9540
vn -0.1112 -0.1095 0.9878
vn -0.4735 -0.3357 0.8143
vn -0.6566 -0.4655 0.5935
vn -0.7748 -0.5494 0.3127
vn -0.8132 -0.5766 0.0791
vn -0.8132 -0.5766 -0.0791
vn -0.7748 -0.5494 -0.3127
vn -0.6566 -0.4655 -0.5935
vn -0.4735 -0.3357 -0.8143
vn -0.1112 -0.1095 -0.9878
vn -0.2447 -0.1735 -0.9540
vn -0.2718 -0.1230 0.9545
vn -0.1271 -0.0901 0.9878
vn -0.5275 -0.2388 0.8153
vn -0.7324 -0.3316 0.5946
vn -0.8651 -0.3916 0.3135
vn -0.9081 -0.4111 0.0793
vn -0.9081 -0.4111 -0.0793
vn -0.8651 -0.3916 -0.3135
vn -0.7324 -0.3316 -0.5946
vn -0.5275 -0.2388 -0.8153
vn -0.1271 -0.0901 -0.9878
vn -0.2718 -0.1230 -0.9545
vn -0.2909 -0.0632 0.9547
vn -0.1418 -0.0642 0.9878
vn -0.5653 -0.1227 0.8157
vn -0.7853 -0.1705 0.5951
vn -0.9279 -0.2015 0.3138
vn -0.9741 -0.2115 0.0793
vn -0.9741 -0.2115 -0.0793
vn -0.9279 -0.2015 -0.3138
vn -0.7853 -0.1705 -0.5951
vn -0.5653 -0.1227 -0.8157
vn -0.1418 -0.0642 -0.9878
vn -0.2909 -0.0632 -0.9547
vn -0.1559 -0.0034 0.9878
vn -0.1520 -0.0330 0.9878
vn -0.3005 -0.0066 0.9538
vn -0.5809 -0.0128 0.8139
vn -0.8050 -0.0177 0.5930
vn -0.9497 -0.0209 0.3124
vn -0.9966 -0.0219 -0.0791
vn -0.9497 -0.0209 -0.3124
vn -0.8050 -0.0177 -0.5930
vn -0.5809 -0.0128 -0.8139
vn -0.3005 -0.0066 -0.9538
vn -0.1559 -0.0034 -0.9878
vn -0.1520 -0.0330 -0.9878
vn -0.1549 0.0194 0.9877
vn -0.3004 0.0377 0.9531
vn -0.5784 0.0725 0.8126
vn -0.8000 0.1003 0.5915
vn -0.9966 -0.0219 0.0791
vn -0.9429 0.1182 0.3114
vn -0.9891 0.1240 -0.0789
vn -0.9429 0.1182 -0.3114
vn -0.8000 0.1003 -0.5915
vn -0.5784 0.0725 -0.8126
vn -0.3004 0.0377 -0.9531
vn -0.1549 0.0194 -0.9877
vn -0.2928 0.0759 0.9531
vn -0.5640 0.1463 0.8127
vn -0.7803 0.2024 0.5917
vn -0.9198 0.2386 0.3115
vn -0.9650 0.2502 0.0789
vn -0.9891 0.1240 0.0789
vn -0.9650 0.2503 -0.0789
vn -0.9198 0.2386 -0.3115
vn -0.7803 0.2024 -0.5917
vn -0.5640 0.1463 -0.8127
vn -0.2928 0.0759 -0.9531
vn -0.2800 0.1140 0.9532
vn -0.1511 0.0392 0.9877
vn -0.5395 0.2197 0.8128
vn -0.7466 0.3040 0.5918
vn -0.8801 0.3583 0.3116
vn -0.9233 0.3759 0.0789
vn -0.9233 0.3759 -0.0789
vn -0.8801 0.3583 -0.3116
vn -0.7466 0.3040 -0.5918
vn -0.5395 0.2197 -0.8128
vn -0.1511 0.0392 -0.9877
vn -0.2800 0.1140 -0.9532
vn -0.2620 0.1507 0.9532
vn -0.1446 0.0589 0.9877
vn -0.5048 0.2905 0.8129
vn -0.6986 0.4020 0.5919
vn -0.8236 0.4739 0.3117
vn -0.8640 0.4972 0.0789
vn -0.8640 0.4972 -0.0789
vn -0.8236 0.4739 -0.3117
vn -0.6986 0.4020 -0.5919
vn -0.5048 0.2905 -0.8129
vn -0.1446 0.0589 -0.9877
vn -0.2620 0.1507 -0.9532
vn -0.2389 0.1851 0.9532
vn -0.1353 0.0778 0.9877
vn -0.4604 0.3567 0.8129
vn -0.6371 0.4936 0.5919
vn -0.7511 0.5819 0.3117
vn -0.7880 0.6105 0.0789
vn -0.7880 0.6105 -0.0789
vn -0.7511 0.5819 -0.3117
vn -0.6371 0.4936 -0.5919
vn -0.4604 0.3567 -0.8129
vn -0.1353 0.0778 -0.9877
vn -0.2389 0.1851 -0.9532
vn -0.1091 0.1116 0.9877
vn -0.1234 0.0956 0.9877
vn -0.2113 0.2160 0.9532
vn -0.4073 0.4163 0.8129
vn -0.5636 0.5761 0.5919
vn -0.6645 0.6792 0.3117
vn -0.6971 0.7126 -0.0789
vn -0.6645 0.6792 -0.3117
vn -0.5636 0.5761 -0.5919
vn -0.4073 0.4163 -0.8129
vn -0.2113 0.2160 -0.9532
vn -0.1091 0.1116 -0.9877
vn -0.1234 0.0956 -0.9877
vn -0.0930 0.1254 0.9877
vn -0.1801 0.2428 0.9532
vn -0.3470 0.4679 0.8128
vn -0.4801 0.6474 0.5919
vn -0.6971 0.7126 0.0789
vn -0.5660 0.7632 0.3116
vn -0.5938 0.8007 -0.0789
vn -0.5660 0.7632 -0.3116
vn -0.4801 0.6474 -0.5919
vn -0.3470 0.4679 -0.8128
vn -0.1801 0.2428 -0.9532
vn -0.0930 0.1254 -0.9877
vn -0.0753 0.1367 0.9877
vn -0.1460 0.2649 0.9532
vn -0.2812 0.5102 0.8128
vn -0.3891 0.7060 0.5918
vn -0.5938 0.8007 0.0789
vn -0.4586 0.8322 0.3116
vn -0.4812 0.8731 -0.0789
vn -0.4586 0.8322 -0.3116
vn -0.3891 0.7060 -0.5918
vn -0.2812 0.5102 -0.8128
vn -0.1460 0.2649 -0.9532
vn -0.0753 0.1367 -0.9877
vn -0.0568 0.1454 0.9877
vn -0.1100 0.2819 0.9531
vn -0.2119 0.5429 0.8127
vn -0.2931 0.7510 0.5917
vn -0.4812 0.8731 0.0789
vn -0.3455 0.8852 0.3115
vn -0.3624 0.9287 -0.0789
vn -0.3455 0.8852 -0.3115
vn -0.2931 0.7510 -0.5917
vn -0.2119 0.5429 -0.8127
vn -0.1100 0.2819 -0.9531
vn -0.0568 0.1454 -0.9877
vn -0.0377 0.1515 0.9877
vn -0.0731 0.2938 0.9531
vn -0.1408 0.5657 0.8125
vn -0.1947 0.7824 0.5915
vn -0.3624 0.9287 0.0789
vn -0.2295 0.9221 0.3114
vn -0.2408 0.9674 -0.0789
vn -0.2295 0.9221 -0.3114
vn -0.1947 0.7824 -0.5915
vn -0.1408 0.5657 -0.8125
vn -0.0731 0.2938 -0.9531
vn -0.0377 0.1515 -0.9877
vn -0.0187 0.1550 0.9877
vn -0.0362 0.3008 0.9530
vn -0.0697 0.5789 0.8124
vn -0.0964 0.8006 0.5914
vn -0.2408 0.9674 0.0789
vn -0.1137 0.9435 0.3113
vn -0.1192 0.9897 -0.0788
vn -0.1137 0.9435 -0.3113
vn -0.0964 0.8006 -0.5914
vn -0.0697 0.5789 -0.8124
vn -0.0362 0.3008 -0.9530
vn -0.0187 0.1550 -0.9877
vn -0.0014 0.1562 0.9877
vn -0.0027 0.3041 0.9526
vn -0.0051 0.5840 0.8117
vn -0.0070 0.8069 0.5906
vn -0.1192 0.9897 0.0788
vn -0.0083 0.9504 0.3108
vn -0.0087 0.9969 -0.0788
vn -0.0083 0.9504 -0.3108
vn -0.0070 0.8069 -0.5906
vn -0.0051 0.5840 -0.8117
vn -0.0027 0.3041 -0.9526
vn -0.0014 0.1562 -0.9877
vn 0.0129 0.1558 0.9877
vn 0.0252 0.3040 0.9523
vn 0.0482 0.5828 0.8112
vn 0.0666 0.8046 0.5900
vn -0.0087 0.9969 0.0788
vn 0.0784 0.9473 0.3105
vn 0.0822 0.9935 -0.0787
vn 0.0784 0.9473 -0.3105
vn 0.0666 0.8046 -0.5900
vn 0.0482 0.5828 -0.8112
vn 0.0252 0.3040 -0.9523
vn 0.0129 0.1558 -0.9877
vn 0.0255 0.1542 0.9877
vn 0.0497 0.3011 0.9523
vn 0.0953 0.5770 0.8111
vn 0.1316 0.7966 0.5900
vn 0.0822 0.9935 0.0787
vn 0.1549 0.9379 0.3104
vn 0.1625 0.9836 -0.0787
vn 0.1549 0.9379 -0.3104
vn 0.1316 0.7966 -0.5900
vn 0.0953 0.5770 -0.8111
vn 0.0497 0.3011 -0.9523
vn 0.0255 0.1542 -0.9877
vn 0.0733 0.2964 0.9522
vn 0.1403 0.5679 0.8110
vn 0.1937 0.7839 0.5899
vn 0.1625 0.9836 0.0787
vn 0.2281 0.9229 0.3103
vn 0.2392 0.9678 -0.0787
vn 0.2281 0.9229 -0.3103
vn 0.1937 0.7839 -0.5899
vn 0.1403 0.5679 -0.8110
vn 0.0733 0.2964 -0.9522
vn 0.0488 0.1485 0.9877
vn 0.0954 0.2903 0.9522
vn 0.1826 0.5559 0.8109
vn 0.2520 0.7672 0.5898
vn 0.2392 0.9678 0.0787
vn 0.2967 0.9032 0.3103
vn 0.3111 0.9471 -0.0787
vn 0.2967 0.9032 -0.3103
vn 0.2520 0.7672 -0.5898
vn 0.1826 0.5559 -0.8109
vn 0.0954 0.2903 -0.9522
vn 0.0488 0.1485 -0.9877
vn 0.1158 0.2830 0.9521
vn 0.2217 0.5417 0.8108
vn 0.3060 0.7475 0.5896
vn 0.3111 0.9471 0.0787
vn 0.3601 0.8798 0.3102
vn 0.3776 0.9226 -0.0786
vn 0.3601 0.8798 -0.3102
vn 0.3060 0.7475 -0.5896
vn 0.2217 0.5417 -0.8108
vn 0.1158 0.2830 -0.9521
vn 0.0688 0.1404 0.9877
vn 0.1345 0.2748 0.9520
vn 0.2574 0.5258 0.8107
vn 0.3552 0.7255 0.5895
vn 0.3776 0.9226 0.0786
vn 0.4180 0.8539 0.3101
vn 0.4383 0.8954 -0.0786
vn 0.4180 0.8539 -0.3101
vn 0.3552 0.7255 -0.5895
vn 0.2574 0.5258 -0.8107
vn 0.1345 0.2748 -0.9520
vn 0.0687 0.1404 -0.9877
vn 0.0774 0.1359 0.9877
vn 0.1515 0.2661 0.9520
vn 0.2897 0.5090 0.8106
vn 0.3996 0.7021 0.5894
vn 0.4383 0.8954 0.0786
vn 0.4703 0.8263 0.3100
vn 0.4931 0.8664 -0.0786
vn 0.4703 0.8263 -0.3100
vn 0.3996 0.7021 -0.5894
vn 0.2897 0.5090 -0.8106
vn 0.1515 0.2661 -0.9520
vn 0.0774 0.1359 -0.9877
vn 0.0851 0.1312 0.9877
vn 0.1667 0.2571 0.9519
vn 0.3187 0.4916 0.8104
vn 0.4395 0.6780 0.5892
vn 0.4931 0.8664 0.0786
vn 0.5172 0.7978 0.3099
vn 0.5423 0.8365 -0.0786
vn 0.5172 0.7978 -0.3099
vn 0.4395 0.6780 -0.5892
vn 0.3187 0.4916 -0.8104
vn 0.1667 0.2571 -0.9519
vn 0.0851 0.1312 -0.9877
vn 0.0919 0.1265 0.9877
vn 0.1802 0.2481 0.9518
vn 0.3445 0.4741 0.8103
vn 0.4750 0.6537 0.5891
vn 0.5423 0.8365 0.0786
vn 0.5589 0.7692 0.3099
vn 0.5860 0.8065 -0.0786
vn 0.5589 0.7692 -0.3099
vn 0.4750 0.6537 -0.5891
vn 0.3445 0.4741 -0.8103
vn 0.1802 0.2481 -0.9518
vn 0.0919 0.1265 -0.9877
vn 0.0980 0.1219 0.9877
vn 0.1923 0.2391 0.9518
vn 0.3673 0.4568 0.8102
vn 0.5065 0.6297 0.5890
vn 0.5860 0.8065 0.0786
vn 0.5959 0.7409 0.3098
vn 0.6248 0.7768 -0.0786
vn 0.5959 0.7409 -0.3098
vn 0.5065 0.6297 -0.5890
vn 0.3673 0.4568 -0.8102
vn 0.1923 0.2391 -0.9518
vn 0.0980 0.1219 -0.9877
vn 0.1034 0.1173 0.9877
vn 0.2030 0.2303 0.9517
vn 0.3876 0.4399 0.8101
vn -0.7193 0.6849 0.1157
vn 0.6248 0.7768 0.0786
vn -0.6899 0.7213 0.0617
vn -0.7163 0.6977 -0.0078
vn -0.6899 0.7213 -0.0617
vn -0.7195 0.6848 -0.1159
vn 0.3876 0.4401 -0.8100
vn 0.2030 0.2303 -0.9517
vn 0.1034 0.1173 -0.9877
vn 0.2293 0.1006 0.9682
vn 0.4825 0.2118 0.8499
vn 0.4295 -0.8948 0.1214
vn -0.7166 0.6974 0.0078
vn 0.4751 -0.8774 0.0659
vn 0.4464 -0.8948 -0.0085
vn 0.4751 -0.8774 -0.0659
vn 0.4295 -0.8948 -0.1214
vn 0.4825 0.2119 -0.8499
vn 0.2293 0.1006 -0.9682
vn 0.0755 -0.1062 0.9915
vn 0.1314 0.0577 0.9896
vn 0.7702 0.6166 0.1631
vn 0.8141 0.5629 0.1429
vn 0.8500 0.5187 0.0925
vn 0.8420 0.5392 0.0133
vn 0.4464 -0.8948 0.0085
vn 0.8420 0.5392 -0.0133
vn 0.8500 0.5187 -0.0925
vn 0.8141 0.5629 -0.1429
vn 0.7702 0.6166 -0.1631
vn 0.1314 0.0577 -0.9896
vn 0.0755 -0.1062 -0.9915
vn 0.0530 -0.0745 0.9958
vn 0.0530 -0.0745 -0.9958
vn -0.8425 -0.5135 0.1627
vn 0.1060 0.1150 0.9877
vn -0.0243 0.0570 0.9981
vn -0.6899 0.7062 -0.1592
vn -0.8873 -0.4319 0.1615
vn -0.7551 0.6453 -0.1158
vn -0.9093 -0.3872 0.1525
vn -0.7882 0.6124 -0.0611
vn -0.9339 -0.3384 0.1155
vn -0.7676 0.6409 -0.0078
vn -0.9375 -0.3476 0.0192
vn -0.7673 0.6413 0.0078
vn -0.9375 -0.3476 -0.0192
vn -0.9339 -0.3384 -0.1155
vn -0.9093 -0.3872 -0.1525
vn -0.7882 0.6124 0.0611
vn -0.8873 -0.4319 -0.1615
vn -0.7550 0.6454 0.1158
vn -0.8425 -0.5135 -0.1627
vn -0.6899 0.7062 0.1592
vn -0.0242 0.0570 -0.9981
vn -0.5314 0.8275 0.1813
vn -0.5316 0.8275 -0.1806
vn 0.1008 0.1195 0.9877
vn 0.2006 0.2377 0.9504
vn 0.3799 0.4503 0.8080
vn 0.5222 0.6189 0.5868
vn 0.6134 0.7271 0.3084
vn 0.6429 0.7620 -0.0784
vn 0.6134 0.7271 -0.3084
vn 0.5222 0.6189 -0.5868
vn 0.3799 0.4503 -0.8080
vn 0.2006 0.2377 -0.9504
vn 0.1008 0.1195 -0.9877
vn 0.1060 0.1150 -0.9877
vn 0.0949 0.1243 0.9877
vn 0.1889 0.2473 0.9503
vn 0.3577 0.4683 0.8079
vn 0.4915 0.6436 0.5867
vn 0.6429 0.7620 0.0784
vn 0.5774 0.7560 0.3084
vn 0.6051 0.7923 -0.0784
vn 0.5774 0.7560 -0.3084
vn 0.4915 0.6436 -0.5867
vn 0.3577 0.4683 -0.8079
vn 0.1889 0.2473 -0.9503
vn 0.0949 0.1243 -0.9877
vn 0.0882 0.1292 0.9877
vn 0.1756 0.2572 0.9503
vn 0.3323 0.4869 0.8078
vn 0.4565 0.6689 0.5866
vn 0.6051 0.7923 0.0784
vn 0.5363 0.7857 0.3083
vn 0.5620 0.8234 -0.0784
vn 0.5363 0.7857 -0.3083
vn 0.4565 0.6689 -0.5866
vn 0.3323 0.4869 -0.8078
vn 0.1756 0.2572 -0.9503
vn 0.0882 0.1292 -0.9877
vn 0.0804 0.1341 0.9877
vn 0.1603 0.2672 0.9502
vn 0.3033 0.5056 0.8077
vn 0.4167 0.6945 0.5865
vn 0.5620 0.8234 0.0784
vn 0.4894 0.8157 0.3082
vn 0.5129 0.8549 -0.0784
vn 0.4894 0.8157 -0.3083
vn 0.4167 0.6945 -0.5865
vn 0.3033 0.5056 -0.8077
vn 0.1603 0.2672 -0.9502
vn 0.0804 0.1341 -0.9877
vn 0.0717 0.1389 0.9877
vn 0.1431 0.2771 0.9501
vn 0.2706 0.5240 0.8076
vn 0.3717 0.7197 0.5864
vn 0.5129 0.8549 0.0784
vn 0.4365 0.8453 0.3082
vn 0.4574 0.8858 -0.0784
vn 0.4365 0.8453 -0.3082
vn 0.3717 0.7197 -0.5864
vn 0.2706 0.5240 -0.8076
vn 0.1431 0.2771 -0.9501
vn 0.0717 0.1389 -0.9877
vn 0.0620 0.1435 0.9877
vn 0.1237 0.2865 0.9501
vn 0.2339 0.5415 0.8075
vn 0.3212 0.7437 0.5863
vn 0.4574 0.8858 0.0784
vn 0.3772 0.8734 0.3081
vn 0.3953 0.9152 -0.0784
vn 0.3772 0.8734 -0.3081
vn 0.3212 0.7437 -0.5863
vn 0.2339 0.5415 -0.8075
vn 0.1237 0.2865 -0.9501
vn 0.0620 0.1435 -0.9877
vn 0.0512 0.1477 0.9877
vn 0.1022 0.2950 0.9500
vn 0.1932 0.5575 0.8074
vn 0.2652 0.7655 0.5862
vn 0.3953 0.9152 0.0784
vn 0.3115 0.8989 0.3081
vn 0.3264 0.9420 -0.0784
vn 0.3115 0.8989 -0.3081
vn 0.2652 0.7655 -0.5862
vn 0.1932 0.5575 -0.8074
vn 0.1022 0.2950 -0.9500
vn 0.0512 0.1477 -0.9877
vn 0.0394 0.1513 0.9877
vn 0.0788 0.3023 0.9499
vn 0.1488 0.5711 0.8073
vn 0.2042 0.7840 0.5862
vn 0.3264 0.9420 0.0784
vn 0.2398 0.9206 0.3081
vn 0.2513 0.9647 -0.0784
vn 0.2398 0.9206 -0.3081
vn 0.2042 0.7840 -0.5862
vn 0.1488 0.5711 -0.8073
vn 0.0788 0.3023 -0.9499
vn 0.0394 0.1513 -0.9877
vn 0.0268 0.1540 0.9877
vn 0.0536 0.3079 0.9499
vn 0.1012 0.5815 0.8073
vn 0.1389 0.7982 0.5861
vn 0.2513 0.9647 0.0784
vn 0.1631 0.9373 0.3080
vn 0.1709 0.9822 -0.0784
vn 0.1631 0.9373 -0.3080
vn 0.1389 0.7982 -0.5861
vn 0.1012 0.5815 -0.8073
vn 0.0536 0.3079 -0.9499
vn 0.0268 0.1540 -0.9877
vn 0.0136 0.1557 0.9877
vn 0.0271 0.3115 0.9499
vn 0.0512 0.5880 0.8072
vn 0.0703 0.8072 0.5861
vn 0.1709 0.9822 0.0784
vn 0.0825 0.9478 0.3080
vn 0.0865 0.9932 -0.0784
vn 0.0825 0.9478 -0.3080
vn 0.0703 0.8072 -0.5861
vn 0.0512 0.5880 -0.8072
vn 0.0271 0.3115 -0.9499
vn 0.0136 0.1557 -0.9877
vn 0.0003 0.3126 0.9499
vn 0.0007 0.5902 0.8072
vn 0.0009 0.8102 0.5861
vn 0.0011 0.9514 0.3080
vn 0.0011 0.9969 0.0784
vn 0.0865 0.9932 0.0784
vn 0.0011 0.9969 -0.0784
vn 0.0011 0.9514 -0.3080
vn 0.0009 0.8102 -0.5861
vn 0.0007 0.5902 -0.8072
vn 0.0003 0.3126 -0.9499
vn -0.0132 0.1557 0.9877
vn 0.0002 0.1563 0.9877
vn -0.0263 0.3115 0.9499
vn -0.0497 0.5881 0.8072
vn -0.0682 0.8074 0.5861
vn -0.0801 0.9480 0.3080
vn -0.0839 0.9934 -0.0784
vn -0.0801 0.9480 -0.3080
vn -0.0682 0.8074 -0.5861
vn -0.0497 0.5881 -0.8072
vn -0.0263 0.3115 -0.9499
vn -0.0132 0.1557 -0.9877
vn 0.0002 0.1563 -0.9877
vn -0.0267 0.1540 0.9877
vn -0.0534 0.3082 0.9498
vn -0.1008 0.5816 0.8072
vn -0.1384 0.7984 0.5860
vn -0.0839 0.9934 0.0784
vn -0.1625 0.9374 0.3080
vn -0.1703 0.9823 -0.0784
vn -0.1625 0.9374 -0.3080
vn -0.1384 0.7984 -0.5860
vn -0.1008 0.5816 -0.8072
vn -0.0534 0.3082 -0.9498
vn -0.0267 0.1540 -0.9877
vn -0.0405 0.1509 0.9877
vn -0.0810 0.3022 0.9498
vn -0.1529 0.5702 0.8071
vn -0.2099 0.7827 0.5860
vn -0.1703 0.9823 0.0784
vn -0.2464 0.9189 0.3080
vn -0.2582 0.9629 -0.0784
vn -0.2464 0.9189 -0.3080
vn -0.2099 0.7827 -0.5860
vn -0.1529 0.5702 -0.8071
vn -0.0810 0.3022 -0.9498
vn -0.0405 0.1509 -0.9877
vn -0.0542 0.1466 0.9877
vn -0.1086 0.2935 0.9498
vn -0.2049 0.5537 0.8071
vn -0.2813 0.7599 0.5860
vn -0.2582 0.9629 0.0784
vn -0.3302 0.8922 0.3079
vn -0.3460 0.9349 -0.0784
vn -0.3302 0.8923 -0.3079
vn -0.2813 0.7599 -0.5860
vn -0.2049 0.5537 -0.8071
vn -0.1086 0.2935 -0.9498
vn -0.0542 0.1466 -0.9877
vn -0.0677 0.1408 0.9877
vn -0.1356 0.2820 0.9498
vn -0.2558 0.5321 0.8071
vn -0.3511 0.7303 0.5860
vn -0.3460 0.9349 0.0784
vn -0.4122 0.8575 0.3079
vn -0.4320 0.8985 -0.0784
vn -0.4122 0.8575 -0.3079
vn -0.3511 0.7303 -0.5860
vn -0.2558 0.5321 -0.8071
vn -0.1356 0.2820 -0.9498
vn -0.0677 0.1408 -0.9877
vn -0.1614 0.2681 0.9498
vn -0.3045 0.5058 0.8071
vn -0.4180 0.6942 0.5860
vn -0.4907 0.8151 0.3079
vn -0.5142 0.8541 0.0784
vn -0.4320 0.8985 0.0784
vn -0.5142 0.8541 -0.0784
vn -0.4907 0.8151 -0.3079
vn -0.4180 0.6942 -0.5860
vn -0.3045 0.5058 -0.8071
vn -0.1614 0.2681 -0.9498
vn -0.1855 0.2519 0.9498
vn -0.0806 0.1339 0.9877
vn -0.3501 0.4754 0.8071
vn -0.4805 0.6525 0.5860
vn -0.5642 0.7661 0.3080
vn -0.5912 0.8027 0.0784
vn -0.5912 0.8027 -0.0784
vn -0.5642 0.7661 -0.3080
vn -0.4805 0.6525 -0.5860
vn -0.3501 0.4754 -0.8071
vn -0.0806 0.1339 -0.9877
vn -0.1855 0.2519 -0.9498
vn -0.2076 0.2340 0.9498
vn -0.0927 0.1258 0.9877
vn -0.3917 0.4416 0.8072
vn -0.5377 0.6062 0.5860
vn -0.6314 0.7117 0.3080
vn -0.6616 0.7458 0.0784
vn -0.6616 0.7458 -0.0784
vn -0.6314 0.7117 -0.3080
vn -0.5377 0.6062 -0.5860
vn -0.3917 0.4416 -0.8072
vn -0.0927 0.1258 -0.9877
vn -0.2076 0.2340 -0.9498
vn -0.2272 0.2147 0.9499
vn -0.1037 0.1169 0.9877
vn -0.4290 0.4054 0.8072
vn -0.5889 0.5565 0.5861
vn -0.6915 0.6534 0.3080
vn -0.7246 0.6847 0.0784
vn -0.7246 0.6847 -0.0784
vn -0.6915 0.6534 -0.3080
vn -0.5889 0.5565 -0.5861
vn -0.4290 0.4054 -0.8072
vn -0.1037 0.1169 -0.9877
vn -0.2272 0.2147 -0.9499
vn -0.2445 0.1947 0.9499
vn -0.1136 0.1073 0.9877
vn -0.4616 0.3677 0.8073
vn -0.6338 0.5047 0.5862
vn -0.7442 0.5927 0.3080
vn -0.7798 0.6211 0.0784
vn -0.7798 0.6211 -0.0784
vn -0.7442 0.5927 -0.3080
vn -0.6338 0.5047 -0.5862
vn -0.4616 0.3677 -0.8073
vn -0.1136 0.1073 -0.9877
vn -0.2445 0.1947 -0.9499
vn -0.2592 0.1743 0.9500
vn -0.1223 0.0974 0.9877
vn 0.5076 0.8467 -0.1596
vn 0.5854 0.8023 -0.1166
vn 0.6249 0.7783 -0.0613
vn 0.5981 0.8014 -0.0078
vn 0.5981 0.8014 0.0078
vn 0.6249 0.7783 0.0613
vn 0.5854 0.8023 0.1166
vn 0.5074 0.8469 0.1589
vn -0.1223 0.0974 -0.9877
vn -0.2592 0.1743 -0.9500
vn -0.0129 0.1366 0.9905
vn -0.1297 0.0872 0.9877
vn 0.0435 -0.4601 -0.8868
vn 0.0654 -0.6912 -0.7197
vn 0.0855 -0.9035 -0.4201
vn 0.0935 -0.9883 0.1205
vn 0.0855 -0.9035 0.4201
vn 0.0654 -0.6912 0.7197
vn 0.0435 -0.4601 0.8868
vn -0.1297 0.0872 -0.9877
vn -0.0129 0.1366 -0.9905
vn 0.1134 0.1077 0.9877
vn -0.0090 0.0946 0.9955
vn 0.2252 0.2139 0.9505
vn -0.7115 0.6929 -0.1168
vn -0.7459 0.6632 -0.0612
vn -0.7231 0.6907 -0.0078
vn 0.0935 -0.9883 -0.1205
vn -0.7232 0.6906 0.0078
vn -0.7459 0.6632 0.0612
vn -0.7115 0.6929 0.1168
vn -0.6421 0.7497 0.1599
vn 0.1134 0.1077 -0.9877
vn -0.0090 0.0946 -0.9955
vn 0.1090 0.1122 0.9877
vn -0.6417 0.7503 -0.1587
vn 0.2167 0.2230 0.9504
vn 0.4106 0.4224 0.8081
vn 0.5643 0.5806 0.5868
vn 0.6630 0.6821 0.3084
vn 0.6948 0.7149 -0.0784
vn 0.6630 0.6821 -0.3084
vn 0.5643 0.5806 -0.5868
vn 0.4106 0.4224 -0.8081
vn 0.2167 0.2230 -0.9504
vn 0.2252 0.2139 -0.9505
vn 0.1090 0.1122 -0.9877
vn 0.1036 0.1171 0.9877
vn 0.2062 0.2331 0.9503
vn 0.3904 0.4414 0.8079
vn 0.5365 0.6066 0.5867
vn 0.6948 0.7149 0.0784
vn 0.6302 0.7125 0.3084
vn 0.6605 0.7467 -0.0784
vn 0.6302 0.7125 -0.3084
vn 0.5365 0.6066 -0.5867
vn 0.3904 0.4414 -0.8079
vn 0.2062 0.2331 -0.9503
vn 0.1036 0.1171 -0.9877
vn 0.0971 0.1226 0.9877
vn 0.1934 0.2442 0.9502
vn 0.3660 0.4621 0.8078
vn 0.5029 0.6349 0.5866
vn 0.6605 0.7467 0.0784
vn 0.5907 0.7457 0.3083
vn 0.6190 0.7815 -0.0784
vn 0.5907 0.7457 -0.3083
vn 0.5029 0.6349 -0.5866
vn 0.3660 0.4621 -0.8078
vn 0.1934 0.2442 -0.9502
vn 0.0971 0.1226 -0.9877
vn 0.0893 0.1283 0.9877
vn 0.1781 0.2559 0.9501
vn 0.3369 0.4840 0.8076
vn 0.4627 0.6648 0.5864
vn 0.6190 0.7815 0.0784
vn 0.5434 0.7808 0.3082
vn 0.5695 0.8183 -0.0784
vn 0.5434 0.7808 -0.3082
vn 0.4627 0.6648 -0.5864
vn 0.3369 0.4840 -0.8076
vn 0.1781 0.2559 -0.9501
vn 0.0893 0.1283 -0.9877
vn 0.0802 0.1342 0.9877
vn 0.1601 0.2680 0.9500
vn 0.3025 0.5065 0.8075
vn 0.4154 0.6955 0.5863
vn 0.5695 0.8183 0.0784
vn 0.4878 0.8167 0.3081
vn 0.5112 0.8559 -0.0784
vn 0.4878 0.8167 -0.3081
vn 0.4154 0.6955 -0.5863
vn 0.3025 0.5065 -0.8075
vn 0.1601 0.2680 -0.9500
vn 0.0802 0.1342 -0.9877
vn 0.0696 0.1400 0.9877
vn 0.1391 0.2798 0.9499
vn 0.2627 0.5284 0.8073
vn 0.3606 0.7255 0.5862
vn 0.5112 0.8559 0.0784
vn 0.4235 0.8519 0.3081
vn 0.4438 0.8927 -0.0784
vn 0.4235 0.8519 -0.3081
vn 0.3606 0.7255 -0.5862
vn 0.2627 0.5284 -0.8073
vn 0.1391 0.2798 -0.9499
vn 0.0696 0.1400 -0.9877
vn 0.0576 0.1453 0.9877
vn 0.1152 0.2907 0.9499
vn 0.2175 0.5487 0.8072
vn 0.2985 0.7533 0.5861
vn 0.4438 0.8927 0.0784
vn 0.3505 0.8845 0.3080
vn 0.3673 0.9268 -0.0784
vn 0.3505 0.8845 -0.3080
vn 0.2985 0.7533 -0.5861
vn 0.2175 0.5487 -0.8072
vn 0.1152 0.2907 -0.9499
vn 0.0576 0.1453 -0.9877
vn 0.0443 0.1499 0.9877
vn 0.0887 0.3000 0.9498
vn 0.1674 0.5662 0.8071
vn 0.2297 0.7771 0.5860
vn 0.3673 0.9268 0.0784
vn 0.2697 0.9124 0.3080
vn 0.2826 0.9560 -0.0784
vn 0.2697 0.9124 -0.3080
vn 0.2297 0.7771 -0.5860
vn 0.1674 0.5662 -0.8071
vn 0.0887 0.3000 -0.9498
vn 0.0443 0.1499 -0.9877
vn 0.0300 0.1534 0.9877
vn 0.0601 0.3072 0.9497
vn 0.1134 0.5795 0.8071
vn 0.1556 0.7953 0.5859
vn 0.2826 0.9560 0.0784
vn 0.1827 0.9337 0.3079
vn 0.1914 0.9784 -0.0784
vn 0.1827 0.9337 -0.3079
vn 0.1556 0.7953 -0.5859
vn 0.1134 0.5795 -0.8071
vn 0.0601 0.3072 -0.9497
vn 0.0300 0.1534 -0.9877
vn 0.0151 0.1555 0.9877
vn 0.0302 0.3116 0.9497
vn 0.0570 0.5877 0.8070
vn 0.0782 0.8066 0.5859
vn 0.1914 0.9784 0.0784
vn 0.0919 0.9470 0.3079
vn 0.0962 0.9923 -0.0784
vn 0.0919 0.9470 -0.3079
vn 0.0782 0.8066 -0.5859
vn 0.0570 0.5877 -0.8070
vn 0.0302 0.3116 -0.9497
vn 0.0151 0.1555 -0.9877
vn -0.0013 0.1562 0.9877
vn -0.0027 0.3137 0.9495
vn -0.0050 0.5908 0.8068
vn -0.0069 0.8105 0.5857
vn 0.0962 0.9923 0.0784
vn -0.0081 0.9514 0.3078
vn -0.0081 0.9514 -0.3078
vn -0.0069 0.8105 -0.5857
vn -0.0050 0.5908 -0.8068
vn -0.0027 0.3137 -0.9495
vn -0.0013 0.1562 -0.9877
vn -0.0209 0.1547 0.9877
vn -0.0420 0.3117 0.9492
vn -0.0791 0.5861 0.8064
vn -0.1084 0.8035 0.5854
vn -0.1272 0.9430 0.3076
vn -0.1333 0.9880 -0.0784
vn -0.1272 0.9430 -0.3076
vn -0.1084 0.8035 -0.5854
vn -0.0791 0.5861 -0.8064
vn -0.0420 0.3117 -0.9492
vn -0.0209 0.1547 -0.9877
vn -0.0425 0.1501 0.9878
vn -0.0857 0.3029 0.9491
vn -0.1611 0.5692 0.8063
vn -0.2208 0.7802 0.5853
vn -0.1333 0.9880 0.0784
vn -0.2591 0.9156 0.3076
vn -0.2714 0.9593 -0.0784
vn -0.2591 0.9156 -0.3076
vn -0.2208 0.7802 -0.5853
vn -0.1611 0.5692 -0.8063
vn -0.0857 0.3029 -0.9491
vn -0.0425 0.1501 -0.9878
vn -0.0641 0.1422 0.9878
vn -0.1295 0.2871 0.9491
vn -0.2432 0.5393 0.8062
vn -0.3333 0.7391 0.5853
vn -0.2714 0.9593 0.0784
vn -0.3912 0.8674 0.3076
vn -0.4099 0.9088 -0.0784
vn -0.3912 0.8674 -0.3076
vn -0.3333 0.7391 -0.5853
vn -0.2432 0.5393 -0.8062
vn -0.1295 0.2871 -0.9491
vn -0.0641 0.1422 -0.9878
vn -0.0848 0.1310 0.9878
vn -0.1712 0.2644 0.9491
vn -0.3215 0.4966 0.8062
vn -0.4406 0.6807 0.5853
vn -0.4099 0.9088 0.0784
vn -0.5171 0.7988 0.3076
vn -0.5418 0.8369 -0.0784
vn -0.5171 0.7988 -0.3076
vn -0.4406 0.6807 -0.5853
vn -0.3215 0.4966 -0.8062
vn -0.1712 0.2645 -0.9491
vn -0.0848 0.1310 -0.9878
vn -0.2087 0.2358 0.9491
vn -0.3921 0.4430 0.8062
vn -0.5374 0.6071 0.5853
vn -0.6307 0.7125 0.3076
vn -0.6608 0.7465 0.0784
vn -0.5417 0.8369 0.0784
vn -0.6608 0.7465 -0.0784
vn -0.6307 0.7125 -0.3076
vn -0.5374 0.6071 -0.5853
vn -0.3921 0.4430 -0.8062
vn -0.2087 0.2358 -0.9491
vn -0.2406 0.2029 0.9492
vn -0.1034 0.1168 0.9878
vn -0.4522 0.3812 0.8063
vn -0.6199 0.5226 0.5854
vn -0.7275 0.6133 0.3076
vn -0.7622 0.6426 0.0784
vn -0.7622 0.6426 -0.0784
vn -0.7275 0.6133 -0.3076
vn -0.6199 0.5226 -0.5854
vn -0.4522 0.3812 -0.8063
vn -0.1034 0.1168 -0.9878
vn -0.2406 0.2029 -0.9492
vn -0.2662 0.1674 0.9493
vn -0.1193 0.1006 0.9877
vn -0.5005 0.3149 0.8064
vn -0.6862 0.4317 0.5854
vn -0.8054 0.5067 0.3077
vn -0.8438 0.5309 0.0784
vn -0.8438 0.5309 -0.0784
vn -0.8054 0.5067 -0.3077
vn -0.6862 0.4317 -0.5854
vn -0.5005 0.3149 -0.8064
vn -0.1193 0.1006 -0.9877
vn -0.2662 0.1674 -0.9493
vn -0.2854 0.1313 0.9494
vn -0.1321 0.0831 0.9877
vn -0.5370 0.2471 0.8066
vn -0.7364 0.3389 0.5855
vn -0.8644 0.3978 0.3077
vn -0.9056 0.4167 0.0784
vn -0.9056 0.4167 -0.0784
vn -0.8644 0.3978 -0.3077
vn -0.7364 0.3389 -0.5855
vn -0.5370 0.2471 -0.8066
vn -0.1321 0.0831 -0.9877
vn -0.2854 0.1313 -0.9494
vn -0.2988 0.0958 0.9495
vn -0.1418 0.0653 0.9877
vn -0.5627 0.1805 0.8067
vn -0.7718 0.2475 0.5857
vn -0.9060 0.2906 0.3078
vn -0.9493 0.3044 0.0784
vn -0.9493 0.3044 -0.0784
vn -0.9060 0.2906 -0.3078
vn -0.7718 0.2475 -0.5857
vn -0.5627 0.1805 -0.8067
vn -0.1418 0.0653 -0.9877
vn -0.2988 0.0958 -0.9495
vn -0.3073 0.0619 0.9496
vn -0.1487 0.0477 0.9877
vn -0.5791 0.1166 0.8069
vn -0.7945 0.1600 0.5858
vn -0.9327 0.1878 0.3078
vn -0.9773 0.1968 0.0784
vn -0.9773 0.1968 -0.0784
vn -0.9327 0.1878 -0.3078
vn -0.7945 0.1600 -0.5858
vn -0.5791 0.1166 -0.8069
vn -0.1487 0.0477 -0.9877
vn -0.3073 0.0619 -0.9496
vn -0.3117 0.0299 0.9497
vn -0.1531 0.0308 0.9877
vn -0.5878 0.0565 0.8070
vn -0.8067 0.0775 0.5859
vn -0.9471 0.0909 0.3079
vn -0.9924 0.0953 0.0784
vn -0.9924 0.0953 -0.0784
vn -0.9471 0.0909 -0.3079
vn -0.8067 0.0775 -0.5859
vn -0.5878 0.0565 -0.8070
vn -0.1531 0.0308 -0.9877
vn -0.3117 0.0299 -0.9497
vn -0.3109 0.0072 0.9504
vn -0.1555 0.0149 0.9877
vn -0.5890 0.0137 0.8080
vn -0.8095 0.0188 0.5868
vn -0.9510 0.0220 0.3084
vn -0.9967 0.0231 0.0784
vn -0.9967 0.0231 -0.0784
vn -0.9510 0.0220 -0.3084
vn -0.8095 0.0188 -0.5868
vn -0.5890 0.0137 -0.8080
vn -0.1555 0.0149 -0.9877
vn -0.3109 0.0072 -0.9504
vn -0.0787 -0.0787 0.9938
vn -0.1564 0.0036 0.9877
vn -0.1980 -0.1980 0.9600
vn -0.3610 -0.3610 0.8599
vn -0.5226 -0.5226 0.6736
vn -0.6543 -0.6543 0.3793
vn -0.7032 -0.7032 -0.1049
vn -0.6543 -0.6543 -0.3792
vn -0.5226 -0.5226 -0.6736
vn -0.3610 -0.3610 -0.8599
vn -0.1980 -0.1980 -0.9600
vn -0.0787 -0.0787 -0.9938
vn -0.1564 0.0036 -0.9877
vn 0.6543 -0.6543 0.3792
vn -0.7032 -0.7032 0.1049
vn 0.3065 -0.0080 0.9518
vn 0.5858 -0.0153 0.8103
vn 0.8077 -0.0211 0.5892
vn 0.9505 -0.0249 0.3099
vn 0.9966 -0.0261 0.0786
vn 0.9966 -0.0261 -0.0786
vn 0.9505 -0.0249 -0.3099
vn 0.8077 -0.0211 -0.5892
vn 0.5858 -0.0153 -0.8103
vn 0.3065 -0.0080 -0.9518
vn 0.3018 -0.0328 0.9528
vn 0.1563 -0.0041 0.9877
vn 0.5801 -0.0630 0.8121
vn 0.8019 -0.0871 0.5910
vn 0.9448 -0.1027 0.3111
vn 0.9911 -0.1077 0.0788
vn 0.9911 -0.1077 -0.0788
vn 0.9448 -0.1027 -0.3111
vn 0.8019 -0.0871 -0.5910
vn 0.5801 -0.0630 -0.8121
vn 0.1563 -0.0041 -0.9877
vn 0.3018 -0.0328 -0.9528
vn 0.2955 -0.0675 0.9530
vn 0.1553 -0.0169 0.9877
vn 0.5685 -0.1298 0.8124
vn 0.7862 -0.1795 0.5913
vn 0.9265 -0.2115 0.3113
vn 0.9719 -0.2219 0.0788
vn 0.9719 -0.2219 -0.0788
vn 0.9265 -0.2115 -0.3113
vn 0.7862 -0.1795 -0.5913
vn 0.5685 -0.1298 -0.8124
vn 0.1553 -0.0169 -0.9877
vn 0.2955 -0.0675 -0.9530
vn 0.2844 -0.1035 0.9531
vn 0.1522 -0.0348 0.9877
vn 0.5476 -0.1994 0.8126
vn 0.7576 -0.2758 0.5916
vn 0.8929 -0.3251 0.3115
vn 0.9368 -0.3410 0.0789
vn 0.9367 -0.3410 -0.0789
vn 0.8929 -0.3251 -0.3115
vn 0.7576 -0.2758 -0.5916
vn 0.5476 -0.1994 -0.8126
vn 0.1522 -0.0348 -0.9877
vn 0.2844 -0.1035 -0.9531
vn 0.2680 -0.1399 0.9532
vn 0.1467 -0.0534 0.9877
vn 0.5164 -0.2695 0.8128
vn 0.7146 -0.3730 0.5918
vn 0.8423 -0.4397 0.3116
vn 0.8837 -0.4613 0.0789
vn 0.8837 -0.4613 -0.0789
vn 0.8423 -0.4397 -0.3116
vn 0.7146 -0.3730 -0.5918
vn 0.5164 -0.2695 -0.8128
vn 0.1467 -0.0534 -0.9877
vn 0.2680 -0.1399 -0.9532
vn 0.2460 -0.1752 0.9533
vn 0.1384 -0.0722 0.9877
vn 0.4743 -0.3377 0.8130
vn 0.6565 -0.4674 0.5920
vn 0.7740 -0.5511 0.3117
vn 0.8121 -0.5782 0.0789
vn 0.8121 -0.5782 -0.0789
vn 0.7740 -0.5511 -0.3117
vn 0.6565 -0.4674 -0.5920
vn 0.4743 -0.3377 -0.8130
vn 0.1384 -0.0722 -0.9877
vn 0.2460 -0.1752 -0.9533
vn 0.2188 -0.2080 0.9533
vn 0.1271 -0.0905 0.9877
vn 0.4220 -0.4011 0.8131
vn 0.5841 -0.5552 0.5921
vn 0.6887 -0.6546 0.3118
vn 0.7225 -0.6868 0.0789
vn 0.7225 -0.6868 -0.0789
vn 0.6887 -0.6546 -0.3118
vn 0.5841 -0.5552 -0.5921
vn 0.4220 -0.4011 -0.8131
vn 0.1271 -0.0905 -0.9877
vn 0.2188 -0.2080 -0.9533
vn 0.1870 -0.2370 0.9533
vn 0.1131 -0.1075 0.9877
vn 0.3607 -0.4570 0.8131
vn 0.4993 -0.6326 0.5921
vn 0.5887 -0.7458 0.3118
vn 0.6176 -0.7825 0.0789
vn 0.6176 -0.7825 -0.0789
vn 0.5887 -0.7458 -0.3118
vn 0.4993 -0.6326 -0.5921
vn 0.3607 -0.4570 -0.8131
vn 0.1131 -0.1075 -0.9877
vn 0.1870 -0.2370 -0.9533
vn 0.0784 -0.1349 0.9877
vn 0.0967 -0.1225 0.9877
vn 0.1518 -0.2611 0.9533
vn 0.2926 -0.5034 0.8130
vn 0.4050 -0.6967 0.5920
vn 0.4775 -0.8214 0.3118
vn 0.5010 -0.8618 -0.0789
vn 0.4775 -0.8214 -0.3118
vn 0.4050 -0.6967 -0.5920
vn 0.2926 -0.5034 -0.8130
vn 0.1518 -0.2611 -0.9533
vn 0.0784 -0.1349 -0.9877
vn 0.0967 -0.1225 -0.9877
vn 0.0590 -0.1445 0.9877
vn 0.1143 -0.2798 0.9532
vn 0.2203 -0.5392 0.8129
vn 0.3049 -0.7461 0.5919
vn 0.5010 -0.8618 0.0789
vn 0.3594 -0.8796 0.3117
vn 0.3771 -0.9228 -0.0789
vn 0.3594 -0.8796 -0.3117
vn 0.3049 -0.7461 -0.5919
vn 0.2203 -0.5392 -0.8129
vn 0.1143 -0.2798 -0.9532
vn 0.0590 -0.1445 -0.9877
vn 0.0392 -0.1511 0.9877
vn 0.0759 -0.2928 0.9532
vn 0.1462 -0.5640 0.8127
vn 0.2022 -0.7804 0.5917
vn 0.3771 -0.9228 0.0789
vn 0.2384 -0.9198 0.3116
vn 0.2501 -0.9650 -0.0789
vn 0.2384 -0.9198 -0.3116
vn 0.2022 -0.7804 -0.5917
vn 0.1462 -0.5640 -0.8127
vn 0.0759 -0.2928 -0.9532
vn 0.0392 -0.1511 -0.9877
vn 0.0194 -0.1549 0.9877
vn 0.0376 -0.3004 0.9531
vn 0.0723 -0.5784 0.8125
vn 0.1000 -0.8001 0.5915
vn 0.2501 -0.9650 0.0789
vn 0.1179 -0.9429 0.3114
vn 0.1236 -0.9892 -0.0789
vn 0.1179 -0.9429 -0.3114
vn 0.1000 -0.8001 -0.5915
vn 0.0723 -0.5784 -0.8125
vn 0.0376 -0.3004 -0.9531
vn 0.0194 -0.1549 -0.9877
vn 0.0018 -0.1562 0.9877
vn 0.0036 -0.3042 0.9526
vn 0.0068 -0.5841 0.8117
vn 0.0094 -0.8069 0.5906
vn 0.1236 -0.9892 0.0789
vn 0.0111 -0.9504 0.3108
vn 0.0116 -0.9968 -0.0787
vn 0.0111 -0.9504 -0.3108
vn 0.0094 -0.8069 -0.5906
vn 0.0068 -0.5841 -0.8117
vn 0.0036 -0.3042 -0.9526
vn 0.0018 -0.1562 -0.9877
vn -0.0307 -0.3012 0.9531
vn -0.0591 -0.5799 0.8126
vn -0.0817 -0.8021 0.5916
vn -0.0963 -0.9454 0.3114
vn -0.1010 -0.9918 0.0789
vn 0.0116 -0.9968 0.0787
vn -0.1010 -0.9918 -0.0789
vn -0.0963 -0.9454 -0.3114
vn -0.0817 -0.8021 -0.5916
vn -0.0591 -0.5799 -0.8126
vn -0.0307 -0.3012 -0.9531
vn -0.0339 -0.1525 0.9877
vn -0.0158 -0.1553 0.9877
vn -0.0659 -0.2966 0.9527
vn -0.1266 -0.5699 0.8119
vn -0.1750 -0.7876 0.5909
vn -0.2061 -0.9278 0.3110
vn -0.2162 -0.9732 -0.0788
vn -0.2061 -0.9278 -0.3110
vn -0.1750 -0.7876 -0.5909
vn -0.1266 -0.5699 -0.8119
vn -0.0659 -0.2966 -0.9527
vn -0.0339 -0.1525 -0.9877
vn -0.0158 -0.1553 -0.9877
vn -0.0487 -0.1485 0.9877
vn -0.0949 -0.2895 0.9524
vn -0.1821 -0.5554 0.8114
vn -0.2515 -0.7670 0.5903
vn -0.2162 -0.9732 0.0788
vn -0.2961 -0.9032 0.3106
vn -0.3106 -0.9473 -0.0787
vn -0.2961 -0.9032 -0.3106
vn -0.2515 -0.7670 -0.5903
vn -0.1821 -0.5554 -0.8114
vn -0.0949 -0.2895 -0.9524
vn -0.0487 -0.1485 -0.9877
vn -0.0608 -0.1440 0.9877
vn -0.1188 -0.2813 0.9522
vn -0.2276 -0.5389 0.8110
vn -0.3142 -0.7439 0.5899
vn -0.3106 -0.9473 0.0787
vn -0.3699 -0.8757 0.3103
vn -0.3879 -0.9183 -0.0787
vn -0.3699 -0.8757 -0.3103
vn -0.3142 -0.7439 -0.5899
vn -0.2276 -0.5389 -0.8110
vn -0.1188 -0.2813 -0.9522
vn -0.0608 -0.1440 -0.9877
vn -0.0709 -0.1394 0.9877
vn -0.1387 -0.2727 0.9521
vn -0.2654 -0.5218 0.8107
vn -0.3662 -0.7200 0.5895
vn -0.3879 -0.9183 0.0787
vn -0.4310 -0.8474 0.3101
vn -0.4519 -0.8886 -0.0786
vn -0.4310 -0.8474 -0.3101
vn -0.3662 -0.7200 -0.5895
vn -0.2654 -0.5218 -0.8107
vn -0.1387 -0.2727 -0.9521
vn -0.0709 -0.1394 -0.9877
vn -0.0793 -0.1348 0.9877
vn -0.1554 -0.2640 0.9519
vn -0.2971 -0.5048 0.8105
vn -0.4098 -0.6963 0.5893
vn -0.4519 -0.8886 0.0786
vn -0.4823 -0.8193 0.3100
vn -0.5057 -0.8591 -0.0786
vn -0.4823 -0.8193 -0.3100
vn -0.4098 -0.6963 -0.5893
vn -0.2971 -0.5048 -0.8105
vn -0.1554 -0.2640 -0.9519
vn -0.0793 -0.1348 -0.9877
vn -0.0865 -0.1303 0.9877
vn -0.1697 -0.2554 0.9518
vn -0.3242 -0.4881 0.8103
vn -0.4471 -0.6731 0.5891
vn -0.5057 -0.8591 0.0786
vn -0.5261 -0.7920 0.3099
vn -0.5516 -0.8304 -0.0786
vn -0.5261 -0.7920 -0.3099
vn -0.4471 -0.6731 -0.5891
vn -0.3242 -0.4881 -0.8103
vn -0.1697 -0.2554 -0.9518
vn -0.0865 -0.1303 -0.9877
vn -0.0928 -0.1259 0.9877
vn -0.1821 -0.2470 0.9518
vn -0.3478 -0.4718 0.8102
vn -0.4795 -0.6505 0.5890
vn -0.5516 -0.8304 0.0786
vn -0.5642 -0.7653 0.3098
vn -0.5915 -0.8024 -0.0786
vn -0.5642 -0.7653 -0.3098
vn -0.4795 -0.6505 -0.5890
vn -0.3478 -0.4718 -0.8102
vn -0.1821 -0.2470 -0.9518
vn -0.0928 -0.1259 -0.9877
vn -0.0984 -0.1216 0.9877
vn -0.1931 -0.2387 0.9517
vn -0.3687 -0.4559 0.8101
vn -0.5082 -0.6284 0.5889
vn -0.5915 -0.8025 0.0786
vn -0.5979 -0.7393 0.3097
vn -0.6269 -0.7751 -0.0786
vn -0.5979 -0.7393 -0.3097
vn -0.5082 -0.6284 -0.5889
vn -0.3687 -0.4559 -0.8101
vn -0.1931 -0.2387 -0.9517
vn -0.0984 -0.1216 -0.9877
vn -0.1034 -0.1174 0.9877
vn -0.2030 -0.2305 0.9517
vn -0.3875 -0.4401 0.8100
vn -0.5342 -0.6066 0.5888
vn -0.6269 -0.7751 0.0786
vn -0.6284 -0.7136 0.3097
vn -0.6588 -0.7482 -0.0786
vn -0.6284 -0.7136 -0.3097
vn -0.5342 -0.6066 -0.5888
vn -0.3875 -0.4401 -0.8100
vn -0.2030 -0.2305 -0.9517
vn -0.1034 -0.1174 -0.9877
vn -0.1080 -0.1132 0.9877
vn -0.2121 -0.2223 0.9516
vn -0.4048 -0.4243 0.8100
vn -0.5580 -0.5848 0.5888
vn -0.6588 -0.7482 0.0786
vn 0.6608 -0.7481 0.0614
vn 0.6884 -0.7253 -0.0078
vn 0.6610 -0.7479 -0.0613
vn -0.5580 -0.5848 -0.5888
vn -0.4048 -0.4243 -0.8100
vn -0.2121 -0.2223 -0.9516
vn -0.1080 -0.1132 -0.9877
vn -0.2343 -0.0976 0.9672
vn -0.4904 -0.2043 0.8472
vn -0.7117 -0.2965 0.6368
vn 0.6886 -0.7251 0.0078
vn -0.4587 0.8862 0.0654
vn -0.4295 0.9030 -0.0085
vn -0.4587 0.8862 -0.0654
vn -0.7117 -0.2965 -0.6368
vn -0.4904 -0.2043 -0.8472
vn -0.2343 -0.0976 -0.9672
vn -0.1336 -0.0556 0.9895
vn -0.4295 0.9030 0.0085
vn -0.1336 -0.0556 -0.9895
vn 0.3069 -0.0067 0.9517
vn 0.5861 -0.0127 0.8101
vn 0.8080 -0.0175 0.5889
vn 0.9506 -0.0206 0.3097
vn 0.9967 -0.0216 0.0786
vn 0.9967 -0.0216 -0.0786
vn 0.9506 -0.0206 -0.3097
vn 0.8080 -0.0175 -0.5889
vn 0.5861 -0.0127 -0.8101
vn 0.3069 -0.0067 -0.9517
vn 0.3031 -0.0277 0.9525
vn 0.1564 -0.0034 0.9877
vn 0.5818 -0.0532 0.8116
vn 0.9466 -0.0865 0.3107
vn 0.9466 -0.0865 -0.3107
vn 0.5818 -0.0532 -0.8116
vn 0.1564 -0.0034 -0.9877
vn 0.3031 -0.0277 -0.9525
vn 0.2981 -0.0582 0.9527
vn 0.5729 -0.1118 0.8120
vn 0.7918 -0.1546 0.5909
vn 0.9328 -0.1821 0.3110
vn 0.9784 -0.1910 0.0788
vn 0.9784 -0.1910 -0.0788
vn 0.9328 -0.1821 -0.3110
vn 0.7918 -0.1546 -0.5909
vn 0.5729 -0.1118 -0.8120
vn 0.2981 -0.0582 -0.9527
vn 0.2889 -0.0916 0.9530
vn 0.1533 -0.0299 0.9877
vn 0.5559 -0.1762 0.8124
vn 0.7688 -0.2436 0.5913
vn 0.9059 -0.2871 0.3113
vn 0.9503 -0.3012 0.0788
vn 0.9503 -0.3012 -0.0788
vn 0.9059 -0.2871 -0.3113
vn 0.7688 -0.2436 -0.5913
vn 0.5559 -0.1762 -0.8124
vn 0.1533 -0.0299 -0.9877
vn 0.2889 -0.0916 -0.9530
vn 0.2745 -0.1270 0.9532
vn 0.1489 -0.0472 0.9877
vn 0.5287 -0.2447 0.8127
vn 0.7315 -0.3386 0.5918
vn 0.8623 -0.3991 0.3116
vn 0.9047 -0.4188 0.0789
vn 0.9047 -0.4187 -0.0789
vn 0.8623 -0.3991 -0.3116
vn 0.7315 -0.3386 -0.5918
vn 0.5287 -0.2447 -0.8127
vn 0.1489 -0.0472 -0.9877
vn 0.2745 -0.1270 -0.9532
vn 0.2539 -0.1633 0.9534
vn 0.1417 -0.0656 0.9877
vn 0.4896 -0.3149 0.8131
vn 0.6778 -0.4359 0.5921
vn 0.7991 -0.5140 0.3118
vn 0.8384 -0.5393 0.0789
vn 0.8384 -0.5393 -0.0789
vn 0.7991 -0.5140 -0.3118
vn 0.6778 -0.4359 -0.5921
vn 0.4896 -0.3149 -0.8131
vn 0.1417 -0.0656 -0.9877
vn 0.2539 -0.1633 -0.9534
vn 0.2269 -0.1985 0.9535
vn 0.1312 -0.0844 0.9878
vn 0.4379 -0.3830 0.8133
vn 0.6064 -0.5304 0.5924
vn 0.7152 -0.6255 0.3120
vn 0.7504 -0.6563 0.0790
vn 0.7504 -0.6563 -0.0790
vn 0.7152 -0.6255 -0.3120
vn 0.6064 -0.5304 -0.5924
vn 0.4379 -0.3830 -0.8133
vn 0.1312 -0.0844 -0.9878
vn 0.2269 -0.1985 -0.9535
vn 0.1941 -0.2304 0.9535
vn 0.1174 -0.1027 0.9878
vn 0.3747 -0.4449 0.8134
vn 0.5189 -0.6161 0.5925
vn 0.6120 -0.7267 0.3121
vn 0.6422 -0.7625 0.0790
vn 0.6422 -0.7625 -0.0790
vn 0.6120 -0.7267 -0.3121
vn 0.5189 -0.6161 -0.5925
vn 0.3747 -0.4449 -0.8134
vn 0.1174 -0.1027 -0.9878
vn 0.1941 -0.2304 -0.9535
vn 0.0812 -0.1332 0.9878
vn 0.1005 -0.1193 0.9878
vn 0.1568 -0.2574 0.9535
vn 0.3026 -0.4968 0.8134
vn 0.4191 -0.6880 0.5925
vn 0.4943 -0.8114 0.3120
vn 0.5186 -0.8513 -0.0790
vn 0.4943 -0.8114 -0.3120
vn 0.4191 -0.6880 -0.5925
vn 0.3026 -0.4968 -0.8134
vn 0.1568 -0.2574 -0.9535
vn 0.0812 -0.1332 -0.9878
vn 0.1005 -0.1193 -0.9878
vn 0.0605 -0.1438 0.9878
vn 0.1170 -0.2781 0.9534
vn 0.2256 -0.5365 0.8132
vn 0.3124 -0.7427 0.5922
vn 0.5186 -0.8513 0.0790
vn 0.3683 -0.8758 0.3119
vn 0.3865 -0.9189 -0.0790
vn 0.3683 -0.8758 -0.3119
vn 0.3124 -0.7427 -0.5922
vn 0.2256 -0.5365 -0.8132
vn 0.1170 -0.2781 -0.9534
vn 0.0605 -0.1438 -0.9878
vn 0.0396 -0.1510 0.9877
vn 0.0766 -0.2923 0.9532
vn 0.1477 -0.5634 0.8129
vn 0.2043 -0.7797 0.5919
vn 0.3865 -0.9189 0.0790
vn 0.2409 -0.9191 0.3117
vn 0.2527 -0.9643 -0.0789
vn 0.2409 -0.9191 -0.3117
vn 0.2043 -0.7797 -0.5919
vn 0.1477 -0.5634 -0.8129
vn 0.0766 -0.2923 -0.9532
vn 0.0396 -0.1510 -0.9877
vn 0.0193 -0.1549 0.9877
vn 0.0374 -0.3004 0.9531
vn 0.0720 -0.5784 0.8126
vn 0.0996 -0.8001 0.5916
vn 0.2527 -0.9643 0.0789
vn 0.1174 -0.9430 0.3114
vn 0.1232 -0.9892 -0.0789
vn 0.1174 -0.9430 -0.3114
vn 0.0996 -0.8001 -0.5916
vn 0.0720 -0.5784 -0.8126
vn 0.0374 -0.3004 -0.9531
vn 0.0193 -0.1549 -0.9877
vn 0.0026 -0.1563 0.9877
vn 0.0050 -0.3048 0.9524
vn 0.0096 -0.5845 0.8113
vn 0.0132 -0.8071 0.5902
vn 0.1232 -0.9892 0.0789
vn 0.0155 -0.9504 0.3106
vn 0.0163 -0.9968 -0.0787
vn 0.0155 -0.9504 -0.3106
vn 0.0132 -0.8071 -0.5902
vn 0.0096 -0.5845 -0.8113
vn 0.0050 -0.3048 -0.9524
vn 0.0026 -0.1563 -0.9877
vn -0.0092 -0.1561 0.9877
vn -0.0179 -0.3056 0.9520
vn -0.0343 -0.5846 0.8106
vn -0.0473 -0.8064 0.5894
vn 0.0163 -0.9968 0.0787
vn -0.0557 -0.9491 0.3101
vn -0.0584 -0.9952 -0.0786
vn -0.0557 -0.9491 -0.3101
vn -0.0473 -0.8064 -0.5894
vn -0.0343 -0.5846 -0.8106
vn -0.0179 -0.3056 -0.9520
vn -0.0092 -0.1561 -0.9877
vn -0.0384 -0.3032 0.9522
vn -0.0735 -0.5805 0.8109
vn -0.1014 -0.8012 0.5897
vn -0.1194 -0.9431 0.3103
vn -0.1252 -0.9890 0.0787
vn -0.0584 -0.9952 0.0786
vn -0.1252 -0.9890 -0.0787
vn -0.1194 -0.9431 -0.3103
vn -0.1014 -0.8012 -0.5897
vn -0.0735 -0.5805 -0.8109
vn -0.0384 -0.3032 -0.9522
vn -0.0614 -0.2989 0.9523
vn -0.0196 -0.1551 0.9877
vn -0.1176 -0.5729 0.8112
vn -0.1624 -0.7909 0.5900
vn -0.1912 -0.9312 0.3104
vn -0.2005 -0.9765 0.0787
vn -0.2005 -0.9765 -0.0787
vn -0.1912 -0.9312 -0.3104
vn -0.1624 -0.7909 -0.5900
vn -0.1176 -0.5729 -0.8112
vn -0.0196 -0.1551 -0.9877
vn -0.0614 -0.2989 -0.9523
vn -0.0861 -0.2924 0.9524
vn -0.0314 -0.1531 0.9877
vn -0.1651 -0.5608 0.8113
vn -0.2281 -0.7744 0.5902
vn -0.2685 -0.9118 0.3105
vn -0.2816 -0.9563 0.0787
vn -0.2816 -0.9563 -0.0787
vn -0.2685 -0.9118 -0.3105
vn -0.2281 -0.7744 -0.5902
vn -0.1651 -0.5608 -0.8113
vn -0.0314 -0.1531 -0.9877
vn -0.0861 -0.2924 -0.9524
vn -0.1115 -0.2836 0.9524
vn -0.0442 -0.1499 0.9877
vn -0.2138 -0.5440 0.8114
vn -0.2953 -0.7512 0.5903
vn -0.3478 -0.8846 0.3106
vn -0.3647 -0.9278 0.0787
vn -0.3647 -0.9278 -0.0787
vn -0.3478 -0.8846 -0.3106
vn -0.2953 -0.7512 -0.5903
vn -0.2138 -0.5440 -0.8114
vn -0.0442 -0.1499 -0.9877
vn -0.1115 -0.2836 -0.9524
vn -0.0698 -0.1398 0.9877
vn -0.0572 -0.1454 0.9877
vn -0.1362 -0.2727 0.9524
vn -0.2612 -0.5229 0.8114
vn -0.3608 -0.7221 0.5902
vn -0.4248 -0.8503 0.3106
vn -0.4455 -0.8918 -0.0787
vn -0.4248 -0.8503 -0.3106
vn -0.3608 -0.7221 -0.5902
vn -0.2612 -0.5229 -0.8114
vn -0.1362 -0.2727 -0.9524
vn -0.0698 -0.1398 -0.9877
vn -0.0572 -0.1454 -0.9877
vn -0.0816 -0.1333 0.9877
vn -0.1592 -0.2602 0.9523
vn -0.3051 -0.4988 0.8112
vn -0.4213 -0.6887 0.5901
vn -0.4455 -0.8918 0.0787
vn -0.4960 -0.8109 0.3105
vn -0.5202 -0.8504 -0.0787
vn -0.4960 -0.8109 -0.3105
vn -0.4213 -0.6887 -0.5901
vn -0.3051 -0.4988 -0.8112
vn -0.1592 -0.2602 -0.9523
vn -0.0816 -0.1333 -0.9877
vn -0.0919 -0.1265 0.9877
vn -0.1796 -0.2470 0.9522
vn -0.3440 -0.4732 0.8110
vn -0.4748 -0.6532 0.5898
vn -0.5202 -0.8504 0.0787
vn -0.5589 -0.7690 0.3103
vn -0.5861 -0.8064 -0.0787
vn -0.5589 -0.7690 -0.3103
vn -0.4748 -0.6532 -0.5898
vn -0.3440 -0.4732 -0.8110
vn -0.1796 -0.2470 -0.9522
vn -0.0919 -0.1265 -0.9877
vn -0.1007 -0.1196 0.9877
vn -0.1970 -0.2340 0.9521
vn -0.3771 -0.4478 0.8107
vn -0.5203 -0.6178 0.5896
vn -0.5861 -0.8064 0.0787
vn -0.6123 -0.7272 0.3102
vn -0.6421 -0.7626 -0.0786
vn -0.6123 -0.7272 -0.3102
vn -0.5203 -0.6178 -0.5896
vn -0.3771 -0.4478 -0.8107
vn -0.1970 -0.2340 -0.9521
vn -0.1007 -0.1196 -0.9877
vn -0.1080 -0.1131 0.9877
vn -0.2115 -0.2216 0.9519
vn -0.4044 -0.4237 0.8105
vn -0.5578 -0.5845 0.5893
vn -0.6421 -0.7626 0.0786
vn -0.6564 -0.6878 0.3100
vn -0.6883 -0.7212 -0.0786
vn -0.6564 -0.6878 -0.3100
vn -0.5578 -0.5845 -0.5893
vn -0.4044 -0.4237 -0.8105
vn -0.2115 -0.2216 -0.9519
vn -0.1080 -0.1131 -0.9877
vn -0.1138 -0.1073 0.9877
vn -0.2232 -0.2104 0.9518
vn -0.4265 -0.4020 0.8102
vn -0.5881 -0.5543 0.5890
vn -0.6883 -0.7212 0.0786
vn -0.6919 -0.6521 0.3098
vn -0.7254 -0.6838 -0.0786
vn -0.6919 -0.6521 -0.3098
vn -0.5881 -0.5543 -0.5890
vn -0.4265 -0.4020 -0.8102
vn -0.2232 -0.2104 -0.9518
vn -0.1138 -0.1073 -0.9877
vn -0.2419 -0.0927 0.9659
vn -0.5020 -0.1923 0.8432
vn -0.7244 -0.2775 0.6311
vn -0.8783 -0.3364 0.3399
vn -0.9304 -0.3564 0.0855
vn -0.7254 -0.6838 0.0786
vn -0.9304 -0.3564 -0.0855
vn -0.8783 -0.3364 -0.3399
vn -0.7244 -0.2775 -0.6311
vn -0.5020 -0.1923 -0.8432
vn -0.2419 -0.0927 -0.9659
vn -0.1366 -0.0523 0.9892
vn -0.1366 -0.0523 -0.9892
vn 0.6543 0.6543 -0.3792
vn -0.1626 -0.2648 0.9505
vn -0.0761 -0.1366 0.9877
vn -0.0818 -0.1333 0.9877
vn -0.3082 -0.5019 0.8081
vn -0.1514 -0.2716 0.9504
vn -0.4237 -0.6899 0.5869
vn -0.2868 -0.5146 0.8080
vn -0.4977 -0.8106 0.3085
vn -0.3942 -0.7073 0.5868
vn -0.5217 -0.8495 0.0784
vn -0.4631 -0.8309 0.3084
vn -0.4854 -0.8708 -0.0784
vn -0.5217 -0.8495 -0.0784
vn -0.4631 -0.8309 -0.3084
vn -0.4977 -0.8106 -0.3085
vn -0.3942 -0.7073 -0.5868
vn -0.4237 -0.6899 -0.5869
vn -0.2868 -0.5146 -0.8080
vn -0.3082 -0.5019 -0.8081
vn -0.1514 -0.2716 -0.9504
vn -0.1626 -0.2648 -0.9505
vn -0.0761 -0.1366 -0.9877
vn -0.0818 -0.1333 -0.9877
vn -0.0696 -0.1401 0.9877
vn -0.1385 -0.2787 0.9504
vn -0.2622 -0.5277 0.8079
vn -0.3603 -0.7252 0.5867
vn -0.4854 -0.8708 0.0784
vn -0.4232 -0.8519 0.3084
vn -0.4436 -0.8928 -0.0784
vn -0.4232 -0.8519 -0.3084
vn -0.3603 -0.7252 -0.5867
vn -0.2622 -0.5277 -0.8079
vn -0.1385 -0.2787 -0.9504
vn -0.0696 -0.1401 -0.9877
vn -0.0622 -0.1435 0.9877
vn -0.1239 -0.2856 0.9503
vn -0.2346 -0.5407 0.8078
vn -0.3223 -0.7429 0.5867
vn -0.4436 -0.8928 0.0784
vn -0.3786 -0.8727 0.3083
vn -0.3968 -0.9146 -0.0784
vn -0.3786 -0.8727 -0.3083
vn -0.3223 -0.7429 -0.5867
vn -0.2346 -0.5407 -0.8078
vn -0.1239 -0.2856 -0.9503
vn -0.0622 -0.1435 -0.9877
vn -0.0543 -0.1467 0.9877
vn -0.1081 -0.2921 0.9503
vn -0.2046 -0.5528 0.8078
vn -0.2810 -0.7595 0.5866
vn -0.3968 -0.9146 0.0784
vn -0.3301 -0.8922 0.3083
vn -0.3460 -0.9350 -0.0784
vn -0.3301 -0.8922 -0.3083
vn -0.2810 -0.7595 -0.5866
vn -0.2046 -0.5528 -0.8078
vn -0.1081 -0.2921 -0.9503
vn -0.0543 -0.1467 -0.9877
vn -0.0459 -0.1495 0.9877
vn -0.0914 -0.2978 0.9503
vn -0.1730 -0.5635 0.8078
vn -0.2376 -0.7742 0.5866
vn -0.3460 -0.9350 0.0784
vn -0.2791 -0.9094 0.3083
vn -0.2925 -0.9530 -0.0784
vn -0.2791 -0.9094 -0.3083
vn -0.2376 -0.7742 -0.5866
vn -0.1730 -0.5635 -0.8078
vn -0.0914 -0.2978 -0.9503
vn -0.0459 -0.1495 -0.9877
vn -0.0744 -0.3024 0.9503
vn -0.1408 -0.5724 0.8078
vn -0.1934 -0.7864 0.5866
vn -0.2272 -0.9238 0.3083
vn -0.2381 -0.9681 0.0784
vn -0.2925 -0.9530 0.0784
vn -0.2381 -0.9681 -0.0784
vn -0.2272 -0.9238 -0.3083
vn -0.1934 -0.7864 -0.5866
vn -0.1408 -0.5724 -0.8078
vn -0.0744 -0.3024 -0.9503
vn -0.0575 -0.3060 0.9503
vn -0.0373 -0.1518 0.9877
vn -0.1089 -0.5793 0.8078
vn -0.1497 -0.7959 0.5866
vn -0.1758 -0.9349 0.3083
vn -0.1842 -0.9798 0.0784
vn -0.1842 -0.9798 -0.0784
vn -0.1758 -0.9349 -0.3083
vn -0.1497 -0.7959 -0.5866
vn -0.1089 -0.5793 -0.8078
vn -0.0373 -0.1518 -0.9877
vn -0.0575 -0.3060 -0.9503
vn -0.0414 -0.3084 0.9503
vn -0.0289 -0.1537 0.9877
vn -0.0784 -0.5841 0.8079
vn -0.1077 -0.8026 0.5867
vn -0.1265 -0.9428 0.3084
vn -0.1326 -0.9881 0.0784
vn -0.1326 -0.9881 -0.0784
vn -0.1265 -0.9428 -0.3084
vn -0.1077 -0.8026 -0.5867
vn -0.0784 -0.5841 -0.8079
vn -0.0289 -0.1537 -0.9877
vn -0.0414 -0.3084 -0.9503
vn -0.0263 -0.3099 0.9504
vn -0.0208 -0.1550 0.9877
vn -0.0498 -0.5871 0.8080
vn -0.0685 -0.8068 0.5868
vn -0.0804 -0.9478 0.3084
vn -0.0843 -0.9934 0.0784
vn -0.0843 -0.9934 -0.0784
vn -0.0804 -0.9478 -0.3084
vn -0.0685 -0.8068 -0.5868
vn -0.0498 -0.5871 -0.8080
vn -0.0208 -0.1550 -0.9877
vn -0.0263 -0.3099 -0.9504
vn -0.0125 -0.3106 0.9505
vn -0.0132 -0.1558 0.9877
vn -0.0237 -0.5886 0.8081
vn -0.0326 -0.8090 0.5869
vn -0.0383 -0.9505 0.3085
vn -0.0401 -0.9961 0.0784
vn -0.0401 -0.9961 -0.0784
vn -0.0383 -0.9505 -0.3085
vn -0.0326 -0.8090 -0.5869
vn -0.0237 -0.5886 -0.8081
vn -0.0132 -0.1558 -0.9877
vn -0.0125 -0.3106 -0.9505
vn 0.0039 -0.1562 0.9877
vn -0.0063 -0.1563 0.9877
vn 0.0078 -0.3126 0.9498
vn 0.0147 -0.5901 0.8072
vn 0.0202 -0.8100 0.5861
vn 0.0237 -0.9511 0.3080
vn 0.0249 -0.9966 -0.0784
vn 0.0237 -0.9511 -0.3080
vn 0.0202 -0.8100 -0.5861
vn 0.0147 -0.5901 -0.8072
vn 0.0078 -0.3126 -0.9498
vn 0.0039 -0.1562 -0.9877
vn -0.0063 -0.1563 -0.9877
vn 0.0220 -0.1545 0.9878
vn 0.0445 -0.3117 0.9492
vn 0.0835 -0.5856 0.8063
vn 0.1145 -0.8027 0.5853
vn 0.0249 -0.9966 0.0784
vn 0.1344 -0.9420 0.3076
vn 0.1408 -0.9869 -0.0784
vn 0.1344 -0.9420 -0.3076
vn 0.1145 -0.8027 -0.5853
vn 0.0835 -0.5856 -0.8063
vn 0.0445 -0.3117 -0.9492
vn 0.0220 -0.1545 -0.9878
vn 0.0445 -0.1495 0.9878
vn 0.0898 -0.3019 0.9491
vn 0.1687 -0.5670 0.8062
vn 0.2313 -0.7771 0.5853
vn 0.1408 -0.9869 0.0784
vn 0.2714 -0.9120 0.3076
vn 0.2843 -0.9555 -0.0784
vn 0.2714 -0.9120 -0.3076
vn 0.2313 -0.7771 -0.5853
vn 0.1687 -0.5670 -0.8062
vn 0.0898 -0.3019 -0.9491
vn 0.0445 -0.1495 -0.9878
vn 0.0664 -0.1412 0.9878
vn 0.1341 -0.2850 0.9491
vn 0.2518 -0.5354 0.8062
vn 0.3451 -0.7337 0.5853
vn 0.2843 -0.9555 0.0784
vn 0.4050 -0.8610 0.3076
vn 0.4243 -0.9021 -0.0784
vn 0.4050 -0.8610 -0.3076
vn 0.3451 -0.7337 -0.5853
vn 0.2518 -0.5354 -0.8062
vn 0.1341 -0.2850 -0.9491
vn 0.0664 -0.1412 -0.9878
vn 0.1750 -0.2618 0.9491
vn 0.3287 -0.4918 0.8063
vn 0.4505 -0.6741 0.5853
vn 0.5287 -0.7911 0.3076
vn 0.5540 -0.8288 0.0784
vn 0.4243 -0.9021 0.0784
vn 0.5540 -0.8288 -0.0784
vn 0.5287 -0.7911 -0.3076
vn 0.4505 -0.6741 -0.5853
vn 0.3287 -0.4918 -0.8063
vn 0.1750 -0.2618 -0.9491
vn 0.2109 -0.2336 0.9492
vn 0.0867 -0.1297 0.9878
vn 0.3964 -0.4390 0.8063
vn 0.5433 -0.6018 0.5854
vn 0.6377 -0.7062 0.3076
vn 0.6681 -0.7399 0.0784
vn 0.6681 -0.7399 -0.0784
vn 0.6377 -0.7062 -0.3076
vn 0.5433 -0.6018 -0.5854
vn 0.3964 -0.4390 -0.8063
vn 0.0867 -0.1297 -0.9878
vn 0.2109 -0.2336 -0.9492
vn 0.2410 -0.2020 0.9493
vn 0.1046 -0.1158 0.9877
vn 0.4532 -0.3799 0.8064
vn 0.6213 -0.5208 0.5854
vn 0.7292 -0.6113 0.3077
vn 0.7640 -0.6404 0.0784
vn 0.7640 -0.6404 -0.0784
vn 0.7292 -0.6113 -0.3077
vn 0.6213 -0.5208 -0.5854
vn 0.4532 -0.3799 -0.8064
vn 0.1046 -0.1158 -0.9877
vn 0.2410 -0.2020 -0.9493
vn 0.2651 -0.1686 0.9494
vn 0.1196 -0.1003 0.9877
vn 0.4988 -0.3172 0.8066
vn 0.6841 -0.4350 0.5855
vn 0.8029 -0.5106 0.3077
vn 0.8412 -0.5350 0.0784
vn 0.8412 -0.5350 -0.0784
vn 0.8029 -0.5106 -0.3077
vn 0.6841 -0.4350 -0.5855
vn 0.4988 -0.3172 -0.8066
vn 0.1196 -0.1003 -0.9877
vn 0.2651 -0.1686 -0.9494
vn 0.2837 -0.1345 0.9494
vn 0.1317 -0.0838 0.9877
vn 0.5341 -0.2531 0.8067
vn 0.7325 -0.3472 0.5856
vn 0.8598 -0.4075 0.3078
vn 0.9008 -0.4270 0.0784
vn 0.9008 -0.4270 -0.0784
vn 0.8598 -0.4075 -0.3078
vn 0.7325 -0.3472 -0.5856
vn 0.5341 -0.2531 -0.8067
vn 0.1317 -0.0838 -0.9877
vn 0.2837 -0.1345 -0.9494
vn 0.2972 -0.1003 0.9495
vn 0.1411 -0.0669 0.9877
vn 0.5599 -0.1890 0.8068
vn 0.7680 -0.2592 0.5857
vn 0.9015 -0.3043 0.3078
vn 0.9446 -0.3188 0.0784
vn 0.9446 -0.3188 -0.0784
vn 0.9015 -0.3043 -0.3078
vn 0.7680 -0.2592 -0.5857
vn 0.5599 -0.1890 -0.8068
vn 0.1411 -0.0669 -0.9877
vn 0.2972 -0.1003 -0.9495
vn 0.3064 -0.0665 0.9496
vn 0.1480 -0.0499 0.9877
vn 0.5773 -0.1253 0.8068
vn 0.7921 -0.1719 0.5858
vn 0.9298 -0.2018 0.3078
vn 0.9742 -0.2114 0.0784
vn 0.9742 -0.2114 -0.0784
vn 0.9298 -0.2018 -0.3078
vn 0.7921 -0.1719 -0.5858
vn 0.5773 -0.1253 -0.8068
vn 0.1480 -0.0499 -0.9877
vn 0.3064 -0.0665 -0.9496
vn 0.3117 -0.0331 0.9496
vn 0.1527 -0.0331 0.9877
vn 0.5874 -0.0623 0.8069
vn 0.8059 -0.0855 0.5858
vn 0.9461 -0.1004 0.3078
vn 0.9914 -0.1052 0.0784
vn 0.9914 -0.1052 -0.0784
vn 0.9461 -0.1004 -0.3078
vn 0.8059 -0.0855 -0.5858
vn 0.5874 -0.0623 -0.8069
vn 0.1527 -0.0331 -0.9877
vn 0.3117 -0.0331 -0.9496
vn 0.3134 0.0001 0.9496
vn 0.1553 -0.0165 0.9877
vn 0.5907 0.0002 0.8069
vn 0.8105 0.0003 0.5858
vn 0.9514 0.0004 0.3078
vn 0.9969 0.0004 0.0784
vn 0.9969 0.0004 -0.0784
vn 0.9514 0.0004 -0.3078
vn 0.8105 0.0003 -0.5858
vn 0.5907 0.0002 -0.8069
vn 0.1553 -0.0165 -0.9877
vn 0.3134 0.0001 -0.9496
vn 0.1553 0.0170 0.9877
vn 0.1562 0.0001 0.9877
vn 0.3117 0.0342 0.9495
vn 0.5873 0.0645 0.8068
vn 0.8057 0.0884 0.5857
vn 0.9458 0.1038 0.3078
vn 0.9910 0.1088 -0.0784
vn 0.9458 0.1038 -0.3078
vn 0.8057 0.0884 -0.5857
vn 0.5873 0.0645 -0.8068
vn 0.3117 0.0342 -0.9495
vn 0.1553 0.0170 -0.9877
vn 0.1562 0.0001 -0.9877
vn 0.1522 0.0348 0.9877
vn 0.3060 0.0699 0.9495
vn 0.5761 0.1316 0.8067
vn 0.7902 0.1805 0.5856
vn 0.9910 0.1088 0.0784
vn 0.9276 0.2119 0.3078
vn 0.9719 0.2221 -0.0784
vn 0.9276 0.2119 -0.3078
vn 0.7902 0.1805 -0.5856
vn 0.5761 0.1316 -0.8067
vn 0.3060 0.0699 -0.9495
vn 0.1522 0.0348 -0.9877
vn 0.1469 0.0530 0.9877
vn 0.2954 0.1067 0.9494
vn 0.5560 0.2008 0.8066
vn 0.7624 0.2753 0.5856
vn 0.9719 0.2221 0.0784
vn 0.8949 0.3232 0.3077
vn 0.9377 0.3386 -0.0784
vn 0.8949 0.3232 -0.3077
vn 0.7624 0.2753 -0.5856
vn 0.5560 0.2008 -0.8066
vn 0.2954 0.1067 -0.9494
vn 0.1469 0.0530 -0.9877
vn 0.1388 0.0714 0.9877
vn 0.2796 0.1437 0.9493
vn 0.5259 0.2702 0.8065
vn 0.7210 0.3706 0.5855
vn 0.9377 0.3386 0.0784
vn 0.8463 0.4349 0.3077
vn 0.8867 0.4557 -0.0784
vn 0.8463 0.4349 -0.3077
vn 0.7210 0.3706 -0.5855
vn 0.5259 0.2702 -0.8065
vn 0.2796 0.1437 -0.9493
vn 0.1388 0.0714 -0.9877
vn 0.1281 0.0892 0.9877
vn 0.2581 0.1798 0.9493
vn 0.4852 0.3380 0.8064
vn 0.6652 0.4635 0.5854
vn 0.8867 0.4557 0.0784
vn 0.7807 0.5439 0.3077
vn 0.8180 0.5699 -0.0784
vn 0.7807 0.5439 -0.3077
vn 0.6652 0.4635 -0.5854
vn 0.4852 0.3380 -0.8064
vn 0.2581 0.1798 -0.9493
vn 0.1281 0.0892 -0.9877
vn 0.1145 0.1060 0.9877
vn 0.2309 0.2137 0.9492
vn 0.4340 0.4018 0.8064
vn 0.5950 0.5507 0.5854
vn 0.8180 0.5699 0.0784
vn 0.6983 0.6464 0.3076
vn 0.7316 0.6772 -0.0784
vn 0.6983 0.6464 -0.3076
vn 0.5950 0.5507 -0.5854
vn 0.4340 0.4018 -0.8064
vn 0.2309 0.2137 -0.9492
vn 0.1145 0.1060 -0.9877
vn 0.0985 0.1211 0.9877
vn 0.1986 0.2442 0.9492
vn 0.3732 0.4589 0.8063
vn 0.5115 0.6290 0.5854
vn 0.7316 0.6772 0.0784
vn 0.6003 0.7382 0.3076
vn 0.6290 0.7735 -0.0784
vn 0.6003 0.7382 -0.3076
vn 0.5115 0.6290 -0.5854
vn 0.3732 0.4589 -0.8063
vn 0.1986 0.2442 -0.9492
vn 0.0985 0.1211 -0.9877
vn 0.0803 0.1338 0.9877
vn 0.3043 0.5072 0.8063
vn 0.4896 0.8159 0.3076
vn 0.6290 0.7735 0.0784
vn 0.5129 0.8548 -0.0784
vn 0.4896 0.8159 -0.3076
vn 0.4172 0.6952 -0.5854
vn 0.3043 0.5072 -0.8063
vn 0.0803 0.1338 -0.9877
vn 0.1223 0.2899 0.9492
vn 0.1619 0.2699 0.9492
vn 0.2299 0.5449 0.8064
vn 0.3151 0.7470 0.5854
vn 0.4172 0.6952 0.5854
vn 0.3698 0.8767 0.3076
vn 0.3875 0.9185 0.0784
vn 0.5130 0.8548 0.0784
vn 0.3875 0.9185 -0.0784
vn 0.3698 0.8767 -0.3076
vn 0.3151 0.7470 -0.5854
vn 0.1619 0.2699 -0.9492
vn 0.2299 0.5449 -0.8064
vn 0.1223 0.2899 -0.9492
vn 0.0812 0.3038 0.9493
vn 0.0607 0.1438 0.9877
vn 0.1526 0.5713 0.8064
vn 0.2092 0.7833 0.5854
vn 0.2456 0.9193 0.3077
vn 0.2573 0.9631 0.0784
vn 0.2573 0.9631 -0.0784
vn 0.2456 0.9193 -0.3077
vn 0.2092 0.7833 -0.5854
vn 0.1526 0.5713 -0.8064
vn 0.0607 0.1438 -0.9877
vn 0.0812 0.3038 -0.9493
vn 0.0400 0.3117 0.9493
vn 0.0403 0.1508 0.9877
vn 0.0753 0.5864 0.8065
vn 0.1033 0.8041 0.5855
vn 0.1212 0.9437 0.3077
vn 0.1270 0.9888 0.0784
vn 0.1270 0.9888 -0.0784
vn 0.1212 0.9437 -0.3077
vn 0.1033 0.8041 -0.5855
vn 0.0753 0.5864 -0.8065
vn 0.0403 0.1508 -0.9877
vn 0.0400 0.3117 -0.9493
vn 0.0006 0.3140 0.9494
vn 0.0199 0.1548 0.9877
vn 0.0012 0.5910 0.8066
vn 0.0016 0.8106 0.5856
vn 0.0019 0.9515 0.3077
vn 0.0020 0.9969 0.0784
vn 0.0020 0.9969 -0.0784
vn 0.0019 0.9515 -0.3077
vn 0.0016 0.8106 -0.5856
vn 0.0012 0.5910 -0.8066
vn 0.0199 0.1548 -0.9877
vn 0.0006 0.3140 -0.9494
vn -0.0191 0.1550 0.9877
vn 0.0003 0.1562 0.9877
vn -0.0384 0.3118 0.9494
vn -0.0722 0.5867 0.8065
vn -0.0990 0.8046 0.5855
vn -0.1162 0.9444 0.3077
vn -0.1218 0.9895 -0.0784
vn -0.1162 0.9444 -0.3077
vn -0.0990 0.8046 -0.5855
vn -0.0722 0.5867 -0.8065
vn -0.0384 0.3118 -0.9494
vn -0.0191 0.1550 -0.9877
vn 0.0003 0.1562 -0.9877
vn -0.0397 0.1509 0.9877
vn -0.0801 0.3043 0.9492
vn -0.1505 0.5720 0.8063
vn -0.2063 0.7841 0.5854
vn -0.1218 0.9895 0.0784
vn -0.2421 0.9202 0.3076
vn -0.2537 0.9641 -0.0784
vn -0.2421 0.9202 -0.3076
vn -0.2063 0.7841 -0.5854
vn -0.1505 0.5720 -0.8063
vn -0.0801 0.3043 -0.9492
vn -0.0397 0.1509 -0.9877
vn -0.0614 0.1434 0.9878
vn -0.1241 0.2896 0.9491
vn -0.2330 0.5438 0.8062
vn -0.3194 0.7453 0.5853
vn -0.2537 0.9641 0.0784
vn -0.3748 0.8746 0.3076
vn -0.3927 0.9163 -0.0784
vn -0.3748 0.8746 -0.3076
vn -0.3194 0.7453 -0.5853
vn -0.2330 0.5438 -0.8062
vn -0.1241 0.2896 -0.9491
vn -0.0614 0.1434 -0.9878
vn -0.0830 0.1320 0.9878
vn -0.1679 0.2669 0.9490
vn -0.3151 0.5009 0.8061
vn -0.4318 0.6864 0.5852
vn -0.3927 0.9163 0.0784
vn -0.5067 0.8054 0.3075
vn -0.5308 0.8439 -0.0784
vn -0.5067 0.8054 -0.3075
vn -0.4318 0.6864 -0.5852
vn -0.3151 0.5009 -0.8061
vn -0.1679 0.2669 -0.9490
vn -0.0830 0.1320 -0.9878
vn -0.1030 0.1171 0.9878
vn -0.2083 0.2367 0.9490
vn -0.3910 0.4442 0.8061
vn -0.5358 0.6087 0.5852
vn -0.5308 0.8439 0.0784
vn -0.6287 0.7142 0.3076
vn -0.6587 0.7483 -0.0784
vn -0.6287 0.7142 -0.3076
vn -0.5358 0.6087 -0.5852
vn -0.3910 0.4442 -0.8061
vn -0.2083 0.2367 -0.9490
vn -0.1030 0.1171 -0.9878
vn -0.2427 0.2010 0.9490
vn -0.4558 0.3773 0.8062
vn -0.6246 0.5171 0.5852
vn -0.7330 0.6068 0.3076
vn -0.7679 0.6357 0.0784
vn -0.6587 0.7483 0.0784
vn -0.7679 0.6357 -0.0784
vn -0.7330 0.6068 -0.3076
vn -0.6246 0.5171 -0.5852
vn -0.4558 0.3773 -0.8062
vn -0.2427 0.2010 -0.9490
vn -0.2695 0.1625 0.9492
vn -0.1202 0.0995 0.9878
vn -0.5065 0.3054 0.8063
vn -0.6943 0.4186 0.5853
vn -0.8149 0.4913 0.3076
vn -0.8538 0.5147 0.0784
vn -0.8538 0.5147 -0.0784
vn -0.8149 0.4913 -0.3076
vn -0.6943 0.4186 -0.5853
vn -0.5065 0.3054 -0.8063
vn -0.1202 0.0995 -0.9878
vn -0.2695 0.1625 -0.9492
vn -0.2887 0.1242 0.9493
vn -0.1336 0.0806 0.9878
vn -0.5431 0.2336 0.8065
vn -0.7447 0.3203 0.5855
vn -0.8741 0.3760 0.3077
vn -0.9158 0.3939 0.0784
vn -0.9158 0.3939 -0.0784
vn -0.8741 0.3760 -0.3077
vn -0.7447 0.3203 -0.5855
vn -0.5431 0.2336 -0.8065
vn -0.1336 0.0806 -0.9878
vn -0.2887 0.1242 -0.9493
vn -0.3011 0.0880 0.9495
vn -0.1434 0.0617 0.9877
vn -0.5672 0.1657 0.8068
vn -0.7780 0.2274 0.5857
vn -0.9133 0.2669 0.3078
vn -0.9569 0.2797 0.0784
vn -0.9569 0.2796 -0.0784
vn -0.9133 0.2669 -0.3078
vn -0.7780 0.2274 -0.5857
vn -0.5672 0.1657 -0.8068
vn -0.1434 0.0617 -0.9877
vn -0.3011 0.0880 -0.9495
vn -0.3083 0.0551 0.9497
vn -0.1499 0.0438 0.9877
vn -0.5814 0.1040 0.8070
vn -0.7977 0.1427 0.5859
vn -0.9366 0.1675 0.3079
vn -0.9814 0.1755 0.0784
vn -0.9814 0.1755 -0.0784
vn -0.9366 0.1675 -0.3079
vn -0.7977 0.1427 -0.5859
vn -0.5814 0.1040 -0.8070
vn -0.1499 0.0438 -0.9877
vn -0.3083 0.0551 -0.9497
vn -0.3116 0.0260 0.9499
vn -0.1538 0.0275 0.9877
vn -0.5882 0.0490 0.8072
vn -0.8075 0.0672 0.5861
vn -0.9481 0.0790 0.3080
vn -0.9935 0.0827 0.0784
vn -0.9935 0.0827 -0.0784
vn -0.9481 0.0790 -0.3080
vn -0.8075 0.0672 -0.5861
vn -0.5882 0.0490 -0.8072
vn -0.1538 0.0275 -0.9877
vn -0.3116 0.0260 -0.9499
vn -0.0787 -0.0756 0.9940
vn -0.1557 0.0130 0.9877
vn -0.1992 -0.1915 0.9611
vn -0.3637 -0.3496 0.8634
vn -0.5289 -0.5085 0.6795
vn -0.6655 -0.6399 0.3842
vn -0.7168 -0.6891 -0.1068
vn -0.6655 -0.6399 -0.3842
vn -0.5289 -0.5085 -0.6795
vn -0.3637 -0.3496 -0.8634
vn -0.1992 -0.1915 -0.9611
vn -0.0787 -0.0756 -0.9940
vn -0.1557 0.0130 -0.9877
vn -0.1134 -0.0930 0.9892
vn 0.6680 -0.7260 0.1631
vn 0.6146 -0.7764 0.1395
vn 0.5735 -0.8146 0.0871
vn 0.5954 -0.8033 0.0122
vn -0.7168 -0.6891 0.1068
vn 0.5954 -0.8033 -0.0122
vn 0.5735 -0.8146 -0.0871
vn 0.6146 -0.7764 -0.1395
vn 0.6682 -0.7259 -0.1631
vn -0.1134 -0.0930 -0.9892
vn -0.1517 0.0376 0.9877
vn -0.0773 -0.0633 0.9950
vn -0.2957 0.0733 0.9525
vn 0.2024 0.9724 0.1161
vn 0.1580 0.9856 0.0610
vn 0.1924 0.9813 0.0078
vn 0.1925 0.9813 -0.0078
vn 0.1580 0.9856 -0.0610
vn 0.2024 0.9724 -0.1161
vn 0.2881 0.9441 -0.1601
vn -0.1517 0.0376 -0.9877
vn -0.0773 -0.0633 -0.9950
vn -0.2866 0.1015 0.9527
vn -0.5504 0.1949 0.8118
vn 0.2890 0.9439 0.1600
vn -0.7606 0.2693 0.5907
vn -0.8959 0.3172 0.3109
vn -0.9397 0.3327 0.0788
vn -0.9397 0.3327 -0.0788
vn -0.8959 0.3172 -0.3109
vn -0.7606 0.2693 -0.5907
vn -0.2957 0.0733 -0.9525
vn -0.5504 0.1949 -0.8118
vn -0.2866 0.1015 -0.9527
vn -0.2732 0.1319 0.9529
vn -0.1473 0.0521 0.9877
vn -0.5253 0.2536 0.8122
vn -0.7263 0.3507 0.5912
vn -0.8558 0.4132 0.3112
vn -0.8977 0.4335 0.0788
vn -0.8977 0.4334 -0.0788
vn -0.8558 0.4132 -0.3112
vn -0.7263 0.3507 -0.5912
vn -0.5253 0.2536 -0.8122
vn -0.1473 0.0521 -0.9877
vn -0.2732 0.1319 -0.9529
vn -0.2547 0.1637 0.9531
vn -0.1406 0.0679 0.9877
vn -0.4904 0.3151 0.8126
vn -0.6783 0.4359 0.5915
vn -0.7995 0.5137 0.3114
vn -0.8387 0.5389 0.0789
vn -0.8387 0.5389 -0.0789
vn -0.7995 0.5137 -0.3114
vn -0.6783 0.4359 -0.5915
vn -0.4904 0.3151 -0.8126
vn -0.1406 0.0679 -0.9877
vn -0.2547 0.1637 -0.9531
vn -0.2307 0.1953 0.9532
vn -0.1314 0.0844 0.9877
vn -0.4446 0.3763 0.8128
vn -0.6152 0.5208 0.5919
vn -0.7252 0.6139 0.3116
vn -0.7609 0.6441 0.0789
vn -0.7609 0.6441 -0.0789
vn -0.7252 0.6139 -0.3116
vn -0.6152 0.5208 -0.5919
vn -0.4446 0.3763 -0.8128
vn -0.1314 0.0844 -0.9877
vn -0.2307 0.1953 -0.9532
vn -0.2015 0.2250 0.9533
vn -0.1191 0.1008 0.9877
vn -0.3884 0.4338 0.8130
vn -0.5376 0.6004 0.5920
vn -0.6339 0.7078 0.3118
vn -0.6650 0.7426 0.0789
vn -0.6650 0.7426 -0.0789
vn -0.6339 0.7078 -0.3118
vn -0.5376 0.6004 -0.5920
vn -0.3884 0.4338 -0.8130
vn -0.1191 0.1008 -0.9877
vn -0.2015 0.2250 -0.9533
vn -0.0869 0.1297 0.9877
vn -0.1041 0.1163 0.9877
vn -0.1681 0.2509 0.9533
vn -0.3241 0.4838 0.8130
vn -0.4486 0.6696 0.5920
vn -0.5289 0.7894 0.3117
vn -0.5549 0.8282 -0.0789
vn -0.5289 0.7894 -0.3117
vn -0.4486 0.6696 -0.5920
vn -0.3241 0.4838 -0.8130
vn -0.1681 0.2509 -0.9533
vn -0.0869 0.1297 -0.9877
vn -0.1041 0.1163 -0.9877
vn -0.0683 0.1403 0.9877
vn -0.1324 0.2718 0.9532
vn -0.2550 0.5238 0.8128
vn -0.3529 0.7247 0.5918
vn -0.5549 0.8282 0.0789
vn -0.4160 0.8543 0.3116
vn -0.4364 0.8963 -0.0789
vn -0.4160 0.8543 -0.3116
vn -0.3529 0.7247 -0.5918
vn -0.2550 0.5238 -0.8128
vn -0.1324 0.2718 -0.9532
vn -0.0683 0.1403 -0.9877
vn -0.0496 0.1480 0.9877
vn -0.0962 0.2872 0.9530
vn -0.1852 0.5528 0.8125
vn -0.2562 0.7645 0.5915
vn -0.4364 0.8963 0.0789
vn -0.3019 0.9010 0.3114
vn -0.3168 0.9452 -0.0789
vn -0.3019 0.9010 -0.3114
vn -0.2562 0.7645 -0.5915
vn -0.1852 0.5528 -0.8125
vn -0.0962 0.2872 -0.9530
vn -0.0496 0.1480 -0.9877
vn -0.0316 0.1530 0.9877
vn -0.0615 0.2972 0.9528
vn -0.1182 0.5714 0.8121
vn -0.1634 0.7899 0.5911
vn -0.3168 0.9452 0.0789
vn -0.1925 0.9307 0.3111
vn -0.2020 0.9762 -0.0788
vn -0.1925 0.9307 -0.3111
vn -0.1634 0.7899 -0.5911
vn -0.1182 0.5714 -0.8121
vn -0.0615 0.2972 -0.9528
vn -0.0316 0.1530 -0.9877
vn -0.0151 0.1555 0.9877
vn -0.0293 0.3027 0.9526
vn -0.0563 0.5813 0.8118
vn -0.0778 0.8032 0.5907
vn -0.2020 0.9762 0.0788
vn -0.0917 0.9460 0.3108
vn -0.0962 0.9922 -0.0788
vn -0.0917 0.9460 -0.3108
vn -0.0778 0.8032 -0.5907
vn -0.0563 0.5813 -0.8118
vn -0.0293 0.3027 -0.9526
vn -0.0151 0.1555 -0.9877
vn -0.0012 0.1563 0.9877
vn -0.0023 0.3053 0.9522
vn -0.0045 0.5850 0.8110
vn -0.0062 0.8075 0.5899
vn -0.0962 0.9922 0.0788
vn -0.0073 0.9506 0.3103
vn -0.0076 0.9969 -0.0787
vn -0.0073 0.9506 -0.3103
vn -0.0062 0.8075 -0.5899
vn -0.0045 0.5850 -0.8110
vn -0.0023 0.3053 -0.9522
vn -0.0012 0.1563 -0.9877
vn 0.0096 0.1561 0.9877
vn 0.0187 0.3056 0.9520
vn 0.0358 0.5845 0.8106
vn 0.0494 0.8063 0.5894
vn -0.0076 0.9969 0.0787
vn 0.0582 0.9489 0.3100
vn 0.0610 0.9950 -0.0786
vn 0.0582 0.9489 -0.3100
vn 0.0494 0.8063 -0.5894
vn 0.0358 0.5845 -0.8106
vn 0.0187 0.3056 -0.9520
vn 0.0096 0.1561 -0.9877
vn 0.0190 0.1552 0.9877
vn 0.0371 0.3040 0.9520
vn 0.0710 0.5814 0.8105
vn 0.0979 0.8019 0.5894
vn 0.0610 0.9950 0.0786
vn 0.1152 0.9437 0.3100
vn 0.1208 0.9896 -0.0786
vn 0.1152 0.9437 -0.3100
vn 0.0979 0.8019 -0.5894
vn 0.0710 0.5814 -0.8105
vn 0.0371 0.3040 -0.9520
vn 0.0190 0.1552 -0.9877
vn 0.0280 0.1538 0.9877
vn 0.0549 0.3014 0.9519
vn 0.1049 0.5763 0.8105
vn 0.1447 0.7948 0.5893
vn 0.1208 0.9896 0.0786
vn 0.1703 0.9354 0.3100
vn 0.1786 0.9808 -0.0786
vn 0.1703 0.9354 -0.3100
vn 0.1447 0.7948 -0.5893
vn 0.1049 0.5763 -0.8105
vn 0.0549 0.3014 -0.9519
vn 0.0280 0.1538 -0.9877
vn 0.0367 0.1520 0.9877
vn 0.0718 0.2979 0.9519
vn 0.1373 0.5695 0.8104
vn 0.1894 0.7855 0.5892
vn 0.1786 0.9808 0.0786
vn 0.2228 0.9243 0.3099
vn 0.2337 0.9691 -0.0786
vn 0.2228 0.9243 -0.3099
vn 0.1894 0.7855 -0.5892
vn 0.1373 0.5695 -0.8104
vn 0.0718 0.2979 -0.9519
vn 0.0367 0.1520 -0.9877
vn 0.0448 0.1498 0.9877
vn 0.0878 0.2937 0.9519
vn 0.1678 0.5614 0.8103
vn 0.2314 0.7742 0.5892
vn 0.2337 0.9691 0.0786
vn 0.2723 0.9110 0.3099
vn 0.2855 0.9552 -0.0786
vn 0.2723 0.9110 -0.3099
vn 0.2314 0.7742 -0.5892
vn 0.1678 0.5614 -0.8103
vn 0.0878 0.2937 -0.9519
vn 0.0448 0.1498 -0.9877
vn 0.0524 0.1474 0.9877
vn 0.1027 0.2890 0.9518
vn 0.1962 0.5523 0.8103
vn 0.2705 0.7615 0.5891
vn 0.2855 0.9552 0.0786
vn 0.3183 0.8959 0.3098
vn 0.3337 0.9394 -0.0786
vn 0.3183 0.8959 -0.3098
vn 0.2705 0.7615 -0.5891
vn 0.1962 0.5523 -0.8103
vn 0.1027 0.2890 -0.9518
vn 0.0524 0.1474 -0.9877
vn 0.0593 0.1447 0.9877
vn 0.1164 0.2839 0.9518
vn 0.2224 0.5424 0.8102
vn 0.3066 0.7477 0.5890
vn 0.3337 0.9394 0.0786
vn 0.3607 0.8797 0.3098
vn 0.3782 0.9224 -0.0786
vn 0.3607 0.8797 -0.3098
vn 0.3066 0.7477 -0.5890
vn 0.2224 0.5424 -0.8102
vn 0.1164 0.2839 -0.9518
vn 0.0593 0.1447 -0.9877
vn 0.0657 0.1419 0.9877
vn 0.1290 0.2786 0.9517
vn 0.2463 0.5321 0.8101
vn 0.3395 0.7334 0.5889
vn 0.3782 0.9224 0.0786
vn 0.3994 0.8629 0.3097
vn 0.4188 0.9047 -0.0786
vn 0.3994 0.8629 -0.3097
vn 0.3395 0.7334 -0.5889
vn 0.2463 0.5321 -0.8101
vn 0.1290 0.2786 -0.9517
vn 0.0657 0.1419 -0.9877
vn 0.0715 0.1391 0.9877
vn 0.1404 0.2732 0.9516
vn 0.2680 0.5216 0.8100
vn 0.3694 0.7189 0.5888
vn 0.4188 0.9047 0.0786
vn 0.4346 0.8457 0.3097
vn 0.4556 0.8867 -0.0786
vn 0.4346 0.8457 -0.3097
vn 0.3694 0.7189 -0.5888
vn 0.2680 0.5216 -0.8100
vn 0.1404 0.2732 -0.9516
vn 0.0715 0.1391 -0.9877
vn 0.0767 0.1363 0.9877
vn 0.1507 0.2679 0.9516
vn 0.2876 0.5112 0.8099
vn 0.3964 0.7045 0.5887
vn 0.4556 0.8867 0.0786
vn 0.4663 0.8287 0.3096
vn 0.4889 0.8688 -0.0785
vn 0.4663 0.8287 -0.3096
vn 0.3964 0.7045 -0.5887
vn 0.2876 0.5112 -0.8099
vn 0.1507 0.2679 -0.9516
vn 0.0767 0.1363 -0.9877
vn 0.0814 0.1336 0.9877
vn 0.1600 0.2626 0.9516
vn 0.3052 0.5010 0.8098
vn 0.4206 0.6904 0.5886
vn 0.4889 0.8688 0.0785
vn 0.4947 0.8121 0.3095
vn 0.5186 0.8514 -0.0785
vn 0.4947 0.8121 -0.3095
vn 0.4206 0.6904 -0.5886
vn 0.3052 0.5010 -0.8098
vn 0.1600 0.2626 -0.9516
vn 0.0814 0.1336 -0.9877
vn -0.0368 0.0667 0.9971
vn -0.1017 0.1846 0.9775
vn -0.1908 0.3464 0.9185
vn -0.3018 0.5478 0.7803
vn 0.5186 0.8514 0.0785
vn -0.4233 0.7683 0.4800
vn -0.4774 0.8665 -0.1457
vn -0.4233 0.7683 -0.4800
vn -0.3018 0.5478 -0.7803
vn -0.1908 0.3464 -0.9185
vn -0.1017 0.1846 -0.9775
vn -0.0368 0.0667 -0.9971
vn -0.2771 -0.1515 0.9488
vn -0.5015 -0.2741 0.8206
vn -0.6941 -0.3794 0.6117
vn -0.8286 -0.4529 0.3290
vn -0.8742 -0.4778 0.0868
vn -0.4774 0.8665 0.1457
vn -0.8742 -0.4778 -0.0868
vn -0.8286 -0.4529 -0.3290
vn -0.6941 -0.3794 -0.6117
vn -0.5015 -0.2741 -0.8206
vn -0.2771 -0.1515 -0.9488
vn -0.1208 -0.0660 0.9905
vn -0.1208 -0.0660 -0.9905
vn 0.2947 -0.0734 0.9528
vn 0.1547 -0.0218 0.9877
vn 0.3012 -0.0425 0.9526
vn 0.5664 -0.1411 0.8120
vn -0.1888 -0.9691 0.1590
vn 0.7828 -0.1950 0.5909
vn -0.1009 -0.9880 0.1166
vn 0.9222 -0.2297 0.3110
vn -0.0556 -0.9966 0.0611
vn 0.9673 -0.2410 0.0788
vn -0.0904 -0.9959 0.0079
vn 0.9673 -0.2410 -0.0788
vn -0.0906 -0.9959 -0.0079
vn -0.0556 -0.9966 -0.0611
vn -0.1009 -0.9880 -0.1166
vn 0.9222 -0.2297 -0.3110
vn -0.1888 -0.9690 -0.1592
vn 0.7828 -0.1950 -0.5909
vn 0.3012 -0.0425 -0.9526
vn 0.5664 -0.1411 -0.8120
vn 0.1547 -0.0218 -0.9877
vn 0.2947 -0.0734 -0.9528
vn 0.2840 -0.1062 0.9529
vn 0.1516 -0.0378 0.9877
vn 0.5463 -0.2042 0.8123
vn 0.7554 -0.2824 0.5912
vn 0.8902 -0.3327 0.3112
vn 0.9338 -0.3490 0.0788
vn 0.9338 -0.3490 -0.0788
vn 0.8902 -0.3327 -0.3112
vn 0.7554 -0.2824 -0.5912
vn 0.5463 -0.2042 -0.8123
vn 0.1516 -0.0378 -0.9877
vn 0.2840 -0.1062 -0.9529
vn 0.2684 -0.1400 0.9531
vn 0.1463 -0.0547 0.9877
vn 0.5167 -0.2696 0.8126
vn 0.7148 -0.3729 0.5916
vn 0.8425 -0.4395 0.3115
vn 0.8838 -0.4611 0.0789
vn 0.8838 -0.4611 -0.0789
vn 0.8425 -0.4395 -0.3115
vn 0.7148 -0.3729 -0.5916
vn 0.5167 -0.2696 -0.8126
vn 0.1463 -0.0547 -0.9877
vn 0.2684 -0.1400 -0.9531
vn 0.2472 -0.1739 0.9532
vn 0.4764 -0.3351 0.8129
vn 0.6593 -0.4637 0.5919
vn 0.7772 -0.5467 0.3117
vn 0.8154 -0.5735 0.0789
vn 0.8154 -0.5735 -0.0789
vn 0.7772 -0.5467 -0.3117
vn 0.6593 -0.4637 -0.5919
vn 0.4764 -0.3351 -0.8129
vn 0.2472 -0.1739 -0.9532
vn 0.2204 -0.2063 0.9533
vn 0.1277 -0.0898 0.9877
vn 0.4250 -0.3979 0.8131
vn 0.5883 -0.5508 0.5921
vn 0.6936 -0.6494 0.3118
vn 0.7277 -0.6813 0.0789
vn 0.7277 -0.6813 -0.0789
vn 0.6936 -0.6494 -0.3118
vn 0.5883 -0.5508 -0.5921
vn 0.4250 -0.3979 -0.8131
vn 0.1277 -0.0898 -0.9877
vn 0.2204 -0.2063 -0.9533
vn 0.1883 -0.2357 0.9534
vn 0.1139 -0.1067 0.9877
vn 0.3633 -0.4547 0.8132
vn 0.5030 -0.6295 0.5922
vn 0.5931 -0.7423 0.3119
vn 0.6223 -0.7788 0.0790
vn 0.6223 -0.7788 -0.0790
vn 0.5931 -0.7423 -0.3119
vn 0.5030 -0.6295 -0.5922
vn 0.3633 -0.4547 -0.8132
vn 0.1139 -0.1067 -0.9877
vn 0.1883 -0.2357 -0.9534
vn 0.0787 -0.1347 0.9878
vn 0.0974 -0.1219 0.9878
vn 0.1522 -0.2606 0.9534
vn 0.2936 -0.5026 0.8131
vn 0.4065 -0.6957 0.5922
vn 0.4793 -0.8204 0.3119
vn 0.5029 -0.8607 -0.0789
vn 0.4793 -0.8204 -0.3119
vn 0.4065 -0.6957 -0.5922
vn 0.2936 -0.5026 -0.8131
vn 0.1522 -0.2606 -0.9534
vn 0.0787 -0.1347 -0.9878
vn 0.0974 -0.1219 -0.9878
vn 0.0587 -0.1446 0.9877
vn 0.1137 -0.2798 0.9533
vn 0.2191 -0.5395 0.8130
vn 0.3033 -0.7467 0.5920
vn 0.5029 -0.8608 0.0789
vn 0.3576 -0.8803 0.3118
vn 0.3752 -0.9236 -0.0789
vn 0.3576 -0.8803 -0.3118
vn 0.3033 -0.7467 -0.5920
vn 0.2191 -0.5395 -0.8130
vn 0.1137 -0.2798 -0.9533
vn 0.0587 -0.1446 -0.9877
vn 0.0384 -0.1513 0.9877
vn 0.0745 -0.2931 0.9532
vn 0.1434 -0.5647 0.8128
vn 0.1985 -0.7813 0.5918
vn 0.3752 -0.9236 0.0789
vn 0.2340 -0.9210 0.3116
vn 0.2454 -0.9662 -0.0789
vn 0.2340 -0.9210 -0.3116
vn 0.1985 -0.7813 -0.5918
vn 0.1434 -0.5647 -0.8128
vn 0.0745 -0.2931 -0.9532
vn 0.0384 -0.1513 -0.9877
vn 0.0187 -0.1550 0.9877
vn 0.0363 -0.3007 0.9530
vn 0.0698 -0.5788 0.8125
vn 0.0966 -0.8005 0.5914
vn 0.2454 -0.9662 0.0789
vn 0.1138 -0.9435 0.3114
vn 0.1194 -0.9897 -0.0789
vn 0.1138 -0.9435 -0.3114
vn 0.0966 -0.8005 -0.5914
vn 0.0698 -0.5788 -0.8125
vn 0.0363 -0.3007 -0.9530
vn 0.0187 -0.1550 -0.9877
vn 0.0006 -0.1562 0.9877
vn 0.0012 -0.3037 0.9528
vn 0.0022 -0.5837 0.8120
vn 0.0031 -0.8067 0.5909
vn 0.1194 -0.9897 0.0789
vn 0.0037 -0.9504 0.3110
vn 0.0038 -0.9969 -0.0788
vn 0.0037 -0.9504 -0.3110
vn 0.0031 -0.8067 -0.5909
vn 0.0022 -0.5837 -0.8120
vn 0.0012 -0.3037 -0.9528
vn 0.0006 -0.1562 -0.9877
vn -0.0318 -0.3020 0.9528
vn -0.0612 -0.5804 0.8120
vn -0.0845 -0.8023 0.5909
vn -0.0996 -0.9452 0.3110
vn -0.1044 -0.9914 0.0788
vn 0.0038 -0.9969 0.0788
vn -0.1044 -0.9914 -0.0788
vn -0.0996 -0.9452 -0.3110
vn -0.0845 -0.8023 -0.5909
vn -0.0612 -0.5804 -0.8120
vn -0.0318 -0.3020 -0.9528
vn -0.0660 -0.2958 0.9530
vn -0.0164 -0.1553 0.9877
vn -0.1271 -0.5692 0.8123
vn -0.1757 -0.7871 0.5913
vn -0.2070 -0.9275 0.3113
vn -0.2172 -0.9729 0.0788
vn -0.2172 -0.9729 -0.0788
vn -0.2070 -0.9275 -0.3113
vn -0.1757 -0.7871 -0.5913
vn -0.1271 -0.5692 -0.8123
vn -0.0164 -0.1553 -0.9877
vn -0.0660 -0.2958 -0.9530
vn -0.1021 -0.2849 0.9531
vn -0.0340 -0.1524 0.9877
vn -0.1967 -0.5486 0.8126
vn -0.2721 -0.7589 0.5916
vn -0.3207 -0.8945 0.3115
vn -0.3364 -0.9384 0.0789
vn -0.3364 -0.9384 -0.0789
vn -0.3207 -0.8945 -0.3115
vn -0.2721 -0.7589 -0.5916
vn -0.1967 -0.5486 -0.8126
vn -0.0340 -0.1524 -0.9877
vn -0.1021 -0.2849 -0.9531
vn -0.1387 -0.2686 0.9532
vn -0.0527 -0.1470 0.9877
vn -0.2672 -0.5176 0.8128
vn -0.3697 -0.7162 0.5919
vn -0.4359 -0.8443 0.3116
vn -0.4573 -0.8858 0.0789
vn -0.4573 -0.8858 -0.0789
vn -0.4359 -0.8443 -0.3116
vn -0.3697 -0.7162 -0.5919
vn -0.2672 -0.5176 -0.8128
vn -0.0527 -0.1470 -0.9877
vn -0.1387 -0.2686 -0.9532
vn -0.1739 -0.2471 0.9533
vn -0.0716 -0.1387 0.9877
vn -0.3351 -0.4763 0.8129
vn -0.4638 -0.6592 0.5919
vn -0.5467 -0.7771 0.3117
vn -0.5736 -0.8153 0.0789
vn -0.5736 -0.8153 -0.0789
vn -0.5467 -0.7771 -0.3117
vn -0.4638 -0.6592 -0.5919
vn -0.3351 -0.4763 -0.8129
vn -0.0716 -0.1387 -0.9877
vn -0.1739 -0.2471 -0.9533
vn -0.1064 -0.1142 0.9877
vn -0.0898 -0.1276 0.9877
vn -0.2060 -0.2212 0.9532
vn -0.3969 -0.4263 0.8128
vn -0.5492 -0.5900 0.5919
vn -0.6475 -0.6955 0.3116
vn -0.6793 -0.7296 -0.0789
vn -0.6475 -0.6955 -0.3116
vn -0.5492 -0.5900 -0.5919
vn -0.3969 -0.4263 -0.8128
vn -0.2060 -0.2212 -0.9532
vn -0.1064 -0.1142 -0.9877
vn -0.0898 -0.1276 -0.9877
vn -0.1205 -0.0992 0.9877
vn -0.2336 -0.1923 0.9531
vn -0.4499 -0.3704 0.8126
vn -0.6224 -0.5124 0.5916
vn -0.6793 -0.7296 0.0789
vn -0.7337 -0.6039 0.3115
vn -0.7697 -0.6336 -0.0789
vn -0.7337 -0.6039 -0.3115
vn -0.6224 -0.5124 -0.5916
vn -0.4499 -0.3704 -0.8126
vn -0.2336 -0.1923 -0.9531
vn -0.1205 -0.0992 -0.9877
vn -0.1320 -0.0835 0.9877
vn -0.2562 -0.1620 0.9530
vn -0.4929 -0.3117 0.8123
vn -0.6816 -0.4311 0.5913
vn -0.7697 -0.6336 0.0789
vn -0.8032 -0.5080 0.3113
vn -0.8425 -0.5328 -0.0788
vn -0.8032 -0.5080 -0.3113
vn -0.6816 -0.4311 -0.5913
vn -0.4929 -0.3117 -0.8123
vn -0.2562 -0.1620 -0.9530
vn -0.1320 -0.0835 -0.9877
vn -0.1407 -0.0678 0.9877
vn -0.2736 -0.1318 0.9528
vn -0.5258 -0.2533 0.8120
vn -0.7268 -0.3502 0.5909
vn -0.8425 -0.5328 0.0788
vn -0.8562 -0.4125 0.3110
vn -0.8981 -0.4327 -0.0788
vn -0.8562 -0.4125 -0.3110
vn -0.7268 -0.3502 -0.5909
vn -0.5258 -0.2533 -0.8120
vn -0.2736 -0.1318 -0.9528
vn -0.1407 -0.0678 -0.9877
vn -0.1470 -0.0528 0.9877
vn -0.2863 -0.1029 0.9526
vn -0.5497 -0.1975 0.8117
vn -0.7595 -0.2728 0.5906
vn -0.8981 -0.4327 0.0788
vn -0.8945 -0.3214 0.3108
vn -0.9382 -0.3371 -0.0787
vn -0.8945 -0.3214 -0.3108
vn -0.7595 -0.2728 -0.5906
vn -0.5497 -0.1975 -0.8117
vn -0.2863 -0.1029 -0.9526
vn -0.1470 -0.0528 -0.9877
vn -0.1514 -0.0389 0.9877
vn -0.2952 -0.0759 0.9524
vn 0.2954 -0.9421 0.1589
vn 0.2104 -0.9707 0.1164
vn -0.9382 -0.3371 0.0787
vn 0.1661 -0.9842 0.0612
vn 0.2006 -0.9796 -0.0079
vn 0.1661 -0.9842 -0.0612
vn 0.2104 -0.9707 -0.1164
vn 0.2954 -0.9421 -0.1586
vn -0.2952 -0.0759 -0.9524
vn -0.1514 -0.0389 -0.9877
vn -0.1130 0.0916 0.9894
vn 0.6645 0.7293 0.1631
vn 0.6107 0.7794 0.1398
vn 0.2007 -0.9796 0.0079
vn 0.5694 0.8174 0.0875
vn 0.5913 0.8064 -0.0123
vn 0.5694 0.8174 -0.0875
vn 0.6107 0.7794 -0.1398
vn 0.6645 0.7293 -0.1631
vn -0.1130 0.0916 -0.9894
vn 0.0784 0.0716 0.9943
vn -0.0771 0.0626 0.9951
vn 0.1177 0.1075 0.9872
vn -0.7061 0.6891 0.1631
vn -0.6534 0.7445 0.1370
vn 0.5913 0.8064 0.0123
vn -0.6149 0.7842 0.0834
vn -0.6374 0.7704 -0.0115
vn -0.6149 0.7842 -0.0834
vn -0.6534 0.7445 -0.1370
vn -0.7061 0.6891 -0.1630
vn 0.1177 0.1075 -0.9872
vn 0.0784 0.0716 -0.9943
vn -0.0771 0.0626 -0.9951
vn -0.6374 0.7704 0.0115
vt 0.346939 0.000000
vt 0.367347 0.000000
vt 0.357143 0.000000
vt 0.377551 0.000000
vt 0.336735 0.000000
vt 0.387755 0.000000
vt 0.326531 0.000000
vt 0.397959 0.000000
vt 0.316327 0.000000
vt 0.408163 0.000000
vt 0.306122 0.000000
vt 0.418367 0.000000
vt 0.295918 0.000000
vt 0.428571 0.000000
vt 0.285714 0.000000
vt 0.867347 0.000000
vt 0.877551 0.000000
vt 0.857143 0.000000
vt 0.887755 0.000000
vt 0.846939 0.000000
vt 0.897959 0.000000
vt 0.836735 0.000000
vt 0.438776 0.000000
vt 0.908163 0.000000
vt 0.275510 0.000000
vt 0.826531 0.000000
vt 0.918367 0.000000
vt 0.816327 0.000000
vt 0.928571 0.000000
vt 0.806122 0.000000
vt 0.938776 0.000000
vt 0.795918 0.000000
vt 0.265306 0.000000
vt 0.448980 0.000000
vt 0.948980 0.000000
vt 0.785714 0.000000
vt 0.959184 0.000000
vt 0.775510 0.000000
vt 0.255102 0.000000
vt 0.459184 0.000000
vt 0.969388 0.000000
vt 0.765306 0.000000
vt 0.979592 0.000000
vt 0.755102 0.000000
vt 0.244898 0.000000
vt 0.989796 0.000000
vt 0.469388 0.000000
vt 1.000000 0.000000
vt 0.234694 0.000000
vt 0.479592 0.000000
vt 0.224490 0.000000
vt 0.489796 0.000000
vt 0.500000 0.000000
vt 0.214286 0.000000
vt 0.510204 0.000000
vt 0.520408 0.000000
vt 0.204082 0.000000
vt 0.530612 0.000000
vt 0.193878 0.000000
vt 0.540816 0.000000
vt 0.724490 0.000000
vt 0.744898 0.000000
vt 0.734694 0.000000
vt 0.551020 0.000000
vt 0.714286 0.000000
vt 0.704082 0.000000
vt 0.183673 0.000000
vt 0.561224 0.000000
vt 0.693878 0.000000
vt 0.683673 0.000000
vt 0.571429 0.000000
vt 0.673469 0.000000
vt 0.581633 0.000000
vt 0.663265 0.000000
vt 0.173469 0.000000
vt 0.653061 0.000000
vt 0.591837 0.000000
vt 0.642857 0.000000
vt 0.602041 0.000000
vt 0.632653 0.000000
vt 0.622449 0.000000
vt 0.612245 0.000000
vt 0.163265 0.000000
vt 0.000000 0.000000
vt 0.153061 0.000000
vt 0.010204 0.000000
vt 0.020408 0.000000
vt 0.142857 0.000000
vt 0.030612 0.000000
vt 0.040816 0.000000
vt 0.132653 0.000000
vt 0.051020 0.000000
vt 0.061224 0.000000
vt 0.122449 0.000000
vt 0.071429 0.000000
vt 0.081633 0.000000
vt 0.091837 0.000000
vt 0.112245 0.000000
vt 0.102041 0.000000
vt 0.103774 0.000000
vt 0.122642 0.000000
vt 0.113208 0.000000
vt 0.330189 0.000000
vt 0.349057 0.000000
vt 0.339623 0.000000
vt 0.094340 0.000000
vt 0.132075 0.000000
vt 0.320755 0.000000
vt 0.358491 0.000000
vt 0.084906 0.000000
vt 0.141509 0.000000
vt 0.311321 0.000000
vt 0.075472 0.000000
vt 0.150943 0.000000
vt 0.367925 0.000000
vt 0.301887 0.000000
vt 0.066038 0.000000
vt 0.981132 0.000000
vt 0.990566 0.000000
vt 0.160377 0.000000
vt 0.292453 0.000000
vt 0.056604 0.000000
vt 0.377358 0.000000
vt 0.169811 0.000000
vt 0.047170 0.000000
vt 0.283019 0.000000
vt 0.179245 0.000000
vt 0.386792 0.000000
vt 0.037736 0.000000
vt 0.273585 0.000000
vt 0.188679 0.000000
vt 0.028302 0.000000
vt 0.264151 0.000000
vt 0.396226 0.000000
vt 0.198113 0.000000
vt 0.018868 0.000000
vt 0.254717 0.000000
vt 0.207547 0.000000
vt 0.009434 0.000000
vt 0.405660 0.000000
vt 0.245283 0.000000
vt 0.216981 0.000000
vt 0.235849 0.000000
vt 0.594340 0.000000
vt 0.415094 0.000000
vt 0.962264 0.000000
vt 0.952830 0.000000
vt 0.943396 0.000000
vt 0.933962 0.000000
vt 0.924528 0.000000
vt 0.915094 0.000000
vt 0.905660 0.000000
vt 0.896226 0.000000
vt 0.886792 0.000000
vt 0.877358 0.000000
vt 0.867925 0.000000
vt 0.858491 0.000000
vt 0.849057 0.000000
vt 0.226415 0.000000
vt 0.603774 0.000000
vt 0.839623 0.000000
vt 0.584906 0.000000
vt 0.613208 0.000000
vt 0.830189 0.000000
vt 0.575472 0.000000
vt 0.622642 0.000000
vt 0.820755 0.000000
vt 0.566038 0.000000
vt 0.632075 0.000000
vt 0.811321 0.000000
vt 0.556604 0.000000
vt 0.641509 0.000000
vt 0.424528 0.000000
vt 0.801887 0.000000
vt 0.650943 0.000000
vt 0.547170 0.000000
vt 0.660377 0.000000
vt 0.792453 0.000000
vt 0.537736 0.000000
vt 0.669811 0.000000
vt 0.783019 0.000000
vt 0.528302 0.000000
vt 0.679245 0.000000
vt 0.433962 0.000000
vt 0.773585 0.000000
vt 0.688679 0.000000
vt 0.518868 0.000000
vt 0.698113 0.000000
vt 0.764151 0.000000
vt 0.509434 0.000000
vt 0.707547 0.000000
vt 0.443396 0.000000
vt 0.754717 0.000000
vt 0.971698 0.000000
vt 0.716981 0.000000
vt 0.745283 0.000000
vt 0.490566 0.000000
vt 0.452830 0.000000
vt 0.735849 0.000000
vt 0.481132 0.000000
vt 0.462264 0.000000
vt 0.726415 0.000000
vt 0.471698 0.000000
vt 0.560694 0.000000
vt 0.572254 0.000000
vt 0.566474 0.000000
vt 0.554913 0.000000
vt 0.578035 0.000000
vt 0.549133 0.000000
vt 0.543353 0.000000
vt 0.583815 0.000000
vt 0.537572 0.000000
vt 0.589595 0.000000
vt 0.531792 0.000000
vt 0.526012 0.000000
vt 0.595376 0.000000
vt 0.520231 0.000000
vt 0.601156 0.000000
vt 0.514451 0.000000
vt 0.508671 0.000000
vt 0.606936 0.000000
vt 0.502890 0.000000
vt 0.612717 0.000000
vt 0.497110 0.000000
vt 0.491329 0.000000
vt 0.485549 0.000000
vt 0.479769 0.000000
vt 0.473988 0.000000
vt 0.468208 0.000000
vt 0.462428 0.000000
vt 0.456647 0.000000
vt 0.450867 0.000000
vt 0.445087 0.000000
vt 0.439306 0.000000
vt 0.433526 0.000000
vt 0.427746 0.000000
vt 0.421965 0.000000
vt 0.618497 0.000000
vt 0.416185 0.000000
vt 0.624277 0.000000
vt 0.410405 0.000000
vt 0.404624 0.000000
vt 0.398844 0.000000
vt 0.393064 0.000000
vt 0.387283 0.000000
vt 0.630058 0.000000
vt 0.381503 0.000000
vt 0.375723 0.000000
vt 0.369942 0.000000
vt 0.635838 0.000000
vt 0.364162 0.000000
vt 0.358382 0.000000
vt 0.641618 0.000000
vt 0.352601 0.000000
vt 0.346821 0.000000
vt 0.341040 0.000000
vt 0.335260 0.000000
vt 0.329480 0.000000
vt 0.323699 0.000000
vt 0.317919 0.000000
vt 0.791907 0.000000
vt 0.994220 0.000000
vt 0.797688 0.000000
vt 0.312139 0.000000
vt 0.803468 0.000000
vt 0.306358 0.000000
vt 0.809249 0.000000
vt 0.300578 0.000000
vt 0.815029 0.000000
vt 0.820809 0.000000
vt 0.294798 0.000000
vt 0.826590 0.000000
vt 0.289017 0.000000
vt 0.832370 0.000000
vt 0.838150 0.000000
vt 0.283237 0.000000
vt 0.843931 0.000000
vt 0.849711 0.000000
vt 0.277457 0.000000
vt 0.855491 0.000000
vt 0.271676 0.000000
vt 0.861272 0.000000
vt 0.867052 0.000000
vt 0.265896 0.000000
vt 0.872832 0.000000
vt 0.878613 0.000000
vt 0.988439 0.000000
vt 0.260116 0.000000
vt 0.982659 0.000000
vt 0.884393 0.000000
vt 0.976879 0.000000
vt 0.774566 0.000000
vt 0.786127 0.000000
vt 0.780347 0.000000
vt 0.647399 0.000000
vt 0.890173 0.000000
vt 0.768786 0.000000
vt 0.971098 0.000000
vt 0.653179 0.000000
vt 0.763006 0.000000
vt 0.254335 0.000000
vt 0.895954 0.000000
vt 0.658960 0.000000
vt 0.965318 0.000000
vt 0.757225 0.000000
vt 0.664740 0.000000
vt 0.959538 0.000000
vt 0.751445 0.000000
vt 0.901734 0.000000
vt 0.670520 0.000000
vt 0.745665 0.000000
vt 0.953757 0.000000
vt 0.676301 0.000000
vt 0.739884 0.000000
vt 0.907514 0.000000
vt 0.682081 0.000000
vt 0.947977 0.000000
vt 0.734104 0.000000
vt 0.687861 0.000000
vt 0.248555 0.000000
vt 0.728324 0.000000
vt 0.913295 0.000000
vt 0.942197 0.000000
vt 0.693642 0.000000
vt 0.722543 0.000000
vt 0.699422 0.000000
vt 0.716763 0.000000
vt 0.936416 0.000000
vt 0.705202 0.000000
vt 0.710983 0.000000
vt 0.919075 0.000000
vt 0.930636 0.000000
vt 0.924855 0.000000
vt 0.132948 0.000000
vt 0.242775 0.000000
vt 0.138728 0.000000
vt 0.127168 0.000000
vt 0.236994 0.000000
vt 0.144509 0.000000
vt 0.121387 0.000000
vt 0.231214 0.000000
vt 0.150289 0.000000
vt 0.115607 0.000000
vt 0.005780 0.000000
vt 0.156069 0.000000
vt 0.109827 0.000000
vt 0.225434 0.000000
vt 0.011561 0.000000
vt 0.161850 0.000000
vt 0.104046 0.000000
vt 0.017341 0.000000
vt 0.219653 0.000000
vt 0.167630 0.000000
vt 0.098266 0.000000
vt 0.023121 0.000000
vt 0.173410 0.000000
vt 0.092486 0.000000
vt 0.028902 0.000000
vt 0.213873 0.000000
vt 0.179191 0.000000
vt 0.086705 0.000000
vt 0.034682 0.000000
vt 0.184971 0.000000
vt 0.040462 0.000000
vt 0.080925 0.000000
vt 0.208092 0.000000
vt 0.046243 0.000000
vt 0.190751 0.000000
vt 0.075145 0.000000
vt 0.052023 0.000000
vt 0.196532 0.000000
vt 0.069364 0.000000
vt 0.202312 0.000000
vt 0.057803 0.000000
vt 0.063584 0.000000
vt 0.336634 0.000000
vt 0.356436 0.000000
vt 0.346535 0.000000
vt 0.366337 0.000000
vt 0.376238 0.000000
vt 0.386139 0.000000
vt 0.326733 0.000000
vt 0.396040 0.000000
vt 0.405941 0.000000
vt 0.415842 0.000000
vt 0.316832 0.000000
vt 0.425743 0.000000
vt 0.435644 0.000000
vt 0.306931 0.000000
vt 0.445545 0.000000
vt 0.455446 0.000000
vt 0.297030 0.000000
vt 0.465347 0.000000
vt 0.574257 0.000000
vt 0.564356 0.000000
vt 0.554455 0.000000
vt 0.544554 0.000000
vt 0.534653 0.000000
vt 0.524752 0.000000
vt 0.514852 0.000000
vt 0.504951 0.000000
vt 0.495050 0.000000
vt 0.485149 0.000000
vt 0.475248 0.000000
vt 0.287129 0.000000
vt 0.594059 0.000000
vt 0.584158 0.000000
vt 0.603960 0.000000
vt 0.613861 0.000000
vt 0.623762 0.000000
vt 0.277228 0.000000
vt 0.633663 0.000000
vt 0.643564 0.000000
vt 0.267327 0.000000
vt 0.653465 0.000000
vt 0.663366 0.000000
vt 0.257426 0.000000
vt 0.673267 0.000000
vt 0.247525 0.000000
vt 0.683168 0.000000
vt 0.693069 0.000000
vt 0.237624 0.000000
vt 0.702970 0.000000
vt 0.227723 0.000000
vt 0.712871 0.000000
vt 0.722772 0.000000
vt 0.217822 0.000000
vt 0.970297 0.000000
vt 0.990099 0.000000
vt 0.980198 0.000000
vt 0.960396 0.000000
vt 0.732673 0.000000
vt 0.207921 0.000000
vt 0.742574 0.000000
vt 0.950495 0.000000
vt 0.198020 0.000000
vt 0.752475 0.000000
vt 0.762376 0.000000
vt 0.188119 0.000000
vt 0.772277 0.000000
vt 0.178218 0.000000
vt 0.782178 0.000000
vt 0.792079 0.000000
vt 0.168317 0.000000
vt 0.801980 0.000000
vt 0.940594 0.000000
vt 0.930693 0.000000
vt 0.920792 0.000000
vt 0.811881 0.000000
vt 0.910891 0.000000
vt 0.900990 0.000000
vt 0.891089 0.000000
vt 0.821782 0.000000
vt 0.158416 0.000000
vt 0.881188 0.000000
vt 0.871287 0.000000
vt 0.861386 0.000000
vt 0.831683 0.000000
vt 0.851485 0.000000
vt 0.841584 0.000000
vt 0.148515 0.000000
vt 0.009901 0.000000
vt 0.138614 0.000000
vt 0.019802 0.000000
vt 0.029703 0.000000
vt 0.128713 0.000000
vt 0.039604 0.000000
vt 0.049505 0.000000
vt 0.059406 0.000000
vt 0.118812 0.000000
vt 0.069307 0.000000
vt 0.079208 0.000000
vt 0.089109 0.000000
vt 0.108911 0.000000
vt 0.099010 0.000000
vt 0.000000 0.090909
vt 0.009804 0.000000
vt 0.000000 0.181818
vt 0.009804 0.090909
vt 0.000000 0.272727
vt 0.009804 0.181818
vt 0.000000 0.363636
vt 0.009804 0.272727
vt 0.000000 0.454545
vt 0.009804 0.363636
vt 0.009804 0.545455
vt 0.000000 0.545455
vt 0.009804 0.636364
vt 0.000000 0.636364
vt 0.009804 0.727273
vt 0.000000 0.727273
vt 0.009804 0.818182
vt 0.000000 0.818182
vt 0.009804 0.909091
vt 0.000000 0.909091
vt 0.009804 1.000000
vt 0.000000 1.000000
vt 0.019608 0.000000
vt 0.019608 0.090909
vt 0.019608 0.181818
vt 0.019608 0.272727
vt 0.009804 0.454545
vt 0.019608 0.363636
vt 0.019608 0.545455
vt 0.019608 0.636364
vt 0.019608 0.727273
vt 0.019608 0.818182
vt 0.019608 0.909091
vt 0.019608 1.000000
vt 0.029412 0.000000
vt 0.029412 0.090909
vt 0.029412 0.181818
vt 0.029412 0.272727
vt 0.019608 0.454545
vt 0.029412 0.363636
vt 0.029412 0.545455
vt 0.029412 0.636364
vt 0.029412 0.727273
vt 0.029412 0.818182
vt 0.029412 0.909091
vt 0.029412 1.000000
vt 0.039216 0.000000
vt 0.039216 0.090909
vt 0.039216 0.181818
vt 0.039216 0.272727
vt 0.029412 0.454545
vt 0.039216 0.363636
vt 0.039216 0.545455
vt 0.039216 0.636364
vt 0.039216 0.727273
vt 0.039216 0.818182
vt 0.039216 0.909091
vt 0.039216 1.000000
vt 0.049020 0.000000
vt 0.049020 0.090909
vt 0.049020 0.181818
vt 0.049020 0.272727
vt 0.039216 0.454545
vt 0.049020 0.363636
vt 0.049020 0.545455
vt 0.049020 0.636364
vt 0.049020 0.727273
vt 0.049020 0.818182
vt 0.049020 0.909091
vt 0.049020 1.000000
vt 0.058824 0.090909
vt 0.058824 0.181818
vt 0.058824 0.272727
vt 0.058824 0.363636
vt 0.058824 0.454545
vt 0.049020 0.454545
vt 0.058824 0.545455
vt 0.058824 0.636364
vt 0.058824 0.727273
vt 0.058824 0.818182
vt 0.058824 0.909091
vt 0.068627 0.090909
vt 0.058824 0.000000
vt 0.068627 0.181818
vt 0.068627 0.272727
vt 0.068627 0.363636
vt 0.068627 0.454545
vt 0.068627 0.545455
vt 0.068627 0.636364
vt 0.068627 0.727273
vt 0.068627 0.818182
vt 0.058824 1.000000
vt 0.068627 0.909091
vt 0.078431 0.090909
vt 0.068627 0.000000
vt 0.078431 0.181818
vt 0.078431 0.272727
vt 0.078431 0.363636
vt 0.078431 0.454545
vt 0.078431 0.545455
vt 0.078431 0.636364
vt 0.078431 0.727273
vt 0.078431 0.818182
vt 0.068627 1.000000
vt 0.078431 0.909091
vt 0.088235 0.090909
vt 0.078431 0.000000
vt 0.088235 0.181818
vt 0.088235 0.272727
vt 0.088235 0.363636
vt 0.088235 0.454545
vt 0.088235 0.545455
vt 0.088235 0.636364
vt 0.088235 0.727273
vt 0.088235 0.818182
vt 0.078431 1.000000
vt 0.088235 0.909091
vt 0.098039 0.090909
vt 0.088235 0.000000
vt 0.098039 0.181818
vt 0.098039 0.272727
vt 0.098039 0.363636
vt 0.098039 0.454545
vt 0.098039 0.545455
vt 0.098039 0.636364
vt 0.098039 0.727273
vt 0.098039 0.818182
vt 0.088235 1.000000
vt 0.098039 0.909091
vt 0.107843 0.000000
vt 0.098039 0.000000
vt 0.107843 0.090909
vt 0.107843 0.181818
vt 0.107843 0.272727
vt 0.107843 0.363636
vt 0.107843 0.545455
vt 0.107843 0.636364
vt 0.107843 0.727273
vt 0.107843 0.818182
vt 0.107843 0.909091
vt 0.107843 1.000000
vt 0.098039 1.000000
vt 0.117647 0.000000
vt 0.117647 0.090909
vt 0.117647 0.181818
vt 0.117647 0.272727
vt 0.107843 0.454545
vt 0.117647 0.363636
vt 0.117647 0.545455
vt 0.117647 0.636364
vt 0.117647 0.727273
vt 0.117647 0.818182
vt 0.117647 0.909091
vt 0.117647 1.000000
vt 0.127451 0.000000
vt 0.127451 0.090909
vt 0.127451 0.181818
vt 0.127451 0.272727
vt 0.117647 0.454545
vt 0.127451 0.363636
vt 0.127451 0.545455
vt 0.127451 0.636364
vt 0.127451 0.727273
vt 0.127451 0.818182
vt 0.127451 0.909091
vt 0.127451 1.000000
vt 0.137255 0.000000
vt 0.137255 0.090909
vt 0.137255 0.181818
vt 0.137255 0.272727
vt 0.127451 0.454545
vt 0.137255 0.363636
vt 0.137255 0.545455
vt 0.137255 0.636364
vt 0.137255 0.727273
vt 0.137255 0.818182
vt 0.137255 0.909091
vt 0.137255 1.000000
vt 0.147059 0.000000
vt 0.147059 0.090909
vt 0.147059 0.181818
vt 0.147059 0.272727
vt 0.137255 0.454545
vt 0.147059 0.363636
vt 0.147059 0.545455
vt 0.147059 0.636364
vt 0.147059 0.727273
vt 0.147059 0.818182
vt 0.147059 0.909091
vt 0.147059 1.000000
vt 0.156863 0.000000
vt 0.156863 0.090909
vt 0.156863 0.181818
vt 0.156863 0.272727
vt 0.147059 0.454545
vt 0.156863 0.363636
vt 0.156863 0.545455
vt 0.156863 0.636364
vt 0.156863 0.727273
vt 0.156863 0.818182
vt 0.156863 0.909091
vt 0.156863 1.000000
vt 0.166667 0.000000
vt 0.166667 0.090909
vt 0.166667 0.181818
vt 0.166667 0.272727
vt 0.156863 0.454545
vt 0.166667 0.363636
vt 0.166667 0.545455
vt 0.166667 0.636364
vt 0.166667 0.727273
vt 0.166667 0.818182
vt 0.166667 0.909091
vt 0.166667 1.000000
vt 0.176471 0.000000
vt 0.176471 0.090909
vt 0.176471 0.181818
vt 0.176471 0.272727
vt 0.166667 0.454545
vt 0.176471 0.363636
vt 0.176471 0.545455
vt 0.176471 0.636364
vt 0.176471 0.727273
vt 0.176471 0.818182
vt 0.176471 0.909091
vt 0.176471 1.000000
vt 0.186275 0.000000
vt 0.186275 0.090909
vt 0.186275 0.181818
vt 0.186275 0.272727
vt 0.176471 0.454545
vt 0.186275 0.363636
vt 0.186275 0.545455
vt 0.186275 0.636364
vt 0.186275 0.727273
vt 0.186275 0.818182
vt 0.186275 0.909091
vt 0.186275 1.000000
vt 0.196078 0.090909
vt 0.196078 0.181818
vt 0.196078 0.272727
vt 0.196078 0.363636
vt 0.196078 0.454545
vt 0.186275 0.454545
vt 0.196078 0.545455
vt 0.196078 0.636364
vt 0.196078 0.727273
vt 0.196078 0.818182
vt 0.196078 0.909091
vt 0.205882 0.090909
vt 0.196078 0.000000
vt 0.205882 0.181818
vt 0.205882 0.272727
vt 0.205882 0.363636
vt 0.205882 0.454545
vt 0.205882 0.545455
vt 0.205882 0.636364
vt 0.205882 0.727273
vt 0.205882 0.818182
vt 0.196078 1.000000
vt 0.205882 0.909091
vt 0.215686 0.090909
vt 0.205882 0.000000
vt 0.215686 0.181818
vt 0.215686 0.272727
vt 0.215686 0.363636
vt 0.215686 0.454545
vt 0.215686 0.545455
vt 0.215686 0.636364
vt 0.215686 0.727273
vt 0.215686 0.818182
vt 0.205882 1.000000
vt 0.215686 0.909091
vt 0.225490 0.090909
vt 0.215686 0.000000
vt 0.225490 0.181818
vt 0.225490 0.272727
vt 0.225490 0.363636
vt 0.225490 0.454545
vt 0.225490 0.545455
vt 0.225490 0.636364
vt 0.225490 0.727273
vt 0.225490 0.818182
vt 0.215686 1.000000
vt 0.225490 0.909091
vt 0.235294 0.000000
vt 0.225490 0.000000
vt 0.235294 0.090909
vt 0.235294 0.181818
vt 0.235294 0.272727
vt 0.235294 0.363636
vt 0.235294 0.545455
vt 0.235294 0.636364
vt 0.235294 0.727273
vt 0.235294 0.818182
vt 0.235294 0.909091
vt 0.235294 1.000000
vt 0.225490 1.000000
vt 0.245098 0.000000
vt 0.245098 0.090909
vt 0.245098 0.181818
vt 0.245098 0.272727
vt 0.235294 0.454545
vt 0.245098 0.363636
vt 0.245098 0.545455
vt 0.245098 0.636364
vt 0.245098 0.727273
vt 0.245098 0.818182
vt 0.245098 0.909091
vt 0.245098 1.000000
vt 0.254902 0.000000
vt 0.254902 0.090909
vt 0.254902 0.181818
vt 0.254902 0.272727
vt 0.245098 0.454545
vt 0.254902 0.363636
vt 0.254902 0.545455
vt 0.254902 0.636364
vt 0.254902 0.727273
vt 0.254902 0.818182
vt 0.254902 0.909091
vt 0.254902 1.000000
vt 0.264706 0.090909
vt 0.264706 0.181818
vt 0.264706 0.272727
vt 0.264706 0.363636
vt 0.264706 0.454545
vt 0.254902 0.454545
vt 0.264706 0.545455
vt 0.264706 0.636364
vt 0.264706 0.727273
vt 0.264706 0.818182
vt 0.264706 0.909091
vt 0.274510 0.090909
vt 0.264706 0.000000
vt 0.274510 0.181818
vt 0.274510 0.272727
vt 0.274510 0.363636
vt 0.274510 0.454545
vt 0.274510 0.545455
vt 0.274510 0.636364
vt 0.274510 0.727273
vt 0.274510 0.818182
vt 0.264706 1.000000
vt 0.274510 0.909091
vt 0.284314 0.090909
vt 0.274510 0.000000
vt 0.284314 0.181818
vt 0.284314 0.272727
vt 0.284314 0.363636
vt 0.284314 0.454545
vt 0.284314 0.545455
vt 0.284314 0.636364
vt 0.284314 0.727273
vt 0.284314 0.818182
vt 0.274510 1.000000
vt 0.284314 0.909091
vt 0.294118 0.090909
vt 0.284314 0.000000
vt 0.294118 0.181818
vt 0.294118 0.272727
vt 0.294118 0.363636
vt 0.294118 0.454545
vt 0.294118 0.545455
vt 0.294118 0.636364
vt 0.294118 0.727273
vt 0.294118 0.818182
vt 0.284314 1.000000
vt 0.294118 0.909091
vt 0.303922 0.090909
vt 0.294118 0.000000
vt 0.303922 0.181818
vt 0.303922 0.272727
vt 0.303922 0.363636
vt 0.303922 0.454545
vt 0.303922 0.545455
vt 0.303922 0.636364
vt 0.303922 0.727273
vt 0.303922 0.818182
vt 0.294118 1.000000
vt 0.303922 0.909091
vt 0.313726 0.090909
vt 0.303922 0.000000
vt 0.313726 0.181818
vt 0.313726 0.272727
vt 0.313726 0.363636
vt 0.313726 0.454545
vt 0.313726 0.545455
vt 0.313726 0.636364
vt 0.313726 0.727273
vt 0.313726 0.818182
vt 0.303922 1.000000
vt 0.313726 0.909091
vt 0.323529 0.090909
vt 0.313726 0.000000
vt 0.323529 0.181818
vt 0.323529 0.272727
vt 0.323529 0.363636
vt 0.323529 0.454545
vt 0.323529 0.545455
vt 0.323529 0.636364
vt 0.323529 0.727273
vt 0.323529 0.818182
vt 0.313726 1.000000
vt 0.323529 0.909091
vt 0.333333 0.090909
vt 0.323529 0.000000
vt 0.333333 0.181818
vt 0.333333 0.272727
vt 0.333333 0.363636
vt 0.333333 0.454545
vt 0.333333 0.545455
vt 0.333333 0.636364
vt 0.333333 0.727273
vt 0.333333 0.818182
vt 0.323529 1.000000
vt 0.333333 0.909091
vt 0.343137 0.090909
vt 0.333333 0.000000
vt 0.343137 0.181818
vt 0.343137 0.272727
vt 0.343137 0.363636
vt 0.343137 0.454545
vt 0.343137 0.545455
vt 0.343137 0.636364
vt 0.343137 0.727273
vt 0.343137 0.818182
vt 0.333333 1.000000
vt 0.343137 0.909091
vt 0.352941 0.090909
vt 0.343137 0.000000
vt 0.352941 0.181818
vt 0.352941 0.272727
vt 0.352941 0.363636
vt 0.352941 0.454545
vt 0.352941 0.545455
vt 0.352941 0.636364
vt 0.352941 0.727273
vt 0.352941 0.818182
vt 0.343137 1.000000
vt 0.352941 0.909091
vt 0.362745 0.000000
vt 0.352941 0.000000
vt 0.362745 0.090909
vt 0.362745 0.181818
vt 0.362745 0.272727
vt 0.362745 0.363636
vt 0.362745 0.545455
vt 0.362745 0.636364
vt 0.362745 0.727273
vt 0.362745 0.818182
vt 0.362745 0.909091
vt 0.362745 1.000000
vt 0.352941 1.000000
vt 0.372549 0.000000
vt 0.372549 0.090909
vt 0.372549 0.181818
vt 0.372549 0.272727
vt 0.362745 0.454545
vt 0.372549 0.363636
vt 0.372549 0.545455
vt 0.372549 0.636364
vt 0.372549 0.727273
vt 0.372549 0.818182
vt 0.372549 0.909091
vt 0.372549 1.000000
vt 0.382353 0.000000
vt 0.382353 0.090909
vt 0.382353 0.181818
vt 0.382353 0.272727
vt 0.372549 0.454545
vt 0.382353 0.363636
vt 0.382353 0.545455
vt 0.382353 0.636364
vt 0.382353 0.727273
vt 0.382353 0.818182
vt 0.382353 0.909091
vt 0.382353 1.000000
vt 0.392157 0.090909
vt 0.392157 0.181818
vt 0.392157 0.272727
vt 0.392157 0.363636
vt 0.392157 0.454545
vt 0.382353 0.454545
vt 0.392157 0.545455
vt 0.392157 0.636364
vt 0.392157 0.727273
vt 0.392157 0.818182
vt 0.392157 0.909091
vt 0.401961 0.090909
vt 0.392157 0.000000
vt 0.401961 0.181818
vt 0.401961 0.272727
vt 0.401961 0.363636
vt 0.401961 0.454545
vt 0.401961 0.545455
vt 0.401961 0.636364
vt 0.401961 0.727273
vt 0.401961 0.818182
vt 0.392157 1.000000
vt 0.401961 0.909091
vt 0.411765 0.090909
vt 0.401961 0.000000
vt 0.411765 0.181818
vt 0.411765 0.272727
vt 0.411765 0.363636
vt 0.411765 0.454545
vt 0.411765 0.545455
vt 0.411765 0.636364
vt 0.411765 0.727273
vt 0.411765 0.818182
vt 0.401961 1.000000
vt 0.411765 0.909091
vt 0.421569 0.090909
vt 0.411765 0.000000
vt 0.421569 0.181818
vt 0.421569 0.272727
vt 0.421569 0.363636
vt 0.421569 0.454545
vt 0.421569 0.545455
vt 0.421569 0.636364
vt 0.421569 0.727273
vt 0.421569 0.818182
vt 0.411765 1.000000
vt 0.421569 0.909091
vt 0.431373 0.090909
vt 0.421569 0.000000
vt 0.431373 0.181818
vt 0.431373 0.272727
vt 0.431373 0.363636
vt 0.431373 0.454545
vt 0.431373 0.545455
vt 0.431373 0.636364
vt 0.431373 0.727273
vt 0.431373 0.818182
vt 0.421569 1.000000
vt 0.431373 0.909091
vt 0.441176 0.090909
vt 0.431373 0.000000
vt 0.441176 0.181818
vt 0.441176 0.272727
vt 0.441176 0.363636
vt 0.441176 0.454545
vt 0.441176 0.545455
vt 0.441176 0.636364
vt 0.441176 0.727273
vt 0.441176 0.818182
vt 0.431373 1.000000
vt 0.441176 0.909091
vt 0.450980 0.090909
vt 0.441176 0.000000
vt 0.450980 0.181818
vt 0.450980 0.272727
vt 0.450980 0.363636
vt 0.450980 0.454545
vt 0.450980 0.545455
vt 0.450980 0.636364
vt 0.450980 0.727273
vt 0.450980 0.818182
vt 0.441176 1.000000
vt 0.450980 0.909091
vt 0.460784 0.000000
vt 0.450980 0.000000
vt 0.460784 0.090909
vt 0.460784 0.181818
vt 0.460784 0.272727
vt 0.460784 0.363636
vt 0.460784 0.545455
vt 0.460784 0.636364
vt 0.460784 0.727273
vt 0.460784 0.818182
vt 0.460784 0.909091
vt 0.460784 1.000000
vt 0.450980 1.000000
vt 0.470588 0.000000
vt 0.470588 0.090909
vt 0.470588 0.181818
vt 0.470588 0.272727
vt 0.460784 0.454545
vt 0.470588 0.363636
vt 0.470588 0.545455
vt 0.470588 0.636364
vt 0.470588 0.727273
vt 0.470588 0.818182
vt 0.470588 0.909091
vt 0.470588 1.000000
vt 0.480392 0.090909
vt 0.480392 0.181818
vt 0.480392 0.272727
vt 0.480392 0.363636
vt 0.480392 0.454545
vt 0.470588 0.454545
vt 0.480392 0.545455
vt 0.480392 0.636364
vt 0.480392 0.727273
vt 0.480392 0.818182
vt 0.480392 0.909091
vt 0.490196 0.090909
vt 0.480392 0.000000
vt 0.490196 0.181818
vt 0.490196 0.272727
vt 0.490196 0.363636
vt 0.490196 0.454545
vt 0.490196 0.545455
vt 0.490196 0.636364
vt 0.490196 0.727273
vt 0.490196 0.818182
vt 0.480392 1.000000
vt 0.490196 0.909091
vt 0.500000 0.090909
vt 0.490196 0.000000
vt 0.500000 0.181818
vt 0.500000 0.272727
vt 0.500000 0.363636
vt 0.500000 0.454545
vt 0.500000 0.545455
vt 0.500000 0.636364
vt 0.500000 0.727273
vt 0.500000 0.818182
vt 0.490196 1.000000
vt 0.500000 0.909091
vt 0.509804 0.090909
vt 0.509804 0.181818
vt 0.509804 0.272727
vt 0.509804 0.363636
vt 0.509804 0.454545
vt 0.509804 0.545455
vt 0.509804 0.636364
vt 0.509804 0.727273
vt 0.509804 0.818182
vt 0.500000 1.000000
vt 0.509804 0.909091
vt 0.519608 0.090909
vt 0.509804 0.000000
vt 0.519608 0.181818
vt 0.519608 0.272727
vt 0.519608 0.363636
vt 0.519608 0.454545
vt 0.519608 0.545455
vt 0.519608 0.636364
vt 0.519608 0.727273
vt 0.519608 0.818182
vt 0.509804 1.000000
vt 0.519608 0.909091
vt 0.529412 0.090909
vt 0.519608 0.000000
vt 0.529412 0.181818
vt 0.529412 0.272727
vt 0.529412 0.363636
vt 0.529412 0.454545
vt 0.529412 0.545455
vt 0.529412 0.636364
vt 0.529412 0.727273
vt 0.529412 0.818182
vt 0.519608 1.000000
vt 0.529412 0.909091
vt 0.539216 0.090909
vt 0.529412 0.000000
vt 0.539216 0.181818
vt 0.539216 0.272727
vt 0.539216 0.363636
vt 0.539216 0.454545
vt 0.539216 0.545455
vt 0.539216 0.636364
vt 0.539216 0.727273
vt 0.539216 0.818182
vt 0.529412 1.000000
vt 0.539216 0.909091
vt 0.549020 0.090909
vt 0.539216 0.000000
vt 0.549020 0.181818
vt 0.549020 0.272727
vt 0.549020 0.363636
vt 0.549020 0.454545
vt 0.549020 0.545455
vt 0.549020 0.636364
vt 0.549020 0.727273
vt 0.549020 0.818182
vt 0.539216 1.000000
vt 0.549020 0.909091
vt 0.558824 0.090909
vt 0.549020 0.000000
vt 0.558824 0.181818
vt 0.558824 0.272727
vt 0.558824 0.363636
vt 0.558824 0.454545
vt 0.558824 0.545455
vt 0.558824 0.636364
vt 0.558824 0.727273
vt 0.558824 0.818182
vt 0.549020 1.000000
vt 0.558824 0.909091
vt 0.568627 0.090909
vt 0.558824 0.000000
vt 0.568627 0.181818
vt 0.568627 0.272727
vt 0.568627 0.363636
vt 0.568627 0.454545
vt 0.568627 0.545455
vt 0.568627 0.636364
vt 0.568627 0.727273
vt 0.568627 0.818182
vt 0.558824 1.000000
vt 0.568627 0.909091
vt 0.578431 0.090909
vt 0.568627 0.000000
vt 0.578431 0.181818
vt 0.578431 0.272727
vt 0.578431 0.363636
vt 0.578431 0.454545
vt 0.578431 0.545455
vt 0.578431 0.636364
vt 0.578431 0.727273
vt 0.578431 0.818182
vt 0.568627 1.000000
vt 0.578431 0.909091
vt 0.588235 0.090909
vt 0.578431 0.000000
vt 0.588235 0.181818
vt 0.588235 0.272727
vt 0.588235 0.363636
vt 0.588235 0.454545
vt 0.588235 0.545455
vt 0.588235 0.636364
vt 0.588235 0.727273
vt 0.588235 0.818182
vt 0.578431 1.000000
vt 0.588235 0.909091
vt 0.598039 0.090909
vt 0.588235 0.000000
vt 0.598039 0.181818
vt 0.598039 0.272727
vt 0.598039 0.363636
vt 0.598039 0.454545
vt 0.598039 0.545455
vt 0.598039 0.636364
vt 0.598039 0.727273
vt 0.598039 0.818182
vt 0.588235 1.000000
vt 0.598039 0.909091
vt 0.607843 0.090909
vt 0.598039 0.000000
vt 0.607843 0.181818
vt 0.607843 0.272727
vt 0.607843 0.363636
vt 0.607843 0.454545
vt 0.607843 0.545455
vt 0.607843 0.636364
vt 0.607843 0.727273
vt 0.607843 0.818182
vt 0.598039 1.000000
vt 0.607843 0.909091
vt 0.617647 0.090909
vt 0.607843 0.000000
vt 0.617647 0.181818
vt 0.617647 0.272727
vt 0.617647 0.363636
vt 0.617647 0.454545
vt 0.617647 0.545455
vt 0.617647 0.636364
vt 0.617647 0.727273
vt 0.617647 0.818182
vt 0.607843 1.000000
vt 0.617647 0.909091
vt 0.627451 0.090909
vt 0.617647 0.000000
vt 0.627451 0.181818
vt 0.627451 0.272727
vt 0.627451 0.363636
vt 0.627451 0.454545
vt 0.627451 0.545455
vt 0.627451 0.636364
vt 0.627451 0.727273
vt 0.627451 0.818182
vt 0.617647 1.000000
vt 0.627451 0.909091
vt 0.637255 0.090909
vt 0.627451 0.000000
vt 0.637255 0.181818
vt 0.637255 0.272727
vt 0.637255 0.363636
vt 0.637255 0.454545
vt 0.637255 0.545455
vt 0.637255 0.636364
vt 0.637255 0.727273
vt 0.637255 0.818182
vt 0.627451 1.000000
vt 0.637255 0.909091
vt 0.647059 0.090909
vt 0.637255 0.000000
vt 0.647059 0.181818
vt 0.647059 0.272727
vt 0.647059 0.363636
vt 0.647059 0.454545
vt 0.647059 0.545455
vt 0.647059 0.636364
vt 0.647059 0.727273
vt 0.647059 0.818182
vt 0.637255 1.000000
vt 0.647059 0.909091
vt 0.656863 0.090909
vt 0.647059 0.000000
vt 0.656863 0.181818
vt 0.656863 0.272727
vt 0.656863 0.363636
vt 0.656863 0.454545
vt 0.656863 0.545455
vt 0.656863 0.636364
vt 0.656863 0.727273
vt 0.656863 0.818182
vt 0.647059 1.000000
vt 0.656863 0.909091
vt 0.666667 0.090909
vt 0.656863 0.000000
vt 0.666667 0.181818
vt 0.666667 0.272727
vt 0.666667 0.363636
vt 0.666667 0.454545
vt 0.666667 0.545455
vt 0.666667 0.636364
vt 0.666667 0.727273
vt 0.666667 0.818182
vt 0.656863 1.000000
vt 0.666667 0.909091
vt 0.676471 0.090909
vt 0.666667 0.000000
vt 0.676471 0.181818
vt 0.676471 0.272727
vt 0.676471 0.363636
vt 0.676471 0.454545
vt 0.676471 0.545455
vt 0.676471 0.636364
vt 0.676471 0.727273
vt 0.676471 0.818182
vt 0.666667 1.000000
vt 0.676471 0.909091
vt 0.686275 0.000000
vt 0.676471 0.000000
vt 0.686275 0.090909
vt 0.686275 0.181818
vt 0.686275 0.272727
vt 0.686275 0.363636
vt 0.686275 0.545455
vt 0.686275 0.636364
vt 0.686275 0.727273
vt 0.686275 0.818182
vt 0.686275 0.909091
vt 0.686275 1.000000
vt 0.676471 1.000000
vt 0.696078 0.000000
vt 0.696078 0.090909
vt 0.696078 0.181818
vt 0.696078 0.272727
vt 0.686275 0.454545
vt 0.696078 0.363636
vt 0.696078 0.545455
vt 0.696078 0.636364
vt 0.696078 0.727273
vt 0.696078 0.818182
vt 0.696078 0.909091
vt 0.696078 1.000000
vt 0.705882 0.000000
vt 0.705882 0.090909
vt 0.705882 0.181818
vt 0.705882 0.272727
vt 0.696078 0.454545
vt 0.705882 0.363636
vt 0.705882 0.545455
vt 0.705882 0.636364
vt 0.705882 0.727273
vt 0.705882 0.818182
vt 0.705882 0.909091
vt 0.705882 1.000000
vt 0.715686 0.090909
vt 0.715686 0.181818
vt 0.715686 0.272727
vt 0.715686 0.363636
vt 0.715686 0.454545
vt 0.705882 0.454545
vt 0.715686 0.545455
vt 0.715686 0.636364
vt 0.715686 0.727273
vt 0.715686 0.818182
vt 0.715686 0.909091
vt 0.725490 0.090909
vt 0.715686 0.000000
vt 0.725490 0.181818
vt 0.725490 0.272727
vt 0.725490 0.363636
vt 0.725490 0.454545
vt 0.725490 0.545455
vt 0.725490 0.636364
vt 0.725490 0.727273
vt 0.725490 0.818182
vt 0.715686 1.000000
vt 0.725490 0.909091
vt 0.735294 0.090909
vt 0.725490 0.000000
vt 0.735294 0.181818
vt 0.735294 0.272727
vt 0.735294 0.363636
vt 0.735294 0.454545
vt 0.735294 0.545455
vt 0.735294 0.636364
vt 0.735294 0.727273
vt 0.735294 0.818182
vt 0.725490 1.000000
vt 0.735294 0.909091
vt 0.745098 0.090909
vt 0.735294 0.000000
vt 0.745098 0.181818
vt 0.745098 0.272727
vt 0.745098 0.363636
vt 0.745098 0.454545
vt 0.745098 0.545455
vt 0.745098 0.636364
vt 0.745098 0.727273
vt 0.745098 0.818182
vt 0.735294 1.000000
vt 0.745098 0.909091
vt 0.754902 0.000000
vt 0.745098 0.000000
vt 0.754902 0.090909
vt 0.754902 0.181818
vt 0.754902 0.272727
vt 0.754902 0.363636
vt 0.754902 0.545455
vt 0.754902 0.636364
vt 0.754902 0.727273
vt 0.754902 0.818182
vt 0.754902 0.909091
vt 0.754902 1.000000
vt 0.745098 1.000000
vt 0.764706 0.000000
vt 0.764706 0.090909
vt 0.764706 0.181818
vt 0.764706 0.272727
vt 0.754902 0.454545
vt 0.764706 0.363636
vt 0.764706 0.545455
vt 0.764706 0.636364
vt 0.764706 0.727273
vt 0.764706 0.818182
vt 0.764706 0.909091
vt 0.764706 1.000000
vt 0.774510 0.000000
vt 0.774510 0.090909
vt 0.774510 0.181818
vt 0.774510 0.272727
vt 0.764706 0.454545
vt 0.774510 0.363636
vt 0.774510 0.545455
vt 0.774510 0.636364
vt 0.774510 0.727273
vt 0.774510 0.818182
vt 0.774510 0.909091
vt 0.774510 1.000000
vt 0.784314 0.000000
vt 0.784314 0.090909
vt 0.784314 0.181818
vt 0.784314 0.272727
vt 0.774510 0.454545
vt 0.784314 0.363636
vt 0.784314 0.545455
vt 0.784314 0.636364
vt 0.784314 0.727273
vt 0.784314 0.818182
vt 0.784314 0.909091
vt 0.784314 1.000000
vt 0.794118 0.000000
vt 0.794118 0.090909
vt 0.794118 0.181818
vt 0.794118 0.272727
vt 0.784314 0.454545
vt 0.794118 0.363636
vt 0.794118 0.545455
vt 0.794118 0.636364
vt 0.794118 0.727273
vt 0.794118 0.818182
vt 0.794118 0.909091
vt 0.794118 1.000000
vt 0.803922 0.000000
vt 0.803922 0.090909
vt 0.803922 0.181818
vt 0.803922 0.272727
vt 0.794118 0.454545
vt 0.803922 0.363636
vt 0.803922 0.545455
vt 0.803922 0.636364
vt 0.803922 0.727273
vt 0.803922 0.818182
vt 0.803922 0.909091
vt 0.803922 1.000000
vt 0.813725 0.000000
vt 0.813725 0.090909
vt 0.813725 0.181818
vt 0.813725 0.272727
vt 0.803922 0.454545
vt 0.813725 0.363636
vt 0.813725 0.545455
vt 0.813725 0.636364
vt 0.813725 0.727273
vt 0.813725 0.818182
vt 0.813725 0.909091
vt 0.813725 1.000000
vt 0.823529 0.000000
vt 0.823529 0.090909
vt 0.823529 0.181818
vt 0.823529 0.272727
vt 0.813725 0.454545
vt 0.823529 0.363636
vt 0.823529 0.545455
vt 0.823529 0.636364
vt 0.823529 0.727273
vt 0.823529 0.818182
vt 0.823529 0.909091
vt 0.823529 1.000000
vt 0.833333 0.000000
vt 0.833333 0.090909
vt 0.833333 0.181818
vt 0.833333 0.272727
vt 0.823529 0.454545
vt 0.833333 0.363636
vt 0.833333 0.545455
vt 0.833333 0.636364
vt 0.833333 0.727273
vt 0.833333 0.818182
vt 0.833333 0.909091
vt 0.833333 1.000000
vt 0.843137 0.000000
vt 0.843137 0.090909
vt 0.843137 0.181818
vt 0.843137 0.272727
vt 0.833333 0.454545
vt 0.843137 0.363636
vt 0.843137 0.545455
vt 0.843137 0.636364
vt 0.843137 0.727273
vt 0.843137 0.818182
vt 0.843137 0.909091
vt 0.843137 1.000000
vt 0.852941 0.000000
vt 0.852941 0.090909
vt 0.852941 0.181818
vt 0.852941 0.272727
vt 0.843137 0.454545
vt 0.852941 0.363636
vt 0.852941 0.545455
vt 0.852941 0.636364
vt 0.852941 0.727273
vt 0.852941 0.818182
vt 0.852941 0.909091
vt 0.852941 1.000000
vt 0.862745 0.000000
vt 0.862745 0.090909
vt 0.862745 0.181818
vt 0.862745 0.272727
vt 0.852941 0.454545
vt 0.862745 0.363636
vt 0.862745 0.545455
vt 0.862745 0.636364
vt 0.862745 0.727273
vt 0.862745 0.818182
vt 0.862745 0.909091
vt 0.862745 1.000000
vt 0.872549 0.000000
vt 0.872549 0.090909
vt 0.872549 0.181818
vt 0.872549 0.272727
vt 0.862745 0.454545
vt 0.872549 0.363636
vt 0.872549 0.545455
vt 0.872549 0.636364
vt 0.872549 0.727273
vt 0.872549 0.818182
vt 0.872549 0.909091
vt 0.872549 1.000000
vt 0.882353 0.000000
vt 0.882353 0.090909
vt 0.882353 0.181818
vt 0.882353 0.272727
vt 0.872549 0.454545
vt 0.882353 0.363636
vt 0.882353 0.545455
vt 0.882353 0.636364
vt 0.882353 0.727273
vt 0.882353 0.818182
vt 0.882353 0.909091
vt 0.882353 1.000000
vt 0.892157 0.000000
vt 0.892157 0.090909
vt 0.892157 0.181818
vt 0.892157 0.272727
vt 0.882353 0.454545
vt 0.892157 0.363636
vt 0.892157 0.545455
vt 0.892157 0.636364
vt 0.892157 0.727273
vt 0.892157 0.818182
vt 0.892157 0.909091
vt 0.892157 1.000000
vt 0.901961 0.000000
vt 0.901961 0.090909
vt 0.901961 0.181818
vt 0.901961 0.272727
vt 0.892157 0.454545
vt 0.901961 0.363636
vt 0.901961 0.545455
vt 0.901961 0.636364
vt 0.901961 0.727273
vt 0.901961 0.818182
vt 0.901961 0.909091
vt 0.901961 1.000000
vt 0.911765 0.000000
vt 0.911765 0.090909
vt 0.911765 0.181818
vt 0.911765 0.272727
vt 0.901961 0.454545
vt 0.911765 0.363636
vt 0.911765 0.545455
vt 0.911765 0.636364
vt 0.911765 0.727273
vt 0.911765 0.818182
vt 0.911765 0.909091
vt 0.911765 1.000000
vt 0.921569 0.000000
vt 0.921569 0.090909
vt 0.921569 0.181818
vt 0.921569 0.272727
vt 0.911765 0.454545
vt 0.921569 0.363636
vt 0.921569 0.545455
vt 0.921569 0.636364
vt 0.921569 0.727273
vt 0.921569 0.818182
vt 0.921569 0.909091
vt 0.921569 1.000000
vt 0.931373 0.000000
vt 0.931373 0.090909
vt 0.931373 0.181818
vt 0.931373 0.272727
vt 0.921569 0.454545
vt 0.931373 0.363636
vt 0.931373 0.545455
vt 0.931373 0.636364
vt 0.931373 0.727273
vt 0.931373 0.818182
vt 0.931373 0.909091
vt 0.931373 1.000000
vt 0.941176 0.090909
vt 0.941176 0.181818
vt 0.941176 0.272727
vt 0.931373 0.454545
vt 0.941176 0.363636
vt 0.941176 0.545455
vt 0.941176 0.636364
vt 0.941176 0.727273
vt 0.941176 0.818182
vt 0.941176 0.909091
vt 0.950980 0.090909
vt 0.941176 0.000000
vt 0.950980 0.181818
vt 0.950980 0.272727
vt 0.950980 0.363636
vt 0.950980 0.454545
vt 0.941176 0.454545
vt 0.950980 0.545455
vt 0.950980 0.636364
vt 0.950980 0.727273
vt 0.950980 0.818182
vt 0.941176 1.000000
vt 0.950980 0.909091
vt 0.960784 0.000000
vt 0.950980 0.000000
vt 0.960784 0.090909
vt 0.960784 0.181818
vt 0.960784 0.272727
vt 0.960784 0.363636
vt 0.960784 0.545455
vt 0.960784 0.636364
vt 0.960784 0.727273
vt 0.960784 0.818182
vt 0.960784 0.909091
vt 0.960784 1.000000
vt 0.950980 1.000000
vt 0.970588 0.000000
vt 0.970588 0.181818
vt 0.970588 0.272727
vt 0.970588 0.363636
vt 0.970588 0.454545
vt 0.960784 0.454545
vt 0.970588 0.545455
vt 0.970588 0.636364
vt 0.970588 0.727273
vt 0.970588 0.818182
vt 0.970588 0.909091
vt 0.970588 1.000000
vt 0.980392 0.090909
vt 0.970588 0.090909
vt 0.980392 0.272727
vt 0.980392 0.363636
vt 0.980392 0.454545
vt 0.980392 0.545455
vt 0.980392 0.636364
vt 0.980392 0.818182
vt 0.980392 0.909091
vt 0.980392 1.000000
vt 0.990196 0.090909
vt 0.980392 0.000000
vt 0.990196 0.181818
vt 0.980392 0.181818
vt 0.990196 0.272727
vt 0.990196 0.363636
vt 0.990196 0.454545
vt 0.990196 0.545455
vt 0.980392 0.727273
vt 0.990196 0.636364
vt 0.990196 0.727273
vt 0.990196 0.818182
vt 0.990196 0.909091
vt 1.000000 0.090909
vt 0.990196 0.000000
vt 1.000000 0.181818
vt 1.000000 0.272727
vt 1.000000 0.363636
vt 1.000000 0.454545
vt 1.000000 0.545455
vt 1.000000 0.636364
vt 1.000000 0.727273
vt 1.000000 0.818182
vt 0.990196 1.000000
vt 1.000000 0.909091
vt 0.007299 0.000000
vt 0.007299 0.090909
vt 0.007299 0.181818
vt 0.007299 0.272727
vt 0.007299 0.363636
vt 0.007299 0.545455
vt 0.007299 0.636364
vt 0.007299 0.727273
vt 0.007299 0.818182
vt 0.007299 0.909091
vt 0.007299 1.000000
vt 0.014599 0.000000
vt 0.014599 0.090909
vt 0.014599 0.181818
vt 0.014599 0.272727
vt 0.007299 0.454545
vt 0.014599 0.363636
vt 0.014599 0.545455
vt 0.014599 0.636364
vt 0.014599 0.727273
vt 0.014599 0.818182
vt 0.014599 0.909091
vt 0.014599 1.000000
vt 0.021898 0.000000
vt 0.021898 0.090909
vt 0.021898 0.181818
vt 0.021898 0.272727
vt 0.014599 0.454545
vt 0.021898 0.363636
vt 0.021898 0.545455
vt 0.021898 0.636364
vt 0.021898 0.727273
vt 0.021898 0.818182
vt 0.021898 0.909091
vt 0.021898 1.000000
vt 0.029197 0.000000
vt 0.029197 0.090909
vt 0.029197 0.181818
vt 0.029197 0.272727
vt 0.021898 0.454545
vt 0.029197 0.363636
vt 0.029197 0.545455
vt 0.029197 0.636364
vt 0.029197 0.727273
vt 0.029197 0.818182
vt 0.029197 0.909091
vt 0.029197 1.000000
vt 0.036496 0.000000
vt 0.036496 0.090909
vt 0.036496 0.181818
vt 0.036496 0.272727
vt 0.029197 0.454545
vt 0.036496 0.363636
vt 0.036496 0.545455
vt 0.036496 0.636364
vt 0.036496 0.727273
vt 0.036496 0.818182
vt 0.036496 0.909091
vt 0.036496 1.000000
vt 0.043796 0.000000
vt 0.043796 0.090909
vt 0.043796 0.181818
vt 0.043796 0.272727
vt 0.036496 0.454545
vt 0.043796 0.363636
vt 0.043796 0.545455
vt 0.043796 0.636364
vt 0.043796 0.727273
vt 0.043796 0.818182
vt 0.043796 0.909091
vt 0.043796 1.000000
vt 0.051095 0.000000
vt 0.051095 0.090909
vt 0.051095 0.181818
vt 0.051095 0.272727
vt 0.043796 0.454545
vt 0.051095 0.363636
vt 0.051095 0.545455
vt 0.051095 0.636364
vt 0.051095 0.727273
vt 0.051095 0.818182
vt 0.051095 0.909091
vt 0.051095 1.000000
vt 0.058394 0.000000
vt 0.058394 0.090909
vt 0.058394 0.181818
vt 0.058394 0.272727
vt 0.051095 0.454545
vt 0.058394 0.363636
vt 0.058394 0.545455
vt 0.058394 0.636364
vt 0.058394 0.727273
vt 0.058394 0.818182
vt 0.058394 0.909091
vt 0.058394 1.000000
vt 0.065693 0.090909
vt 0.065693 0.181818
vt 0.065693 0.272727
vt 0.065693 0.363636
vt 0.065693 0.454545
vt 0.058394 0.454545
vt 0.065693 0.545455
vt 0.065693 0.636364
vt 0.065693 0.727273
vt 0.065693 0.818182
vt 0.065693 0.909091
vt 0.072993 0.090909
vt 0.065693 0.000000
vt 0.072993 0.181818
vt 0.072993 0.272727
vt 0.072993 0.363636
vt 0.072993 0.454545
vt 0.072993 0.545455
vt 0.072993 0.636364
vt 0.072993 0.727273
vt 0.072993 0.818182
vt 0.065693 1.000000
vt 0.072993 0.909091
vt 0.080292 0.090909
vt 0.072993 0.000000
vt 0.080292 0.181818
vt 0.080292 0.272727
vt 0.080292 0.363636
vt 0.080292 0.454545
vt 0.080292 0.545455
vt 0.080292 0.636364
vt 0.080292 0.727273
vt 0.080292 0.818182
vt 0.072993 1.000000
vt 0.080292 0.909091
vt 0.087591 0.000000
vt 0.080292 0.000000
vt 0.087591 0.090909
vt 0.087591 0.181818
vt 0.087591 0.272727
vt 0.087591 0.363636
vt 0.087591 0.545455
vt 0.087591 0.636364
vt 0.087591 0.727273
vt 0.087591 0.818182
vt 0.087591 0.909091
vt 0.087591 1.000000
vt 0.080292 1.000000
vt 0.094891 0.000000
vt 0.094891 0.090909
vt 0.094891 0.181818
vt 0.094891 0.272727
vt 0.087591 0.454545
vt 0.094891 0.363636
vt 0.094891 0.545455
vt 0.094891 0.636364
vt 0.094891 0.727273
vt 0.094891 0.818182
vt 0.094891 0.909091
vt 0.094891 1.000000
vt 0.102190 0.000000
vt 0.102190 0.090909
vt 0.102190 0.181818
vt 0.102190 0.272727
vt 0.094891 0.454545
vt 0.102190 0.363636
vt 0.102190 0.545455
vt 0.102190 0.636364
vt 0.102190 0.727273
vt 0.102190 0.818182
vt 0.102190 0.909091
vt 0.102190 1.000000
vt 0.109489 0.000000
vt 0.109489 0.090909
vt 0.109489 0.181818
vt 0.109489 0.272727
vt 0.102190 0.454545
vt 0.109489 0.363636
vt 0.109489 0.545455
vt 0.109489 0.636364
vt 0.109489 0.727273
vt 0.109489 0.818182
vt 0.109489 0.909091
vt 0.109489 1.000000
vt 0.116788 0.000000
vt 0.116788 0.090909
vt 0.116788 0.181818
vt 0.116788 0.272727
vt 0.109489 0.454545
vt 0.116788 0.363636
vt 0.116788 0.545455
vt 0.116788 0.636364
vt 0.116788 0.727273
vt 0.116788 0.818182
vt 0.116788 0.909091
vt 0.116788 1.000000
vt 0.124088 0.000000
vt 0.124088 0.090909
vt 0.124088 0.181818
vt 0.124088 0.272727
vt 0.116788 0.454545
vt 0.124088 0.363636
vt 0.124088 0.545455
vt 0.124088 0.636364
vt 0.124088 0.727273
vt 0.124088 0.818182
vt 0.124088 0.909091
vt 0.124088 1.000000
vt 0.131387 0.000000
vt 0.131387 0.090909
vt 0.131387 0.181818
vt 0.131387 0.272727
vt 0.124088 0.454545
vt 0.131387 0.363636
vt 0.131387 0.545455
vt 0.131387 0.636364
vt 0.131387 0.727273
vt 0.131387 0.818182
vt 0.131387 0.909091
vt 0.131387 1.000000
vt 0.138686 0.090909
vt 0.138686 0.181818
vt 0.138686 0.272727
vt 0.138686 0.363636
vt 0.138686 0.454545
vt 0.131387 0.454545
vt 0.138686 0.545455
vt 0.138686 0.636364
vt 0.138686 0.727273
vt 0.138686 0.818182
vt 0.138686 0.909091
vt 0.145985 0.090909
vt 0.138686 0.000000
vt 0.145985 0.181818
vt 0.145985 0.272727
vt 0.145985 0.363636
vt 0.145985 0.454545
vt 0.145985 0.545455
vt 0.145985 0.636364
vt 0.145985 0.727273
vt 0.145985 0.818182
vt 0.138686 1.000000
vt 0.145985 0.909091
vt 0.153285 0.090909
vt 0.145985 0.000000
vt 0.153285 0.181818
vt 0.153285 0.272727
vt 0.153285 0.363636
vt 0.153285 0.454545
vt 0.153285 0.545455
vt 0.153285 0.636364
vt 0.153285 0.727273
vt 0.153285 0.818182
vt 0.145985 1.000000
vt 0.153285 0.909091
vt 0.160584 0.090909
vt 0.153285 0.000000
vt 0.160584 0.181818
vt 0.160584 0.272727
vt 0.160584 0.363636
vt 0.160584 0.454545
vt 0.160584 0.545455
vt 0.160584 0.636364
vt 0.160584 0.727273
vt 0.160584 0.818182
vt 0.153285 1.000000
vt 0.160584 0.909091
vt 0.167883 0.000000
vt 0.160584 0.000000
vt 0.167883 0.090909
vt 0.167883 0.181818
vt 0.167883 0.272727
vt 0.167883 0.363636
vt 0.167883 0.545455
vt 0.167883 0.636364
vt 0.167883 0.727273
vt 0.167883 0.818182
vt 0.167883 0.909091
vt 0.160584 1.000000
vt 0.175182 0.000000
vt 0.175182 0.181818
vt 0.175182 0.272727
vt 0.175182 0.363636
vt 0.175182 0.454545
vt 0.167883 0.454545
vt 0.175182 0.545455
vt 0.175182 0.636364
vt 0.175182 0.727273
vt 0.175182 0.818182
vt 0.167883 1.000000
vt 0.175182 0.909091
vt 0.175182 0.090909
vt 0.182482 0.000000
vt 0.182482 0.090909
vt 0.182482 0.181818
vt 0.182482 0.272727
vt 0.182482 0.363636
vt 0.182482 0.545455
vt 0.182482 0.636364
vt 0.182482 0.727273
vt 0.182482 0.818182
vt 0.182482 0.909091
vt 0.182482 1.000000
vt 0.175182 1.000000
vt 0.189781 0.000000
vt 0.189781 0.090909
vt 0.189781 0.181818
vt 0.189781 0.272727
vt 0.182482 0.454545
vt 0.189781 0.363636
vt 0.189781 0.545455
vt 0.189781 0.636364
vt 0.189781 0.727273
vt 0.189781 0.818182
vt 0.189781 0.909091
vt 0.189781 1.000000
vt 0.197080 0.000000
vt 0.197080 0.090909
vt 0.197080 0.181818
vt 0.197080 0.272727
vt 0.189781 0.454545
vt 0.197080 0.363636
vt 0.197080 0.545455
vt 0.197080 0.636364
vt 0.197080 0.727273
vt 0.197080 0.818182
vt 0.197080 0.909091
vt 0.197080 1.000000
vt 0.204380 0.000000
vt 0.204380 0.090909
vt 0.204380 0.181818
vt 0.204380 0.272727
vt 0.197080 0.454545
vt 0.204380 0.363636
vt 0.204380 0.545455
vt 0.204380 0.636364
vt 0.204380 0.727273
vt 0.204380 0.818182
vt 0.204380 0.909091
vt 0.204380 1.000000
vt 0.211679 0.000000
vt 0.211679 0.090909
vt 0.211679 0.181818
vt 0.211679 0.272727
vt 0.204380 0.454545
vt 0.211679 0.363636
vt 0.211679 0.545455
vt 0.211679 0.636364
vt 0.211679 0.727273
vt 0.211679 0.818182
vt 0.211679 0.909091
vt 0.211679 1.000000
vt 0.218978 0.000000
vt 0.218978 0.090909
vt 0.218978 0.181818
vt 0.218978 0.272727
vt 0.211679 0.454545
vt 0.218978 0.363636
vt 0.218978 0.545455
vt 0.218978 0.636364
vt 0.218978 0.727273
vt 0.218978 0.818182
vt 0.218978 0.909091
vt 0.218978 1.000000
vt 0.226277 0.000000
vt 0.226277 0.090909
vt 0.226277 0.181818
vt 0.226277 0.272727
vt 0.218978 0.454545
vt 0.226277 0.363636
vt 0.226277 0.545455
vt 0.226277 0.636364
vt 0.226277 0.727273
vt 0.226277 0.818182
vt 0.226277 0.909091
vt 0.226277 1.000000
vt 0.233577 0.000000
vt 0.233577 0.090909
vt 0.233577 0.181818
vt 0.233577 0.272727
vt 0.226277 0.454545
vt 0.233577 0.363636
vt 0.233577 0.545455
vt 0.233577 0.636364
vt 0.233577 0.727273
vt 0.233577 0.818182
vt 0.233577 0.909091
vt 0.233577 1.000000
vt 0.240876 0.000000
vt 0.240876 0.090909
vt 0.240876 0.181818
vt 0.240876 0.272727
vt 0.233577 0.454545
vt 0.240876 0.363636
vt 0.240876 0.545455
vt 0.240876 0.636364
vt 0.240876 0.727273
vt 0.240876 0.818182
vt 0.240876 0.909091
vt 0.240876 1.000000
vt 0.248175 0.000000
vt 0.248175 0.090909
vt 0.248175 0.181818
vt 0.248175 0.272727
vt 0.240876 0.454545
vt 0.248175 0.363636
vt 0.248175 0.545455
vt 0.248175 0.636364
vt 0.248175 0.727273
vt 0.248175 0.818182
vt 0.248175 0.909091
vt 0.248175 1.000000
vt 0.255474 0.000000
vt 0.255474 0.090909
vt 0.255474 0.181818
vt 0.255474 0.272727
vt 0.248175 0.454545
vt 0.255474 0.363636
vt 0.255474 0.545455
vt 0.255474 0.636364
vt 0.255474 0.727273
vt 0.255474 0.818182
vt 0.255474 0.909091
vt 0.255474 1.000000
vt 0.262774 0.000000
vt 0.262774 0.090909
vt 0.262774 0.181818
vt 0.262774 0.272727
vt 0.255474 0.454545
vt 0.262774 0.363636
vt 0.262774 0.545455
vt 0.262774 0.636364
vt 0.262774 0.727273
vt 0.262774 0.818182
vt 0.262774 0.909091
vt 0.262774 1.000000
vt 0.270073 0.000000
vt 0.270073 0.090909
vt 0.270073 0.181818
vt 0.270073 0.272727
vt 0.262774 0.454545
vt 0.270073 0.363636
vt 0.270073 0.545455
vt 0.270073 0.636364
vt 0.270073 0.727273
vt 0.270073 0.818182
vt 0.270073 0.909091
vt 0.270073 1.000000
vt 0.277372 0.000000
vt 0.277372 0.090909
vt 0.277372 0.181818
vt 0.277372 0.272727
vt 0.277372 0.454545
vt 0.270073 0.454545
vt 0.277372 0.545455
vt 0.277372 0.727273
vt 0.277372 0.818182
vt 0.277372 0.909091
vt 0.277372 1.000000
vt 0.284672 0.090909
vt 0.284672 0.181818
vt 0.284672 0.272727
vt 0.284672 0.363636
vt 0.277372 0.363636
vt 0.284672 0.454545
vt 0.284672 0.545455
vt 0.277372 0.636364
vt 0.284672 0.636364
vt 0.284672 0.727273
vt 0.284672 0.818182
vt 0.284672 0.909091
vt 0.291971 0.090909
vt 0.284672 0.000000
vt 0.291971 0.181818
vt 0.291971 0.272727
vt 0.291971 0.363636
vt 0.291971 0.454545
vt 0.291971 0.545455
vt 0.291971 0.636364
vt 0.291971 0.727273
vt 0.291971 0.818182
vt 0.284672 1.000000
vt 0.291971 0.909091
vt 0.299270 0.090909
vt 0.291971 0.000000
vt 0.299270 0.181818
vt 0.299270 0.272727
vt 0.299270 0.363636
vt 0.299270 0.454545
vt 0.299270 0.545455
vt 0.299270 0.636364
vt 0.299270 0.727273
vt 0.299270 0.818182
vt 0.291971 1.000000
vt 0.299270 0.909091
vt 0.306569 0.090909
vt 0.299270 0.000000
vt 0.306569 0.181818
vt 0.306569 0.272727
vt 0.306569 0.363636
vt 0.306569 0.454545
vt 0.306569 0.545455
vt 0.306569 0.636364
vt 0.306569 0.727273
vt 0.306569 0.818182
vt 0.299270 1.000000
vt 0.306569 0.909091
vt 0.313869 0.090909
vt 0.306569 0.000000
vt 0.313869 0.181818
vt 0.313869 0.272727
vt 0.313869 0.363636
vt 0.313869 0.454545
vt 0.313869 0.545455
vt 0.313869 0.636364
vt 0.313869 0.727273
vt 0.313869 0.818182
vt 0.306569 1.000000
vt 0.313869 0.909091
vt 0.321168 0.090909
vt 0.313869 0.000000
vt 0.321168 0.181818
vt 0.321168 0.272727
vt 0.321168 0.363636
vt 0.321168 0.454545
vt 0.321168 0.545455
vt 0.321168 0.636364
vt 0.321168 0.727273
vt 0.321168 0.818182
vt 0.313869 1.000000
vt 0.321168 0.909091
vt 0.328467 0.090909
vt 0.321168 0.000000
vt 0.328467 0.181818
vt 0.328467 0.272727
vt 0.328467 0.363636
vt 0.328467 0.454545
vt 0.328467 0.545455
vt 0.328467 0.636364
vt 0.328467 0.727273
vt 0.328467 0.818182
vt 0.321168 1.000000
vt 0.328467 0.909091
vt 0.335766 0.000000
vt 0.328467 0.000000
vt 0.335766 0.090909
vt 0.335766 0.181818
vt 0.335766 0.272727
vt 0.335766 0.363636
vt 0.335766 0.545455
vt 0.335766 0.636364
vt 0.335766 0.727273
vt 0.335766 0.818182
vt 0.335766 0.909091
vt 0.335766 1.000000
vt 0.328467 1.000000
vt 0.343066 0.000000
vt 0.343066 0.090909
vt 0.343066 0.181818
vt 0.343066 0.272727
vt 0.335766 0.454545
vt 0.343066 0.363636
vt 0.343066 0.545455
vt 0.343066 0.636364
vt 0.343066 0.727273
vt 0.343066 0.818182
vt 0.343066 0.909091
vt 0.343066 1.000000
vt 0.350365 0.000000
vt 0.350365 0.090909
vt 0.350365 0.181818
vt 0.350365 0.272727
vt 0.343066 0.454545
vt 0.350365 0.363636
vt 0.350365 0.545455
vt 0.350365 0.636364
vt 0.350365 0.727273
vt 0.350365 0.818182
vt 0.350365 0.909091
vt 0.350365 1.000000
vt 0.357664 0.000000
vt 0.357664 0.090909
vt 0.357664 0.181818
vt 0.357664 0.272727
vt 0.350365 0.454545
vt 0.357664 0.363636
vt 0.357664 0.545455
vt 0.357664 0.636364
vt 0.357664 0.727273
vt 0.357664 0.818182
vt 0.357664 0.909091
vt 0.357664 1.000000
vt 0.364964 0.090909
vt 0.364964 0.181818
vt 0.364964 0.272727
vt 0.364964 0.363636
vt 0.364964 0.454545
vt 0.357664 0.454545
vt 0.364964 0.545455
vt 0.364964 0.636364
vt 0.364964 0.727273
vt 0.364964 0.818182
vt 0.364964 0.909091
vt 0.372263 0.090909
vt 0.364964 0.000000
vt 0.372263 0.181818
vt 0.372263 0.272727
vt 0.372263 0.363636
vt 0.372263 0.454545
vt 0.372263 0.545455
vt 0.372263 0.636364
vt 0.372263 0.727273
vt 0.372263 0.818182
vt 0.364964 1.000000
vt 0.372263 0.909091
vt 0.379562 0.090909
vt 0.372263 0.000000
vt 0.379562 0.181818
vt 0.379562 0.272727
vt 0.379562 0.363636
vt 0.379562 0.454545
vt 0.379562 0.545455
vt 0.379562 0.636364
vt 0.379562 0.727273
vt 0.379562 0.818182
vt 0.372263 1.000000
vt 0.379562 0.909091
vt 0.386861 0.090909
vt 0.379562 0.000000
vt 0.386861 0.181818
vt 0.386861 0.272727
vt 0.386861 0.363636
vt 0.386861 0.454545
vt 0.386861 0.545455
vt 0.386861 0.636364
vt 0.386861 0.727273
vt 0.386861 0.818182
vt 0.379562 1.000000
vt 0.386861 0.909091
vt 0.394161 0.090909
vt 0.386861 0.000000
vt 0.394161 0.181818
vt 0.394161 0.272727
vt 0.394161 0.363636
vt 0.394161 0.454545
vt 0.394161 0.545455
vt 0.394161 0.636364
vt 0.394161 0.727273
vt 0.394161 0.818182
vt 0.386861 1.000000
vt 0.394161 0.909091
vt 0.401460 0.090909
vt 0.394161 0.000000
vt 0.401460 0.181818
vt 0.401460 0.272727
vt 0.401460 0.363636
vt 0.401460 0.454545
vt 0.401460 0.545455
vt 0.401460 0.636364
vt 0.401460 0.727273
vt 0.401460 0.818182
vt 0.394161 1.000000
vt 0.401460 0.909091
vt 0.408759 0.090909
vt 0.401460 0.000000
vt 0.408759 0.181818
vt 0.408759 0.272727
vt 0.408759 0.363636
vt 0.408759 0.454545
vt 0.408759 0.545455
vt 0.408759 0.636364
vt 0.408759 0.727273
vt 0.408759 0.818182
vt 0.401460 1.000000
vt 0.408759 0.909091
vt 0.416058 0.090909
vt 0.408759 0.000000
vt 0.416058 0.181818
vt 0.416058 0.272727
vt 0.416058 0.363636
vt 0.416058 0.454545
vt 0.416058 0.545455
vt 0.416058 0.636364
vt 0.416058 0.727273
vt 0.416058 0.818182
vt 0.408759 1.000000
vt 0.416058 0.909091
vt 0.423358 0.090909
vt 0.416058 0.000000
vt 0.423358 0.181818
vt 0.423358 0.272727
vt 0.423358 0.363636
vt 0.423358 0.454545
vt 0.423358 0.545455
vt 0.423358 0.636364
vt 0.423358 0.727273
vt 0.423358 0.818182
vt 0.416058 1.000000
vt 0.423358 0.909091
vt 0.430657 0.090909
vt 0.423358 0.000000
vt 0.430657 0.181818
vt 0.430657 0.272727
vt 0.430657 0.363636
vt 0.430657 0.454545
vt 0.430657 0.545455
vt 0.430657 0.636364
vt 0.430657 0.727273
vt 0.430657 0.818182
vt 0.423358 1.000000
vt 0.430657 0.909091
vt 0.437956 0.090909
vt 0.430657 0.000000
vt 0.437956 0.181818
vt 0.437956 0.272727
vt 0.437956 0.363636
vt 0.437956 0.454545
vt 0.437956 0.545455
vt 0.437956 0.636364
vt 0.437956 0.727273
vt 0.437956 0.818182
vt 0.430657 1.000000
vt 0.437956 0.909091
vt 0.445255 0.000000
vt 0.437956 0.000000
vt 0.445255 0.090909
vt 0.445255 0.181818
vt 0.445255 0.272727
vt 0.445255 0.363636
vt 0.445255 0.545455
vt 0.445255 0.636364
vt 0.445255 0.727273
vt 0.445255 0.818182
vt 0.445255 0.909091
vt 0.445255 1.000000
vt 0.437956 1.000000
vt 0.452555 0.090909
vt 0.452555 0.181818
vt 0.452555 0.272727
vt 0.452555 0.363636
vt 0.452555 0.454545
vt 0.445255 0.454545
vt 0.452555 0.545455
vt 0.452555 0.636364
vt 0.452555 0.727273
vt 0.452555 0.818182
vt 0.452555 0.909091
vt 0.459854 0.090909
vt 0.452555 0.000000
vt 0.459854 0.181818
vt 0.459854 0.272727
vt 0.459854 0.363636
vt 0.459854 0.454545
vt 0.459854 0.545455
vt 0.459854 0.636364
vt 0.459854 0.727273
vt 0.459854 0.818182
vt 0.452555 1.000000
vt 0.459854 0.909091
vt 0.467153 0.090909
vt 0.459854 0.000000
vt 0.467153 0.181818
vt 0.467153 0.272727
vt 0.467153 0.363636
vt 0.467153 0.454545
vt 0.467153 0.545455
vt 0.467153 0.636364
vt 0.467153 0.727273
vt 0.467153 0.818182
vt 0.459854 1.000000
vt 0.467153 0.909091
vt 0.474453 0.090909
vt 0.467153 0.000000
vt 0.474453 0.181818
vt 0.474453 0.272727
vt 0.474453 0.363636
vt 0.474453 0.454545
vt 0.474453 0.545455
vt 0.474453 0.636364
vt 0.474453 0.727273
vt 0.474453 0.818182
vt 0.467153 1.000000
vt 0.474453 0.909091
vt 0.481752 0.090909
vt 0.474453 0.000000
vt 0.481752 0.181818
vt 0.481752 0.272727
vt 0.481752 0.363636
vt 0.481752 0.454545
vt 0.481752 0.545455
vt 0.481752 0.636364
vt 0.481752 0.727273
vt 0.481752 0.818182
vt 0.474453 1.000000
vt 0.481752 0.909091
vt 0.489051 0.090909
vt 0.481752 0.000000
vt 0.489051 0.181818
vt 0.489051 0.272727
vt 0.489051 0.363636
vt 0.489051 0.454545
vt 0.489051 0.545455
vt 0.489051 0.636364
vt 0.489051 0.727273
vt 0.489051 0.818182
vt 0.481752 1.000000
vt 0.489051 0.909091
vt 0.496350 0.000000
vt 0.489051 0.000000
vt 0.496350 0.090909
vt 0.496350 0.181818
vt 0.496350 0.272727
vt 0.496350 0.363636
vt 0.496350 0.545455
vt 0.496350 0.636364
vt 0.496350 0.727273
vt 0.496350 0.818182
vt 0.496350 0.909091
vt 0.496350 1.000000
vt 0.489051 1.000000
vt 0.503650 0.000000
vt 0.503650 0.090909
vt 0.503650 0.181818
vt 0.503650 0.272727
vt 0.496350 0.454545
vt 0.503650 0.363636
vt 0.503650 0.545455
vt 0.503650 0.636364
vt 0.503650 0.727273
vt 0.503650 0.818182
vt 0.503650 0.909091
vt 0.503650 1.000000
vt 0.510949 0.000000
vt 0.510949 0.090909
vt 0.510949 0.181818
vt 0.510949 0.272727
vt 0.503650 0.454545
vt 0.510949 0.363636
vt 0.510949 0.545455
vt 0.510949 0.636364
vt 0.510949 0.727273
vt 0.510949 0.818182
vt 0.510949 0.909091
vt 0.510949 1.000000
vt 0.518248 0.000000
vt 0.518248 0.090909
vt 0.518248 0.181818
vt 0.518248 0.272727
vt 0.510949 0.454545
vt 0.518248 0.363636
vt 0.518248 0.545455
vt 0.518248 0.636364
vt 0.518248 0.727273
vt 0.518248 0.818182
vt 0.518248 0.909091
vt 0.518248 1.000000
vt 0.525547 0.000000
vt 0.525547 0.090909
vt 0.525547 0.181818
vt 0.525547 0.272727
vt 0.518248 0.454545
vt 0.525547 0.363636
vt 0.525547 0.545455
vt 0.525547 0.636364
vt 0.525547 0.727273
vt 0.525547 0.818182
vt 0.525547 0.909091
vt 0.525547 1.000000
vt 0.532847 0.000000
vt 0.532847 0.090909
vt 0.532847 0.181818
vt 0.532847 0.272727
vt 0.525547 0.454545
vt 0.532847 0.363636
vt 0.532847 0.545455
vt 0.532847 0.636364
vt 0.532847 0.727273
vt 0.532847 0.818182
vt 0.532847 0.909091
vt 0.532847 1.000000
vt 0.540146 0.090909
vt 0.540146 0.181818
vt 0.540146 0.272727
vt 0.540146 0.363636
vt 0.540146 0.454545
vt 0.532847 0.454545
vt 0.540146 0.545455
vt 0.540146 0.636364
vt 0.540146 0.727273
vt 0.540146 0.818182
vt 0.540146 0.909091
vt 0.547445 0.090909
vt 0.540146 0.000000
vt 0.547445 0.181818
vt 0.547445 0.272727
vt 0.547445 0.363636
vt 0.547445 0.454545
vt 0.547445 0.545455
vt 0.547445 0.636364
vt 0.547445 0.727273
vt 0.547445 0.818182
vt 0.540146 1.000000
vt 0.547445 0.909091
vt 0.554745 0.000000
vt 0.547445 0.000000
vt 0.554745 0.090909
vt 0.554745 0.181818
vt 0.554745 0.272727
vt 0.554745 0.363636
vt 0.554745 0.545455
vt 0.554745 0.636364
vt 0.554745 0.727273
vt 0.554745 0.818182
vt 0.554745 0.909091
vt 0.554745 1.000000
vt 0.547445 1.000000
vt 0.562044 0.000000
vt 0.562044 0.090909
vt 0.562044 0.181818
vt 0.562044 0.272727
vt 0.554745 0.454545
vt 0.562044 0.363636
vt 0.562044 0.545455
vt 0.562044 0.636364
vt 0.562044 0.727273
vt 0.562044 0.818182
vt 0.562044 0.909091
vt 0.562044 1.000000
vt 0.569343 0.000000
vt 0.569343 0.090909
vt 0.569343 0.181818
vt 0.569343 0.272727
vt 0.562044 0.454545
vt 0.569343 0.363636
vt 0.569343 0.545455
vt 0.569343 0.636364
vt 0.569343 0.727273
vt 0.569343 0.818182
vt 0.569343 0.909091
vt 0.569343 1.000000
vt 0.576642 0.000000
vt 0.576642 0.090909
vt 0.576642 0.181818
vt 0.576642 0.272727
vt 0.569343 0.454545
vt 0.576642 0.363636
vt 0.576642 0.545455
vt 0.576642 0.636364
vt 0.576642 0.727273
vt 0.576642 0.818182
vt 0.576642 0.909091
vt 0.576642 1.000000
vt 0.583942 0.000000
vt 0.583942 0.090909
vt 0.583942 0.181818
vt 0.583942 0.272727
vt 0.576642 0.454545
vt 0.583942 0.363636
vt 0.583942 0.545455
vt 0.583942 0.636364
vt 0.583942 0.727273
vt 0.583942 0.818182
vt 0.583942 0.909091
vt 0.583942 1.000000
vt 0.591241 0.000000
vt 0.591241 0.090909
vt 0.591241 0.181818
vt 0.591241 0.272727
vt 0.583942 0.454545
vt 0.591241 0.363636
vt 0.591241 0.545455
vt 0.591241 0.636364
vt 0.591241 0.727273
vt 0.591241 0.818182
vt 0.591241 0.909091
vt 0.591241 1.000000
vt 0.598540 0.000000
vt 0.598540 0.090909
vt 0.598540 0.181818
vt 0.598540 0.272727
vt 0.591241 0.454545
vt 0.598540 0.363636
vt 0.598540 0.545455
vt 0.598540 0.636364
vt 0.598540 0.727273
vt 0.598540 0.818182
vt 0.598540 0.909091
vt 0.598540 1.000000
vt 0.605839 0.000000
vt 0.605839 0.090909
vt 0.605839 0.181818
vt 0.605839 0.272727
vt 0.598540 0.454545
vt 0.605839 0.363636
vt 0.605839 0.545455
vt 0.605839 0.636364
vt 0.605839 0.727273
vt 0.605839 0.818182
vt 0.605839 0.909091
vt 0.605839 1.000000
vt 0.613139 0.000000
vt 0.613139 0.090909
vt 0.613139 0.181818
vt 0.613139 0.272727
vt 0.605839 0.454545
vt 0.613139 0.363636
vt 0.613139 0.545455
vt 0.613139 0.636364
vt 0.613139 0.727273
vt 0.613139 0.818182
vt 0.613139 0.909091
vt 0.613139 1.000000
vt 0.620438 0.000000
vt 0.620438 0.090909
vt 0.620438 0.181818
vt 0.620438 0.272727
vt 0.613139 0.454545
vt 0.620438 0.363636
vt 0.620438 0.545455
vt 0.620438 0.636364
vt 0.620438 0.727273
vt 0.620438 0.818182
vt 0.620438 0.909091
vt 0.620438 1.000000
vt 0.627737 0.090909
vt 0.627737 0.181818
vt 0.627737 0.272727
vt 0.627737 0.363636
vt 0.627737 0.454545
vt 0.620438 0.454545
vt 0.627737 0.545455
vt 0.627737 0.636364
vt 0.627737 0.727273
vt 0.627737 0.818182
vt 0.627737 0.909091
vt 0.635036 0.090909
vt 0.627737 0.000000
vt 0.635036 0.181818
vt 0.635036 0.272727
vt 0.635036 0.363636
vt 0.635036 0.454545
vt 0.635036 0.545455
vt 0.635036 0.636364
vt 0.635036 0.727273
vt 0.635036 0.818182
vt 0.627737 1.000000
vt 0.635036 0.909091
vt 0.642336 0.000000
vt 0.635036 0.000000
vt 0.642336 0.090909
vt 0.642336 0.181818
vt 0.642336 0.272727
vt 0.642336 0.363636
vt 0.642336 0.545455
vt 0.642336 0.636364
vt 0.642336 0.727273
vt 0.642336 0.818182
vt 0.642336 0.909091
vt 0.642336 1.000000
vt 0.635036 1.000000
vt 0.649635 0.000000
vt 0.649635 0.090909
vt 0.649635 0.181818
vt 0.649635 0.272727
vt 0.642336 0.454545
vt 0.649635 0.363636
vt 0.649635 0.545455
vt 0.649635 0.636364
vt 0.649635 0.727273
vt 0.649635 0.818182
vt 0.649635 0.909091
vt 0.649635 1.000000
vt 0.656934 0.090909
vt 0.656934 0.181818
vt 0.656934 0.272727
vt 0.656934 0.363636
vt 0.656934 0.454545
vt 0.649635 0.454545
vt 0.656934 0.545455
vt 0.656934 0.636364
vt 0.656934 0.727273
vt 0.656934 0.818182
vt 0.656934 0.909091
vt 0.664234 0.090909
vt 0.656934 0.000000
vt 0.664234 0.181818
vt 0.664234 0.272727
vt 0.664234 0.363636
vt 0.664234 0.454545
vt 0.664234 0.545455
vt 0.664234 0.636364
vt 0.664234 0.727273
vt 0.664234 0.818182
vt 0.656934 1.000000
vt 0.664234 0.909091
vt 0.671533 0.090909
vt 0.664234 0.000000
vt 0.671533 0.181818
vt 0.671533 0.272727
vt 0.671533 0.363636
vt 0.671533 0.454545
vt 0.671533 0.545455
vt 0.671533 0.636364
vt 0.671533 0.727273
vt 0.671533 0.818182
vt 0.664234 1.000000
vt 0.671533 0.909091
vt 0.678832 0.090909
vt 0.671533 0.000000
vt 0.678832 0.181818
vt 0.678832 0.272727
vt 0.678832 0.363636
vt 0.678832 0.454545
vt 0.678832 0.545455
vt 0.678832 0.636364
vt 0.678832 0.727273
vt 0.678832 0.818182
vt 0.671533 1.000000
vt 0.678832 0.909091
vt 0.686131 0.090909
vt 0.678832 0.000000
vt 0.686131 0.181818
vt 0.686131 0.272727
vt 0.686131 0.363636
vt 0.686131 0.454545
vt 0.686131 0.545455
vt 0.686131 0.636364
vt 0.686131 0.727273
vt 0.686131 0.818182
vt 0.678832 1.000000
vt 0.686131 0.909091
vt 0.693431 0.090909
vt 0.686131 0.000000
vt 0.693431 0.181818
vt 0.693431 0.272727
vt 0.693431 0.363636
vt 0.693431 0.454545
vt 0.693431 0.545455
vt 0.693431 0.636364
vt 0.693431 0.727273
vt 0.693431 0.818182
vt 0.686131 1.000000
vt 0.693431 0.909091
vt 0.700730 0.090909
vt 0.693431 0.000000
vt 0.700730 0.181818
vt 0.700730 0.272727
vt 0.700730 0.363636
vt 0.700730 0.454545
vt 0.700730 0.545455
vt 0.700730 0.636364
vt 0.700730 0.727273
vt 0.700730 0.818182
vt 0.693431 1.000000
vt 0.700730 0.909091
vt 0.708029 0.090909
vt 0.700730 0.000000
vt 0.708029 0.181818
vt 0.708029 0.272727
vt 0.708029 0.363636
vt 0.708029 0.454545
vt 0.708029 0.545455
vt 0.708029 0.636364
vt 0.708029 0.727273
vt 0.708029 0.818182
vt 0.700730 1.000000
vt 0.708029 0.909091
vt 0.715328 0.000000
vt 0.708029 0.000000
vt 0.715328 0.090909
vt 0.715328 0.181818
vt 0.715328 0.272727
vt 0.715328 0.363636
vt 0.715328 0.545455
vt 0.715328 0.636364
vt 0.715328 0.727273
vt 0.715328 0.818182
vt 0.715328 0.909091
vt 0.715328 1.000000
vt 0.708029 1.000000
vt 0.722628 0.000000
vt 0.722628 0.090909
vt 0.722628 0.181818
vt 0.722628 0.272727
vt 0.715328 0.454545
vt 0.722628 0.363636
vt 0.722628 0.545455
vt 0.722628 0.636364
vt 0.722628 0.727273
vt 0.722628 0.818182
vt 0.722628 0.909091
vt 0.722628 1.000000
vt 0.729927 0.000000
vt 0.729927 0.090909
vt 0.729927 0.181818
vt 0.729927 0.272727
vt 0.722628 0.454545
vt 0.729927 0.363636
vt 0.729927 0.545455
vt 0.729927 0.636364
vt 0.729927 0.727273
vt 0.729927 0.818182
vt 0.729927 0.909091
vt 0.729927 1.000000
vt 0.737226 0.000000
vt 0.737226 0.090909
vt 0.737226 0.181818
vt 0.737226 0.272727
vt 0.729927 0.454545
vt 0.737226 0.363636
vt 0.737226 0.545455
vt 0.737226 0.636364
vt 0.737226 0.727273
vt 0.737226 0.818182
vt 0.737226 0.909091
vt 0.737226 1.000000
vt 0.744526 0.000000
vt 0.744526 0.090909
vt 0.744526 0.181818
vt 0.744526 0.272727
vt 0.737226 0.454545
vt 0.744526 0.363636
vt 0.744526 0.545455
vt 0.744526 0.636364
vt 0.744526 0.727273
vt 0.744526 0.818182
vt 0.744526 0.909091
vt 0.744526 1.000000
vt 0.751825 0.000000
vt 0.751825 0.090909
vt 0.751825 0.181818
vt 0.751825 0.272727
vt 0.744526 0.454545
vt 0.751825 0.363636
vt 0.751825 0.545455
vt 0.751825 0.636364
vt 0.751825 0.727273
vt 0.751825 0.818182
vt 0.751825 0.909091
vt 0.751825 1.000000
vt 0.759124 0.000000
vt 0.759124 0.090909
vt 0.759124 0.181818
vt 0.759124 0.272727
vt 0.751825 0.454545
vt 0.759124 0.363636
vt 0.759124 0.545455
vt 0.759124 0.636364
vt 0.759124 0.727273
vt 0.759124 0.818182
vt 0.759124 0.909091
vt 0.759124 1.000000
vt 0.766423 0.000000
vt 0.766423 0.090909
vt 0.766423 0.181818
vt 0.766423 0.272727
vt 0.759124 0.454545
vt 0.766423 0.363636
vt 0.766423 0.545455
vt 0.766423 0.636364
vt 0.766423 0.727273
vt 0.766423 0.818182
vt 0.766423 0.909091
vt 0.766423 1.000000
vt 0.773723 0.000000
vt 0.773723 0.090909
vt 0.773723 0.181818
vt 0.773723 0.272727
vt 0.766423 0.454545
vt 0.773723 0.363636
vt 0.773723 0.545455
vt 0.773723 0.636364
vt 0.773723 0.727273
vt 0.773723 0.818182
vt 0.773723 0.909091
vt 0.773723 1.000000
vt 0.781022 0.090909
vt 0.781022 0.181818
vt 0.781022 0.272727
vt 0.781022 0.363636
vt 0.781022 0.454545
vt 0.773723 0.454545
vt 0.781022 0.545455
vt 0.781022 0.636364
vt 0.781022 0.727273
vt 0.781022 0.818182
vt 0.781022 0.909091
vt 0.788321 0.090909
vt 0.781022 0.000000
vt 0.788321 0.181818
vt 0.788321 0.272727
vt 0.788321 0.363636
vt 0.788321 0.454545
vt 0.788321 0.545455
vt 0.788321 0.636364
vt 0.788321 0.727273
vt 0.788321 0.818182
vt 0.781022 1.000000
vt 0.788321 0.909091
vt 0.795620 0.090909
vt 0.788321 0.000000
vt 0.795620 0.181818
vt 0.795620 0.272727
vt 0.795620 0.363636
vt 0.795620 0.454545
vt 0.795620 0.545455
vt 0.795620 0.636364
vt 0.795620 0.727273
vt 0.795620 0.818182
vt 0.788321 1.000000
vt 0.795620 0.909091
vt 0.802920 0.090909
vt 0.795620 0.000000
vt 0.802920 0.181818
vt 0.802920 0.272727
vt 0.802920 0.363636
vt 0.802920 0.454545
vt 0.802920 0.545455
vt 0.802920 0.636364
vt 0.802920 0.727273
vt 0.802920 0.818182
vt 0.795620 1.000000
vt 0.802920 0.909091
vt 0.810219 0.090909
vt 0.802920 0.000000
vt 0.810219 0.181818
vt 0.810219 0.272727
vt 0.810219 0.363636
vt 0.810219 0.454545
vt 0.810219 0.545455
vt 0.810219 0.636364
vt 0.810219 0.727273
vt 0.810219 0.818182
vt 0.802920 1.000000
vt 0.810219 0.909091
vt 0.817518 0.090909
vt 0.810219 0.000000
vt 0.817518 0.181818
vt 0.817518 0.272727
vt 0.817518 0.363636
vt 0.817518 0.454545
vt 0.817518 0.545455
vt 0.817518 0.636364
vt 0.817518 0.727273
vt 0.817518 0.818182
vt 0.810219 1.000000
vt 0.817518 0.909091
vt 0.824818 0.090909
vt 0.817518 0.000000
vt 0.824818 0.181818
vt 0.824818 0.272727
vt 0.824818 0.363636
vt 0.824818 0.454545
vt 0.824818 0.545455
vt 0.824818 0.636364
vt 0.824818 0.727273
vt 0.824818 0.818182
vt 0.817518 1.000000
vt 0.824818 0.909091
vt 0.832117 0.090909
vt 0.824818 0.000000
vt 0.832117 0.181818
vt 0.832117 0.272727
vt 0.832117 0.363636
vt 0.832117 0.454545
vt 0.832117 0.545455
vt 0.832117 0.636364
vt 0.832117 0.727273
vt 0.832117 0.818182
vt 0.824818 1.000000
vt 0.832117 0.909091
vt 0.839416 0.090909
vt 0.832117 0.000000
vt 0.839416 0.181818
vt 0.839416 0.272727
vt 0.839416 0.363636
vt 0.839416 0.545455
vt 0.839416 0.636364
vt 0.839416 0.727273
vt 0.839416 0.818182
vt 0.832117 1.000000
vt 0.839416 0.909091
vt 0.846715 0.090909
vt 0.839416 0.000000
vt 0.846715 0.181818
vt 0.846715 0.272727
vt 0.839416 0.454545
vt 0.846715 0.363636
vt 0.846715 0.545455
vt 0.846715 0.636364
vt 0.846715 0.727273
vt 0.846715 0.818182
vt 0.839416 1.000000
vt 0.846715 0.909091
vt 0.854015 0.090909
vt 0.846715 0.000000
vt 0.854015 0.181818
vt 0.854015 0.272727
vt 0.846715 0.454545
vt 0.854015 0.363636
vt 0.854015 0.545455
vt 0.854015 0.636364
vt 0.854015 0.727273
vt 0.854015 0.818182
vt 0.846715 1.000000
vt 0.854015 0.909091
vt 0.861314 0.090909
vt 0.854015 0.000000
vt 0.861314 0.181818
vt 0.861314 0.272727
vt 0.854015 0.454545
vt 0.861314 0.363636
vt 0.861314 0.545455
vt 0.861314 0.636364
vt 0.861314 0.727273
vt 0.861314 0.818182
vt 0.854015 1.000000
vt 0.861314 0.909091
vt 0.868613 0.000000
vt 0.861314 0.000000
vt 0.868613 0.090909
vt 0.868613 0.272727
vt 0.868613 0.363636
vt 0.868613 0.454545
vt 0.861314 0.454545
vt 0.868613 0.545455
vt 0.868613 0.636364
vt 0.868613 0.727273
vt 0.868613 0.818182
vt 0.868613 1.000000
vt 0.861314 1.000000
vt 0.875912 0.000000
vt 0.868613 0.181818
vt 0.875912 0.090909
vt 0.875912 0.272727
vt 0.875912 0.363636
vt 0.875912 0.454545
vt 0.875912 0.545455
vt 0.875912 0.636364
vt 0.875912 0.727273
vt 0.868613 0.909091
vt 0.875912 0.818182
vt 0.875912 1.000000
vt 0.883212 0.000000
vt 0.875912 0.181818
vt 0.883212 0.090909
vt 0.883212 0.272727
vt 0.883212 0.363636
vt 0.883212 0.454545
vt 0.883212 0.545455
vt 0.883212 0.636364
vt 0.883212 0.727273
vt 0.875912 0.909091
vt 0.883212 0.818182
vt 0.883212 1.000000
vt 0.890511 0.000000
vt 0.883212 0.181818
vt 0.890511 0.090909
vt 0.890511 0.181818
vt 0.890511 0.363636
vt 0.890511 0.454545
vt 0.890511 0.545455
vt 0.890511 0.636364
vt 0.890511 0.727273
vt 0.890511 0.909091
vt 0.883212 0.909091
vt 0.890511 1.000000
vt 0.897810 0.090909
vt 0.897810 0.181818
vt 0.890511 0.272727
vt 0.897810 0.272727
vt 0.897810 0.363636
vt 0.897810 0.545455
vt 0.897810 0.636364
vt 0.897810 0.727273
vt 0.890511 0.818182
vt 0.897810 0.818182
vt 0.897810 0.909091
vt 0.905109 0.000000
vt 0.897810 0.000000
vt 0.905109 0.090909
vt 0.905109 0.181818
vt 0.905109 0.363636
vt 0.905109 0.454545
vt 0.897810 0.454545
vt 0.905109 0.545455
vt 0.905109 0.636364
vt 0.905109 0.727273
vt 0.905109 0.909091
vt 0.905109 1.000000
vt 0.897810 1.000000
vt 0.912409 0.000000
vt 0.912409 0.090909
vt 0.905109 0.272727
vt 0.912409 0.181818
vt 0.912409 0.272727
vt 0.912409 0.454545
vt 0.912409 0.545455
vt 0.912409 0.636364
vt 0.912409 0.818182
vt 0.905109 0.818182
vt 0.912409 0.909091
vt 0.912409 1.000000
vt 0.919708 0.000000
vt 0.919708 0.090909
vt 0.919708 0.181818
vt 0.912409 0.363636
vt 0.919708 0.272727
vt 0.919708 0.363636
vt 0.919708 0.545455
vt 0.919708 0.636364
vt 0.919708 0.727273
vt 0.912409 0.727273
vt 0.919708 0.818182
vt 0.919708 0.909091
vt 0.919708 1.000000
vt 0.927007 0.000000
vt 0.927007 0.090909
vt 0.927007 0.181818
vt 0.927007 0.272727
vt 0.919708 0.454545
vt 0.927007 0.363636
vt 0.927007 0.545455
vt 0.927007 0.636364
vt 0.927007 0.727273
vt 0.927007 0.818182
vt 0.927007 0.909091
vt 0.927007 1.000000
vt 0.934307 0.000000
vt 0.934307 0.090909
vt 0.934307 0.181818
vt 0.934307 0.272727
vt 0.927007 0.454545
vt 0.934307 0.363636
vt 0.934307 0.545455
vt 0.934307 0.636364
vt 0.934307 0.727273
vt 0.934307 0.818182
vt 0.934307 0.909091
vt 0.934307 1.000000
vt 0.941606 0.000000
vt 0.941606 0.090909
vt 0.941606 0.181818
vt 0.941606 0.272727
vt 0.934307 0.454545
vt 0.941606 0.363636
vt 0.941606 0.545455
vt 0.941606 0.636364
vt 0.941606 0.727273
vt 0.941606 0.818182
vt 0.941606 0.909091
vt 0.941606 1.000000
vt 0.948905 0.000000
vt 0.948905 0.090909
vt 0.948905 0.181818
vt 0.948905 0.272727
vt 0.941606 0.454545
vt 0.948905 0.363636
vt 0.948905 0.545455
vt 0.948905 0.636364
vt 0.948905 0.727273
vt 0.948905 0.818182
vt 0.948905 0.909091
vt 0.948905 1.000000
vt 0.956204 0.000000
vt 0.956204 0.090909
vt 0.956204 0.181818
vt 0.956204 0.272727
vt 0.948905 0.454545
vt 0.956204 0.363636
vt 0.956204 0.545455
vt 0.956204 0.636364
vt 0.956204 0.727273
vt 0.956204 0.818182
vt 0.956204 0.909091
vt 0.956204 1.000000
vt 0.963504 0.000000
vt 0.963504 0.090909
vt 0.963504 0.181818
vt 0.963504 0.272727
vt 0.956204 0.454545
vt 0.963504 0.363636
vt 0.963504 0.545455
vt 0.963504 0.636364
vt 0.963504 0.727273
vt 0.963504 0.818182
vt 0.963504 0.909091
vt 0.963504 1.000000
vt 0.970803 0.000000
vt 0.970803 0.090909
vt 0.970803 0.181818
vt 0.970803 0.272727
vt 0.963504 0.454545
vt 0.970803 0.363636
vt 0.970803 0.545455
vt 0.970803 0.636364
vt 0.970803 0.727273
vt 0.970803 0.818182
vt 0.970803 0.909091
vt 0.970803 1.000000
vt 0.978102 0.000000
vt 0.978102 0.090909
vt 0.978102 0.181818
vt 0.978102 0.272727
vt 0.970803 0.454545
vt 0.978102 0.363636
vt 0.978102 0.545455
vt 0.978102 0.636364
vt 0.978102 0.727273
vt 0.978102 0.818182
vt 0.978102 0.909091
vt 0.978102 1.000000
vt 0.985401 0.000000
vt 0.985401 0.090909
vt 0.985401 0.181818
vt 0.985401 0.272727
vt 0.978102 0.454545
vt 0.985401 0.363636
vt 0.985401 0.545455
vt 0.985401 0.636364
vt 0.985401 0.727273
vt 0.985401 0.818182
vt 0.985401 0.909091
vt 0.985401 1.000000
vt 0.992701 0.090909
vt 0.992701 0.181818
vt 0.992701 0.272727
vt 0.992701 0.363636
vt 0.992701 0.454545
vt 0.985401 0.454545
vt 0.992701 0.545455
vt 0.992701 0.636364
vt 0.992701 0.727273
vt 0.992701 0.818182
vt 0.992701 0.909091
vt 0.992701 0.000000
vt 0.992701 1.000000
vt 0.027027 0.090909
vt 0.027027 0.181818
vt 0.027027 0.272727
vt 0.027027 0.363636
vt 0.027027 0.454545
vt 0.027027 0.545455
vt 0.027027 0.636364
vt 0.027027 0.727273
vt 0.027027 0.818182
vt 0.027027 0.909091
vt 0.054054 0.090909
vt 0.027027 0.000000
vt 0.054054 0.181818
vt 0.054054 0.272727
vt 0.054054 0.363636
vt 0.054054 0.454545
vt 0.054054 0.545455
vt 0.054054 0.636364
vt 0.054054 0.727273
vt 0.054054 0.818182
vt 0.027027 1.000000
vt 0.054054 0.909091
vt 0.081081 0.090909
vt 0.054054 0.000000
vt 0.081081 0.181818
vt 0.081081 0.272727
vt 0.081081 0.363636
vt 0.081081 0.454545
vt 0.081081 0.545455
vt 0.081081 0.636364
vt 0.081081 0.727273
vt 0.081081 0.818182
vt 0.054054 1.000000
vt 0.081081 0.909091
vt 0.108108 0.090909
vt 0.081081 0.000000
vt 0.108108 0.181818
vt 0.108108 0.272727
vt 0.108108 0.363636
vt 0.108108 0.454545
vt 0.108108 0.545455
vt 0.108108 0.636364
vt 0.108108 0.727273
vt 0.108108 0.818182
vt 0.081081 1.000000
vt 0.108108 0.909091
vt 0.135135 0.090909
vt 0.108108 0.000000
vt 0.135135 0.181818
vt 0.135135 0.272727
vt 0.135135 0.363636
vt 0.135135 0.454545
vt 0.135135 0.545455
vt 0.135135 0.636364
vt 0.135135 0.727273
vt 0.135135 0.818182
vt 0.108108 1.000000
vt 0.135135 0.909091
vt 0.162162 0.090909
vt 0.135135 0.000000
vt 0.162162 0.181818
vt 0.162162 0.272727
vt 0.162162 0.363636
vt 0.162162 0.454545
vt 0.162162 0.545455
vt 0.162162 0.636364
vt 0.162162 0.727273
vt 0.162162 0.818182
vt 0.135135 1.000000
vt 0.162162 0.909091
vt 0.189189 0.090909
vt 0.162162 0.000000
vt 0.189189 0.181818
vt 0.189189 0.272727
vt 0.189189 0.363636
vt 0.189189 0.454545
vt 0.189189 0.545455
vt 0.189189 0.636364
vt 0.189189 0.727273
vt 0.189189 0.818182
vt 0.162162 1.000000
vt 0.189189 0.909091
vt 0.216216 0.090909
vt 0.189189 0.000000
vt 0.216216 0.181818
vt 0.216216 0.272727
vt 0.216216 0.363636
vt 0.216216 0.454545
vt 0.216216 0.545455
vt 0.216216 0.636364
vt 0.216216 0.727273
vt 0.216216 0.818182
vt 0.189189 1.000000
vt 0.216216 0.909091
vt 0.243243 0.090909
vt 0.216216 0.000000
vt 0.243243 0.181818
vt 0.243243 0.272727
vt 0.243243 0.363636
vt 0.243243 0.454545
vt 0.243243 0.545455
vt 0.243243 0.636364
vt 0.243243 0.727273
vt 0.243243 0.818182
vt 0.216216 1.000000
vt 0.243243 0.909091
vt 0.270270 0.090909
vt 0.243243 0.000000
vt 0.270270 0.181818
vt 0.270270 0.272727
vt 0.270270 0.363636
vt 0.270270 0.454545
vt 0.270270 0.545455
vt 0.270270 0.636364
vt 0.270270 0.727273
vt 0.270270 0.818182
vt 0.243243 1.000000
vt 0.270270 0.909091
vt 0.297297 0.000000
vt 0.270270 0.000000
vt 0.297297 0.090909
vt 0.297297 0.181818
vt 0.297297 0.272727
vt 0.297297 0.363636
vt 0.297297 0.545455
vt 0.297297 0.636364
vt 0.297297 0.727273
vt 0.297297 0.818182
vt 0.297297 0.909091
vt 0.297297 1.000000
vt 0.270270 1.000000
vt 0.324324 0.000000
vt 0.324324 0.090909
vt 0.324324 0.181818
vt 0.324324 0.272727
vt 0.297297 0.454545
vt 0.324324 0.363636
vt 0.324324 0.545455
vt 0.324324 0.636364
vt 0.324324 0.727273
vt 0.324324 0.818182
vt 0.324324 0.909091
vt 0.324324 1.000000
vt 0.351351 0.090909
vt 0.351351 0.181818
vt 0.351351 0.272727
vt 0.351351 0.363636
vt 0.351351 0.454545
vt 0.324324 0.454545
vt 0.351351 0.545455
vt 0.351351 0.636364
vt 0.351351 0.727273
vt 0.351351 0.818182
vt 0.351351 0.909091
vt 0.378378 0.090909
vt 0.351351 0.000000
vt 0.378378 0.181818
vt 0.378378 0.272727
vt 0.378378 0.363636
vt 0.378378 0.454545
vt 0.378378 0.545455
vt 0.378378 0.636364
vt 0.378378 0.727273
vt 0.378378 0.818182
vt 0.351351 1.000000
vt 0.378378 0.909091
vt 0.405405 0.090909
vt 0.378378 0.000000
vt 0.405405 0.181818
vt 0.405405 0.272727
vt 0.405405 0.363636
vt 0.405405 0.454545
vt 0.405405 0.545455
vt 0.405405 0.636364
vt 0.405405 0.727273
vt 0.405405 0.818182
vt 0.378378 1.000000
vt 0.405405 0.909091
vt 0.432432 0.090909
vt 0.405405 0.000000
vt 0.432432 0.181818
vt 0.432432 0.272727
vt 0.432432 0.363636
vt 0.432432 0.454545
vt 0.432432 0.545455
vt 0.432432 0.636364
vt 0.432432 0.727273
vt 0.432432 0.818182
vt 0.405405 1.000000
vt 0.432432 0.909091
vt 0.459459 0.000000
vt 0.432432 0.000000
vt 0.459459 0.090909
vt 0.459459 0.181818
vt 0.459459 0.272727
vt 0.459459 0.363636
vt 0.459459 0.545455
vt 0.459459 0.636364
vt 0.459459 0.727273
vt 0.459459 0.818182
vt 0.459459 0.909091
vt 0.459459 1.000000
vt 0.432432 1.000000
vt 0.486486 0.000000
vt 0.486486 0.090909
vt 0.486486 0.181818
vt 0.486486 0.272727
vt 0.459459 0.454545
vt 0.486486 0.363636
vt 0.486486 0.545455
vt 0.486486 0.636364
vt 0.486486 0.727273
vt 0.486486 0.818182
vt 0.486486 0.909091
vt 0.486486 1.000000
vt 0.513514 0.000000
vt 0.513514 0.090909
vt 0.513514 0.181818
vt 0.513514 0.272727
vt 0.486486 0.454545
vt 0.513514 0.363636
vt 0.513514 0.545455
vt 0.513514 0.636364
vt 0.513514 0.727273
vt 0.513514 0.818182
vt 0.513514 0.909091
vt 0.513514 1.000000
vt 0.540541 0.000000
vt 0.540541 0.090909
vt 0.540541 0.181818
vt 0.540541 0.272727
vt 0.513514 0.454545
vt 0.540541 0.363636
vt 0.540541 0.545455
vt 0.540541 0.636364
vt 0.540541 0.727273
vt 0.540541 0.818182
vt 0.540541 0.909091
vt 0.540541 1.000000
vt 0.567568 0.000000
vt 0.567568 0.090909
vt 0.567568 0.181818
vt 0.567568 0.272727
vt 0.540541 0.454545
vt 0.567568 0.363636
vt 0.567568 0.545455
vt 0.567568 0.636364
vt 0.567568 0.727273
vt 0.567568 0.818182
vt 0.567568 0.909091
vt 0.567568 1.000000
vt 0.594595 0.000000
vt 0.594595 0.090909
vt 0.594595 0.181818
vt 0.594595 0.272727
vt 0.567568 0.454545
vt 0.594595 0.363636
vt 0.594595 0.545455
vt 0.594595 0.636364
vt 0.594595 0.727273
vt 0.594595 0.818182
vt 0.594595 0.909091
vt 0.594595 1.000000
vt 0.621622 0.000000
vt 0.621622 0.090909
vt 0.621622 0.181818
vt 0.621622 0.272727
vt 0.594595 0.454545
vt 0.621622 0.363636
vt 0.621622 0.545455
vt 0.621622 0.636364
vt 0.621622 0.727273
vt 0.621622 0.818182
vt 0.621622 0.909091
vt 0.621622 1.000000
vt 0.648649 0.000000
vt 0.648649 0.090909
vt 0.648649 0.181818
vt 0.648649 0.272727
vt 0.621622 0.454545
vt 0.648649 0.363636
vt 0.648649 0.545455
vt 0.648649 0.636364
vt 0.648649 0.727273
vt 0.648649 0.818182
vt 0.648649 0.909091
vt 0.648649 1.000000
vt 0.675676 0.000000
vt 0.675676 0.090909
vt 0.675676 0.181818
vt 0.675676 0.272727
vt 0.648649 0.454545
vt 0.675676 0.363636
vt 0.675676 0.545455
vt 0.675676 0.636364
vt 0.675676 0.727273
vt 0.675676 0.818182
vt 0.675676 0.909091
vt 0.675676 1.000000
vt 0.702703 0.000000
vt 0.702703 0.090909
vt 0.702703 0.181818
vt 0.702703 0.272727
vt 0.675676 0.454545
vt 0.702703 0.363636
vt 0.702703 0.545455
vt 0.702703 0.636364
vt 0.702703 0.727273
vt 0.702703 0.818182
vt 0.702703 0.909091
vt 0.702703 1.000000
vt 0.729730 0.000000
vt 0.729730 0.090909
vt 0.729730 0.181818
vt 0.729730 0.272727
vt 0.702703 0.454545
vt 0.729730 0.363636
vt 0.729730 0.545455
vt 0.729730 0.636364
vt 0.729730 0.727273
vt 0.729730 0.818182
vt 0.729730 0.909091
vt 0.729730 1.000000
vt 0.756757 0.000000
vt 0.756757 0.090909
vt 0.756757 0.181818
vt 0.756757 0.272727
vt 0.729730 0.454545
vt 0.756757 0.363636
vt 0.756757 0.545455
vt 0.756757 0.636364
vt 0.756757 0.727273
vt 0.756757 0.818182
vt 0.756757 0.909091
vt 0.756757 1.000000
vt 0.783784 0.000000
vt 0.783784 0.090909
vt 0.783784 0.181818
vt 0.783784 0.272727
vt 0.756757 0.454545
vt 0.783784 0.363636
vt 0.783784 0.545455
vt 0.783784 0.636364
vt 0.783784 0.727273
vt 0.783784 0.818182
vt 0.783784 0.909091
vt 0.783784 1.000000
vt 0.810811 0.000000
vt 0.810811 0.090909
vt 0.810811 0.181818
vt 0.810811 0.272727
vt 0.783784 0.454545
vt 0.810811 0.363636
vt 0.810811 0.545455
vt 0.810811 0.636364
vt 0.810811 0.727273
vt 0.810811 0.818182
vt 0.810811 0.909091
vt 0.810811 1.000000
vt 0.837838 0.000000
vt 0.837838 0.090909
vt 0.837838 0.181818
vt 0.837838 0.272727
vt 0.810811 0.454545
vt 0.837838 0.363636
vt 0.837838 0.545455
vt 0.837838 0.636364
vt 0.837838 0.727273
vt 0.837838 0.818182
vt 0.837838 0.909091
vt 0.837838 1.000000
vt 0.864865 0.000000
vt 0.864865 0.090909
vt 0.864865 0.181818
vt 0.864865 0.272727
vt 0.837838 0.454545
vt 0.864865 0.363636
vt 0.864865 0.545455
vt 0.864865 0.636364
vt 0.864865 0.727273
vt 0.864865 0.818182
vt 0.864865 0.909091
vt 0.864865 1.000000
vt 0.891892 0.000000
vt 0.891892 0.090909
vt 0.891892 0.181818
vt 0.891892 0.272727
vt 0.864865 0.454545
vt 0.891892 0.363636
vt 0.891892 0.545455
vt 0.891892 0.636364
vt 0.891892 0.727273
vt 0.891892 0.818182
vt 0.891892 0.909091
vt 0.891892 1.000000
vt 0.918919 0.000000
vt 0.918919 0.090909
vt 0.918919 0.181818
vt 0.918919 0.272727
vt 0.891892 0.454545
vt 0.918919 0.363636
vt 0.918919 0.545455
vt 0.918919 0.636364
vt 0.918919 0.727273
vt 0.918919 0.818182
vt 0.918919 0.909091
vt 0.918919 1.000000
vt 0.945946 0.090909
vt 0.945946 0.181818
vt 0.945946 0.272727
vt 0.918919 0.454545
vt 0.945946 0.363636
vt 0.945946 0.545455
vt 0.945946 0.636364
vt 0.945946 0.727273
vt 0.945946 0.818182
vt 0.945946 0.909091
vt 0.972973 0.090909
vt 0.945946 0.000000
vt 0.972973 0.181818
vt 0.972973 0.272727
vt 0.972973 0.363636
vt 0.972973 0.454545
vt 0.945946 0.454545
vt 0.972973 0.545455
vt 0.972973 0.636364
vt 0.972973 0.727273
vt 0.972973 0.818182
vt 0.945946 1.000000
vt 0.972973 0.909091
vt 0.972973 0.000000
vt 1.000000 1.000000
vt 0.972973 1.000000
vt 0.009346 0.000000
vt 0.009346 0.181818
vt 0.009346 0.272727
vt 0.009346 0.363636
vt 0.009346 0.454545
vt 0.009346 0.545455
vt 0.009346 0.636364
vt 0.009346 0.727273
vt 0.009346 0.818182
vt 0.009346 0.909091
vt 0.009346 0.090909
vt 0.018692 0.000000
vt 0.018692 0.090909
vt 0.018692 0.181818
vt 0.018692 0.272727
vt 0.018692 0.363636
vt 0.018692 0.545455
vt 0.018692 0.636364
vt 0.018692 0.727273
vt 0.018692 0.818182
vt 0.018692 0.909091
vt 0.018692 1.000000
vt 0.009346 1.000000
vt 0.028037 0.000000
vt 0.028037 0.090909
vt 0.028037 0.181818
vt 0.028037 0.272727
vt 0.018692 0.454545
vt 0.028037 0.363636
vt 0.028037 0.545455
vt 0.028037 0.636364
vt 0.028037 0.727273
vt 0.028037 0.818182
vt 0.028037 0.909091
vt 0.028037 1.000000
vt 0.037383 0.000000
vt 0.037383 0.090909
vt 0.037383 0.181818
vt 0.037383 0.272727
vt 0.028037 0.454545
vt 0.037383 0.363636
vt 0.037383 0.545455
vt 0.037383 0.636364
vt 0.037383 0.727273
vt 0.037383 0.818182
vt 0.037383 0.909091
vt 0.037383 1.000000
vt 0.046729 0.000000
vt 0.046729 0.090909
vt 0.046729 0.181818
vt 0.046729 0.272727
vt 0.037383 0.454545
vt 0.046729 0.363636
vt 0.046729 0.545455
vt 0.046729 0.636364
vt 0.046729 0.727273
vt 0.046729 0.818182
vt 0.046729 0.909091
vt 0.046729 1.000000
vt 0.056075 0.000000
vt 0.056075 0.090909
vt 0.056075 0.181818
vt 0.056075 0.272727
vt 0.046729 0.454545
vt 0.056075 0.363636
vt 0.056075 0.545455
vt 0.056075 0.636364
vt 0.056075 0.727273
vt 0.056075 0.818182
vt 0.056075 0.909091
vt 0.056075 1.000000
vt 0.065421 0.000000
vt 0.065421 0.090909
vt 0.065421 0.181818
vt 0.065421 0.272727
vt 0.056075 0.454545
vt 0.065421 0.363636
vt 0.065421 0.545455
vt 0.065421 0.636364
vt 0.065421 0.727273
vt 0.065421 0.818182
vt 0.065421 0.909091
vt 0.065421 1.000000
vt 0.074766 0.000000
vt 0.074766 0.090909
vt 0.074766 0.181818
vt 0.074766 0.272727
vt 0.065421 0.454545
vt 0.074766 0.363636
vt 0.074766 0.545455
vt 0.074766 0.636364
vt 0.074766 0.727273
vt 0.074766 0.818182
vt 0.074766 0.909091
vt 0.074766 1.000000
vt 0.084112 0.000000
vt 0.084112 0.090909
vt 0.084112 0.181818
vt 0.084112 0.272727
vt 0.074766 0.454545
vt 0.084112 0.363636
vt 0.084112 0.545455
vt 0.084112 0.636364
vt 0.084112 0.727273
vt 0.084112 0.818182
vt 0.084112 0.909091
vt 0.084112 1.000000
vt 0.093458 0.000000
vt 0.093458 0.090909
vt 0.093458 0.181818
vt 0.093458 0.272727
vt 0.084112 0.454545
vt 0.093458 0.363636
vt 0.093458 0.545455
vt 0.093458 0.636364
vt 0.093458 0.727273
vt 0.093458 0.818182
vt 0.093458 0.909091
vt 0.093458 1.000000
vt 0.102804 0.000000
vt 0.102804 0.090909
vt 0.102804 0.181818
vt 0.102804 0.272727
vt 0.093458 0.454545
vt 0.102804 0.363636
vt 0.102804 0.545455
vt 0.102804 0.636364
vt 0.102804 0.727273
vt 0.102804 0.818182
vt 0.102804 0.909091
vt 0.102804 1.000000
vt 0.112150 0.090909
vt 0.112150 0.181818
vt 0.112150 0.272727
vt 0.112150 0.363636
vt 0.112150 0.454545
vt 0.102804 0.454545
vt 0.112150 0.545455
vt 0.112150 0.636364
vt 0.112150 0.727273
vt 0.112150 0.818182
vt 0.112150 0.909091
vt 0.121495 0.000000
vt 0.112150 0.000000
vt 0.121495 0.090909
vt 0.121495 0.181818
vt 0.121495 0.272727
vt 0.121495 0.363636
vt 0.121495 0.545455
vt 0.121495 0.636364
vt 0.121495 0.727273
vt 0.121495 0.818182
vt 0.121495 0.909091
vt 0.121495 1.000000
vt 0.112150 1.000000
vt 0.130841 0.000000
vt 0.130841 0.090909
vt 0.130841 0.181818
vt 0.130841 0.272727
vt 0.121495 0.454545
vt 0.130841 0.363636
vt 0.130841 0.545455
vt 0.130841 0.636364
vt 0.130841 0.727273
vt 0.130841 0.818182
vt 0.130841 0.909091
vt 0.130841 1.000000
vt 0.140187 0.000000
vt 0.140187 0.090909
vt 0.140187 0.181818
vt 0.140187 0.272727
vt 0.130841 0.454545
vt 0.140187 0.363636
vt 0.140187 0.545455
vt 0.140187 0.636364
vt 0.140187 0.727273
vt 0.140187 0.818182
vt 0.140187 0.909091
vt 0.140187 1.000000
vt 0.149533 0.000000
vt 0.149533 0.090909
vt 0.149533 0.181818
vt 0.149533 0.272727
vt 0.140187 0.454545
vt 0.149533 0.363636
vt 0.149533 0.545455
vt 0.149533 0.636364
vt 0.149533 0.727273
vt 0.149533 0.818182
vt 0.149533 0.909091
vt 0.149533 1.000000
vt 0.158879 0.000000
vt 0.158879 0.090909
vt 0.158879 0.181818
vt 0.158879 0.272727
vt 0.149533 0.454545
vt 0.158879 0.363636
vt 0.158879 0.545455
vt 0.158879 0.636364
vt 0.158879 0.727273
vt 0.158879 0.818182
vt 0.158879 0.909091
vt 0.158879 1.000000
vt 0.168224 0.090909
vt 0.168224 0.181818
vt 0.168224 0.272727
vt 0.168224 0.363636
vt 0.168224 0.454545
vt 0.158879 0.454545
vt 0.168224 0.545455
vt 0.168224 0.636364
vt 0.168224 0.727273
vt 0.168224 0.818182
vt 0.168224 0.909091
vt 0.177570 0.090909
vt 0.168224 0.000000
vt 0.177570 0.181818
vt 0.177570 0.272727
vt 0.177570 0.363636
vt 0.177570 0.454545
vt 0.177570 0.545455
vt 0.177570 0.636364
vt 0.177570 0.727273
vt 0.177570 0.818182
vt 0.168224 1.000000
vt 0.177570 0.909091
vt 0.186916 0.090909
vt 0.177570 0.000000
vt 0.186916 0.181818
vt 0.186916 0.272727
vt 0.186916 0.363636
vt 0.186916 0.454545
vt 0.186916 0.545455
vt 0.186916 0.636364
vt 0.186916 0.727273
vt 0.186916 0.818182
vt 0.177570 1.000000
vt 0.186916 0.909091
vt 0.196262 0.090909
vt 0.186916 0.000000
vt 0.196262 0.181818
vt 0.196262 0.272727
vt 0.196262 0.363636
vt 0.196262 0.454545
vt 0.196262 0.545455
vt 0.196262 0.636364
vt 0.196262 0.727273
vt 0.196262 0.818182
vt 0.186916 1.000000
vt 0.196262 0.909091
vt 0.205607 0.090909
vt 0.196262 0.000000
vt 0.205607 0.181818
vt 0.205607 0.272727
vt 0.205607 0.363636
vt 0.205607 0.454545
vt 0.205607 0.545455
vt 0.205607 0.636364
vt 0.205607 0.727273
vt 0.205607 0.818182
vt 0.196262 1.000000
vt 0.205607 0.909091
vt 0.214953 0.090909
vt 0.205607 0.000000
vt 0.214953 0.181818
vt 0.214953 0.272727
vt 0.214953 0.363636
vt 0.214953 0.454545
vt 0.214953 0.545455
vt 0.214953 0.636364
vt 0.214953 0.727273
vt 0.214953 0.818182
vt 0.205607 1.000000
vt 0.214953 0.909091
vt 0.224299 0.090909
vt 0.214953 0.000000
vt 0.224299 0.181818
vt 0.224299 0.272727
vt 0.224299 0.363636
vt 0.224299 0.545455
vt 0.224299 0.636364
vt 0.224299 0.727273
vt 0.224299 0.818182
vt 0.214953 1.000000
vt 0.224299 0.909091
vt 0.233645 0.000000
vt 0.224299 0.000000
vt 0.233645 0.090909
vt 0.233645 0.272727
vt 0.233645 0.363636
vt 0.233645 0.454545
vt 0.224299 0.454545
vt 0.233645 0.545455
vt 0.233645 0.636364
vt 0.233645 0.727273
vt 0.233645 0.818182
vt 0.233645 1.000000
vt 0.224299 1.000000
vt 0.242991 0.000000
vt 0.233645 0.181818
vt 0.242991 0.090909
vt 0.242991 0.181818
vt 0.242991 0.272727
vt 0.242991 0.363636
vt 0.242991 0.545455
vt 0.242991 0.636364
vt 0.242991 0.727273
vt 0.242991 0.818182
vt 0.242991 0.909091
vt 0.233645 0.909091
vt 0.242991 1.000000
vt 0.252336 0.000000
vt 0.252336 0.090909
vt 0.252336 0.181818
vt 0.252336 0.272727
vt 0.242991 0.454545
vt 0.252336 0.363636
vt 0.252336 0.545455
vt 0.252336 0.636364
vt 0.252336 0.727273
vt 0.252336 0.818182
vt 0.252336 0.909091
vt 0.252336 1.000000
vt 0.261682 0.000000
vt 0.261682 0.090909
vt 0.261682 0.181818
vt 0.261682 0.272727
vt 0.252336 0.454545
vt 0.261682 0.363636
vt 0.261682 0.545455
vt 0.261682 0.636364
vt 0.261682 0.727273
vt 0.261682 0.818182
vt 0.261682 0.909091
vt 0.261682 1.000000
vt 0.271028 0.000000
vt 0.271028 0.090909
vt 0.271028 0.181818
vt 0.271028 0.272727
vt 0.261682 0.454545
vt 0.271028 0.363636
vt 0.271028 0.545455
vt 0.271028 0.636364
vt 0.271028 0.727273
vt 0.271028 0.818182
vt 0.271028 0.909091
vt 0.271028 1.000000
vt 0.280374 0.000000
vt 0.280374 0.090909
vt 0.280374 0.181818
vt 0.280374 0.272727
vt 0.271028 0.454545
vt 0.280374 0.363636
vt 0.280374 0.545455
vt 0.280374 0.636364
vt 0.280374 0.727273
vt 0.280374 0.818182
vt 0.280374 0.909091
vt 0.280374 1.000000
vt 0.289720 0.000000
vt 0.289720 0.090909
vt 0.289720 0.181818
vt 0.289720 0.272727
vt 0.280374 0.454545
vt 0.289720 0.363636
vt 0.289720 0.545455
vt 0.289720 0.636364
vt 0.289720 0.727273
vt 0.289720 0.818182
vt 0.289720 0.909091
vt 0.289720 1.000000
vt 0.299065 0.000000
vt 0.299065 0.090909
vt 0.299065 0.181818
vt 0.299065 0.272727
vt 0.289720 0.454545
vt 0.299065 0.363636
vt 0.299065 0.545455
vt 0.299065 0.636364
vt 0.299065 0.727273
vt 0.299065 0.818182
vt 0.299065 0.909091
vt 0.299065 1.000000
vt 0.308411 0.000000
vt 0.308411 0.090909
vt 0.308411 0.181818
vt 0.308411 0.272727
vt 0.299065 0.454545
vt 0.308411 0.363636
vt 0.308411 0.545455
vt 0.308411 0.636364
vt 0.308411 0.727273
vt 0.308411 0.818182
vt 0.308411 0.909091
vt 0.308411 1.000000
vt 0.317757 0.000000
vt 0.317757 0.090909
vt 0.317757 0.181818
vt 0.317757 0.272727
vt 0.308411 0.454545
vt 0.317757 0.363636
vt 0.317757 0.545455
vt 0.317757 0.636364
vt 0.317757 0.727273
vt 0.317757 0.818182
vt 0.317757 0.909091
vt 0.317757 1.000000
vt 0.327103 0.000000
vt 0.327103 0.090909
vt 0.327103 0.181818
vt 0.327103 0.272727
vt 0.317757 0.454545
vt 0.327103 0.363636
vt 0.327103 0.545455
vt 0.327103 0.636364
vt 0.327103 0.727273
vt 0.327103 0.818182
vt 0.327103 0.909091
vt 0.327103 1.000000
vt 0.336449 0.000000
vt 0.336449 0.090909
vt 0.336449 0.181818
vt 0.336449 0.272727
vt 0.327103 0.454545
vt 0.336449 0.363636
vt 0.336449 0.545455
vt 0.336449 0.636364
vt 0.336449 0.727273
vt 0.336449 0.818182
vt 0.336449 0.909091
vt 0.336449 1.000000
vt 0.345794 0.000000
vt 0.345794 0.090909
vt 0.345794 0.181818
vt 0.345794 0.272727
vt 0.336449 0.454545
vt 0.345794 0.363636
vt 0.345794 0.545455
vt 0.345794 0.636364
vt 0.345794 0.727273
vt 0.345794 0.818182
vt 0.345794 0.909091
vt 0.345794 1.000000
vt 0.355140 0.000000
vt 0.355140 0.090909
vt 0.355140 0.181818
vt 0.355140 0.272727
vt 0.345794 0.454545
vt 0.355140 0.363636
vt 0.355140 0.545455
vt 0.355140 0.636364
vt 0.355140 0.727273
vt 0.355140 0.818182
vt 0.355140 0.909091
vt 0.355140 1.000000
vt 0.364486 0.000000
vt 0.364486 0.090909
vt 0.364486 0.181818
vt 0.364486 0.272727
vt 0.355140 0.454545
vt 0.364486 0.363636
vt 0.364486 0.545455
vt 0.364486 0.636364
vt 0.364486 0.727273
vt 0.364486 0.818182
vt 0.364486 0.909091
vt 0.364486 1.000000
vt 0.373832 0.000000
vt 0.373832 0.090909
vt 0.373832 0.181818
vt 0.373832 0.272727
vt 0.364486 0.454545
vt 0.373832 0.363636
vt 0.373832 0.545455
vt 0.373832 0.636364
vt 0.373832 0.727273
vt 0.373832 0.818182
vt 0.373832 0.909091
vt 0.373832 1.000000
vt 0.383178 0.090909
vt 0.383178 0.181818
vt 0.383178 0.272727
vt 0.383178 0.363636
vt 0.383178 0.454545
vt 0.373832 0.454545
vt 0.383178 0.545455
vt 0.383178 0.636364
vt 0.383178 0.727273
vt 0.383178 0.818182
vt 0.383178 0.909091
vt 0.392523 0.090909
vt 0.383178 0.000000
vt 0.392523 0.181818
vt 0.392523 0.272727
vt 0.392523 0.363636
vt 0.392523 0.454545
vt 0.392523 0.545455
vt 0.392523 0.636364
vt 0.392523 0.727273
vt 0.392523 0.818182
vt 0.383178 1.000000
vt 0.392523 0.909091
vt 0.401869 0.090909
vt 0.392523 0.000000
vt 0.401869 0.181818
vt 0.401869 0.272727
vt 0.401869 0.363636
vt 0.401869 0.454545
vt 0.401869 0.545455
vt 0.401869 0.636364
vt 0.401869 0.727273
vt 0.401869 0.818182
vt 0.392523 1.000000
vt 0.401869 0.909091
vt 0.411215 0.090909
vt 0.401869 0.000000
vt 0.411215 0.181818
vt 0.411215 0.272727
vt 0.411215 0.363636
vt 0.411215 0.454545
vt 0.411215 0.545455
vt 0.411215 0.636364
vt 0.411215 0.727273
vt 0.411215 0.818182
vt 0.401869 1.000000
vt 0.411215 0.909091
vt 0.420561 0.090909
vt 0.411215 0.000000
vt 0.420561 0.181818
vt 0.420561 0.272727
vt 0.420561 0.363636
vt 0.420561 0.454545
vt 0.420561 0.545455
vt 0.420561 0.636364
vt 0.420561 0.727273
vt 0.420561 0.818182
vt 0.411215 1.000000
vt 0.420561 0.909091
vt 0.429907 0.090909
vt 0.420561 0.000000
vt 0.429907 0.181818
vt 0.429907 0.272727
vt 0.429907 0.363636
vt 0.429907 0.454545
vt 0.429907 0.545455
vt 0.429907 0.636364
vt 0.429907 0.727273
vt 0.429907 0.818182
vt 0.420561 1.000000
vt 0.429907 0.909091
vt 0.439252 0.090909
vt 0.429907 0.000000
vt 0.439252 0.181818
vt 0.439252 0.272727
vt 0.439252 0.363636
vt 0.439252 0.454545
vt 0.439252 0.545455
vt 0.439252 0.636364
vt 0.439252 0.727273
vt 0.439252 0.818182
vt 0.429907 1.000000
vt 0.439252 0.909091
vt 0.448598 0.090909
vt 0.439252 0.000000
vt 0.448598 0.181818
vt 0.448598 0.272727
vt 0.448598 0.363636
vt 0.448598 0.454545
vt 0.448598 0.545455
vt 0.448598 0.636364
vt 0.448598 0.727273
vt 0.448598 0.818182
vt 0.439252 1.000000
vt 0.448598 0.909091
vt 0.457944 0.000000
vt 0.448598 0.000000
vt 0.457944 0.090909
vt 0.457944 0.181818
vt 0.457944 0.272727
vt 0.457944 0.363636
vt 0.457944 0.545455
vt 0.457944 0.636364
vt 0.457944 0.727273
vt 0.457944 0.818182
vt 0.457944 0.909091
vt 0.457944 1.000000
vt 0.448598 1.000000
vt 0.467290 0.090909
vt 0.467290 0.181818
vt 0.467290 0.272727
vt 0.467290 0.363636
vt 0.467290 0.454545
vt 0.457944 0.454545
vt 0.467290 0.545455
vt 0.467290 0.636364
vt 0.467290 0.727273
vt 0.467290 0.909091
vt 0.467290 1.000000
vt 0.476636 0.090909
vt 0.467290 0.000000
vt 0.476636 0.181818
vt 0.476636 0.272727
vt 0.476636 0.363636
vt 0.476636 0.454545
vt 0.476636 0.545455
vt 0.476636 0.636364
vt 0.467290 0.818182
vt 0.476636 0.727273
vt 0.476636 0.818182
vt 0.476636 0.909091
vt 0.485981 0.090909
vt 0.476636 0.000000
vt 0.485981 0.181818
vt 0.485981 0.272727
vt 0.485981 0.363636
vt 0.485981 0.454545
vt 0.485981 0.545455
vt 0.485981 0.636364
vt 0.485981 0.727273
vt 0.485981 0.818182
vt 0.476636 1.000000
vt 0.485981 0.909091
vt 0.495327 0.090909
vt 0.485981 0.000000
vt 0.495327 0.181818
vt 0.495327 0.272727
vt 0.495327 0.363636
vt 0.495327 0.454545
vt 0.495327 0.545455
vt 0.495327 0.636364
vt 0.495327 0.727273
vt 0.495327 0.818182
vt 0.485981 1.000000
vt 0.495327 0.909091
vt 0.504673 0.090909
vt 0.495327 0.000000
vt 0.504673 0.181818
vt 0.504673 0.272727
vt 0.504673 0.363636
vt 0.504673 0.454545
vt 0.504673 0.545455
vt 0.504673 0.636364
vt 0.504673 0.727273
vt 0.504673 0.818182
vt 0.495327 1.000000
vt 0.504673 0.909091
vt 0.514019 0.090909
vt 0.504673 0.000000
vt 0.514019 0.181818
vt 0.514019 0.272727
vt 0.514019 0.363636
vt 0.514019 0.454545
vt 0.514019 0.545455
vt 0.514019 0.636364
vt 0.514019 0.727273
vt 0.514019 0.818182
vt 0.504673 1.000000
vt 0.514019 0.909091
vt 0.523364 0.090909
vt 0.514019 0.000000
vt 0.523364 0.181818
vt 0.523364 0.272727
vt 0.523364 0.363636
vt 0.523364 0.454545
vt 0.523364 0.545455
vt 0.523364 0.636364
vt 0.523364 0.727273
vt 0.523364 0.818182
vt 0.514019 1.000000
vt 0.523364 0.909091
vt 0.532710 0.090909
vt 0.523364 0.000000
vt 0.532710 0.181818
vt 0.532710 0.272727
vt 0.532710 0.363636
vt 0.532710 0.454545
vt 0.532710 0.545455
vt 0.532710 0.636364
vt 0.532710 0.727273
vt 0.532710 0.818182
vt 0.523364 1.000000
vt 0.532710 0.909091
vt 0.542056 0.090909
vt 0.532710 0.000000
vt 0.542056 0.181818
vt 0.542056 0.272727
vt 0.542056 0.363636
vt 0.542056 0.454545
vt 0.542056 0.545455
vt 0.542056 0.636364
vt 0.542056 0.727273
vt 0.542056 0.818182
vt 0.532710 1.000000
vt 0.542056 0.909091
vt 0.551402 0.000000
vt 0.542056 0.000000
vt 0.551402 0.090909
vt 0.551402 0.181818
vt 0.551402 0.272727
vt 0.551402 0.363636
vt 0.551402 0.545455
vt 0.551402 0.636364
vt 0.551402 0.727273
vt 0.551402 0.818182
vt 0.551402 0.909091
vt 0.551402 1.000000
vt 0.542056 1.000000
vt 0.560748 0.000000
vt 0.560748 0.090909
vt 0.560748 0.181818
vt 0.560748 0.272727
vt 0.551402 0.454545
vt 0.560748 0.363636
vt 0.560748 0.545455
vt 0.560748 0.636364
vt 0.560748 0.727273
vt 0.560748 0.818182
vt 0.560748 0.909091
vt 0.560748 1.000000
vt 0.570093 0.000000
vt 0.570093 0.090909
vt 0.570093 0.181818
vt 0.570093 0.272727
vt 0.560748 0.454545
vt 0.570093 0.363636
vt 0.570093 0.545455
vt 0.570093 0.636364
vt 0.570093 0.727273
vt 0.570093 0.818182
vt 0.570093 0.909091
vt 0.570093 1.000000
vt 0.579439 0.000000
vt 0.579439 0.090909
vt 0.579439 0.181818
vt 0.579439 0.272727
vt 0.570093 0.454545
vt 0.579439 0.363636
vt 0.579439 0.545455
vt 0.579439 0.636364
vt 0.579439 0.727273
vt 0.579439 0.818182
vt 0.579439 0.909091
vt 0.579439 1.000000
vt 0.588785 0.000000
vt 0.588785 0.090909
vt 0.588785 0.181818
vt 0.588785 0.272727
vt 0.579439 0.454545
vt 0.588785 0.363636
vt 0.588785 0.545455
vt 0.588785 0.636364
vt 0.588785 0.727273
vt 0.588785 0.818182
vt 0.588785 0.909091
vt 0.588785 1.000000
vt 0.598131 0.090909
vt 0.598131 0.181818
vt 0.598131 0.272727
vt 0.598131 0.363636
vt 0.598131 0.454545
vt 0.588785 0.454545
vt 0.598131 0.545455
vt 0.598131 0.636364
vt 0.598131 0.727273
vt 0.598131 0.818182
vt 0.598131 0.909091
vt 0.607477 0.000000
vt 0.598131 0.000000
vt 0.607477 0.090909
vt 0.607477 0.181818
vt 0.607477 0.272727
vt 0.607477 0.363636
vt 0.607477 0.545455
vt 0.607477 0.636364
vt 0.607477 0.727273
vt 0.607477 0.818182
vt 0.607477 0.909091
vt 0.607477 1.000000
vt 0.598131 1.000000
vt 0.616822 0.000000
vt 0.616822 0.090909
vt 0.616822 0.181818
vt 0.616822 0.272727
vt 0.607477 0.454545
vt 0.616822 0.363636
vt 0.616822 0.545455
vt 0.616822 0.636364
vt 0.616822 0.727273
vt 0.616822 0.818182
vt 0.616822 0.909091
vt 0.616822 1.000000
vt 0.626168 0.000000
vt 0.626168 0.090909
vt 0.626168 0.181818
vt 0.626168 0.272727
vt 0.616822 0.454545
vt 0.626168 0.363636
vt 0.626168 0.545455
vt 0.626168 0.636364
vt 0.626168 0.727273
vt 0.626168 0.818182
vt 0.626168 0.909091
vt 0.626168 1.000000
vt 0.635514 0.000000
vt 0.635514 0.090909
vt 0.635514 0.181818
vt 0.635514 0.272727
vt 0.626168 0.454545
vt 0.635514 0.363636
vt 0.635514 0.545455
vt 0.635514 0.636364
vt 0.635514 0.727273
vt 0.635514 0.818182
vt 0.635514 0.909091
vt 0.635514 1.000000
vt 0.644860 0.000000
vt 0.644860 0.090909
vt 0.644860 0.181818
vt 0.644860 0.272727
vt 0.635514 0.454545
vt 0.644860 0.363636
vt 0.644860 0.545455
vt 0.644860 0.636364
vt 0.644860 0.727273
vt 0.644860 0.818182
vt 0.644860 0.909091
vt 0.644860 1.000000
vt 0.654206 0.000000
vt 0.654206 0.090909
vt 0.654206 0.181818
vt 0.654206 0.272727
vt 0.644860 0.454545
vt 0.654206 0.363636
vt 0.654206 0.545455
vt 0.654206 0.636364
vt 0.654206 0.727273
vt 0.654206 0.818182
vt 0.654206 0.909091
vt 0.654206 1.000000
vt 0.663551 0.000000
vt 0.663551 0.090909
vt 0.663551 0.181818
vt 0.663551 0.272727
vt 0.654206 0.454545
vt 0.663551 0.363636
vt 0.663551 0.545455
vt 0.663551 0.636364
vt 0.663551 0.727273
vt 0.663551 0.818182
vt 0.663551 0.909091
vt 0.663551 1.000000
vt 0.672897 0.000000
vt 0.672897 0.090909
vt 0.672897 0.181818
vt 0.672897 0.272727
vt 0.663551 0.454545
vt 0.672897 0.363636
vt 0.672897 0.545455
vt 0.672897 0.636364
vt 0.672897 0.727273
vt 0.672897 0.818182
vt 0.672897 0.909091
vt 0.672897 1.000000
vt 0.682243 0.000000
vt 0.682243 0.090909
vt 0.682243 0.181818
vt 0.682243 0.272727
vt 0.672897 0.454545
vt 0.682243 0.363636
vt 0.682243 0.545455
vt 0.682243 0.636364
vt 0.682243 0.727273
vt 0.682243 0.818182
vt 0.682243 0.909091
vt 0.682243 1.000000
vt 0.691589 0.000000
vt 0.691589 0.090909
vt 0.691589 0.181818
vt 0.691589 0.272727
vt 0.682243 0.454545
vt 0.691589 0.363636
vt 0.691589 0.545455
vt 0.691589 0.636364
vt 0.691589 0.727273
vt 0.691589 0.818182
vt 0.691589 0.909091
vt 0.691589 1.000000
vt 0.700935 0.090909
vt 0.700935 0.181818
vt 0.700935 0.272727
vt 0.691589 0.454545
vt 0.700935 0.363636
vt 0.700935 0.545455
vt 0.700935 0.636364
vt 0.700935 0.727273
vt 0.700935 0.818182
vt 0.700935 0.909091
vt 0.710280 0.000000
vt 0.700935 0.000000
vt 0.710280 0.090909
vt 0.710280 0.181818
vt 0.710280 0.272727
vt 0.700935 0.454545
vt 0.710280 0.363636
vt 0.710280 0.545455
vt 0.710280 0.636364
vt 0.710280 0.727273
vt 0.710280 0.818182
vt 0.710280 0.909091
vt 0.710280 1.000000
vt 0.700935 1.000000
vt 0.719626 0.090909
vt 0.719626 0.181818
vt 0.719626 0.272727
vt 0.719626 0.363636
vt 0.719626 0.454545
vt 0.710280 0.454545
vt 0.719626 0.545455
vt 0.719626 0.636364
vt 0.719626 0.727273
vt 0.719626 0.909091
vt 0.719626 1.000000
vt 0.728972 0.090909
vt 0.719626 0.000000
vt 0.728972 0.181818
vt 0.728972 0.272727
vt 0.728972 0.363636
vt 0.728972 0.454545
vt 0.728972 0.545455
vt 0.728972 0.636364
vt 0.719626 0.818182
vt 0.728972 0.727273
vt 0.728972 0.818182
vt 0.728972 0.909091
vt 0.738318 0.090909
vt 0.728972 0.000000
vt 0.738318 0.181818
vt 0.738318 0.272727
vt 0.738318 0.363636
vt 0.738318 0.454545
vt 0.738318 0.545455
vt 0.738318 0.636364
vt 0.738318 0.727273
vt 0.738318 0.818182
vt 0.728972 1.000000
vt 0.738318 0.909091
vt 0.747664 0.090909
vt 0.738318 0.000000
vt 0.747664 0.181818
vt 0.747664 0.272727
vt 0.747664 0.363636
vt 0.747664 0.454545
vt 0.747664 0.545455
vt 0.747664 0.636364
vt 0.747664 0.727273
vt 0.747664 0.818182
vt 0.738318 1.000000
vt 0.747664 0.909091
vt 0.757009 0.090909
vt 0.747664 0.000000
vt 0.757009 0.181818
vt 0.757009 0.272727
vt 0.757009 0.363636
vt 0.757009 0.454545
vt 0.757009 0.545455
vt 0.757009 0.636364
vt 0.757009 0.727273
vt 0.757009 0.818182
vt 0.747664 1.000000
vt 0.757009 0.909091
vt 0.766355 0.090909
vt 0.757009 0.000000
vt 0.766355 0.181818
vt 0.766355 0.272727
vt 0.766355 0.363636
vt 0.766355 0.454545
vt 0.766355 0.545455
vt 0.766355 0.636364
vt 0.766355 0.727273
vt 0.766355 0.818182
vt 0.757009 1.000000
vt 0.766355 0.909091
vt 0.775701 0.090909
vt 0.766355 0.000000
vt 0.775701 0.181818
vt 0.775701 0.272727
vt 0.775701 0.363636
vt 0.775701 0.454545
vt 0.775701 0.545455
vt 0.775701 0.636364
vt 0.775701 0.727273
vt 0.775701 0.818182
vt 0.766355 1.000000
vt 0.775701 0.909091
vt 0.785047 0.090909
vt 0.775701 0.000000
vt 0.785047 0.181818
vt 0.785047 0.272727
vt 0.785047 0.363636
vt 0.785047 0.454545
vt 0.785047 0.545455
vt 0.785047 0.636364
vt 0.785047 0.727273
vt 0.785047 0.818182
vt 0.775701 1.000000
vt 0.785047 0.909091
vt 0.794393 0.090909
vt 0.785047 0.000000
vt 0.794393 0.181818
vt 0.794393 0.272727
vt 0.794393 0.363636
vt 0.794393 0.454545
vt 0.794393 0.545455
vt 0.794393 0.636364
vt 0.794393 0.727273
vt 0.794393 0.818182
vt 0.785047 1.000000
vt 0.794393 0.909091
vt 0.803738 0.000000
vt 0.794393 0.000000
vt 0.803738 0.090909
vt 0.803738 0.181818
vt 0.803738 0.272727
vt 0.803738 0.363636
vt 0.803738 0.545455
vt 0.803738 0.636364
vt 0.803738 0.727273
vt 0.803738 0.818182
vt 0.803738 0.909091
vt 0.803738 1.000000
vt 0.794393 1.000000
vt 0.813084 0.000000
vt 0.813084 0.090909
vt 0.813084 0.181818
vt 0.813084 0.272727
vt 0.803738 0.454545
vt 0.813084 0.363636
vt 0.813084 0.545455
vt 0.813084 0.636364
vt 0.813084 0.727273
vt 0.813084 0.818182
vt 0.813084 0.909091
vt 0.813084 1.000000
vt 0.822430 0.000000
vt 0.822430 0.090909
vt 0.822430 0.181818
vt 0.822430 0.272727
vt 0.813084 0.454545
vt 0.822430 0.363636
vt 0.822430 0.545455
vt 0.822430 0.636364
vt 0.822430 0.727273
vt 0.822430 0.818182
vt 0.822430 0.909091
vt 0.822430 1.000000
vt 0.831776 0.000000
vt 0.831776 0.090909
vt 0.831776 0.181818
vt 0.831776 0.272727
vt 0.822430 0.454545
vt 0.831776 0.363636
vt 0.831776 0.545455
vt 0.831776 0.636364
vt 0.831776 0.727273
vt 0.831776 0.818182
vt 0.831776 0.909091
vt 0.831776 1.000000
vt 0.841121 0.000000
vt 0.841121 0.090909
vt 0.841121 0.181818
vt 0.841121 0.272727
vt 0.831776 0.454545
vt 0.841121 0.363636
vt 0.841121 0.545455
vt 0.841121 0.636364
vt 0.841121 0.727273
vt 0.841121 0.818182
vt 0.841121 0.909091
vt 0.841121 1.000000
vt 0.850467 0.000000
vt 0.850467 0.090909
vt 0.850467 0.181818
vt 0.850467 0.272727
vt 0.841121 0.454545
vt 0.850467 0.363636
vt 0.850467 0.545455
vt 0.850467 0.636364
vt 0.850467 0.727273
vt 0.850467 0.818182
vt 0.850467 0.909091
vt 0.850467 1.000000
vt 0.859813 0.090909
vt 0.859813 0.181818
vt 0.859813 0.272727
vt 0.859813 0.363636
vt 0.859813 0.454545
vt 0.850467 0.454545
vt 0.859813 0.545455
vt 0.859813 0.636364
vt 0.859813 0.727273
vt 0.859813 0.818182
vt 0.859813 0.909091
vt 0.869159 0.090909
vt 0.859813 0.000000
vt 0.869159 0.181818
vt 0.869159 0.272727
vt 0.869159 0.363636
vt 0.869159 0.454545
vt 0.869159 0.545455
vt 0.869159 0.636364
vt 0.869159 0.727273
vt 0.869159 0.818182
vt 0.859813 1.000000
vt 0.869159 0.909091
vt 0.878505 0.090909
vt 0.869159 0.000000
vt 0.878505 0.181818
vt 0.878505 0.272727
vt 0.878505 0.363636
vt 0.878505 0.454545
vt 0.878505 0.545455
vt 0.878505 0.636364
vt 0.878505 0.727273
vt 0.878505 0.818182
vt 0.869159 1.000000
vt 0.878505 0.909091
vt 0.887850 0.090909
vt 0.878505 0.000000
vt 0.887850 0.181818
vt 0.887850 0.272727
vt 0.887850 0.363636
vt 0.887850 0.454545
vt 0.887850 0.545455
vt 0.887850 0.636364
vt 0.887850 0.727273
vt 0.887850 0.818182
vt 0.878505 1.000000
vt 0.887850 0.909091
vt 0.897196 0.000000
vt 0.887850 0.000000
vt 0.897196 0.090909
vt 0.897196 0.181818
vt 0.897196 0.272727
vt 0.897196 0.363636
vt 0.897196 0.545455
vt 0.897196 0.636364
vt 0.897196 0.727273
vt 0.897196 0.818182
vt 0.897196 0.909091
vt 0.897196 1.000000
vt 0.887850 1.000000
vt 0.906542 0.000000
vt 0.906542 0.090909
vt 0.906542 0.181818
vt 0.906542 0.272727
vt 0.897196 0.454545
vt 0.906542 0.363636
vt 0.906542 0.545455
vt 0.906542 0.636364
vt 0.906542 0.727273
vt 0.906542 0.818182
vt 0.906542 0.909091
vt 0.906542 1.000000
vt 0.915888 0.000000
vt 0.915888 0.090909
vt 0.915888 0.181818
vt 0.915888 0.272727
vt 0.906542 0.454545
vt 0.915888 0.363636
vt 0.915888 0.545455
vt 0.915888 0.636364
vt 0.915888 0.727273
vt 0.915888 0.818182
vt 0.915888 0.909091
vt 0.915888 1.000000
vt 0.925234 0.000000
vt 0.925234 0.090909
vt 0.925234 0.181818
vt 0.925234 0.272727
vt 0.915888 0.454545
vt 0.925234 0.363636
vt 0.925234 0.545455
vt 0.925234 0.636364
vt 0.925234 0.727273
vt 0.925234 0.818182
vt 0.925234 0.909091
vt 0.925234 1.000000
vt 0.934579 0.000000
vt 0.934579 0.090909
vt 0.934579 0.181818
vt 0.934579 0.272727
vt 0.925234 0.454545
vt 0.934579 0.363636
vt 0.934579 0.545455
vt 0.934579 0.636364
vt 0.934579 0.727273
vt 0.934579 0.818182
vt 0.934579 0.909091
vt 0.934579 1.000000
vt 0.943925 0.000000
vt 0.943925 0.090909
vt 0.943925 0.181818
vt 0.943925 0.272727
vt 0.934579 0.454545
vt 0.943925 0.363636
vt 0.943925 0.545455
vt 0.943925 0.636364
vt 0.943925 0.727273
vt 0.943925 0.818182
vt 0.943925 0.909091
vt 0.943925 1.000000
vt 0.953271 0.090909
vt 0.953271 0.181818
vt 0.953271 0.272727
vt 0.953271 0.363636
vt 0.953271 0.454545
vt 0.943925 0.454545
vt 0.953271 0.545455
vt 0.953271 0.636364
vt 0.953271 0.727273
vt 0.953271 0.818182
vt 0.953271 0.909091
vt 0.962617 0.000000
vt 0.953271 0.000000
vt 0.962617 0.090909
vt 0.962617 0.181818
vt 0.962617 0.272727
vt 0.962617 0.363636
vt 0.962617 0.545455
vt 0.962617 0.636364
vt 0.962617 0.727273
vt 0.962617 0.818182
vt 0.962617 0.909091
vt 0.962617 1.000000
vt 0.953271 1.000000
vt 0.971963 0.090909
vt 0.971963 0.181818
vt 0.971963 0.272727
vt 0.971963 0.363636
vt 0.971963 0.454545
vt 0.962617 0.454545
vt 0.971963 0.545455
vt 0.971963 0.636364
vt 0.971963 0.727273
vt 0.971963 0.909091
vt 0.971963 1.000000
vt 0.981308 0.090909
vt 0.971963 0.000000
vt 0.981308 0.181818
vt 0.981308 0.272727
vt 0.981308 0.363636
vt 0.981308 0.454545
vt 0.981308 0.545455
vt 0.981308 0.636364
vt 0.981308 0.727273
vt 0.981308 0.818182
vt 0.971963 0.818182
vt 0.981308 0.909091
vt 0.981308 1.000000
vt 0.990654 0.090909
vt 0.981308 0.000000
vt 0.990654 0.181818
vt 0.990654 0.272727
vt 0.990654 0.363636
vt 0.990654 0.454545
vt 0.990654 0.545455
vt 0.990654 0.636364
vt 0.990654 0.727273
vt 0.990654 0.909091
vt 0.990654 1.000000
vt 0.990654 0.000000
vt 0.990654 0.818182
vt 0.013514 0.000000
vt 0.013514 0.090909
vt 0.013514 0.181818
vt 0.013514 0.272727
vt 0.013514 0.363636
vt 0.013514 0.545455
vt 0.013514 0.636364
vt 0.013514 0.727273
vt 0.013514 0.818182
vt 0.013514 0.909091
vt 0.013514 1.000000
vt 0.013514 0.454545
vt 0.040541 0.000000
vt 0.040541 0.090909
vt 0.040541 0.181818
vt 0.040541 0.272727
vt 0.040541 0.363636
vt 0.040541 0.545455
vt 0.040541 0.636364
vt 0.040541 0.727273
vt 0.040541 0.818182
vt 0.040541 0.909091
vt 0.040541 1.000000
vt 0.040541 0.454545
vt 0.067568 0.000000
vt 0.067568 0.090909
vt 0.067568 0.181818
vt 0.067568 0.272727
vt 0.067568 0.363636
vt 0.067568 0.545455
vt 0.067568 0.636364
vt 0.067568 0.727273
vt 0.067568 0.818182
vt 0.067568 0.909091
vt 0.067568 1.000000
vt 0.067568 0.454545
vt 0.094595 0.090909
vt 0.094595 0.181818
vt 0.094595 0.272727
vt 0.094595 0.363636
vt 0.094595 0.454545
vt 0.094595 0.545455
vt 0.094595 0.636364
vt 0.094595 0.727273
vt 0.094595 0.818182
vt 0.094595 0.909091
vt 0.094595 0.000000
vt 0.094595 1.000000
vt 0.121622 0.090909
vt 0.121622 0.181818
vt 0.121622 0.272727
vt 0.121622 0.363636
vt 0.121622 0.454545
vt 0.121622 0.545455
vt 0.121622 0.636364
vt 0.121622 0.727273
vt 0.121622 0.818182
vt 0.121622 0.909091
vt 0.121622 0.000000
vt 0.121622 1.000000
vt 0.148649 0.000000
vt 0.148649 0.090909
vt 0.148649 0.181818
vt 0.148649 0.272727
vt 0.148649 0.363636
vt 0.148649 0.545455
vt 0.148649 0.636364
vt 0.148649 0.727273
vt 0.148649 0.818182
vt 0.148649 0.909091
vt 0.148649 1.000000
vt 0.148649 0.454545
vt 0.175676 0.000000
vt 0.175676 0.090909
vt 0.175676 0.181818
vt 0.175676 0.272727
vt 0.175676 0.363636
vt 0.175676 0.545455
vt 0.175676 0.636364
vt 0.175676 0.727273
vt 0.175676 0.818182
vt 0.175676 0.909091
vt 0.175676 1.000000
vt 0.175676 0.454545
vt 0.202703 0.090909
vt 0.202703 0.181818
vt 0.202703 0.272727
vt 0.202703 0.363636
vt 0.202703 0.454545
vt 0.202703 0.545455
vt 0.202703 0.636364
vt 0.202703 0.727273
vt 0.202703 0.818182
vt 0.202703 0.909091
vt 0.202703 0.000000
vt 0.202703 1.000000
vt 0.229730 0.090909
vt 0.229730 0.181818
vt 0.229730 0.272727
vt 0.229730 0.363636
vt 0.229730 0.454545
vt 0.229730 0.545455
vt 0.229730 0.636364
vt 0.229730 0.727273
vt 0.229730 0.818182
vt 0.229730 0.909091
vt 0.229730 0.000000
vt 0.229730 1.000000
vt 0.256757 0.090909
vt 0.256757 0.181818
vt 0.256757 0.272727
vt 0.256757 0.363636
vt 0.256757 0.454545
vt 0.256757 0.545455
vt 0.256757 0.636364
vt 0.256757 0.727273
vt 0.256757 0.818182
vt 0.256757 0.909091
vt 0.256757 0.000000
vt 0.256757 1.000000
vt 0.283784 0.090909
vt 0.283784 0.181818
vt 0.283784 0.272727
vt 0.283784 0.363636
vt 0.283784 0.454545
vt 0.283784 0.545455
vt 0.283784 0.636364
vt 0.283784 0.727273
vt 0.283784 0.818182
vt 0.283784 0.909091
vt 0.283784 0.000000
vt 0.283784 1.000000
vt 0.310811 0.090909
vt 0.310811 0.181818
vt 0.310811 0.272727
vt 0.310811 0.363636
vt 0.310811 0.454545
vt 0.310811 0.545455
vt 0.310811 0.636364
vt 0.310811 0.727273
vt 0.310811 0.818182
vt 0.310811 0.909091
vt 0.310811 0.000000
vt 0.310811 1.000000
vt 0.337838 0.000000
vt 0.337838 0.090909
vt 0.337838 0.181818
vt 0.337838 0.272727
vt 0.337838 0.363636
vt 0.337838 0.545455
vt 0.337838 0.636364
vt 0.337838 0.727273
vt 0.337838 0.818182
vt 0.337838 0.909091
vt 0.337838 1.000000
vt 0.337838 0.454545
vt 0.364865 0.000000
vt 0.364865 0.090909
vt 0.364865 0.181818
vt 0.364865 0.272727
vt 0.364865 0.363636
vt 0.364865 0.545455
vt 0.364865 0.636364
vt 0.364865 0.727273
vt 0.364865 0.818182
vt 0.364865 0.909091
vt 0.364865 1.000000
vt 0.364865 0.454545
vt 0.391892 0.000000
vt 0.391892 0.090909
vt 0.391892 0.181818
vt 0.391892 0.272727
vt 0.391892 0.363636
vt 0.391892 0.545455
vt 0.391892 0.636364
vt 0.391892 0.727273
vt 0.391892 0.818182
vt 0.391892 0.909091
vt 0.391892 1.000000
vt 0.391892 0.454545
vt 0.418919 0.000000
vt 0.418919 0.181818
vt 0.418919 0.363636
vt 0.418919 0.545455
vt 0.418919 0.636364
vt 0.418919 0.727273
vt 0.418919 0.818182
vt 0.418919 1.000000
vt 0.418919 0.090909
vt 0.418919 0.272727
vt 0.418919 0.454545
vt 0.418919 0.909091
vt 0.445946 0.090909
vt 0.445946 0.181818
vt 0.445946 0.272727
vt 0.445946 0.363636
vt 0.445946 0.454545
vt 0.445946 0.545455
vt 0.445946 0.636364
vt 0.445946 0.727273
vt 0.445946 0.818182
vt 0.445946 0.909091
vt 0.445946 0.000000
vt 0.445946 1.000000
vt 0.472973 0.090909
vt 0.472973 0.181818
vt 0.472973 0.272727
vt 0.472973 0.363636
vt 0.472973 0.454545
vt 0.472973 0.545455
vt 0.472973 0.636364
vt 0.472973 0.727273
vt 0.472973 0.818182
vt 0.472973 0.909091
vt 0.472973 0.000000
vt 0.472973 1.000000
vt 0.527027 0.000000
vt 0.527027 0.090909
vt 0.527027 0.181818
vt 0.527027 0.272727
vt 0.527027 0.363636
vt 0.527027 0.545455
vt 0.527027 0.636364
vt 0.527027 0.727273
vt 0.527027 0.818182
vt 0.527027 0.909091
vt 0.527027 1.000000
vt 0.527027 0.454545
vt 0.554054 0.090909
vt 0.554054 0.181818
vt 0.554054 0.272727
vt 0.554054 0.363636
vt 0.554054 0.454545
vt 0.554054 0.545455
vt 0.554054 0.636364
vt 0.554054 0.727273
vt 0.554054 0.818182
vt 0.554054 0.909091
vt 0.554054 0.000000
vt 0.554054 1.000000
vt 0.581081 0.090909
vt 0.581081 0.181818
vt 0.581081 0.272727
vt 0.581081 0.363636
vt 0.581081 0.454545
vt 0.581081 0.545455
vt 0.581081 0.636364
vt 0.581081 0.727273
vt 0.581081 0.818182
vt 0.581081 0.909091
vt 0.581081 0.000000
vt 0.581081 1.000000
vt 0.608108 0.090909
vt 0.608108 0.181818
vt 0.608108 0.272727
vt 0.608108 0.363636
vt 0.608108 0.454545
vt 0.608108 0.545455
vt 0.608108 0.636364
vt 0.608108 0.727273
vt 0.608108 0.818182
vt 0.608108 0.909091
vt 0.608108 0.000000
vt 0.608108 1.000000
vt 0.635135 0.000000
vt 0.635135 0.090909
vt 0.635135 0.181818
vt 0.635135 0.272727
vt 0.635135 0.363636
vt 0.635135 0.545455
vt 0.635135 0.636364
vt 0.635135 0.727273
vt 0.635135 0.818182
vt 0.635135 0.909091
vt 0.635135 1.000000
vt 0.635135 0.454545
vt 0.662162 0.000000
vt 0.662162 0.090909
vt 0.662162 0.272727
vt 0.662162 0.363636
vt 0.662162 0.454545
vt 0.662162 0.545455
vt 0.662162 0.636364
vt 0.662162 0.727273
vt 0.662162 0.818182
vt 0.662162 1.000000
vt 0.662162 0.181818
vt 0.662162 0.909091
vt 0.689189 0.090909
vt 0.689189 0.181818
vt 0.689189 0.272727
vt 0.689189 0.363636
vt 0.689189 0.454545
vt 0.689189 0.545455
vt 0.689189 0.636364
vt 0.689189 0.727273
vt 0.689189 0.818182
vt 0.689189 0.909091
vt 0.689189 0.000000
vt 0.689189 1.000000
vt 0.716216 0.090909
vt 0.716216 0.181818
vt 0.716216 0.272727
vt 0.716216 0.363636
vt 0.716216 0.454545
vt 0.716216 0.545455
vt 0.716216 0.636364
vt 0.716216 0.727273
vt 0.716216 0.818182
vt 0.716216 0.909091
vt 0.716216 0.000000
vt 0.716216 1.000000
vt 0.743243 0.000000
vt 0.743243 0.090909
vt 0.743243 0.181818
vt 0.743243 0.272727
vt 0.743243 0.363636
vt 0.743243 0.545455
vt 0.743243 0.636364
vt 0.743243 0.727273
vt 0.743243 0.818182
vt 0.743243 0.909091
vt 0.743243 1.000000
vt 0.743243 0.454545
vt 0.770270 0.000000
vt 0.770270 0.090909
vt 0.770270 0.181818
vt 0.770270 0.272727
vt 0.770270 0.363636
vt 0.770270 0.545455
vt 0.770270 0.636364
vt 0.770270 0.727273
vt 0.770270 0.818182
vt 0.770270 0.909091
vt 0.770270 1.000000
vt 0.770270 0.454545
vt 0.797297 0.000000
vt 0.797297 0.090909
vt 0.797297 0.181818
vt 0.797297 0.272727
vt 0.797297 0.363636
vt 0.797297 0.545455
vt 0.797297 0.636364
vt 0.797297 0.727273
vt 0.797297 0.818182
vt 0.797297 0.909091
vt 0.797297 1.000000
vt 0.797297 0.454545
vt 0.824324 0.000000
vt 0.824324 0.090909
vt 0.824324 0.181818
vt 0.824324 0.272727
vt 0.824324 0.363636
vt 0.824324 0.545455
vt 0.824324 0.636364
vt 0.824324 0.727273
vt 0.824324 0.818182
vt 0.824324 0.909091
vt 0.824324 1.000000
vt 0.824324 0.454545
vt 0.851351 0.000000
vt 0.851351 0.090909
vt 0.851351 0.181818
vt 0.851351 0.272727
vt 0.851351 0.363636
vt 0.851351 0.545455
vt 0.851351 0.636364
vt 0.851351 0.727273
vt 0.851351 0.818182
vt 0.851351 0.909091
vt 0.851351 1.000000
vt 0.851351 0.454545
vt 0.878378 0.000000
vt 0.878378 0.090909
vt 0.878378 0.181818
vt 0.878378 0.272727
vt 0.878378 0.363636
vt 0.878378 0.545455
vt 0.878378 0.636364
vt 0.878378 0.727273
vt 0.878378 0.818182
vt 0.878378 0.909091
vt 0.878378 1.000000
vt 0.878378 0.454545
vt 0.905405 0.000000
vt 0.905405 0.090909
vt 0.905405 0.181818
vt 0.905405 0.272727
vt 0.905405 0.363636
vt 0.905405 0.545455
vt 0.905405 0.636364
vt 0.905405 0.727273
vt 0.905405 0.818182
vt 0.905405 0.909091
vt 0.905405 1.000000
vt 0.905405 0.454545
vt 0.932432 0.000000
vt 0.932432 0.090909
vt 0.932432 0.181818
vt 0.932432 0.272727
vt 0.932432 0.363636
vt 0.932432 0.545455
vt 0.932432 0.636364
vt 0.932432 0.727273
vt 0.932432 0.818182
vt 0.932432 0.909091
vt 0.932432 1.000000
vt 0.932432 0.454545
vt 0.959459 0.000000
vt 0.959459 0.090909
vt 0.959459 0.181818
vt 0.959459 0.272727
vt 0.959459 0.363636
vt 0.959459 0.545455
vt 0.959459 0.636364
vt 0.959459 0.727273
vt 0.959459 0.818182
vt 0.959459 0.909091
vt 0.959459 1.000000
vt 0.959459 0.454545
vt 0.986486 0.090909
vt 0.986486 0.181818
vt 0.986486 0.272727
vt 0.986486 0.363636
vt 0.986486 0.454545
vt 0.986486 0.545455
vt 0.986486 0.636364
vt 0.986486 0.727273
vt 0.986486 0.818182
vt 0.986486 0.909091
vt 0.986486 0.000000
vt 0.986486 1.000000
vt 0.040000 0.090909
vt 0.040000 0.181818
vt 0.040000 0.272727
vt 0.040000 0.363636
vt 0.040000 0.454545
vt 0.040000 0.545455
vt 0.040000 0.636364
vt 0.040000 0.727273
vt 0.040000 0.818182
vt 0.040000 0.909091
vt 0.080000 0.090909
vt 0.040000 0.000000
vt 0.080000 0.181818
vt 0.080000 0.272727
vt 0.080000 0.363636
vt 0.080000 0.454545
vt 0.080000 0.545455
vt 0.080000 0.636364
vt 0.080000 0.727273
vt 0.080000 0.818182
vt 0.040000 1.000000
vt 0.080000 0.909091
vt 0.120000 0.090909
vt 0.080000 0.000000
vt 0.120000 0.181818
vt 0.120000 0.272727
vt 0.120000 0.363636
vt 0.120000 0.454545
vt 0.120000 0.545455
vt 0.120000 0.636364
vt 0.120000 0.727273
vt 0.120000 0.818182
vt 0.080000 1.000000
vt 0.120000 0.909091
vt 0.160000 0.090909
vt 0.120000 0.000000
vt 0.160000 0.181818
vt 0.160000 0.272727
vt 0.160000 0.363636
vt 0.160000 0.454545
vt 0.160000 0.545455
vt 0.160000 0.636364
vt 0.160000 0.727273
vt 0.160000 0.818182
vt 0.120000 1.000000
vt 0.160000 0.909091
vt 0.200000 0.090909
vt 0.160000 0.000000
vt 0.200000 0.181818
vt 0.200000 0.272727
vt 0.200000 0.363636
vt 0.200000 0.454545
vt 0.200000 0.545455
vt 0.200000 0.636364
vt 0.200000 0.727273
vt 0.200000 0.818182
vt 0.160000 1.000000
vt 0.200000 0.909091
vt 0.240000 0.090909
vt 0.200000 0.000000
vt 0.240000 0.181818
vt 0.240000 0.272727
vt 0.240000 0.363636
vt 0.240000 0.454545
vt 0.240000 0.545455
vt 0.240000 0.636364
vt 0.240000 0.727273
vt 0.240000 0.818182
vt 0.200000 1.000000
vt 0.240000 0.909091
vt 0.280000 0.000000
vt 0.240000 0.000000
vt 0.280000 0.090909
vt 0.280000 0.181818
vt 0.280000 0.272727
vt 0.280000 0.363636
vt 0.280000 0.545455
vt 0.280000 0.636364
vt 0.280000 0.727273
vt 0.280000 0.818182
vt 0.280000 0.909091
vt 0.280000 1.000000
vt 0.240000 1.000000
vt 0.320000 0.000000
vt 0.320000 0.090909
vt 0.320000 0.181818
vt 0.320000 0.272727
vt 0.280000 0.454545
vt 0.320000 0.363636
vt 0.320000 0.545455
vt 0.320000 0.636364
vt 0.320000 0.727273
vt 0.320000 0.818182
vt 0.320000 0.909091
vt 0.320000 1.000000
vt 0.360000 0.000000
vt 0.360000 0.090909
vt 0.360000 0.181818
vt 0.360000 0.272727
vt 0.320000 0.454545
vt 0.360000 0.363636
vt 0.360000 0.545455
vt 0.360000 0.636364
vt 0.360000 0.727273
vt 0.360000 0.818182
vt 0.360000 0.909091
vt 0.360000 1.000000
vt 0.400000 0.000000
vt 0.400000 0.090909
vt 0.400000 0.181818
vt 0.400000 0.272727
vt 0.360000 0.454545
vt 0.400000 0.363636
vt 0.400000 0.545455
vt 0.400000 0.636364
vt 0.400000 0.727273
vt 0.400000 0.818182
vt 0.400000 0.909091
vt 0.400000 1.000000
vt 0.440000 0.000000
vt 0.440000 0.090909
vt 0.440000 0.181818
vt 0.440000 0.272727
vt 0.400000 0.454545
vt 0.440000 0.363636
vt 0.440000 0.545455
vt 0.440000 0.636364
vt 0.440000 0.727273
vt 0.440000 0.818182
vt 0.440000 0.909091
vt 0.440000 1.000000
vt 0.480000 0.090909
vt 0.480000 0.181818
vt 0.480000 0.272727
vt 0.480000 0.363636
vt 0.480000 0.454545
vt 0.440000 0.454545
vt 0.480000 0.545455
vt 0.480000 0.636364
vt 0.480000 0.727273
vt 0.480000 0.818182
vt 0.480000 0.909091
vt 0.520000 0.090909
vt 0.480000 0.000000
vt 0.520000 0.181818
vt 0.520000 0.272727
vt 0.520000 0.363636
vt 0.520000 0.454545
vt 0.520000 0.545455
vt 0.520000 0.636364
vt 0.520000 0.727273
vt 0.520000 0.818182
vt 0.480000 1.000000
vt 0.520000 0.909091
vt 0.560000 0.090909
vt 0.520000 0.000000
vt 0.560000 0.181818
vt 0.560000 0.272727
vt 0.560000 0.363636
vt 0.560000 0.454545
vt 0.560000 0.545455
vt 0.560000 0.636364
vt 0.560000 0.727273
vt 0.560000 0.818182
vt 0.520000 1.000000
vt 0.560000 0.909091
vt 0.600000 0.090909
vt 0.560000 0.000000
vt 0.600000 0.181818
vt 0.600000 0.272727
vt 0.600000 0.363636
vt 0.600000 0.454545
vt 0.600000 0.545455
vt 0.600000 0.636364
vt 0.600000 0.727273
vt 0.600000 0.818182
vt 0.560000 1.000000
vt 0.600000 0.909091
vt 0.640000 0.090909
vt 0.600000 0.000000
vt 0.640000 0.181818
vt 0.640000 0.272727
vt 0.640000 0.363636
vt 0.640000 0.454545
vt 0.640000 0.545455
vt 0.640000 0.636364
vt 0.640000 0.727273
vt 0.640000 0.818182
vt 0.600000 1.000000
vt 0.640000 0.909091
vt 0.680000 0.000000
vt 0.640000 0.000000
vt 0.680000 0.090909
vt 0.680000 0.181818
vt 0.680000 0.272727
vt 0.680000 0.363636
vt 0.680000 0.545455
vt 0.680000 0.636364
vt 0.680000 0.727273
vt 0.680000 0.818182
vt 0.680000 0.909091
vt 0.680000 1.000000
vt 0.640000 1.000000
vt 0.720000 0.000000
vt 0.720000 0.090909
vt 0.720000 0.181818
vt 0.720000 0.272727
vt 0.680000 0.454545
vt 0.720000 0.363636
vt 0.720000 0.545455
vt 0.720000 0.636364
vt 0.720000 0.727273
vt 0.720000 0.818182
vt 0.720000 0.909091
vt 0.720000 1.000000
vt 0.760000 0.000000
vt 0.760000 0.090909
vt 0.760000 0.181818
vt 0.760000 0.272727
vt 0.720000 0.454545
vt 0.760000 0.363636
vt 0.760000 0.545455
vt 0.760000 0.636364
vt 0.760000 0.727273
vt 0.760000 0.818182
vt 0.760000 0.909091
vt 0.760000 1.000000
vt 0.800000 0.000000
vt 0.800000 0.090909
vt 0.800000 0.181818
vt 0.800000 0.272727
vt 0.760000 0.454545
vt 0.800000 0.363636
vt 0.800000 0.545455
vt 0.800000 0.636364
vt 0.800000 0.727273
vt 0.800000 0.818182
vt 0.800000 0.909091
vt 0.800000 1.000000
vt 0.840000 0.000000
vt 0.840000 0.090909
vt 0.840000 0.181818
vt 0.840000 0.272727
vt 0.800000 0.454545
vt 0.840000 0.363636
vt 0.840000 0.545455
vt 0.840000 0.636364
vt 0.840000 0.727273
vt 0.840000 0.818182
vt 0.840000 0.909091
vt 0.840000 1.000000
vt 0.880000 0.000000
vt 0.880000 0.090909
vt 0.880000 0.181818
vt 0.880000 0.272727
vt 0.840000 0.454545
vt 0.880000 0.363636
vt 0.880000 0.545455
vt 0.880000 0.636364
vt 0.880000 0.727273
vt 0.880000 0.818182
vt 0.880000 0.909091
vt 0.880000 1.000000
vt 0.920000 0.090909
vt 0.920000 0.181818
vt 0.920000 0.272727
vt 0.880000 0.454545
vt 0.920000 0.363636
vt 0.920000 0.545455
vt 0.920000 0.636364
vt 0.920000 0.727273
vt 0.920000 0.818182
vt 0.920000 0.909091
vt 0.960000 0.000000
vt 0.920000 0.000000
vt 0.960000 0.090909
vt 0.960000 0.181818
vt 0.960000 0.272727
vt 0.920000 0.454545
vt 0.960000 0.363636
vt 0.960000 0.545455
vt 0.960000 0.636364
vt 0.960000 0.727273
vt 0.960000 0.818182
vt 0.960000 0.909091
vt 0.960000 1.000000
vt 0.920000 1.000000
vt 0.960000 0.454545
s 0
usemtl マテリアル.001
f 35/1/1 37/2/1 36/3/1
f 35/1/1 38/4/1 37/2/1
f 34/5/1 38/4/1 35/1/1
f 34/5/1 39/6/1 38/4/1
f 33/7/1 39/6/1 34/5/1
f 33/7/1 40/8/1 39/6/1
f 32/9/1 40/8/1 33/7/1
f 32/9/1 41/10/1 40/8/1
f 31/11/1 41/10/1 32/9/1
f 31/11/1 42/12/1 41/10/1
f 30/13/1 42/12/1 31/11/1
f 30/13/1 43/14/1 42/12/1
f 29/15/1 86/16/1 30/13/1
f 86/16/1 43/14/1 30/13/1
f 29/15/1 87/17/1 86/16/1
f 85/18/1 43/14/1 86/16/1
f 29/15/1 88/19/1 87/17/1
f 84/20/1 43/14/1 85/18/1
f 29/15/1 89/21/1 88/19/1
f 83/22/1 43/14/1 84/20/1
f 83/22/1 44/23/1 43/14/1
f 29/15/1 90/24/1 89/21/1
f 28/25/1 90/24/1 29/15/1
f 82/26/1 44/23/1 83/22/1
f 28/25/1 91/27/1 90/24/1
f 81/28/1 44/23/1 82/26/1
f 28/25/1 92/29/1 91/27/1
f 80/30/1 44/23/1 81/28/1
f 28/25/1 93/31/1 92/29/1
f 79/32/1 44/23/1 80/30/1
f 27/33/1 93/31/1 28/25/1
f 79/32/1 45/34/1 44/23/1
f 27/33/1 94/35/1 93/31/1
f 78/36/1 45/34/1 79/32/1
f 27/33/1 95/37/1 94/35/1
f 77/38/1 45/34/1 78/36/1
f 26/39/1 95/37/1 27/33/1
f 77/38/1 46/40/1 45/34/1
f 26/39/1 96/41/1 95/37/1
f 76/42/1 46/40/1 77/38/1
f 26/39/1 97/43/1 96/41/1
f 75/44/1 46/40/1 76/42/1
f 25/45/1 97/43/1 26/39/1
f 25/45/1 98/46/1 97/43/1
f 75/44/1 47/47/1 46/40/1
f 99/48/1 47/47/1 75/44/1
f 25/45/1 99/48/1 98/46/1
f 25/45/1 47/47/1 99/48/1
f 24/49/1 47/47/1 25/45/1
f 24/49/1 48/50/1 47/47/1
f 23/51/1 49/52/1 24/49/1
f 49/52/1 48/50/1 24/49/1
f 23/51/1 50/53/1 49/52/1
f 22/54/1 50/53/1 23/51/1
f 22/54/1 51/55/1 50/53/1
f 22/54/1 52/56/1 51/55/1
f 21/57/1 52/56/1 22/54/1
f 21/57/1 53/58/1 52/56/1
f 20/59/1 53/58/1 21/57/1
f 20/59/1 54/60/1 53/58/1
f 72/61/1 74/62/1 73/63/1
f 20/59/1 55/64/1 54/60/1
f 71/65/1 74/62/1 72/61/1
f 70/66/1 74/62/1 71/65/1
f 19/67/1 55/64/1 20/59/1
f 19/67/1 56/68/1 55/64/1
f 69/69/1 74/62/1 70/66/1
f 68/70/1 74/62/1 69/69/1
f 19/67/1 57/71/1 56/68/1
f 67/72/1 74/62/1 68/70/1
f 19/67/1 58/73/1 57/71/1
f 66/74/1 74/62/1 67/72/1
f 18/75/1 58/73/1 19/67/1
f 65/76/1 74/62/1 66/74/1
f 18/75/1 59/77/1 58/73/1
f 64/78/1 74/62/1 65/76/1
f 18/75/1 60/79/1 59/77/1
f 63/80/1 74/62/1 64/78/1
f 62/81/1 74/62/1 63/80/1
f 18/75/1 61/82/1 60/79/1
f 61/82/1 74/62/1 62/81/1
f 18/75/1 74/62/1 61/82/1
f 17/83/1 74/62/1 18/75/1
f 17/83/1 1/84/1 74/62/1
f 16/85/1 1/84/1 17/83/1
f 16/85/1 2/86/1 1/84/1
f 16/85/1 3/87/1 2/86/1
f 15/88/1 3/87/1 16/85/1
f 15/88/1 4/89/1 3/87/1
f 15/88/1 5/90/1 4/89/1
f 14/91/1 5/90/1 15/88/1
f 14/91/1 6/92/1 5/90/1
f 14/91/1 7/93/1 6/92/1
f 13/94/1 7/93/1 14/91/1
f 13/94/1 8/95/1 7/93/1
f 13/94/1 9/96/1 8/95/1
f 13/94/1 10/97/1 9/96/1
f 12/98/1 10/97/1 13/94/1
f 12/98/1 11/99/1 10/97/1
f 111/100/1 113/101/1 112/102/1
f 135/103/1 137/104/1 136/105/1
f 110/106/1 113/101/1 111/100/1
f 110/106/1 114/107/1 113/101/1
f 134/108/1 137/104/1 135/103/1
f 134/108/1 138/109/1 137/104/1
f 109/110/1 114/107/1 110/106/1
f 109/110/1 115/111/1 114/107/1
f 133/112/1 138/109/1 134/108/1
f 108/113/1 115/111/1 109/110/1
f 108/113/1 116/114/1 115/111/1
f 133/112/1 139/115/1 138/109/1
f 132/116/1 139/115/1 133/112/1
f 107/117/1 116/114/1 108/113/1
f 204/118/1 206/48/1 205/119/1
f 204/118/1 100/84/1 206/48/1
f 107/117/1 117/120/1 116/114/1
f 131/121/1 139/115/1 132/116/1
f 106/122/1 117/120/1 107/117/1
f 131/121/1 140/123/1 139/115/1
f 106/122/1 118/124/1 117/120/1
f 105/125/1 118/124/1 106/122/1
f 130/126/1 140/123/1 131/121/1
f 105/125/1 119/127/1 118/124/1
f 130/126/1 141/128/1 140/123/1
f 104/129/1 119/127/1 105/125/1
f 129/130/1 141/128/1 130/126/1
f 104/129/1 120/131/1 119/127/1
f 103/132/1 120/131/1 104/129/1
f 128/133/1 141/128/1 129/130/1
f 128/133/1 142/134/1 141/128/1
f 103/132/1 121/135/1 120/131/1
f 102/136/1 121/135/1 103/132/1
f 127/137/1 142/134/1 128/133/1
f 102/136/1 122/138/1 121/135/1
f 101/139/1 122/138/1 102/136/1
f 127/137/1 143/140/1 142/134/1
f 126/141/1 143/140/1 127/137/1
f 101/139/1 123/142/1 122/138/1
f 100/84/1 123/142/1 101/139/1
f 125/143/1 143/140/1 126/141/1
f 125/143/1 163/144/1 143/140/1
f 163/144/1 144/145/1 143/140/1
f 204/118/1 202/146/1 100/84/1
f 202/146/1 201/147/1 100/84/1
f 201/147/1 200/148/1 100/84/1
f 200/148/1 199/149/1 100/84/1
f 199/149/1 198/150/1 100/84/1
f 198/150/1 197/151/1 100/84/1
f 197/151/1 196/152/1 100/84/1
f 196/152/1 195/153/1 100/84/1
f 195/153/1 194/154/1 100/84/1
f 194/154/1 193/155/1 100/84/1
f 193/155/1 192/156/1 100/84/1
f 192/156/1 191/157/1 100/84/1
f 191/157/1 123/142/1 100/84/1
f 191/157/1 190/158/1 123/142/1
f 190/158/1 124/159/1 123/142/1
f 124/159/1 164/160/1 125/143/1
f 164/160/1 163/144/1 125/143/1
f 189/161/1 124/159/1 190/158/1
f 162/162/1 144/145/1 163/144/1
f 124/159/1 165/163/1 164/160/1
f 188/164/1 124/159/1 189/161/1
f 161/165/1 144/145/1 162/162/1
f 124/159/1 166/166/1 165/163/1
f 187/167/1 124/159/1 188/164/1
f 160/168/1 144/145/1 161/165/1
f 124/159/1 167/169/1 166/166/1
f 186/170/1 124/159/1 187/167/1
f 186/170/1 167/169/1 124/159/1
f 159/171/1 144/145/1 160/168/1
f 186/170/1 168/172/1 167/169/1
f 159/171/1 145/173/1 144/145/1
f 185/174/1 168/172/1 186/170/1
f 185/174/1 169/175/1 168/172/1
f 158/176/1 145/173/1 159/171/1
f 185/174/1 170/177/1 169/175/1
f 184/178/1 170/177/1 185/174/1
f 157/179/1 145/173/1 158/176/1
f 184/178/1 171/180/1 170/177/1
f 183/181/1 171/180/1 184/178/1
f 156/182/1 145/173/1 157/179/1
f 183/181/1 172/183/1 171/180/1
f 156/182/1 146/184/1 145/173/1
f 182/185/1 172/183/1 183/181/1
f 182/185/1 173/186/1 172/183/1
f 155/187/1 146/184/1 156/182/1
f 182/185/1 174/188/1 173/186/1
f 181/189/1 174/188/1 182/185/1
f 154/190/1 146/184/1 155/187/1
f 181/189/1 175/191/1 174/188/1
f 154/190/1 147/192/1 146/184/1
f 180/193/1 175/191/1 181/189/1
f 204/118/1 203/194/1 202/146/1
f 180/193/1 176/195/1 175/191/1
f 153/53/1 147/192/1 154/190/1
f 179/196/1 176/195/1 180/193/1
f 152/197/1 147/192/1 153/53/1
f 152/197/1 148/198/1 147/192/1
f 178/199/1 176/195/1 179/196/1
f 151/200/1 148/198/1 152/197/1
f 151/200/1 149/201/1 148/198/1
f 177/202/1 176/195/1 178/199/1
f 150/203/1 149/201/1 151/200/1
f 304/204/1 306/205/1 305/206/1
f 303/207/1 306/205/1 304/204/1
f 303/207/1 307/208/1 306/205/1
f 302/209/1 307/208/1 303/207/1
f 301/210/1 307/208/1 302/209/1
f 301/210/1 308/211/1 307/208/1
f 300/212/1 308/211/1 301/210/1
f 300/212/1 309/213/1 308/211/1
f 299/214/1 309/213/1 300/212/1
f 298/215/1 309/213/1 299/214/1
f 298/215/1 310/216/1 309/213/1
f 297/217/1 310/216/1 298/215/1
f 297/217/1 311/218/1 310/216/1
f 296/219/1 311/218/1 297/217/1
f 295/220/1 311/218/1 296/219/1
f 295/220/1 312/221/1 311/218/1
f 294/222/1 312/221/1 295/220/1
f 294/222/1 313/223/1 312/221/1
f 293/224/1 313/223/1 294/222/1
f 292/225/1 291/226/1 293/224/1
f 291/226/1 290/227/1 293/224/1
f 290/227/1 289/228/1 293/224/1
f 289/228/1 288/229/1 293/224/1
f 288/229/1 287/230/1 293/224/1
f 287/230/1 286/231/1 293/224/1
f 286/231/1 285/232/1 293/224/1
f 285/232/1 284/233/1 293/224/1
f 284/233/1 283/234/1 293/224/1
f 283/234/1 282/235/1 293/224/1
f 282/235/1 313/223/1 293/224/1
f 282/235/1 281/236/1 313/223/1
f 281/236/1 280/237/1 313/223/1
f 280/237/1 314/238/1 313/223/1
f 280/237/1 279/239/1 314/238/1
f 279/239/1 315/240/1 314/238/1
f 278/241/1 315/240/1 279/239/1
f 277/242/1 315/240/1 278/241/1
f 276/243/1 315/240/1 277/242/1
f 275/244/1 315/240/1 276/243/1
f 274/245/1 315/240/1 275/244/1
f 274/245/1 316/246/1 315/240/1
f 273/247/1 316/246/1 274/245/1
f 272/248/1 316/246/1 273/247/1
f 271/249/1 316/246/1 272/248/1
f 271/249/1 317/250/1 316/246/1
f 270/251/1 317/250/1 271/249/1
f 269/252/1 317/250/1 270/251/1
f 269/252/1 318/253/1 317/250/1
f 268/254/1 318/253/1 269/252/1
f 267/255/1 318/253/1 268/254/1
f 266/256/1 380/48/1 267/255/1
f 380/48/1 318/253/1 267/255/1
f 265/257/1 380/48/1 266/256/1
f 264/258/1 380/48/1 265/257/1
f 263/259/1 380/48/1 264/258/1
f 262/260/1 380/48/1 263/259/1
f 262/260/1 344/261/1 380/48/1
f 379/262/1 318/253/1 380/48/1
f 262/260/1 345/263/1 344/261/1
f 261/264/1 345/263/1 262/260/1
f 261/264/1 346/265/1 345/263/1
f 260/266/1 346/265/1 261/264/1
f 260/266/1 347/267/1 346/265/1
f 259/268/1 347/267/1 260/266/1
f 259/268/1 348/269/1 347/267/1
f 259/268/1 349/270/1 348/269/1
f 258/271/1 349/270/1 259/268/1
f 258/271/1 350/272/1 349/270/1
f 257/273/1 350/272/1 258/271/1
f 257/273/1 351/274/1 350/272/1
f 257/273/1 352/275/1 351/274/1
f 256/276/1 352/275/1 257/273/1
f 256/276/1 353/277/1 352/275/1
f 256/276/1 354/278/1 353/277/1
f 255/279/1 354/278/1 256/276/1
f 255/279/1 355/280/1 354/278/1
f 254/281/1 355/280/1 255/279/1
f 254/281/1 356/282/1 355/280/1
f 254/281/1 357/283/1 356/282/1
f 253/284/1 357/283/1 254/281/1
f 253/284/1 358/285/1 357/283/1
f 253/284/1 359/286/1 358/285/1
f 378/287/1 318/253/1 379/262/1
f 252/288/1 359/286/1 253/284/1
f 377/289/1 318/253/1 378/287/1
f 252/288/1 360/290/1 359/286/1
f 376/291/1 318/253/1 377/289/1
f 341/292/1 343/293/1 342/294/1
f 376/291/1 319/295/1 318/253/1
f 252/288/1 361/296/1 360/290/1
f 340/297/1 343/293/1 341/292/1
f 375/298/1 319/295/1 376/291/1
f 375/298/1 320/299/1 319/295/1
f 339/300/1 343/293/1 340/297/1
f 251/301/1 361/296/1 252/288/1
f 251/301/1 362/302/1 361/296/1
f 375/298/1 321/303/1 320/299/1
f 374/304/1 321/303/1 375/298/1
f 338/305/1 343/293/1 339/300/1
f 374/304/1 322/306/1 321/303/1
f 373/307/1 322/306/1 374/304/1
f 337/308/1 343/293/1 338/305/1
f 251/301/1 363/309/1 362/302/1
f 373/307/1 323/310/1 322/306/1
f 336/311/1 343/293/1 337/308/1
f 372/312/1 323/310/1 373/307/1
f 372/312/1 324/313/1 323/310/1
f 335/314/1 343/293/1 336/311/1
f 251/301/1 364/315/1 363/309/1
f 372/312/1 325/316/1 324/313/1
f 371/317/1 325/316/1 372/312/1
f 334/318/1 343/293/1 335/314/1
f 371/317/1 326/319/1 325/316/1
f 250/320/1 364/315/1 251/301/1
f 333/321/1 343/293/1 334/318/1
f 250/320/1 365/322/1 364/315/1
f 370/323/1 326/319/1 371/317/1
f 370/323/1 327/324/1 326/319/1
f 332/325/1 343/293/1 333/321/1
f 370/323/1 328/326/1 327/324/1
f 331/327/1 343/293/1 332/325/1
f 369/328/1 328/326/1 370/323/1
f 369/328/1 329/329/1 328/326/1
f 330/330/1 343/293/1 331/327/1
f 369/328/1 330/330/1 329/329/1
f 250/320/1 366/331/1 365/322/1
f 369/328/1 343/293/1 330/330/1
f 368/332/1 343/293/1 369/328/1
f 250/320/1 367/333/1 366/331/1
f 367/333/1 343/293/1 368/332/1
f 250/320/1 230/334/1 367/333/1
f 230/334/1 343/293/1 367/333/1
f 249/335/1 230/334/1 250/320/1
f 249/335/1 231/336/1 230/334/1
f 229/337/1 343/293/1 230/334/1
f 248/338/1 231/336/1 249/335/1
f 248/338/1 232/339/1 231/336/1
f 228/340/1 343/293/1 229/337/1
f 228/340/1 207/84/1 343/293/1
f 247/341/1 232/339/1 248/338/1
f 247/341/1 233/342/1 232/339/1
f 227/343/1 207/84/1 228/340/1
f 227/343/1 208/344/1 207/84/1
f 247/341/1 234/345/1 233/342/1
f 226/346/1 208/344/1 227/343/1
f 246/347/1 234/345/1 247/341/1
f 226/346/1 209/348/1 208/344/1
f 246/347/1 235/349/1 234/345/1
f 225/350/1 209/348/1 226/346/1
f 225/350/1 210/351/1 209/348/1
f 245/352/1 235/349/1 246/347/1
f 245/352/1 236/353/1 235/349/1
f 224/354/1 210/351/1 225/350/1
f 224/354/1 211/355/1 210/351/1
f 245/352/1 237/356/1 236/353/1
f 223/357/1 211/355/1 224/354/1
f 223/357/1 212/358/1 211/355/1
f 244/359/1 237/356/1 245/352/1
f 244/359/1 238/360/1 237/356/1
f 222/361/1 212/358/1 223/357/1
f 222/361/1 213/362/1 212/358/1
f 244/359/1 239/363/1 238/360/1
f 222/361/1 214/364/1 213/362/1
f 221/365/1 214/364/1 222/361/1
f 243/366/1 239/363/1 244/359/1
f 221/365/1 215/367/1 214/364/1
f 243/366/1 240/368/1 239/363/1
f 220/369/1 215/367/1 221/365/1
f 220/369/1 216/370/1 215/367/1
f 243/366/1 241/371/1 240/368/1
f 219/372/1 216/370/1 220/369/1
f 242/373/1 241/371/1 243/366/1
f 219/372/1 217/374/1 216/370/1
f 218/375/1 217/374/1 219/372/1
f 415/376/1 417/377/1 416/378/1
f 415/376/1 418/379/1 417/377/1
f 415/376/1 419/380/1 418/379/1
f 415/376/1 420/381/1 419/380/1
f 414/382/1 420/381/1 415/376/1
f 414/382/1 421/383/1 420/381/1
f 414/382/1 422/384/1 421/383/1
f 414/382/1 423/385/1 422/384/1
f 413/386/1 423/385/1 414/382/1
f 413/386/1 424/387/1 423/385/1
f 413/386/1 425/388/1 424/387/1
f 412/389/1 425/388/1 413/386/1
f 412/389/1 426/390/1 425/388/1
f 412/389/1 427/391/1 426/390/1
f 411/392/1 427/391/1 412/389/1
f 411/392/1 428/393/1 427/391/1
f 411/392/1 439/394/1 428/393/1
f 439/394/1 438/395/1 428/393/1
f 438/395/1 437/396/1 428/393/1
f 437/396/1 436/397/1 428/393/1
f 436/397/1 435/398/1 428/393/1
f 435/398/1 434/399/1 428/393/1
f 434/399/1 433/400/1 428/393/1
f 433/400/1 432/401/1 428/393/1
f 432/401/1 431/402/1 428/393/1
f 431/402/1 430/403/1 428/393/1
f 430/403/1 429/404/1 428/393/1
f 410/405/1 441/406/1 411/392/1
f 441/406/1 440/407/1 411/392/1
f 440/407/1 439/394/1 411/392/1
f 410/405/1 442/408/1 441/406/1
f 410/405/1 443/409/1 442/408/1
f 410/405/1 444/410/1 443/409/1
f 409/411/1 444/410/1 410/405/1
f 409/411/1 445/412/1 444/410/1
f 409/411/1 446/413/1 445/412/1
f 408/414/1 446/413/1 409/411/1
f 408/414/1 447/415/1 446/413/1
f 408/414/1 448/416/1 447/415/1
f 407/417/1 448/416/1 408/414/1
f 407/417/1 449/418/1 448/416/1
f 406/419/1 449/418/1 407/417/1
f 406/419/1 450/420/1 449/418/1
f 406/419/1 451/421/1 450/420/1
f 405/422/1 451/421/1 406/419/1
f 405/422/1 452/423/1 451/421/1
f 404/424/1 452/423/1 405/422/1
f 404/424/1 453/425/1 452/423/1
f 404/424/1 454/426/1 453/425/1
f 403/427/1 454/426/1 404/424/1
f 479/428/1 481/429/1 480/430/1
f 479/428/1 478/431/1 481/429/1
f 478/431/1 482/48/1 481/429/1
f 403/427/1 455/432/1 454/426/1
f 402/433/1 455/432/1 403/427/1
f 402/433/1 456/434/1 455/432/1
f 477/435/1 482/48/1 478/431/1
f 401/436/1 456/434/1 402/433/1
f 401/436/1 457/437/1 456/434/1
f 401/436/1 458/438/1 457/437/1
f 400/439/1 458/438/1 401/436/1
f 400/439/1 459/440/1 458/438/1
f 399/441/1 459/440/1 400/439/1
f 399/441/1 460/442/1 459/440/1
f 399/441/1 461/443/1 460/442/1
f 398/444/1 461/443/1 399/441/1
f 398/444/1 462/445/1 461/443/1
f 476/446/1 482/48/1 477/435/1
f 475/447/1 482/48/1 476/446/1
f 474/448/1 482/48/1 475/447/1
f 398/444/1 463/449/1 462/445/1
f 473/450/1 482/48/1 474/448/1
f 472/451/1 482/48/1 473/450/1
f 471/452/1 482/48/1 472/451/1
f 398/444/1 464/453/1 463/449/1
f 397/454/1 464/453/1 398/444/1
f 470/455/1 482/48/1 471/452/1
f 469/456/1 482/48/1 470/455/1
f 468/457/1 482/48/1 469/456/1
f 397/454/1 465/458/1 464/453/1
f 467/459/1 482/48/1 468/457/1
f 466/460/1 482/48/1 467/459/1
f 465/458/1 482/48/1 466/460/1
f 397/454/1 482/48/1 465/458/1
f 396/461/1 482/48/1 397/454/1
f 396/461/1 381/84/1 482/48/1
f 396/461/1 382/462/1 381/84/1
f 395/463/1 382/462/1 396/461/1
f 395/463/1 383/464/1 382/462/1
f 395/463/1 384/465/1 383/464/1
f 394/466/1 384/465/1 395/463/1
f 394/466/1 385/467/1 384/465/1
f 394/466/1 386/468/1 385/467/1
f 394/466/1 387/469/1 386/468/1
f 393/470/1 387/469/1 394/466/1
f 393/470/1 388/471/1 387/469/1
f 393/470/1 389/472/1 388/471/1
f 393/470/1 390/473/1 389/472/1
f 392/474/1 390/473/1 393/470/1
f 392/474/1 391/475/1 390/473/1
f 517/1/2 518/3/2 519/2/2
f 517/1/2 519/2/2 520/4/2
f 516/5/2 517/1/2 520/4/2
f 516/5/2 520/4/2 521/6/2
f 515/7/2 516/5/2 521/6/2
f 515/7/2 521/6/2 522/8/2
f 514/9/2 515/7/2 522/8/2
f 514/9/2 522/8/2 523/10/2
f 513/11/2 514/9/2 523/10/2
f 513/11/2 523/10/2 524/12/2
f 512/13/2 513/11/2 524/12/2
f 512/13/2 524/12/2 525/14/2
f 511/15/2 512/13/2 568/16/2
f 568/16/2 512/13/2 525/14/2
f 511/15/2 568/16/2 569/17/2
f 567/18/2 568/16/2 525/14/2
f 511/15/2 569/17/2 570/19/2
f 566/20/2 567/18/2 525/14/2
f 511/15/2 570/19/2 571/21/2
f 565/22/2 566/20/2 525/14/2
f 565/22/2 525/14/2 526/23/2
f 511/15/2 571/21/2 572/24/2
f 510/25/2 511/15/2 572/24/2
f 564/26/2 565/22/2 526/23/2
f 510/25/2 572/24/2 573/27/2
f 563/28/2 564/26/2 526/23/2
f 510/25/2 573/27/2 574/29/2
f 562/30/2 563/28/2 526/23/2
f 510/25/2 574/29/2 575/31/2
f 561/32/2 562/30/2 526/23/2
f 509/33/2 510/25/2 575/31/2
f 561/32/2 526/23/2 527/34/2
f 509/33/2 575/31/2 576/35/2
f 560/36/2 561/32/2 527/34/2
f 509/33/2 576/35/2 577/37/2
f 559/38/2 560/36/2 527/34/2
f 508/39/2 509/33/2 577/37/2
f 559/38/2 527/34/2 528/40/2
f 508/39/2 577/37/2 578/41/2
f 558/42/2 559/38/2 528/40/2
f 508/39/2 578/41/2 579/43/2
f 557/44/2 558/42/2 528/40/2
f 507/45/2 508/39/2 579/43/2
f 507/45/2 579/43/2 580/46/2
f 557/44/2 528/40/2 529/47/2
f 581/48/2 557/44/2 529/47/2
f 507/45/2 580/46/2 581/48/2
f 507/45/2 581/48/2 529/47/2
f 506/49/2 507/45/2 529/47/2
f 506/49/2 529/47/2 530/50/2
f 505/51/2 506/49/2 531/52/2
f 531/52/2 506/49/2 530/50/2
f 505/51/2 531/52/2 532/53/2
f 504/54/2 505/51/2 532/53/2
f 504/54/2 532/53/2 533/55/2
f 504/54/2 533/55/2 534/56/2
f 503/57/2 504/54/2 534/56/2
f 503/57/2 534/56/2 535/58/2
f 502/59/2 503/57/2 535/58/2
f 502/59/2 535/58/2 536/60/2
f 554/61/2 555/63/2 556/62/2
f 502/59/2 536/60/2 537/64/2
f 553/65/2 554/61/2 556/62/2
f 552/66/2 553/65/2 556/62/2
f 501/67/2 502/59/2 537/64/2
f 501/67/2 537/64/2 538/68/2
f 551/69/2 552/66/2 556/62/2
f 550/70/2 551/69/2 556/62/2
f 501/67/2 538/68/2 539/71/2
f 549/72/2 550/70/2 556/62/2
f 501/67/2 539/71/2 540/73/2
f 548/74/2 549/72/2 556/62/2
f 500/75/2 501/67/2 540/73/2
f 547/76/2 548/74/2 556/62/2
f 500/75/2 540/73/2 541/77/2
f 546/78/2 547/76/2 556/62/2
f 500/75/2 541/77/2 542/79/2
f 545/80/2 546/78/2 556/62/2
f 544/81/2 545/80/2 556/62/2
f 500/75/2 542/79/2 543/82/2
f 543/82/2 544/81/2 556/62/2
f 500/75/2 543/82/2 556/62/2
f 499/83/2 500/75/2 556/62/2
f 499/83/2 556/62/2 483/84/2
f 498/85/2 499/83/2 483/84/2
f 498/85/2 483/84/2 484/86/2
f 498/85/2 484/86/2 485/87/2
f 497/88/2 498/85/2 485/87/2
f 497/88/2 485/87/2 486/89/2
f 497/88/2 486/89/2 487/90/2
f 496/91/2 497/88/2 487/90/2
f 496/91/2 487/90/2 488/92/2
f 496/91/2 488/92/2 489/93/2
f 495/94/2 496/91/2 489/93/2
f 495/94/2 489/93/2 490/95/2
f 495/94/2 490/95/2 491/96/2
f 495/94/2 491/96/2 492/97/2
f 494/98/2 495/94/2 492/97/2
f 494/98/2 492/97/2 493/99/2
f 593/100/2 594/102/2 595/101/2
f 617/103/2 618/105/2 619/104/2
f 592/106/2 593/100/2 595/101/2
f 592/106/2 595/101/2 596/107/2
f 616/108/2 617/103/2 619/104/2
f 616/108/2 619/104/2 620/109/2
f 591/110/2 592/106/2 596/107/2
f 591/110/2 596/107/2 597/111/2
f 615/112/2 616/108/2 620/109/2
f 590/113/2 591/110/2 597/111/2
f 590/113/2 597/111/2 598/114/2
f 615/112/2 620/109/2 621/115/2
f 614/116/2 615/112/2 621/115/2
f 589/117/2 590/113/2 598/114/2
f 686/118/2 687/119/2 688/48/2
f 686/118/2 688/48/2 582/84/2
f 589/117/2 598/114/2 599/120/2
f 613/121/2 614/116/2 621/115/2
f 588/122/2 589/117/2 599/120/2
f 613/121/2 621/115/2 622/123/2
f 588/122/2 599/120/2 600/124/2
f 587/125/2 588/122/2 600/124/2
f 612/126/2 613/121/2 622/123/2
f 587/125/2 600/124/2 601/127/2
f 612/126/2 622/123/2 623/128/2
f 586/129/2 587/125/2 601/127/2
f 611/130/2 612/126/2 623/128/2
f 586/129/2 601/127/2 602/131/2
f 585/132/2 586/129/2 602/131/2
f 610/133/2 611/130/2 623/128/2
f 610/133/2 623/128/2 624/134/2
f 585/132/2 602/131/2 603/135/2
f 584/136/2 585/132/2 603/135/2
f 609/137/2 610/133/2 624/134/2
f 584/136/2 603/135/2 604/138/2
f 583/139/2 584/136/2 604/138/2
f 609/137/2 624/134/2 625/140/2
f 608/141/2 609/137/2 625/140/2
f 583/139/2 604/138/2 605/142/2
f 582/84/2 583/139/2 605/142/2
f 607/143/2 608/141/2 625/140/2
f 607/143/2 625/140/2 645/144/2
f 645/144/2 625/140/2 626/145/2
f 686/118/2 582/84/2 684/146/2
f 684/146/2 582/84/2 683/147/2
f 683/147/2 582/84/2 682/148/2
f 682/148/2 582/84/2 681/149/2
f 681/149/2 582/84/2 680/150/2
f 680/150/2 582/84/2 679/151/2
f 679/151/2 582/84/2 678/152/2
f 678/152/2 582/84/2 677/153/2
f 677/153/2 582/84/2 676/154/2
f 676/154/2 582/84/2 675/155/2
f 675/155/2 582/84/2 674/156/2
f 674/156/2 582/84/2 673/157/2
f 673/157/2 582/84/2 605/142/2
f 673/157/2 605/142/2 672/158/2
f 672/158/2 605/142/2 606/159/2
f 606/159/2 607/143/2 646/160/2
f 646/160/2 607/143/2 645/144/2
f 671/161/2 672/158/2 606/159/2
f 644/162/2 645/144/2 626/145/2
f 606/159/2 646/160/2 647/163/2
f 670/164/2 671/161/2 606/159/2
f 643/165/2 644/162/2 626/145/2
f 606/159/2 647/163/2 648/166/2
f 669/167/2 670/164/2 606/159/2
f 642/168/2 643/165/2 626/145/2
f 606/159/2 648/166/2 649/169/2
f 668/170/2 669/167/2 606/159/2
f 668/170/2 606/159/2 649/169/2
f 641/171/2 642/168/2 626/145/2
f 668/170/2 649/169/2 650/172/2
f 641/171/2 626/145/2 627/173/2
f 667/174/2 668/170/2 650/172/2
f 667/174/2 650/172/2 651/175/2
f 640/176/2 641/171/2 627/173/2
f 667/174/2 651/175/2 652/177/2
f 666/178/2 667/174/2 652/177/2
f 639/179/2 640/176/2 627/173/2
f 666/178/2 652/177/2 653/180/2
f 665/181/2 666/178/2 653/180/2
f 638/182/2 639/179/2 627/173/2
f 665/181/2 653/180/2 654/183/2
f 638/182/2 627/173/2 628/184/2
f 664/185/2 665/181/2 654/183/2
f 664/185/2 654/183/2 655/186/2
f 637/187/2 638/182/2 628/184/2
f 664/185/2 655/186/2 656/188/2
f 663/189/2 664/185/2 656/188/2
f 636/190/2 637/187/2 628/184/2
f 663/189/2 656/188/2 657/191/2
f 636/190/2 628/184/2 629/192/2
f 662/193/2 663/189/2 657/191/2
f 686/118/2 684/146/2 685/194/2
f 662/193/2 657/191/2 658/195/2
f 635/53/2 636/190/2 629/192/2
f 661/196/2 662/193/2 658/195/2
f 634/197/2 635/53/2 629/192/2
f 634/197/2 629/192/2 630/198/2
f 660/199/2 661/196/2 658/195/2
f 633/200/2 634/197/2 630/198/2
f 633/200/2 630/198/2 631/201/2
f 659/202/2 660/199/2 658/195/2
f 632/203/2 633/200/2 631/201/2
f 786/204/2 787/206/2 788/205/2
f 785/207/2 786/204/2 788/205/2
f 785/207/2 788/205/2 789/208/2
f 784/209/2 785/207/2 789/208/2
f 783/210/2 784/209/2 789/208/2
f 783/210/2 789/208/2 790/211/2
f 782/212/2 783/210/2 790/211/2
f 782/212/2 790/211/2 791/213/2
f 781/214/2 782/212/2 791/213/2
f 780/215/2 781/214/2 791/213/2
f 780/215/2 791/213/2 792/216/2
f 779/217/2 780/215/2 792/216/2
f 779/217/2 792/216/2 793/218/2
f 778/219/2 779/217/2 793/218/2
f 777/220/2 778/219/2 793/218/2
f 777/220/2 793/218/2 794/221/2
f 776/222/2 777/220/2 794/221/2
f 776/222/2 794/221/2 795/223/2
f 775/224/2 776/222/2 795/223/2
f 774/225/2 775/224/2 773/226/2
f 773/226/2 775/224/2 772/227/2
f 772/227/2 775/224/2 771/228/2
f 771/228/2 775/224/2 770/229/2
f 770/229/2 775/224/2 769/230/2
f 769/230/2 775/224/2 768/231/2
f 768/231/2 775/224/2 767/232/2
f 767/232/2 775/224/2 766/233/2
f 766/233/2 775/224/2 765/234/2
f 765/234/2 775/224/2 764/235/2
f 764/235/2 775/224/2 795/223/2
f 764/235/2 795/223/2 763/236/2
f 763/236/2 795/223/2 762/237/2
f 762/237/2 795/223/2 796/238/2
f 762/237/2 796/238/2 761/239/2
f 761/239/2 796/238/2 797/240/2
f 760/241/2 761/239/2 797/240/2
f 759/242/2 760/241/2 797/240/2
f 758/243/2 759/242/2 797/240/2
f 757/244/2 758/243/2 797/240/2
f 756/245/2 757/244/2 797/240/2
f 756/245/2 797/240/2 798/246/2
f 755/247/2 756/245/2 798/246/2
f 754/248/2 755/247/2 798/246/2
f 753/249/2 754/248/2 798/246/2
f 753/249/2 798/246/2 799/250/2
f 752/251/2 753/249/2 799/250/2
f 751/252/2 752/251/2 799/250/2
f 751/252/2 799/250/2 800/253/2
f 750/254/2 751/252/2 800/253/2
f 749/255/2 750/254/2 800/253/2
f 748/256/2 749/255/2 862/48/2
f 862/48/2 749/255/2 800/253/2
f 747/257/2 748/256/2 862/48/2
f 746/258/2 747/257/2 862/48/2
f 745/259/2 746/258/2 862/48/2
f 744/260/2 745/259/2 862/48/2
f 744/260/2 862/48/2 826/261/2
f 861/262/2 862/48/2 800/253/2
f 744/260/2 826/261/2 827/263/2
f 743/264/2 744/260/2 827/263/2
f 743/264/2 827/263/2 828/265/2
f 742/266/2 743/264/2 828/265/2
f 742/266/2 828/265/2 829/267/2
f 741/268/2 742/266/2 829/267/2
f 741/268/2 829/267/2 830/269/2
f 741/268/2 830/269/2 831/270/2
f 740/271/2 741/268/2 831/270/2
f 740/271/2 831/270/2 832/272/2
f 739/273/2 740/271/2 832/272/2
f 739/273/2 832/272/2 833/274/2
f 739/273/2 833/274/2 834/275/2
f 738/276/2 739/273/2 834/275/2
f 738/276/2 834/275/2 835/277/2
f 738/276/2 835/277/2 836/278/2
f 737/279/2 738/276/2 836/278/2
f 737/279/2 836/278/2 837/280/2
f 736/281/2 737/279/2 837/280/2
f 736/281/2 837/280/2 838/282/2
f 736/281/2 838/282/2 839/283/2
f 735/284/2 736/281/2 839/283/2
f 735/284/2 839/283/2 840/285/2
f 735/284/2 840/285/2 841/286/2
f 860/287/2 861/262/2 800/253/2
f 734/288/2 735/284/2 841/286/2
f 859/289/2 860/287/2 800/253/2
f 734/288/2 841/286/2 842/290/2
f 858/291/2 859/289/2 800/253/2
f 823/292/2 824/294/2 825/293/2
f 858/291/2 800/253/2 801/295/2
f 734/288/2 842/290/2 843/296/2
f 822/297/2 823/292/2 825/293/2
f 857/298/2 858/291/2 801/295/2
f 857/298/2 801/295/2 802/299/2
f 821/300/2 822/297/2 825/293/2
f 733/301/2 734/288/2 843/296/2
f 733/301/2 843/296/2 844/302/2
f 857/298/2 802/299/2 803/303/2
f 856/304/2 857/298/2 803/303/2
f 820/305/2 821/300/2 825/293/2
f 856/304/2 803/303/2 804/306/2
f 855/307/2 856/304/2 804/306/2
f 819/308/2 820/305/2 825/293/2
f 733/301/2 844/302/2 845/309/2
f 855/307/2 804/306/2 805/310/2
f 818/311/2 819/308/2 825/293/2
f 854/312/2 855/307/2 805/310/2
f 854/312/2 805/310/2 806/313/2
f 817/314/2 818/311/2 825/293/2
f 733/301/2 845/309/2 846/315/2
f 854/312/2 806/313/2 807/316/2
f 853/317/2 854/312/2 807/316/2
f 816/318/2 817/314/2 825/293/2
f 853/317/2 807/316/2 808/319/2
f 732/320/2 733/301/2 846/315/2
f 815/321/2 816/318/2 825/293/2
f 732/320/2 846/315/2 847/322/2
f 852/323/2 853/317/2 808/319/2
f 852/323/2 808/319/2 809/324/2
f 814/325/2 815/321/2 825/293/2
f 852/323/2 809/324/2 810/326/2
f 813/327/2 814/325/2 825/293/2
f 851/328/2 852/323/2 810/326/2
f 851/328/2 810/326/2 811/329/2
f 812/330/2 813/327/2 825/293/2
f 851/328/2 811/329/2 812/330/2
f 732/320/2 847/322/2 848/331/2
f 851/328/2 812/330/2 825/293/2
f 850/332/2 851/328/2 825/293/2
f 732/320/2 848/331/2 849/333/2
f 849/333/2 850/332/2 825/293/2
f 732/320/2 849/333/2 712/334/2
f 712/334/2 849/333/2 825/293/2
f 731/335/2 732/320/2 712/334/2
f 731/335/2 712/334/2 713/336/2
f 711/337/2 712/334/2 825/293/2
f 730/338/2 731/335/2 713/336/2
f 730/338/2 713/336/2 714/339/2
f 710/340/2 711/337/2 825/293/2
f 710/340/2 825/293/2 689/84/2
f 729/341/2 730/338/2 714/339/2
f 729/341/2 714/339/2 715/342/2
f 709/343/2 710/340/2 689/84/2
f 709/343/2 689/84/2 690/344/2
f 729/341/2 715/342/2 716/345/2
f 708/346/2 709/343/2 690/344/2
f 728/347/2 729/341/2 716/345/2
f 708/346/2 690/344/2 691/348/2
f 728/347/2 716/345/2 717/349/2
f 707/350/2 708/346/2 691/348/2
f 707/350/2 691/348/2 692/351/2
f 727/352/2 728/347/2 717/349/2
f 727/352/2 717/349/2 718/353/2
f 706/354/2 707/350/2 692/351/2
f 706/354/2 692/351/2 693/355/2
f 727/352/2 718/353/2 719/356/2
f 705/357/2 706/354/2 693/355/2
f 705/357/2 693/355/2 694/358/2
f 726/359/2 727/352/2 719/356/2
f 726/359/2 719/356/2 720/360/2
f 704/361/2 705/357/2 694/358/2
f 704/361/2 694/358/2 695/362/2
f 726/359/2 720/360/2 721/363/2
f 704/361/2 695/362/2 696/364/2
f 703/365/2 704/361/2 696/364/2
f 725/366/2 726/359/2 721/363/2
f 703/365/2 696/364/2 697/367/2
f 725/366/2 721/363/2 722/368/2
f 702/369/2 703/365/2 697/367/2
f 702/369/2 697/367/2 698/370/2
f 725/366/2 722/368/2 723/371/2
f 701/372/2 702/369/2 698/370/2
f 724/373/2 725/366/2 723/371/2
f 701/372/2 698/370/2 699/374/2
f 700/375/2 701/372/2 699/374/2
f 897/376/2 898/378/2 899/377/2
f 897/376/2 899/377/2 900/379/2
f 897/376/2 900/379/2 901/380/2
f 897/376/2 901/380/2 902/381/2
f 896/382/2 897/376/2 902/381/2
f 896/382/2 902/381/2 903/383/2
f 896/382/2 903/383/2 904/384/2
f 896/382/2 904/384/2 905/385/2
f 895/386/2 896/382/2 905/385/2
f 895/386/2 905/385/2 906/387/2
f 895/386/2 906/387/2 907/388/2
f 894/389/2 895/386/2 907/388/2
f 894/389/2 907/388/2 908/390/2
f 894/389/2 908/390/2 909/391/2
f 893/392/2 894/389/2 909/391/2
f 893/392/2 909/391/2 910/393/2
f 893/392/2 910/393/2 921/394/2
f 921/394/2 910/393/2 920/395/2
f 920/395/2 910/393/2 919/396/2
f 919/396/2 910/393/2 918/397/2
f 918/397/2 910/393/2 917/398/2
f 917/398/2 910/393/2 916/399/2
f 916/399/2 910/393/2 915/400/2
f 915/400/2 910/393/2 914/401/2
f 914/401/2 910/393/2 913/402/2
f 913/402/2 910/393/2 912/403/2
f 912/403/2 910/393/2 911/404/2
f 892/405/2 893/392/2 923/406/2
f 923/406/2 893/392/2 922/407/2
f 922/407/2 893/392/2 921/394/2
f 892/405/2 923/406/2 924/408/2
f 892/405/2 924/408/2 925/409/2
f 892/405/2 925/409/2 926/410/2
f 891/411/2 892/405/2 926/410/2
f 891/411/2 926/410/2 927/412/2
f 891/411/2 927/412/2 928/413/2
f 890/414/2 891/411/2 928/413/2
f 890/414/2 928/413/2 929/415/2
f 890/414/2 929/415/2 930/416/2
f 889/417/2 890/414/2 930/416/2
f 889/417/2 930/416/2 931/418/2
f 888/419/2 889/417/2 931/418/2
f 888/419/2 931/418/2 932/420/2
f 888/419/2 932/420/2 933/421/2
f 887/422/2 888/419/2 933/421/2
f 887/422/2 933/421/2 934/423/2
f 886/424/2 887/422/2 934/423/2
f 886/424/2 934/423/2 935/425/2
f 886/424/2 935/425/2 936/426/2
f 885/427/2 886/424/2 936/426/2
f 961/428/2 962/430/2 963/429/2
f 961/428/2 963/429/2 960/431/2
f 960/431/2 963/429/2 964/48/2
f 885/427/2 936/426/2 937/432/2
f 884/433/2 885/427/2 937/432/2
f 884/433/2 937/432/2 938/434/2
f 959/435/2 960/431/2 964/48/2
f 883/436/2 884/433/2 938/434/2
f 883/436/2 938/434/2 939/437/2
f 883/436/2 939/437/2 940/438/2
f 882/439/2 883/436/2 940/438/2
f 882/439/2 940/438/2 941/440/2
f 881/441/2 882/439/2 941/440/2
f 881/441/2 941/440/2 942/442/2
f 881/441/2 942/442/2 943/443/2
f 880/444/2 881/441/2 943/443/2
f 880/444/2 943/443/2 944/445/2
f 958/446/2 959/435/2 964/48/2
f 957/447/2 958/446/2 964/48/2
f 956/448/2 957/447/2 964/48/2
f 880/444/2 944/445/2 945/449/2
f 955/450/2 956/448/2 964/48/2
f 954/451/2 955/450/2 964/48/2
f 953/452/2 954/451/2 964/48/2
f 880/444/2 945/449/2 946/453/2
f 879/454/2 880/444/2 946/453/2
f 952/455/2 953/452/2 964/48/2
f 951/456/2 952/455/2 964/48/2
f 950/457/2 951/456/2 964/48/2
f 879/454/2 946/453/2 947/458/2
f 949/459/2 950/457/2 964/48/2
f 948/460/2 949/459/2 964/48/2
f 947/458/2 948/460/2 964/48/2
f 879/454/2 947/458/2 964/48/2
f 878/461/2 879/454/2 964/48/2
f 878/461/2 964/48/2 863/84/2
f 878/461/2 863/84/2 864/462/2
f 877/463/2 878/461/2 864/462/2
f 877/463/2 864/462/2 865/464/2
f 877/463/2 865/464/2 866/465/2
f 876/466/2 877/463/2 866/465/2
f 876/466/2 866/465/2 867/467/2
f 876/466/2 867/467/2 868/468/2
f 876/466/2 868/468/2 869/469/2
f 875/470/2 876/466/2 869/469/2
f 875/470/2 869/469/2 870/471/2
f 875/470/2 870/471/2 871/472/2
f 875/470/2 871/472/2 872/473/2
f 874/474/2 875/470/2 872/473/2
f 874/474/2 872/473/2 873/475/2
s 1
f 966/476/3 977/477/4 965/84/5
f 967/478/6 978/479/7 966/476/3
f 968/480/8 979/481/9 967/478/6
f 969/482/10 980/483/11 968/480/8
f 970/484/12 981/485/13 969/482/10
f 983/486/14 970/484/12 971/487/15
f 984/488/16 971/487/15 972/489/17
f 985/490/18 972/489/17 973/491/19
f 986/492/20 973/491/19 974/493/21
f 987/494/22 974/493/21 975/495/23
f 988/496/24 975/495/23 976/497/25
f 978/479/7 989/498/26 977/477/4
f 979/481/9 990/499/27 978/479/7
f 980/483/11 991/500/28 979/481/9
f 981/485/13 992/501/29 980/483/11
f 982/502/30 993/503/31 981/485/13
f 995/504/32 982/502/30 983/486/14
f 996/505/33 983/486/14 984/488/16
f 997/506/34 984/488/16 985/490/18
f 998/507/35 985/490/18 986/492/20
f 999/508/36 986/492/20 987/494/22
f 1000/509/37 987/494/22 988/496/24
f 990/499/27 1001/510/38 989/498/26
f 991/500/28 1002/511/39 990/499/27
f 992/501/29 1003/512/40 991/500/28
f 993/503/31 1004/513/41 992/501/29
f 994/514/42 1005/515/43 993/503/31
f 1007/516/44 994/514/42 995/504/32
f 1008/517/45 995/504/32 996/505/33
f 1009/518/46 996/505/33 997/506/34
f 1010/519/47 997/506/34 998/507/35
f 1011/520/48 998/507/35 999/508/36
f 1012/521/49 999/508/36 1000/509/37
f 1002/511/39 1013/522/50 1001/510/38
f 1003/512/40 1014/523/51 1002/511/39
f 1004/513/41 1015/524/52 1003/512/40
f 1005/515/43 1016/525/53 1004/513/41
f 1006/526/54 1017/527/55 1005/515/43
f 1019/528/56 1006/526/54 1007/516/44
f 1020/529/57 1007/516/44 1008/517/45
f 1021/530/58 1008/517/45 1009/518/46
f 1022/531/59 1009/518/46 1010/519/47
f 1023/532/60 1010/519/47 1011/520/48
f 1024/533/61 1011/520/48 1012/521/49
f 1014/523/51 1025/534/62 1013/522/50
f 1015/524/52 1026/535/63 1014/523/51
f 1016/525/53 1027/536/64 1015/524/52
f 1017/527/55 1028/537/65 1016/525/53
f 1018/538/66 1029/539/67 1017/527/55
f 1031/540/68 1018/538/66 1019/528/56
f 1032/541/69 1019/528/56 1020/529/57
f 1033/542/70 1020/529/57 1021/530/58
f 1034/543/71 1021/530/58 1022/531/59
f 1035/544/72 1022/531/59 1023/532/60
f 1036/545/73 1023/532/60 1024/533/61
f 1038/546/74 1025/534/62 1026/535/63
f 1039/547/75 1026/535/63 1027/536/64
f 1040/548/76 1027/536/64 1028/537/65
f 1041/549/77 1028/537/65 1029/539/67
f 1042/550/78 1029/539/67 1030/551/79
f 1043/552/80 1030/551/79 1031/540/68
f 1032/541/69 1043/552/80 1031/540/68
f 1033/542/70 1044/553/81 1032/541/69
f 1034/543/71 1045/554/82 1033/542/70
f 1035/544/72 1046/555/83 1034/543/71
f 1036/545/73 1047/556/84 1035/544/72
f 1050/557/85 1037/558/86 1038/546/74
f 1051/559/87 1038/546/74 1039/547/75
f 1052/560/88 1039/547/75 1040/548/76
f 1053/561/89 1040/548/76 1041/549/77
f 1054/562/90 1041/549/77 1042/550/78
f 1055/563/91 1042/550/78 1043/552/80
f 1044/553/81 1055/563/91 1043/552/80
f 1045/554/82 1056/564/92 1044/553/81
f 1046/555/83 1057/565/93 1045/554/82
f 1047/556/84 1058/566/94 1046/555/83
f 1048/567/95 1059/568/96 1047/556/84
f 1062/569/97 1049/570/98 1050/557/85
f 1063/571/99 1050/557/85 1051/559/87
f 1064/572/100 1051/559/87 1052/560/88
f 1065/573/101 1052/560/88 1053/561/89
f 1066/574/102 1053/561/89 1054/562/90
f 1067/575/103 1054/562/90 1055/563/91
f 1056/564/92 1067/575/103 1055/563/91
f 1057/565/93 1068/576/104 1056/564/92
f 1058/566/94 1069/577/105 1057/565/93
f 1059/568/96 1070/578/106 1058/566/94
f 1060/579/107 1071/580/108 1059/568/96
f 1074/581/109 1061/582/110 1062/569/97
f 1075/583/111 1062/569/97 1063/571/99
f 1076/584/112 1063/571/99 1064/572/100
f 1077/585/113 1064/572/100 1065/573/101
f 1078/586/114 1065/573/101 1066/574/102
f 1079/587/115 1066/574/102 1067/575/103
f 1068/576/104 1079/587/115 1067/575/103
f 1069/577/105 1080/588/116 1068/576/104
f 1070/578/106 1081/589/117 1069/577/105
f 1071/580/108 1082/590/118 1070/578/106
f 1072/591/119 1083/592/120 1071/580/108
f 1086/593/121 1073/594/122 1074/581/109
f 1087/595/123 1074/581/109 1075/583/111
f 1088/596/124 1075/583/111 1076/584/112
f 1089/597/125 1076/584/112 1077/585/113
f 1090/598/126 1077/585/113 1078/586/114
f 1091/599/127 1078/586/114 1079/587/115
f 1080/588/116 1091/599/127 1079/587/115
f 1081/589/117 1092/600/128 1080/588/116
f 1082/590/118 1093/601/129 1081/589/117
f 1083/592/120 1094/602/130 1082/590/118
f 1084/603/131 1095/604/132 1083/592/120
f 1086/593/121 1097/605/133 1085/606/134
f 1087/595/123 1098/607/135 1086/593/121
f 1088/596/124 1099/608/136 1087/595/123
f 1089/597/125 1100/609/137 1088/596/124
f 1090/598/126 1101/610/138 1089/597/125
f 1103/611/139 1090/598/126 1091/599/127
f 1104/612/140 1091/599/127 1092/600/128
f 1105/613/141 1092/600/128 1093/601/129
f 1106/614/142 1093/601/129 1094/602/130
f 1107/615/143 1094/602/130 1095/604/132
f 1108/616/144 1095/604/132 1096/617/145
f 1098/607/135 1109/618/146 1097/605/133
f 1099/608/136 1110/619/147 1098/607/135
f 1100/609/137 1111/620/148 1099/608/136
f 1101/610/138 1112/621/149 1100/609/137
f 1102/622/150 1113/623/151 1101/610/138
f 1115/624/152 1102/622/150 1103/611/139
f 1116/625/153 1103/611/139 1104/612/140
f 1117/626/154 1104/612/140 1105/613/141
f 1118/627/155 1105/613/141 1106/614/142
f 1119/628/156 1106/614/142 1107/615/143
f 1120/629/157 1107/615/143 1108/616/144
f 1110/619/147 1121/630/158 1109/618/146
f 1111/620/148 1122/631/159 1110/619/147
f 1112/621/149 1123/632/160 1111/620/148
f 1113/623/151 1124/633/161 1112/621/149
f 1114/634/162 1125/635/163 1113/623/151
f 1127/636/164 1114/634/162 1115/624/152
f 1128/637/165 1115/624/152 1116/625/153
f 1129/638/166 1116/625/153 1117/626/154
f 1130/639/167 1117/626/154 1118/627/155
f 1131/640/168 1118/627/155 1119/628/156
f 1132/641/169 1119/628/156 1120/629/157
f 1122/631/159 1133/642/170 1121/630/158
f 1123/632/160 1134/643/171 1122/631/159
f 1124/633/161 1135/644/172 1123/632/160
f 1125/635/163 1136/645/173 1124/633/161
f 1126/646/174 1137/647/175 1125/635/163
f 1139/648/176 1126/646/174 1127/636/164
f 1140/649/177 1127/636/164 1128/637/165
f 1141/650/178 1128/637/165 1129/638/166
f 1142/651/179 1129/638/166 1130/639/167
f 1143/652/180 1130/639/167 1131/640/168
f 1144/653/181 1131/640/168 1132/641/169
f 1134/643/171 1145/654/182 1133/642/170
f 1135/644/172 1146/655/183 1134/643/171
f 1136/645/173 1147/656/184 1135/644/172
f 1137/647/175 1148/657/185 1136/645/173
f 1138/658/186 1149/659/187 1137/647/175
f 1151/660/188 1138/658/186 1139/648/176
f 1152/661/189 1139/648/176 1140/649/177
f 1153/662/190 1140/649/177 1141/650/178
f 1154/663/191 1141/650/178 1142/651/179
f 1155/664/192 1142/651/179 1143/652/180
f 1156/665/193 1143/652/180 1144/653/181
f 1146/655/183 1157/666/194 1145/654/182
f 1147/656/184 1158/667/195 1146/655/183
f 1148/657/185 1159/668/196 1147/656/184
f 1149/659/187 1160/669/197 1148/657/185
f 1150/670/198 1161/671/199 1149/659/187
f 1163/672/200 1150/670/198 1151/660/188
f 1164/673/201 1151/660/188 1152/661/189
f 1165/674/202 1152/661/189 1153/662/190
f 1166/675/203 1153/662/190 1154/663/191
f 1167/676/204 1154/663/191 1155/664/192
f 1168/677/205 1155/664/192 1156/665/193
f 1158/667/195 1169/678/206 1157/666/194
f 1159/668/196 1170/679/207 1158/667/195
f 1160/669/197 1171/680/208 1159/668/196
f 1161/671/199 1172/681/209 1160/669/197
f 1162/682/210 1173/683/211 1161/671/199
f 1175/684/212 1162/682/210 1163/672/200
f 1176/685/213 1163/672/200 1164/673/201
f 1177/686/214 1164/673/201 1165/674/202
f 1178/687/215 1165/674/202 1166/675/203
f 1179/688/216 1166/675/203 1167/676/204
f 1180/689/217 1167/676/204 1168/677/205
f 1170/679/207 1181/690/218 1169/678/206
f 1171/680/208 1182/691/219 1170/679/207
f 1172/681/209 1183/692/220 1171/680/208
f 1173/683/211 1184/693/221 1172/681/209
f 1174/694/222 1185/695/223 1173/683/211
f 1187/696/224 1174/694/222 1175/684/212
f 1188/697/225 1175/684/212 1176/685/213
f 1189/698/226 1176/685/213 1177/686/214
f 1190/699/227 1177/686/214 1178/687/215
f 1191/700/228 1178/687/215 1179/688/216
f 1192/701/229 1179/688/216 1180/689/217
f 1182/691/219 1193/702/230 1181/690/218
f 1183/692/220 1194/703/231 1182/691/219
f 1184/693/221 1195/704/232 1183/692/220
f 1185/695/223 1196/705/233 1184/693/221
f 1186/706/234 1197/707/235 1185/695/223
f 1199/708/236 1186/706/234 1187/696/224
f 1200/709/237 1187/696/224 1188/697/225
f 1201/710/238 1188/697/225 1189/698/226
f 1202/711/239 1189/698/226 1190/699/227
f 1203/712/240 1190/699/227 1191/700/228
f 1204/713/241 1191/700/228 1192/701/229
f 1206/714/242 1193/702/230 1194/703/231
f 1207/715/243 1194/703/231 1195/704/232
f 1208/716/244 1195/704/232 1196/705/233
f 1209/717/245 1196/705/233 1197/707/235
f 1210/718/246 1197/707/235 1198/719/247
f 1211/720/248 1198/719/247 1199/708/236
f 1200/709/237 1211/720/248 1199/708/236
f 1201/710/238 1212/721/249 1200/709/237
f 1202/711/239 1213/722/250 1201/710/238
f 1203/712/240 1214/723/251 1202/711/239
f 1204/713/241 1215/724/252 1203/712/240
f 1218/725/253 1205/726/254 1206/714/242
f 1219/727/255 1206/714/242 1207/715/243
f 1220/728/256 1207/715/243 1208/716/244
f 1221/729/257 1208/716/244 1209/717/245
f 1222/730/258 1209/717/245 1210/718/246
f 1223/731/259 1210/718/246 1211/720/248
f 1212/721/249 1223/731/259 1211/720/248
f 1213/722/250 1224/732/260 1212/721/249
f 1214/723/251 1225/733/261 1213/722/250
f 1215/724/252 1226/734/262 1214/723/251
f 1216/735/263 1227/736/264 1215/724/252
f 1230/737/265 1217/738/266 1218/725/253
f 1231/739/267 1218/725/253 1219/727/255
f 1232/740/268 1219/727/255 1220/728/256
f 1233/741/269 1220/728/256 1221/729/257
f 1234/742/270 1221/729/257 1222/730/258
f 1235/743/271 1222/730/258 1223/731/259
f 1224/732/260 1235/743/271 1223/731/259
f 1225/733/261 1236/744/272 1224/732/260
f 1226/734/262 1237/745/273 1225/733/261
f 1227/736/264 1238/746/274 1226/734/262
f 1228/747/275 1239/748/276 1227/736/264
f 1242/749/277 1229/750/278 1230/737/265
f 1243/751/279 1230/737/265 1231/739/267
f 1244/752/280 1231/739/267 1232/740/268
f 1245/753/281 1232/740/268 1233/741/269
f 1246/754/282 1233/741/269 1234/742/270
f 1247/755/283 1234/742/270 1235/743/271
f 1236/744/272 1247/755/283 1235/743/271
f 1237/745/273 1248/756/284 1236/744/272
f 1238/746/274 1249/757/285 1237/745/273
f 1239/748/276 1250/758/286 1238/746/274
f 1240/759/287 1251/760/288 1239/748/276
f 1242/749/277 1253/761/289 1241/762/290
f 1243/751/279 1254/763/291 1242/749/277
f 1244/752/280 1255/764/292 1243/751/279
f 1245/753/281 1256/765/293 1244/752/280
f 1246/754/282 1257/766/294 1245/753/281
f 1259/767/295 1246/754/282 1247/755/283
f 1260/768/296 1247/755/283 1248/756/284
f 1261/769/297 1248/756/284 1249/757/285
f 1262/770/298 1249/757/285 1250/758/286
f 1263/771/299 1250/758/286 1251/760/288
f 1264/772/300 1251/760/288 1252/773/301
f 1254/763/291 1265/774/302 1253/761/289
f 1255/764/292 1266/775/303 1254/763/291
f 1256/765/293 1267/776/304 1255/764/292
f 1257/766/294 1268/777/305 1256/765/293
f 1258/778/306 1269/779/307 1257/766/294
f 1271/780/308 1258/778/306 1259/767/295
f 1272/781/309 1259/767/295 1260/768/296
f 1273/782/310 1260/768/296 1261/769/297
f 1274/783/311 1261/769/297 1262/770/298
f 1275/784/312 1262/770/298 1263/771/299
f 1276/785/313 1263/771/299 1264/772/300
f 1266/775/303 1277/786/314 1265/774/302
f 1267/776/304 1278/787/315 1266/775/303
f 1268/777/305 1279/788/316 1267/776/304
f 1269/779/307 1280/789/317 1268/777/305
f 1270/790/318 1281/791/319 1269/779/307
f 1283/792/320 1270/790/318 1271/780/308
f 1284/793/321 1271/780/308 1272/781/309
f 1285/794/322 1272/781/309 1273/782/310
f 1286/795/323 1273/782/310 1274/783/311
f 1287/796/324 1274/783/311 1275/784/312
f 1288/797/325 1275/784/312 1276/785/313
f 1290/798/326 1277/786/314 1278/787/315
f 1291/799/327 1278/787/315 1279/788/316
f 1292/800/328 1279/788/316 1280/789/317
f 1293/801/329 1280/789/317 1281/791/319
f 1294/802/330 1281/791/319 1282/803/331
f 1295/804/332 1282/803/331 1283/792/320
f 1284/793/321 1295/804/332 1283/792/320
f 1285/794/322 1296/805/333 1284/793/321
f 1286/795/323 1297/806/334 1285/794/322
f 1287/796/324 1298/807/335 1286/795/323
f 1288/797/325 1299/808/336 1287/796/324
f 1302/809/337 1289/810/338 1290/798/326
f 1303/811/339 1290/798/326 1291/799/327
f 1304/812/340 1291/799/327 1292/800/328
f 1305/813/341 1292/800/328 1293/801/329
f 1306/814/342 1293/801/329 1294/802/330
f 1307/815/343 1294/802/330 1295/804/332
f 1296/805/333 1307/815/343 1295/804/332
f 1297/806/334 1308/816/344 1296/805/333
f 1298/807/335 1309/817/345 1297/806/334
f 1299/808/336 1310/818/346 1298/807/335
f 1300/819/347 1311/820/348 1299/808/336
f 1314/821/349 1301/822/350 1302/809/337
f 1315/823/351 1302/809/337 1303/811/339
f 1316/824/352 1303/811/339 1304/812/340
f 1317/825/353 1304/812/340 1305/813/341
f 1318/826/354 1305/813/341 1306/814/342
f 1319/827/355 1306/814/342 1307/815/343
f 1308/816/344 1319/827/355 1307/815/343
f 1309/817/345 1320/828/356 1308/816/344
f 1310/818/346 1321/829/357 1309/817/345
f 1311/820/348 1322/830/358 1310/818/346
f 1312/831/359 1323/832/360 1311/820/348
f 1326/833/361 1313/834/362 1314/821/349
f 1327/835/363 1314/821/349 1315/823/351
f 1328/836/364 1315/823/351 1316/824/352
f 1329/837/365 1316/824/352 1317/825/353
f 1330/838/366 1317/825/353 1318/826/354
f 1331/839/367 1318/826/354 1319/827/355
f 1320/828/356 1331/839/367 1319/827/355
f 1321/829/357 1332/840/368 1320/828/356
f 1322/830/358 1333/841/369 1321/829/357
f 1323/832/360 1334/842/370 1322/830/358
f 1324/843/371 1335/844/372 1323/832/360
f 1338/845/373 1325/846/374 1326/833/361
f 1339/847/375 1326/833/361 1327/835/363
f 1340/848/376 1327/835/363 1328/836/364
f 1341/849/377 1328/836/364 1329/837/365
f 1342/850/378 1329/837/365 1330/838/366
f 1343/851/379 1330/838/366 1331/839/367
f 1332/840/368 1343/851/379 1331/839/367
f 1333/841/369 1344/852/380 1332/840/368
f 1334/842/370 1345/853/381 1333/841/369
f 1335/844/372 1346/854/382 1334/842/370
f 1336/855/383 1347/856/384 1335/844/372
f 1350/857/385 1337/858/386 1338/845/373
f 1351/859/387 1338/845/373 1339/847/375
f 1352/860/388 1339/847/375 1340/848/376
f 1353/861/389 1340/848/376 1341/849/377
f 1354/862/390 1341/849/377 1342/850/378
f 1355/863/391 1342/850/378 1343/851/379
f 1344/852/380 1355/863/391 1343/851/379
f 1345/853/381 1356/864/392 1344/852/380
f 1346/854/382 1357/865/393 1345/853/381
f 1347/856/384 1358/866/394 1346/854/382
f 1348/867/395 1359/868/396 1347/856/384
f 1362/869/397 1349/870/398 1350/857/385
f 1363/871/399 1350/857/385 1351/859/387
f 1364/872/400 1351/859/387 1352/860/388
f 1365/873/401 1352/860/388 1353/861/389
f 1366/874/402 1353/861/389 1354/862/390
f 1367/875/403 1354/862/390 1355/863/391
f 1356/864/392 1367/875/403 1355/863/391
f 1357/865/393 1368/876/404 1356/864/392
f 1358/866/394 1369/877/405 1357/865/393
f 1359/868/396 1370/878/406 1358/866/394
f 1360/879/407 1371/880/408 1359/868/396
f 1374/881/409 1361/882/410 1362/869/397
f 1375/883/411 1362/869/397 1363/871/399
f 1376/884/412 1363/871/399 1364/872/400
f 1377/885/413 1364/872/400 1365/873/401
f 1378/886/414 1365/873/401 1366/874/402
f 1379/887/415 1366/874/402 1367/875/403
f 1368/876/404 1379/887/415 1367/875/403
f 1369/877/405 1380/888/416 1368/876/404
f 1370/878/406 1381/889/417 1369/877/405
f 1371/880/408 1382/890/418 1370/878/406
f 1372/891/419 1383/892/420 1371/880/408
f 1386/893/421 1373/894/422 1374/881/409
f 1387/895/423 1374/881/409 1375/883/411
f 1388/896/424 1375/883/411 1376/884/412
f 1389/897/425 1376/884/412 1377/885/413
f 1390/898/426 1377/885/413 1378/886/414
f 1391/899/427 1378/886/414 1379/887/415
f 1380/888/416 1391/899/427 1379/887/415
f 1381/889/417 1392/900/428 1380/888/416
f 1382/890/418 1393/901/429 1381/889/417
f 1383/892/420 1394/902/430 1382/890/418
f 1384/903/431 1395/904/432 1383/892/420
f 1398/905/433 1385/906/434 1386/893/421
f 1399/907/435 1386/893/421 1387/895/423
f 1400/908/436 1387/895/423 1388/896/424
f 1401/909/437 1388/896/424 1389/897/425
f 1402/910/438 1389/897/425 1390/898/426
f 1403/911/439 1390/898/426 1391/899/427
f 1392/900/428 1403/911/439 1391/899/427
f 1393/901/429 1404/912/440 1392/900/428
f 1394/902/430 1405/913/441 1393/901/429
f 1395/904/432 1406/914/442 1394/902/430
f 1396/915/443 1407/916/444 1395/904/432
f 1398/905/433 1409/917/445 1397/918/446
f 1399/907/435 1410/919/447 1398/905/433
f 1400/908/436 1411/920/448 1399/907/435
f 1401/909/437 1412/921/449 1400/908/436
f 1402/910/438 1413/922/450 1401/909/437
f 1415/923/451 1402/910/438 1403/911/439
f 1416/924/452 1403/911/439 1404/912/440
f 1417/925/453 1404/912/440 1405/913/441
f 1418/926/454 1405/913/441 1406/914/442
f 1419/927/455 1406/914/442 1407/916/444
f 1420/928/456 1407/916/444 1408/929/457
f 1410/919/447 1421/930/458 1409/917/445
f 1411/920/448 1422/931/459 1410/919/447
f 1412/921/449 1423/932/460 1411/920/448
f 1413/922/450 1424/933/461 1412/921/449
f 1414/934/462 1425/935/463 1413/922/450
f 1427/936/464 1414/934/462 1415/923/451
f 1428/937/465 1415/923/451 1416/924/452
f 1429/938/466 1416/924/452 1417/925/453
f 1430/939/467 1417/925/453 1418/926/454
f 1431/940/468 1418/926/454 1419/927/455
f 1432/941/469 1419/927/455 1420/928/456
f 1422/931/459 1433/942/470 1421/930/458
f 1423/932/460 1434/943/471 1422/931/459
f 1424/933/461 1435/944/472 1423/932/460
f 1425/935/463 1436/945/473 1424/933/461
f 1426/946/474 1437/947/475 1425/935/463
f 1439/948/476 1426/946/474 1427/936/464
f 1440/949/477 1427/936/464 1428/937/465
f 1441/950/478 1428/937/465 1429/938/466
f 1442/951/479 1429/938/466 1430/939/467
f 1443/952/480 1430/939/467 1431/940/468
f 1444/953/481 1431/940/468 1432/941/469
f 1446/954/482 1433/942/470 1434/943/471
f 1447/955/483 1434/943/471 1435/944/472
f 1448/956/484 1435/944/472 1436/945/473
f 1449/957/485 1436/945/473 1437/947/475
f 1450/958/486 1437/947/475 1438/959/487
f 1451/960/488 1438/959/487 1439/948/476
f 1440/949/477 1451/960/488 1439/948/476
f 1441/950/478 1452/961/489 1440/949/477
f 1442/951/479 1453/962/490 1441/950/478
f 1443/952/480 1454/963/491 1442/951/479
f 1444/953/481 1455/964/492 1443/952/480
f 1458/965/493 1445/966/494 1446/954/482
f 1459/967/495 1446/954/482 1447/955/483
f 1460/968/496 1447/955/483 1448/956/484
f 1461/969/497 1448/956/484 1449/957/485
f 1462/970/498 1449/957/485 1450/958/486
f 1463/971/499 1450/958/486 1451/960/488
f 1452/961/489 1463/971/499 1451/960/488
f 1453/962/490 1464/972/500 1452/961/489
f 1454/963/491 1465/973/501 1453/962/490
f 1455/964/492 1466/974/502 1454/963/491
f 1456/975/503 1467/976/504 1455/964/492
f 1470/977/505 1457/978/506 1458/965/493
f 1471/979/507 1458/965/493 1459/967/495
f 1472/980/508 1459/967/495 1460/968/496
f 1473/981/509 1460/968/496 1461/969/497
f 1474/982/510 1461/969/497 1462/970/498
f 1475/983/511 1462/970/498 1463/971/499
f 1464/972/500 1475/983/511 1463/971/499
f 1465/973/501 1476/984/512 1464/972/500
f 1466/974/502 1477/985/513 1465/973/501
f 1467/976/504 1478/986/514 1466/974/502
f 1468/987/515 1479/988/516 1467/976/504
f 1482/989/517 1469/990/518 1470/977/505
f 1483/991/519 1470/977/505 1471/979/507
f 1484/992/520 1471/979/507 1472/980/508
f 1485/993/521 1472/980/508 1473/981/509
f 1486/994/522 1473/981/509 1474/982/510
f 1487/995/523 1474/982/510 1475/983/511
f 1476/984/512 1487/995/523 1475/983/511
f 1477/985/513 1488/996/524 1476/984/512
f 1478/986/514 1489/997/525 1477/985/513
f 1479/988/516 1490/998/526 1478/986/514
f 1480/999/527 1491/1000/528 1479/988/516
f 1494/1001/529 1481/1002/530 1482/989/517
f 1495/1003/531 1482/989/517 1483/991/519
f 1496/1004/532 1483/991/519 1484/992/520
f 1497/1005/533 1484/992/520 1485/993/521
f 1498/1006/534 1485/993/521 1486/994/522
f 1499/1007/535 1486/994/522 1487/995/523
f 1488/996/524 1499/1007/535 1487/995/523
f 1489/997/525 1500/1008/536 1488/996/524
f 1490/998/526 1501/1009/537 1489/997/525
f 1491/1000/528 1502/1010/538 1490/998/526
f 1492/1011/539 1503/1012/540 1491/1000/528
f 1506/1013/541 1493/1014/542 1494/1001/529
f 1507/1015/543 1494/1001/529 1495/1003/531
f 1508/1016/544 1495/1003/531 1496/1004/532
f 1509/1017/545 1496/1004/532 1497/1005/533
f 1510/1018/546 1497/1005/533 1498/1006/534
f 1511/1019/547 1498/1006/534 1499/1007/535
f 1500/1008/536 1511/1019/547 1499/1007/535
f 1501/1009/537 1512/1020/548 1500/1008/536
f 1502/1010/538 1513/1021/549 1501/1009/537
f 1503/1012/540 1514/1022/550 1502/1010/538
f 1504/1023/551 1515/1024/552 1503/1012/540
f 1518/1025/553 1505/1026/554 1506/1013/541
f 1519/1027/555 1506/1013/541 1507/1015/543
f 1520/1028/556 1507/1015/543 1508/1016/544
f 1521/1029/557 1508/1016/544 1509/1017/545
f 1522/1030/558 1509/1017/545 1510/1018/546
f 1523/1031/559 1510/1018/546 1511/1019/547
f 1512/1020/548 1523/1031/559 1511/1019/547
f 1513/1021/549 1524/1032/560 1512/1020/548
f 1514/1022/550 1525/1033/561 1513/1021/549
f 1515/1024/552 1526/1034/562 1514/1022/550
f 1516/1035/563 1527/1036/564 1515/1024/552
f 1518/1025/553 1529/1037/565 1517/1038/566
f 1519/1027/555 1530/1039/567 1518/1025/553
f 1520/1028/556 1531/1040/568 1519/1027/555
f 1521/1029/557 1532/1041/569 1520/1028/556
f 1522/1030/558 1533/1042/570 1521/1029/557
f 1535/1043/571 1522/1030/558 1523/1031/559
f 1536/1044/572 1523/1031/559 1524/1032/560
f 1537/1045/573 1524/1032/560 1525/1033/561
f 1538/1046/574 1525/1033/561 1526/1034/562
f 1539/1047/575 1526/1034/562 1527/1036/564
f 1540/1048/576 1527/1036/564 1528/1049/577
f 1530/1039/567 1541/1050/578 1529/1037/565
f 1531/1040/568 1542/1051/579 1530/1039/567
f 1532/1041/569 1543/1052/580 1531/1040/568
f 1533/1042/570 1544/1053/581 1532/1041/569
f 1534/1054/582 1545/1055/583 1533/1042/570
f 1547/1056/584 1534/1054/582 1535/1043/571
f 1548/1057/585 1535/1043/571 1536/1044/572
f 1549/1058/586 1536/1044/572 1537/1045/573
f 1550/1059/587 1537/1045/573 1538/1046/574
f 1551/1060/588 1538/1046/574 1539/1047/575
f 1552/1061/589 1539/1047/575 1540/1048/576
f 1554/1062/590 1541/1050/578 1542/1051/579
f 1555/1063/591 1542/1051/579 1543/1052/580
f 1556/1064/592 1543/1052/580 1544/1053/581
f 1557/1065/593 1544/1053/581 1545/1055/583
f 1558/1066/594 1545/1055/583 1546/1067/595
f 1559/1068/596 1546/1067/595 1547/1056/584
f 1548/1057/585 1559/1068/596 1547/1056/584
f 1549/1058/586 1560/1069/597 1548/1057/585
f 1550/1059/587 1561/1070/598 1549/1058/586
f 1551/1060/588 1562/1071/599 1550/1059/587
f 1552/1061/589 1563/1072/600 1551/1060/588
f 1566/1073/601 1553/1074/602 1554/1062/590
f 1567/1075/603 1554/1062/590 1555/1063/591
f 1568/1076/604 1555/1063/591 1556/1064/592
f 1569/1077/605 1556/1064/592 1557/1065/593
f 1570/1078/606 1557/1065/593 1558/1066/594
f 1571/1079/607 1558/1066/594 1559/1068/596
f 1560/1069/597 1571/1079/607 1559/1068/596
f 1561/1070/598 1572/1080/608 1560/1069/597
f 1562/1071/599 1573/1081/609 1561/1070/598
f 1563/1072/600 1574/1082/610 1562/1071/599
f 1564/1083/611 1575/1084/612 1563/1072/600
f 1578/1085/613 1565/1086/614 1566/1073/601
f 1579/1087/615 1566/1073/601 1567/1075/603
f 1580/1088/616 1567/1075/603 1568/1076/604
f 1581/1089/617 1568/1076/604 1569/1077/605
f 1582/1090/618 1569/1077/605 1570/1078/606
f 1583/1091/619 1570/1078/606 1571/1079/607
f 1572/1080/608 1583/1091/619 1571/1079/607
f 1573/1081/609 1584/1092/620 1572/1080/608
f 1574/1082/610 1585/1093/621 1573/1081/609
f 1575/1084/612 1586/1094/622 1574/1082/610
f 1576/1095/623 1587/1096/624 1575/1084/612
f 1590/1097/625 1577/53/626 1578/1085/613
f 1591/1098/627 1578/1085/613 1579/1087/615
f 1592/1099/628 1579/1087/615 1580/1088/616
f 1593/1100/629 1580/1088/616 1581/1089/617
f 1594/1101/630 1581/1089/617 1582/1090/618
f 1595/1102/631 1582/1090/618 1583/1091/619
f 1584/1092/620 1595/1102/631 1583/1091/619
f 1585/1093/621 1596/1103/632 1584/1092/620
f 1586/1094/622 1597/1104/633 1585/1093/621
f 1587/1096/624 1598/1105/634 1586/1094/622
f 1588/1106/635 1599/1107/636 1587/1096/624
f 1602/1108/637 1589/1109/638 1590/1097/625
f 1603/1110/639 1590/1097/625 1591/1098/627
f 1604/1111/640 1591/1098/627 1592/1099/628
f 1605/1112/641 1592/1099/628 1593/1100/629
f 1606/1113/642 1593/1100/629 1594/1101/630
f 1607/1114/643 1594/1101/630 1595/1102/631
f 1596/1103/632 1607/1114/643 1595/1102/631
f 1597/1104/633 1608/1115/644 1596/1103/632
f 1598/1105/634 1609/1116/645 1597/1104/633
f 1599/1107/636 1610/1117/646 1598/1105/634
f 1600/1118/647 1611/1119/648 1599/1107/636
f 1614/1120/649 1601/1121/650 1602/1108/637
f 1615/1122/651 1602/1108/637 1603/1110/639
f 1616/1123/652 1603/1110/639 1604/1111/640
f 1617/1124/653 1604/1111/640 1605/1112/641
f 1618/1125/654 1605/1112/641 1606/1113/642
f 1619/1126/655 1606/1113/642 1607/1114/643
f 1608/1115/644 1619/1126/655 1607/1114/643
f 1609/1116/645 1620/1127/656 1608/1115/644
f 1610/1117/646 1621/1128/657 1609/1116/645
f 1611/1119/648 1622/1129/658 1610/1117/646
f 1612/1130/659 1623/1131/660 1611/1119/648
f 1626/1132/661 1613/1133/662 1614/1120/649
f 1627/1134/663 1614/1120/649 1615/1122/651
f 1628/1135/664 1615/1122/651 1616/1123/652
f 1629/1136/665 1616/1123/652 1617/1124/653
f 1630/1137/666 1617/1124/653 1618/1125/654
f 1631/1138/667 1618/1125/654 1619/1126/655
f 1620/1127/656 1631/1138/667 1619/1126/655
f 1621/1128/657 1632/1139/668 1620/1127/656
f 1622/1129/658 1633/1140/669 1621/1128/657
f 1623/1131/660 1634/1141/670 1622/1129/658
f 1624/1142/671 1635/1143/672 1623/1131/660
f 1638/1144/673 1625/1145/674 1626/1132/661
f 1639/1146/675 1626/1132/661 1627/1134/663
f 1640/1147/676 1627/1134/663 1628/1135/664
f 1641/1148/677 1628/1135/664 1629/1136/665
f 1642/1149/678 1629/1136/665 1630/1137/666
f 1643/1150/679 1630/1137/666 1631/1138/667
f 1632/1139/668 1643/1150/679 1631/1138/667
f 1633/1140/669 1644/1151/680 1632/1139/668
f 1634/1141/670 1645/1152/681 1633/1140/669
f 1635/1143/672 1646/1153/682 1634/1141/670
f 1636/1154/683 1647/1155/684 1635/1143/672
f 1650/1156/685 1637/1157/686 1638/1144/673
f 1651/1158/687 1638/1144/673 1639/1146/675
f 1652/1159/688 1639/1146/675 1640/1147/676
f 1653/1160/689 1640/1147/676 1641/1148/677
f 1654/1161/690 1641/1148/677 1642/1149/678
f 1655/1162/691 1642/1149/678 1643/1150/679
f 1644/1151/680 1655/1162/691 1643/1150/679
f 1645/1152/681 1656/1163/692 1644/1151/680
f 1646/1153/682 1657/1164/693 1645/1152/681
f 1647/1155/684 1658/1165/694 1646/1153/682
f 1648/1166/695 1659/1167/696 1647/1155/684
f 1662/1168/697 1649/1169/698 1650/1156/685
f 1663/1170/699 1650/1156/685 1651/1158/687
f 1664/1171/700 1651/1158/687 1652/1159/688
f 1665/1172/701 1652/1159/688 1653/1160/689
f 1666/1173/702 1653/1160/689 1654/1161/690
f 1667/1174/703 1654/1161/690 1655/1162/691
f 1656/1163/692 1667/1174/703 1655/1162/691
f 1657/1164/693 1668/1175/704 1656/1163/692
f 1658/1165/694 1669/1176/705 1657/1164/693
f 1659/1167/696 1670/1177/706 1658/1165/694
f 1660/1178/707 1671/1179/708 1659/1167/696
f 1674/1180/709 1661/1181/710 1662/1168/697
f 1675/1182/711 1662/1168/697 1663/1170/699
f 1676/1183/712 1663/1170/699 1664/1171/700
f 1677/1184/713 1664/1171/700 1665/1172/701
f 1678/1185/714 1665/1172/701 1666/1173/702
f 1679/1186/715 1666/1173/702 1667/1174/703
f 1668/1175/704 1679/1186/715 1667/1174/703
f 1669/1176/705 1680/1187/716 1668/1175/704
f 1670/1177/706 1681/1188/717 1669/1176/705
f 1671/1179/708 1682/1189/718 1670/1177/706
f 1672/1190/719 1683/1191/720 1671/1179/708
f 1686/1192/721 1673/1193/722 1674/1180/709
f 1687/1194/723 1674/1180/709 1675/1182/711
f 1688/1195/724 1675/1182/711 1676/1183/712
f 1689/1196/725 1676/1183/712 1677/1184/713
f 1690/1197/726 1677/1184/713 1678/1185/714
f 1691/1198/727 1678/1185/714 1679/1186/715
f 1680/1187/716 1691/1198/727 1679/1186/715
f 1681/1188/717 1692/1199/728 1680/1187/716
f 1682/1189/718 1693/1200/729 1681/1188/717
f 1683/1191/720 1694/1201/730 1682/1189/718
f 1684/1202/731 1695/1203/732 1683/1191/720
f 1698/1204/733 1685/1205/734 1686/1192/721
f 1699/1206/735 1686/1192/721 1687/1194/723
f 1700/1207/736 1687/1194/723 1688/1195/724
f 1701/1208/737 1688/1195/724 1689/1196/725
f 1702/1209/738 1689/1196/725 1690/1197/726
f 1703/1210/739 1690/1197/726 1691/1198/727
f 1692/1199/728 1703/1210/739 1691/1198/727
f 1693/1200/729 1704/1211/740 1692/1199/728
f 1694/1201/730 1705/1212/741 1693/1200/729
f 1695/1203/732 1706/1213/742 1694/1201/730
f 1696/1214/743 1707/1215/744 1695/1203/732
f 1710/1216/745 1697/1217/746 1698/1204/733
f 1711/1218/747 1698/1204/733 1699/1206/735
f 1712/1219/748 1699/1206/735 1700/1207/736
f 1713/1220/749 1700/1207/736 1701/1208/737
f 1714/1221/750 1701/1208/737 1702/1209/738
f 1715/1222/751 1702/1209/738 1703/1210/739
f 1704/1211/740 1715/1222/751 1703/1210/739
f 1705/1212/741 1716/1223/752 1704/1211/740
f 1706/1213/742 1717/1224/753 1705/1212/741
f 1707/1215/744 1718/1225/754 1706/1213/742
f 1708/1226/755 1719/1227/756 1707/1215/744
f 1722/1228/757 1709/1229/758 1710/1216/745
f 1723/1230/759 1710/1216/745 1711/1218/747
f 1724/1231/760 1711/1218/747 1712/1219/748
f 1725/1232/761 1712/1219/748 1713/1220/749
f 1726/1233/762 1713/1220/749 1714/1221/750
f 1727/1234/763 1714/1221/750 1715/1222/751
f 1716/1223/752 1727/1234/763 1715/1222/751
f 1717/1224/753 1728/1235/764 1716/1223/752
f 1718/1225/754 1729/1236/765 1717/1224/753
f 1719/1227/756 1730/1237/766 1718/1225/754
f 1720/1238/767 1731/1239/768 1719/1227/756
f 1734/1240/769 1721/1241/770 1722/1228/757
f 1735/1242/771 1722/1228/757 1723/1230/759
f 1736/1243/772 1723/1230/759 1724/1231/760
f 1737/1244/773 1724/1231/760 1725/1232/761
f 1738/1245/774 1725/1232/761 1726/1233/762
f 1739/1246/775 1726/1233/762 1727/1234/763
f 1728/1235/764 1739/1246/775 1727/1234/763
f 1729/1236/765 1740/1247/776 1728/1235/764
f 1730/1237/766 1741/1248/777 1729/1236/765
f 1731/1239/768 1742/1249/778 1730/1237/766
f 1732/1250/779 1743/1251/780 1731/1239/768
f 1746/1252/781 1733/1253/782 1734/1240/769
f 1747/1254/783 1734/1240/769 1735/1242/771
f 1748/1255/784 1735/1242/771 1736/1243/772
f 1749/1256/785 1736/1243/772 1737/1244/773
f 1750/1257/786 1737/1244/773 1738/1245/774
f 1751/1258/787 1738/1245/774 1739/1246/775
f 1740/1247/776 1751/1258/787 1739/1246/775
f 1741/1248/777 1752/1259/788 1740/1247/776
f 1742/1249/778 1753/1260/789 1741/1248/777
f 1743/1251/780 1754/1261/790 1742/1249/778
f 1744/1262/791 1755/1263/792 1743/1251/780
f 1758/1264/793 1745/1265/794 1746/1252/781
f 1759/1266/795 1746/1252/781 1747/1254/783
f 1760/1267/796 1747/1254/783 1748/1255/784
f 1761/1268/797 1748/1255/784 1749/1256/785
f 1762/1269/798 1749/1256/785 1750/1257/786
f 1763/1270/799 1750/1257/786 1751/1258/787
f 1752/1259/788 1763/1270/799 1751/1258/787
f 1753/1260/789 1764/1271/800 1752/1259/788
f 1754/1261/790 1765/1272/801 1753/1260/789
f 1755/1263/792 1766/1273/802 1754/1261/790
f 1756/1274/803 1767/1275/804 1755/1263/792
f 1770/1276/805 1757/1277/806 1758/1264/793
f 1771/1278/807 1758/1264/793 1759/1266/795
f 1772/1279/808 1759/1266/795 1760/1267/796
f 1773/1280/809 1760/1267/796 1761/1268/797
f 1774/1281/810 1761/1268/797 1762/1269/798
f 1775/1282/811 1762/1269/798 1763/1270/799
f 1764/1271/800 1775/1282/811 1763/1270/799
f 1765/1272/801 1776/1283/812 1764/1271/800
f 1766/1273/802 1777/1284/813 1765/1272/801
f 1767/1275/804 1778/1285/814 1766/1273/802
f 1768/1286/815 1779/1287/816 1767/1275/804
f 1782/1288/817 1769/1289/818 1770/1276/805
f 1783/1290/819 1770/1276/805 1771/1278/807
f 1784/1291/820 1771/1278/807 1772/1279/808
f 1785/1292/821 1772/1279/808 1773/1280/809
f 1786/1293/822 1773/1280/809 1774/1281/810
f 1787/1294/823 1774/1281/810 1775/1282/811
f 1776/1283/812 1787/1294/823 1775/1282/811
f 1777/1284/813 1788/1295/824 1776/1283/812
f 1778/1285/814 1789/1296/825 1777/1284/813
f 1779/1287/816 1790/1297/826 1778/1285/814
f 1780/1298/827 1791/1299/828 1779/1287/816
f 1794/1300/829 1781/1301/830 1782/1288/817
f 1795/1302/831 1782/1288/817 1783/1290/819
f 1796/1303/832 1783/1290/819 1784/1291/820
f 1797/1304/833 1784/1291/820 1785/1292/821
f 1798/1305/834 1785/1292/821 1786/1293/822
f 1799/1306/835 1786/1293/822 1787/1294/823
f 1788/1295/824 1799/1306/835 1787/1294/823
f 1789/1296/825 1800/1307/836 1788/1295/824
f 1790/1297/826 1801/1308/837 1789/1296/825
f 1791/1299/828 1802/1309/838 1790/1297/826
f 1792/1310/839 1803/1311/840 1791/1299/828
f 1794/1300/829 1805/1312/841 1793/1313/842
f 1795/1302/831 1806/1314/843 1794/1300/829
f 1796/1303/832 1807/1315/844 1795/1302/831
f 1797/1304/833 1808/1316/845 1796/1303/832
f 1798/1305/834 1809/1317/846 1797/1304/833
f 1811/1318/847 1798/1305/834 1799/1306/835
f 1812/1319/848 1799/1306/835 1800/1307/836
f 1813/1320/849 1800/1307/836 1801/1308/837
f 1814/1321/850 1801/1308/837 1802/1309/838
f 1815/1322/851 1802/1309/838 1803/1311/840
f 1816/1323/852 1803/1311/840 1804/1324/853
f 1806/1314/843 1817/1325/854 1805/1312/841
f 1807/1315/844 1818/1326/855 1806/1314/843
f 1808/1316/845 1819/1327/856 1807/1315/844
f 1809/1317/846 1820/1328/857 1808/1316/845
f 1810/1329/858 1821/1330/859 1809/1317/846
f 1823/1331/860 1810/1329/858 1811/1318/847
f 1824/1332/861 1811/1318/847 1812/1319/848
f 1825/1333/862 1812/1319/848 1813/1320/849
f 1826/1334/863 1813/1320/849 1814/1321/850
f 1827/1335/864 1814/1321/850 1815/1322/851
f 1828/1336/865 1815/1322/851 1816/1323/852
f 1818/1326/855 1829/1337/866 1817/1325/854
f 1819/1327/856 1830/1338/867 1818/1326/855
f 1820/1328/857 1831/1339/868 1819/1327/856
f 1821/1330/859 1832/1340/869 1820/1328/857
f 1822/1341/870 1833/1342/871 1821/1330/859
f 1835/1343/872 1822/1341/870 1823/1331/860
f 1836/1344/873 1823/1331/860 1824/1332/861
f 1837/1345/874 1824/1332/861 1825/1333/862
f 1838/1346/875 1825/1333/862 1826/1334/863
f 1839/1347/876 1826/1334/863 1827/1335/864
f 1840/1348/877 1827/1335/864 1828/1336/865
f 1842/1349/878 1829/1337/866 1830/1338/867
f 1843/1350/879 1830/1338/867 1831/1339/868
f 1844/1351/880 1831/1339/868 1832/1340/869
f 1845/1352/881 1832/1340/869 1833/1342/871
f 1846/1353/882 1833/1342/871 1834/1354/883
f 1847/1355/884 1834/1354/883 1835/1343/872
f 1836/1344/873 1847/1355/884 1835/1343/872
f 1837/1345/874 1848/1356/885 1836/1344/873
f 1838/1346/875 1849/1357/886 1837/1345/874
f 1839/1347/876 1850/1358/887 1838/1346/875
f 1840/1348/877 1851/1359/888 1839/1347/876
f 1854/1360/889 1841/1361/890 1842/1349/878
f 1855/1362/891 1842/1349/878 1843/1350/879
f 1856/1363/892 1843/1350/879 1844/1351/880
f 1857/1364/893 1844/1351/880 1845/1352/881
f 1858/1365/894 1845/1352/881 1846/1353/882
f 1859/1366/895 1846/1353/882 1847/1355/884
f 1848/1356/885 1859/1366/895 1847/1355/884
f 1849/1357/886 1860/1367/896 1848/1356/885
f 1850/1358/887 1861/1368/897 1849/1357/886
f 1851/1359/888 1862/1369/898 1850/1358/887
f 1852/1370/899 1863/1371/900 1851/1359/888
f 1866/1372/901 1853/1373/902 1854/1360/889
f 1867/1374/903 1854/1360/889 1855/1362/891
f 1868/1375/904 1855/1362/891 1856/1363/892
f 1869/1376/905 1856/1363/892 1857/1364/893
f 1870/1377/906 1857/1364/893 1858/1365/894
f 1871/1378/907 1858/1365/894 1859/1366/895
f 1860/1367/896 1871/1378/907 1859/1366/895
f 1861/1368/897 1872/1379/908 1860/1367/896
f 1862/1369/898 1873/1380/909 1861/1368/897
f 1863/1371/900 1874/1381/910 1862/1369/898
f 1864/1382/911 1875/1383/912 1863/1371/900
f 1878/1384/913 1865/1385/914 1866/1372/901
f 1879/1386/915 1866/1372/901 1867/1374/903
f 1880/1387/916 1867/1374/903 1868/1375/904
f 1881/1388/917 1868/1375/904 1869/1376/905
f 1882/1389/918 1869/1376/905 1870/1377/906
f 1883/1390/919 1870/1377/906 1871/1378/907
f 1872/1379/908 1883/1390/919 1871/1378/907
f 1873/1380/909 1884/1391/920 1872/1379/908
f 1874/1381/910 1885/1392/921 1873/1380/909
f 1875/1383/912 1886/1393/922 1874/1381/910
f 1876/1394/923 1887/1395/924 1875/1383/912
f 1878/1384/913 1889/1396/925 1877/1397/926
f 1879/1386/915 1890/1398/927 1878/1384/913
f 1880/1387/916 1891/1399/928 1879/1386/915
f 1881/1388/917 1892/1400/929 1880/1387/916
f 1882/1389/918 1893/1401/930 1881/1388/917
f 1895/1402/931 1882/1389/918 1883/1390/919
f 1896/1403/932 1883/1390/919 1884/1391/920
f 1897/1404/933 1884/1391/920 1885/1392/921
f 1898/1405/934 1885/1392/921 1886/1393/922
f 1899/1406/935 1886/1393/922 1887/1395/924
f 1900/1407/936 1887/1395/924 1888/1408/937
f 1890/1398/927 1901/1409/938 1889/1396/925
f 1891/1399/928 1902/1410/939 1890/1398/927
f 1892/1400/929 1903/1411/940 1891/1399/928
f 1893/1401/930 1904/1412/941 1892/1400/929
f 1894/1413/942 1905/1414/943 1893/1401/930
f 1907/1415/944 1894/1413/942 1895/1402/931
f 1908/1416/945 1895/1402/931 1896/1403/932
f 1909/1417/946 1896/1403/932 1897/1404/933
f 1910/1418/947 1897/1404/933 1898/1405/934
f 1911/1419/948 1898/1405/934 1899/1406/935
f 1912/1420/949 1899/1406/935 1900/1407/936
f 1902/1410/939 1913/1421/950 1901/1409/938
f 1903/1411/940 1914/1422/951 1902/1410/939
f 1904/1412/941 1915/1423/952 1903/1411/940
f 1905/1414/943 1916/1424/953 1904/1412/941
f 1906/1425/954 1917/1426/955 1905/1414/943
f 1919/1427/956 1906/1425/954 1907/1415/944
f 1920/1428/957 1907/1415/944 1908/1416/945
f 1921/1429/958 1908/1416/945 1909/1417/946
f 1922/1430/959 1909/1417/946 1910/1418/947
f 1923/1431/960 1910/1418/947 1911/1419/948
f 1924/1432/961 1911/1419/948 1912/1420/949
f 1914/1422/951 1925/1433/962 1913/1421/950
f 1915/1423/952 1926/1434/963 1914/1422/951
f 1916/1424/953 1927/1435/964 1915/1423/952
f 1917/1426/955 1928/1436/965 1916/1424/953
f 1918/1437/966 1929/1438/967 1917/1426/955
f 1931/1439/968 1918/1437/966 1919/1427/956
f 1932/1440/969 1919/1427/956 1920/1428/957
f 1933/1441/970 1920/1428/957 1921/1429/958
f 1934/1442/971 1921/1429/958 1922/1430/959
f 1935/1443/972 1922/1430/959 1923/1431/960
f 1936/1444/973 1923/1431/960 1924/1432/961
f 1926/1434/963 1937/1445/974 1925/1433/962
f 1927/1435/964 1938/1446/975 1926/1434/963
f 1928/1436/965 1939/1447/976 1927/1435/964
f 1929/1438/967 1940/1448/977 1928/1436/965
f 1930/1449/978 1941/1450/979 1929/1438/967
f 1943/1451/980 1930/1449/978 1931/1439/968
f 1944/1452/981 1931/1439/968 1932/1440/969
f 1945/1453/982 1932/1440/969 1933/1441/970
f 1946/1454/983 1933/1441/970 1934/1442/971
f 1947/1455/984 1934/1442/971 1935/1443/972
f 1948/1456/985 1935/1443/972 1936/1444/973
f 1938/1446/975 1949/1457/986 1937/1445/974
f 1939/1447/976 1950/1458/987 1938/1446/975
f 1940/1448/977 1951/1459/988 1939/1447/976
f 1941/1450/979 1952/1460/989 1940/1448/977
f 1942/1461/990 1953/1462/991 1941/1450/979
f 1955/1463/992 1942/1461/990 1943/1451/980
f 1956/1464/993 1943/1451/980 1944/1452/981
f 1957/1465/994 1944/1452/981 1945/1453/982
f 1958/1466/995 1945/1453/982 1946/1454/983
f 1959/1467/996 1946/1454/983 1947/1455/984
f 1960/1468/997 1947/1455/984 1948/1456/985
f 1950/1458/987 1961/1469/998 1949/1457/986
f 1951/1459/988 1962/1470/999 1950/1458/987
f 1952/1460/989 1963/1471/1000 1951/1459/988
f 1953/1462/991 1964/1472/1001 1952/1460/989
f 1954/1473/1002 1965/1474/1003 1953/1462/991
f 1967/1475/1004 1954/1473/1002 1955/1463/992
f 1968/1476/1005 1955/1463/992 1956/1464/993
f 1969/1477/1006 1956/1464/993 1957/1465/994
f 1970/1478/1007 1957/1465/994 1958/1466/995
f 1971/1479/1008 1958/1466/995 1959/1467/996
f 1972/1480/1009 1959/1467/996 1960/1468/997
f 1962/1470/999 1973/1481/1010 1961/1469/998
f 1963/1471/1000 1974/1482/1011 1962/1470/999
f 1964/1472/1001 1975/1483/1012 1963/1471/1000
f 1965/1474/1003 1976/1484/1013 1964/1472/1001
f 1966/1485/1014 1977/1486/1015 1965/1474/1003
f 1979/1487/1016 1966/1485/1014 1967/1475/1004
f 1980/1488/1017 1967/1475/1004 1968/1476/1005
f 1981/1489/1018 1968/1476/1005 1969/1477/1006
f 1982/1490/1019 1969/1477/1006 1970/1478/1007
f 1983/1491/1020 1970/1478/1007 1971/1479/1008
f 1984/1492/1021 1971/1479/1008 1972/1480/1009
f 1974/1482/1011 1985/1493/1022 1973/1481/1010
f 1975/1483/1012 1986/1494/1023 1974/1482/1011
f 1976/1484/1013 1987/1495/1024 1975/1483/1012
f 1977/1486/1015 1988/1496/1025 1976/1484/1013
f 1978/1497/1026 1989/1498/1027 1977/1486/1015
f 1991/1499/1028 1978/1497/1026 1979/1487/1016
f 1992/1500/1029 1979/1487/1016 1980/1488/1017
f 1993/1501/1030 1980/1488/1017 1981/1489/1018
f 1994/1502/1031 1981/1489/1018 1982/1490/1019
f 1995/1503/1032 1982/1490/1019 1983/1491/1020
f 1996/1504/1033 1983/1491/1020 1984/1492/1021
f 1986/1494/1023 1997/1505/1034 1985/1493/1022
f 1987/1495/1024 1998/1506/1035 1986/1494/1023
f 1988/1496/1025 1999/1507/1036 1987/1495/1024
f 1989/1498/1027 2000/1508/1037 1988/1496/1025
f 1990/1509/1038 2001/1510/1039 1989/1498/1027
f 2003/1511/1040 1990/1509/1038 1991/1499/1028
f 2004/1512/1041 1991/1499/1028 1992/1500/1029
f 2005/1513/1042 1992/1500/1029 1993/1501/1030
f 2006/1514/1043 1993/1501/1030 1994/1502/1031
f 2007/1515/1044 1994/1502/1031 1995/1503/1032
f 2008/1516/1045 1995/1503/1032 1996/1504/1033
f 1998/1506/1035 2009/1517/1046 1997/1505/1034
f 1999/1507/1036 2010/1518/1047 1998/1506/1035
f 2000/1508/1037 2011/1519/1048 1999/1507/1036
f 2001/1510/1039 2012/1520/1049 2000/1508/1037
f 2002/1521/1050 2013/1522/1051 2001/1510/1039
f 2015/1523/1052 2002/1521/1050 2003/1511/1040
f 2016/1524/1053 2003/1511/1040 2004/1512/1041
f 2017/1525/1054 2004/1512/1041 2005/1513/1042
f 2018/1526/1055 2005/1513/1042 2006/1514/1043
f 2019/1527/1056 2006/1514/1043 2007/1515/1044
f 2020/1528/1057 2007/1515/1044 2008/1516/1045
f 2010/1518/1047 2021/1529/1058 2009/1517/1046
f 2011/1519/1048 2022/1530/1059 2010/1518/1047
f 2012/1520/1049 2023/1531/1060 2011/1519/1048
f 2013/1522/1051 2024/1532/1061 2012/1520/1049
f 2014/1533/1062 2025/1534/1063 2013/1522/1051
f 2027/1535/1064 2014/1533/1062 2015/1523/1052
f 2028/1536/1065 2015/1523/1052 2016/1524/1053
f 2029/1537/1066 2016/1524/1053 2017/1525/1054
f 2030/1538/1067 2017/1525/1054 2018/1526/1055
f 2031/1539/1068 2018/1526/1055 2019/1527/1056
f 2032/1540/1069 2019/1527/1056 2020/1528/1057
f 2022/1530/1059 2033/1541/1070 2021/1529/1058
f 2023/1531/1060 2034/1542/1071 2022/1530/1059
f 2024/1532/1061 2035/1543/1072 2023/1531/1060
f 2025/1534/1063 2036/1544/1073 2024/1532/1061
f 2026/1545/1074 2037/1546/1075 2025/1534/1063
f 2039/1547/1076 2026/1545/1074 2027/1535/1064
f 2040/1548/1077 2027/1535/1064 2028/1536/1065
f 2041/1549/1078 2028/1536/1065 2029/1537/1066
f 2042/1550/1079 2029/1537/1066 2030/1538/1067
f 2043/1551/1080 2030/1538/1067 2031/1539/1068
f 2044/1552/1081 2031/1539/1068 2032/1540/1069
f 2034/1542/1071 2045/1553/1082 2033/1541/1070
f 2035/1543/1072 2046/1554/1083 2034/1542/1071
f 2036/1544/1073 2047/1555/1084 2035/1543/1072
f 2037/1546/1075 2048/1556/1085 2036/1544/1073
f 2038/1557/1086 2049/1558/1087 2037/1546/1075
f 2051/1559/1088 2038/1557/1086 2039/1547/1076
f 2052/1560/1089 2039/1547/1076 2040/1548/1077
f 2053/1561/1090 2040/1548/1077 2041/1549/1078
f 2054/1562/1091 2041/1549/1078 2042/1550/1079
f 2055/1563/1092 2042/1550/1079 2043/1551/1080
f 2056/1564/1093 2043/1551/1080 2044/1552/1081
f 2046/1554/1083 2057/1565/1094 2045/1553/1082
f 2047/1555/1084 2058/1566/1095 2046/1554/1083
f 2048/1556/1085 2059/1567/1096 2047/1555/1084
f 2049/1558/1087 2060/1568/1097 2048/1556/1085
f 2050/1569/1098 2061/1570/1099 2049/1558/1087
f 2063/1571/1100 2050/1569/1098 2051/1559/1088
f 2064/1572/1101 2051/1559/1088 2052/1560/1089
f 2065/1573/1102 2052/1560/1089 2053/1561/1090
f 2066/1574/1103 2053/1561/1090 2054/1562/1091
f 2067/1575/1104 2054/1562/1091 2055/1563/1092
f 2068/1576/1105 2055/1563/1092 2056/1564/1093
f 2058/1566/1095 2069/1577/1106 2057/1565/1094
f 2059/1567/1096 2070/1578/1107 2058/1566/1095
f 2060/1568/1097 2071/1579/1108 2059/1567/1096
f 2061/1570/1099 2072/1580/1109 2060/1568/1097
f 2062/1581/1110 2073/1582/1111 2061/1570/1099
f 2075/1583/1112 2062/1581/1110 2063/1571/1100
f 2076/1584/1113 2063/1571/1100 2064/1572/1101
f 2077/1585/1114 2064/1572/1101 2065/1573/1102
f 2078/1586/1115 2065/1573/1102 2066/1574/1103
f 2079/1587/1116 2066/1574/1103 2067/1575/1104
f 2080/1588/1117 2067/1575/1104 2068/1576/1105
f 2070/1578/1107 2081/1589/1118 2069/1577/1106
f 2071/1579/1108 2082/1590/1119 2070/1578/1107
f 2072/1580/1109 2083/1591/1120 2071/1579/1108
f 2073/1582/1111 2084/1592/1121 2072/1580/1109
f 2074/1593/1122 2085/1594/1123 2073/1582/1111
f 2087/1595/1124 2074/1593/1122 2075/1583/1112
f 2088/1596/1125 2075/1583/1112 2076/1584/1113
f 2089/1597/1126 2076/1584/1113 2077/1585/1114
f 2090/1598/1127 2077/1585/1114 2078/1586/1115
f 2091/1599/1128 2078/1586/1115 2079/1587/1116
f 2092/1600/1129 2079/1587/1116 2080/1588/1117
f 2082/1590/1119 2093/1601/1130 2081/1589/1118
f 2083/1591/1120 2094/1602/1131 2082/1590/1119
f 2084/1592/1121 2095/1603/1132 2083/1591/1120
f 2085/1594/1123 2096/1604/1133 2084/1592/1121
f 2086/1605/1134 2097/1606/1135 2085/1594/1123
f 2099/1607/1136 2086/1605/1134 2087/1595/1124
f 2100/1608/1137 2087/1595/1124 2088/1596/1125
f 2101/1609/1138 2088/1596/1125 2089/1597/1126
f 2102/1610/1139 2089/1597/1126 2090/1598/1127
f 2103/1611/1140 2090/1598/1127 2091/1599/1128
f 2104/1612/1141 2091/1599/1128 2092/1600/1129
f 2094/1602/1131 2105/1613/1142 2093/1601/1130
f 2095/1603/1132 2106/1614/1143 2094/1602/1131
f 2096/1604/1133 2107/1615/1144 2095/1603/1132
f 2097/1606/1135 2108/1616/1145 2096/1604/1133
f 2098/1617/1146 2109/1618/1147 2097/1606/1135
f 2111/1619/1148 2098/1617/1146 2099/1607/1136
f 2112/1620/1149 2099/1607/1136 2100/1608/1137
f 2113/1621/1150 2100/1608/1137 2101/1609/1138
f 2114/1622/1151 2101/1609/1138 2102/1610/1139
f 2115/1623/1152 2102/1610/1139 2103/1611/1140
f 2116/1624/1153 2103/1611/1140 2104/1612/1141
f 2118/1625/1154 2105/1613/1142 2106/1614/1143
f 2107/1615/1144 2118/1625/1154 2106/1614/1143
f 2108/1616/1145 2119/1626/1155 2107/1615/1144
f 2109/1618/1147 2120/1627/1156 2108/1616/1145
f 2110/1628/1157 2121/1629/1158 2109/1618/1147
f 2123/1630/1159 2110/1628/1157 2111/1619/1148
f 2124/1631/1160 2111/1619/1148 2112/1620/1149
f 2125/1632/1161 2112/1620/1149 2113/1621/1150
f 2126/1633/1162 2113/1621/1150 2114/1622/1151
f 2115/1623/1152 2126/1633/1162 2114/1622/1151
f 2116/1624/1153 2127/1634/1163 2115/1623/1152
f 2130/1635/1164 2117/1636/1165 2118/1625/1154
f 2131/1637/1166 2118/1625/1154 2119/1626/1155
f 2132/1638/1167 2119/1626/1155 2120/1627/1156
f 2133/1639/1168 2120/1627/1156 2121/1629/1158
f 2134/1640/1169 2121/1629/1158 2122/1641/1170
f 2135/1642/1171 2122/1641/1170 2123/1630/1159
f 2124/1631/1160 2135/1642/1171 2123/1630/1159
f 2125/1632/1161 2136/1643/1172 2124/1631/1160
f 2126/1633/1162 2137/1644/1173 2125/1632/1161
f 2127/1634/1163 2138/1645/1174 2126/1633/1162
f 2128/1646/1175 2139/1647/1176 2127/1634/1163
f 2130/1635/1164 2141/1648/1177 2129/1649/1177
f 2131/1637/1166 2142/1650/1178 2130/1635/1164
f 2132/1638/1167 2143/1651/1179 2131/1637/1166
f 2133/1639/1168 2144/1652/1180 2132/1638/1167
f 2134/1640/1169 2145/1653/1181 2133/1639/1168
f 2147/1654/1182 2134/1640/1169 2135/1642/1171
f 2148/1655/1183 2135/1642/1171 2136/1643/1172
f 2149/1656/1184 2136/1643/1172 2137/1644/1173
f 2150/1657/1185 2137/1644/1173 2138/1645/1174
f 2151/1658/1186 2138/1645/1174 2139/1647/1176
f 2152/1659/1187 2139/1647/1176 2140/1660/1187
f 2142/1650/1178 2153/1661/1188 2141/1648/1177
f 2155/1662/1189 2142/1650/1178 2143/1651/1179
f 2156/1663/1190 2143/1651/1179 2144/1652/1180
f 2157/1664/1191 2144/1652/1180 2145/1653/1181
f 2158/1665/1192 2145/1653/1181 2146/1666/1193
f 2159/1667/1194 2146/1666/1193 2147/1654/1182
f 2160/1668/1195 2147/1654/1182 2148/1655/1183
f 2161/1669/1196 2148/1655/1183 2149/1656/1184
f 2162/1670/1197 2149/1656/1184 2150/1657/1185
f 2163/1671/1198 2150/1657/1185 2151/1658/1186
f 2164/1672/1199 2151/1658/1186 2152/1659/1187
f 2166/1673/1200 2153/1661/1188 2154/1674/1201
f 2155/1662/1189 2166/1673/1200 2154/1674/1201
f 2168/1675/1202 2155/1662/1189 2156/1663/1190
f 2169/1676/1203 2156/1663/1190 2157/1664/1191
f 2170/1677/1204 2157/1664/1191 2158/1665/1192
f 2171/1678/1205 2158/1665/1192 2159/1667/1194
f 2172/1679/1206 2159/1667/1194 2160/1668/1195
f 2161/1669/1196 2172/1679/1206 2160/1668/1195
f 2174/1680/1207 2161/1669/1196 2162/1670/1197
f 2175/1681/1208 2162/1670/1197 2163/1671/1198
f 2176/1682/1209 2163/1671/1198 2164/1672/1199
f 2178/1683/1210 2165/1684/1211 2166/1673/1200
f 2179/1685/1212 2166/1673/1200 2167/1686/1213
f 2180/1687/1214 2167/1686/1213 2168/1675/1202
f 2181/1688/1215 2168/1675/1202 2169/1676/1203
f 2182/1689/1216 2169/1676/1203 2170/1677/1204
f 2183/1690/1217 2170/1677/1204 2171/1678/1205
f 2172/1679/1206 2183/1690/1217 2171/1678/1205
f 2173/1691/1218 2184/1692/1219 2172/1679/1206
f 2174/1680/1207 2185/1693/1220 2173/1691/1218
f 2175/1681/1208 2186/1694/1221 2174/1680/1207
f 2176/1682/1209 2187/1695/1222 2175/1681/1208
f 966/1696/3 2177/1697/1223 2178/1683/1210
f 967/1698/6 2178/1683/1210 2179/1685/1212
f 968/1699/8 2179/1685/1212 2180/1687/1214
f 969/1700/10 2180/1687/1214 2181/1688/1215
f 970/1701/12 2181/1688/1215 2182/1689/1216
f 971/1702/15 2182/1689/1216 2183/1690/1217
f 2184/1692/1219 971/1702/15 2183/1690/1217
f 2185/1693/1220 972/1703/17 2184/1692/1219
f 2186/1694/1221 973/1704/19 2185/1693/1220
f 2187/1695/1222 974/1705/21 2186/1694/1221
f 2188/1706/1224 975/1707/23 2187/1695/1222
f 2190/476/1225 2201/1708/1226 2189/84/1227
f 2191/478/1228 2202/1709/1229 2190/476/1225
f 2192/480/1230 2203/1710/1231 2191/478/1228
f 2193/482/1232 2204/1711/1233 2192/480/1230
f 2194/484/1234 2205/1712/1235 2193/482/1232
f 2207/1713/1236 2194/484/1234 2195/487/1237
f 2208/1714/1238 2195/487/1237 2196/489/1239
f 2209/1715/1240 2196/489/1239 2197/491/1241
f 2210/1716/1242 2197/491/1241 2198/493/1243
f 2211/1717/1244 2198/493/1243 2199/495/1245
f 2212/1718/1246 2199/495/1245 2200/497/1247
f 2202/1709/1229 2213/1719/1248 2201/1708/1226
f 2203/1710/1231 2214/1720/1249 2202/1709/1229
f 2204/1711/1233 2215/1721/1250 2203/1710/1231
f 2205/1712/1235 2216/1722/1251 2204/1711/1233
f 2206/1723/1252 2217/1724/1253 2205/1712/1235
f 2219/1725/1254 2206/1723/1252 2207/1713/1236
f 2220/1726/1255 2207/1713/1236 2208/1714/1238
f 2221/1727/1256 2208/1714/1238 2209/1715/1240
f 2222/1728/1257 2209/1715/1240 2210/1716/1242
f 2223/1729/1258 2210/1716/1242 2211/1717/1244
f 2224/1730/1259 2211/1717/1244 2212/1718/1246
f 2214/1720/1249 2225/1731/1260 2213/1719/1248
f 2215/1721/1250 2226/1732/1261 2214/1720/1249
f 2216/1722/1251 2227/1733/1262 2215/1721/1250
f 2217/1724/1253 2228/1734/1263 2216/1722/1251
f 2218/1735/1264 2229/1736/1265 2217/1724/1253
f 2231/1737/1266 2218/1735/1264 2219/1725/1254
f 2232/1738/1267 2219/1725/1254 2220/1726/1255
f 2233/1739/1268 2220/1726/1255 2221/1727/1256
f 2234/1740/1269 2221/1727/1256 2222/1728/1257
f 2235/1741/1270 2222/1728/1257 2223/1729/1258
f 2236/1742/1271 2223/1729/1258 2224/1730/1259
f 2226/1732/1261 2237/1743/1272 2225/1731/1260
f 2227/1733/1262 2238/1744/1273 2226/1732/1261
f 2228/1734/1263 2239/1745/1274 2227/1733/1262
f 2229/1736/1265 2240/1746/1275 2228/1734/1263
f 2230/1747/1276 2241/1748/1277 2229/1736/1265
f 2243/1749/1278 2230/1747/1276 2231/1737/1266
f 2244/1750/1279 2231/1737/1266 2232/1738/1267
f 2245/1751/1280 2232/1738/1267 2233/1739/1268
f 2246/1752/1281 2233/1739/1268 2234/1740/1269
f 2247/1753/1282 2234/1740/1269 2235/1741/1270
f 2248/1754/1283 2235/1741/1270 2236/1742/1271
f 2238/1744/1273 2249/1755/1284 2237/1743/1272
f 2239/1745/1274 2250/1756/1285 2238/1744/1273
f 2240/1746/1275 2251/1757/1286 2239/1745/1274
f 2241/1748/1277 2252/1758/1287 2240/1746/1275
f 2242/1759/1288 2253/1760/1289 2241/1748/1277
f 2255/1761/1290 2242/1759/1288 2243/1749/1278
f 2256/1762/1291 2243/1749/1278 2244/1750/1279
f 2257/1763/1292 2244/1750/1279 2245/1751/1280
f 2258/1764/1293 2245/1751/1280 2246/1752/1281
f 2259/1765/1294 2246/1752/1281 2247/1753/1282
f 2260/1766/1295 2247/1753/1282 2248/1754/1283
f 2250/1756/1285 2261/1767/1296 2249/1755/1284
f 2251/1757/1286 2262/1768/1297 2250/1756/1285
f 2252/1758/1287 2263/1769/1298 2251/1757/1286
f 2253/1760/1289 2264/1770/1299 2252/1758/1287
f 2254/1771/1300 2265/1772/1301 2253/1760/1289
f 2267/1773/1302 2254/1771/1300 2255/1761/1290
f 2268/1774/1303 2255/1761/1290 2256/1762/1291
f 2269/1775/1304 2256/1762/1291 2257/1763/1292
f 2270/1776/1305 2257/1763/1292 2258/1764/1293
f 2271/1777/1306 2258/1764/1293 2259/1765/1294
f 2272/1778/1307 2259/1765/1294 2260/1766/1295
f 2262/1768/1297 2273/1779/1308 2261/1767/1296
f 2263/1769/1298 2274/1780/1309 2262/1768/1297
f 2264/1770/1299 2275/1781/1310 2263/1769/1298
f 2265/1772/1301 2276/1782/1311 2264/1770/1299
f 2266/1783/1312 2277/1784/1313 2265/1772/1301
f 2279/1785/1314 2266/1783/1312 2267/1773/1302
f 2280/1786/1315 2267/1773/1302 2268/1774/1303
f 2281/1787/1316 2268/1774/1303 2269/1775/1304
f 2282/1788/1317 2269/1775/1304 2270/1776/1305
f 2283/1789/1318 2270/1776/1305 2271/1777/1306
f 2284/1790/1319 2271/1777/1306 2272/1778/1307
f 2274/1780/1309 2285/1791/1320 2273/1779/1308
f 2275/1781/1310 2286/1792/1321 2274/1780/1309
f 2276/1782/1311 2287/1793/1322 2275/1781/1310
f 2277/1784/1313 2288/1794/1323 2276/1782/1311
f 2278/1795/1324 2289/1796/1325 2277/1784/1313
f 2291/1797/1326 2278/1795/1324 2279/1785/1314
f 2292/1798/1327 2279/1785/1314 2280/1786/1315
f 2293/1799/1328 2280/1786/1315 2281/1787/1316
f 2294/1800/1329 2281/1787/1316 2282/1788/1317
f 2295/1801/1330 2282/1788/1317 2283/1789/1318
f 2296/1802/1331 2283/1789/1318 2284/1790/1319
f 2298/1803/1332 2285/1791/1320 2286/1792/1321
f 2299/1804/1333 2286/1792/1321 2287/1793/1322
f 2300/1805/1334 2287/1793/1322 2288/1794/1323
f 2301/1806/1335 2288/1794/1323 2289/1796/1325
f 2302/1807/1336 2289/1796/1325 2290/1808/1337
f 2303/1809/1338 2290/1808/1337 2291/1797/1326
f 2292/1798/1327 2303/1809/1338 2291/1797/1326
f 2293/1799/1328 2304/1810/1339 2292/1798/1327
f 2294/1800/1329 2305/1811/1340 2293/1799/1328
f 2295/1801/1330 2306/1812/1341 2294/1800/1329
f 2296/1802/1331 2307/1813/1342 2295/1801/1330
f 2310/1814/1343 2297/1815/1344 2298/1803/1332
f 2311/1816/1345 2298/1803/1332 2299/1804/1333
f 2312/1817/1346 2299/1804/1333 2300/1805/1334
f 2313/1818/1347 2300/1805/1334 2301/1806/1335
f 2314/1819/1348 2301/1806/1335 2302/1807/1336
f 2315/1820/1349 2302/1807/1336 2303/1809/1338
f 2304/1810/1339 2315/1820/1349 2303/1809/1338
f 2305/1811/1340 2316/1821/1350 2304/1810/1339
f 2306/1812/1341 2317/1822/1351 2305/1811/1340
f 2307/1813/1342 2318/1823/1352 2306/1812/1341
f 2308/1824/1353 2319/1825/1354 2307/1813/1342
f 2322/1826/1355 2309/1827/1356 2310/1814/1343
f 2323/1828/1357 2310/1814/1343 2311/1816/1345
f 2324/1829/1358 2311/1816/1345 2312/1817/1346
f 2325/1830/1359 2312/1817/1346 2313/1818/1347
f 2326/1831/1360 2313/1818/1347 2314/1819/1348
f 2327/1832/1361 2314/1819/1348 2315/1820/1349
f 2316/1821/1350 2327/1832/1361 2315/1820/1349
f 2317/1822/1351 2328/1833/1362 2316/1821/1350
f 2318/1823/1352 2329/1834/1363 2317/1822/1351
f 2319/1825/1354 2330/1835/1364 2318/1823/1352
f 2320/1836/1365 2331/1837/1366 2319/1825/1354
f 2322/1826/1355 2333/1838/1367 2321/1839/1368
f 2323/1828/1357 2334/1840/1369 2322/1826/1355
f 2324/1829/1358 2335/1841/1370 2323/1828/1357
f 2325/1830/1359 2336/1842/1371 2324/1829/1358
f 2326/1831/1360 2337/1843/1372 2325/1830/1359
f 2339/1844/1373 2326/1831/1360 2327/1832/1361
f 2340/1845/1374 2327/1832/1361 2328/1833/1362
f 2341/1846/1375 2328/1833/1362 2329/1834/1363
f 2342/1847/1376 2329/1834/1363 2330/1835/1364
f 2343/1848/1377 2330/1835/1364 2331/1837/1366
f 2344/1849/1378 2331/1837/1366 2332/1850/1379
f 2334/1840/1369 2345/1851/1380 2333/1838/1367
f 2335/1841/1370 2346/1852/1381 2334/1840/1369
f 2336/1842/1371 2347/1853/1382 2335/1841/1370
f 2337/1843/1372 2348/1854/1383 2336/1842/1371
f 2338/1855/1384 2349/1856/1385 2337/1843/1372
f 2351/1857/1386 2338/1855/1384 2339/1844/1373
f 2352/1858/1387 2339/1844/1373 2340/1845/1374
f 2353/1859/1388 2340/1845/1374 2341/1846/1375
f 2354/1860/1389 2341/1846/1375 2342/1847/1376
f 2355/1861/1390 2342/1847/1376 2343/1848/1377
f 2356/1862/1391 2343/1848/1377 2344/1849/1378
f 2346/1852/1381 2357/1863/1392 2345/1851/1380
f 2347/1853/1382 2358/1864/1393 2346/1852/1381
f 2348/1854/1383 2359/1865/1394 2347/1853/1382
f 2349/1856/1385 2360/1866/1395 2348/1854/1383
f 2350/1867/1396 2361/1868/1397 2349/1856/1385
f 2363/1869/1398 2350/1867/1396 2351/1857/1386
f 2364/1870/1399 2351/1857/1386 2352/1858/1387
f 2365/1871/1400 2352/1858/1387 2353/1859/1388
f 2366/1872/1401 2353/1859/1388 2354/1860/1389
f 2367/1873/1402 2354/1860/1389 2355/1861/1390
f 2368/1874/1403 2355/1861/1390 2356/1862/1391
f 2358/1864/1393 2369/1875/1404 2357/1863/1392
f 2359/1865/1394 2370/1876/1405 2358/1864/1393
f 2360/1866/1395 2371/1877/1406 2359/1865/1394
f 2361/1868/1397 2372/1878/1407 2360/1866/1395
f 2362/1879/1408 2373/1880/1409 2361/1868/1397
f 2375/1881/1410 2362/1879/1408 2363/1869/1398
f 2376/1882/1411 2363/1869/1398 2364/1870/1399
f 2377/1883/1412 2364/1870/1399 2365/1871/1400
f 2378/1884/1413 2365/1871/1400 2366/1872/1401
f 2379/1885/1414 2366/1872/1401 2367/1873/1402
f 2380/1886/1415 2367/1873/1402 2368/1874/1403
f 2370/1876/1405 2381/1887/1416 2369/1875/1404
f 2371/1877/1406 2382/1888/1417 2370/1876/1405
f 2372/1878/1407 2383/1889/1418 2371/1877/1406
f 2373/1880/1409 2384/1890/1419 2372/1878/1407
f 2374/1891/1420 2385/1892/1421 2373/1880/1409
f 2387/1893/1422 2374/1891/1420 2375/1881/1410
f 2388/1894/1423 2375/1881/1410 2376/1882/1411
f 2389/1895/1424 2376/1882/1411 2377/1883/1412
f 2390/1896/1425 2377/1883/1412 2378/1884/1413
f 2391/1897/1426 2378/1884/1413 2379/1885/1414
f 2392/1898/1427 2379/1885/1414 2380/1886/1415
f 2382/1888/1417 2393/1899/1428 2381/1887/1416
f 2383/1889/1418 2394/1900/1429 2382/1888/1417
f 2384/1890/1419 2395/1901/1430 2383/1889/1418
f 2385/1892/1421 2396/1902/1431 2384/1890/1419
f 2386/1903/1432 2397/1904/1433 2385/1892/1421
f 2399/1905/1434 2386/1903/1432 2387/1893/1422
f 2400/1906/1435 2387/1893/1422 2388/1894/1423
f 2401/1907/1436 2388/1894/1423 2389/1895/1424
f 2402/1908/1437 2389/1895/1424 2390/1896/1425
f 2403/1909/1438 2390/1896/1425 2391/1897/1426
f 2404/1910/1439 2391/1897/1426 2392/1898/1427
f 2394/1900/1429 2405/1911/1440 2393/1899/1428
f 2395/1901/1430 2406/1912/1441 2394/1900/1429
f 2396/1902/1431 2407/1913/1442 2395/1901/1430
f 2397/1904/1433 2408/1914/1443 2396/1902/1431
f 2398/1915/1444 2409/1916/1445 2397/1904/1433
f 2411/1917/1446 2398/1915/1444 2399/1905/1434
f 2412/1918/1447 2399/1905/1434 2400/1906/1435
f 2413/1919/1448 2400/1906/1435 2401/1907/1436
f 2414/1920/1449 2401/1907/1436 2402/1908/1437
f 2415/1921/1450 2402/1908/1437 2403/1909/1438
f 2416/1922/1451 2403/1909/1438 2404/1910/1439
f 2418/1923/1452 2405/1911/1440 2406/1912/1441
f 2419/1924/1453 2406/1912/1441 2407/1913/1442
f 2420/1925/1454 2407/1913/1442 2408/1914/1443
f 2421/1926/1455 2408/1914/1443 2409/1916/1445
f 2422/1927/1456 2409/1916/1445 2410/1928/1457
f 2423/1929/1458 2410/1928/1457 2411/1917/1446
f 2412/1918/1447 2423/1929/1458 2411/1917/1446
f 2413/1919/1448 2424/1930/1459 2412/1918/1447
f 2414/1920/1449 2425/1931/1460 2413/1919/1448
f 2415/1921/1450 2426/1932/1461 2414/1920/1449
f 2416/1922/1451 2427/1933/1462 2415/1921/1450
f 2430/1934/1463 2417/1935/1464 2418/1923/1452
f 2431/1936/1465 2418/1923/1452 2419/1924/1453
f 2432/1937/1466 2419/1924/1453 2420/1925/1454
f 2433/1938/1467 2420/1925/1454 2421/1926/1455
f 2434/1939/1468 2421/1926/1455 2422/1927/1456
f 2435/1940/1469 2422/1927/1456 2423/1929/1458
f 2424/1930/1459 2435/1940/1469 2423/1929/1458
f 2425/1931/1460 2436/1941/1470 2424/1930/1459
f 2426/1932/1461 2437/1942/1471 2425/1931/1460
f 2427/1933/1462 2438/1943/1472 2426/1932/1461
f 2428/1944/1473 2439/1945/1474 2427/1933/1462
f 2442/1946/1475 2429/1947/1476 2430/1934/1463
f 2443/1948/1477 2430/1934/1463 2431/1936/1465
f 2444/1949/1478 2431/1936/1465 2432/1937/1466
f 2445/1950/1479 2432/1937/1466 2433/1938/1467
f 2446/1951/1480 2433/1938/1467 2434/1939/1468
f 2447/1952/1481 2434/1939/1468 2435/1940/1469
f 2436/1941/1470 2447/1952/1481 2435/1940/1469
f 2437/1942/1471 2448/1953/1482 2436/1941/1470
f 2438/1943/1472 2449/1954/1483 2437/1942/1471
f 2439/1945/1474 2450/1955/1484 2438/1943/1472
f 2440/1956/1485 2451/1957/1486 2439/1945/1474
f 2454/1958/1487 2441/1959/1488 2442/1946/1475
f 2455/1960/1489 2442/1946/1475 2443/1948/1477
f 2456/1961/1490 2443/1948/1477 2444/1949/1478
f 2457/1962/1491 2444/1949/1478 2445/1950/1479
f 2458/1963/1492 2445/1950/1479 2446/1951/1480
f 2459/1964/1493 2446/1951/1480 2447/1952/1481
f 2448/1953/1482 2459/1964/1493 2447/1952/1481
f 2449/1954/1483 2460/1965/1494 2448/1953/1482
f 2450/1955/1484 2461/1966/1495 2449/1954/1483
f 2451/1957/1486 2462/1967/1496 2450/1955/1484
f 2452/1968/1497 2463/1969/1498 2451/1957/1486
f 2454/1958/1487 2465/1970/1499 2453/1971/1500
f 2455/1960/1489 2466/1972/1501 2454/1958/1487
f 2456/1961/1490 2467/1973/1502 2455/1960/1489
f 2457/1962/1491 2468/1974/1503 2456/1961/1490
f 2458/1963/1492 2469/1975/1504 2457/1962/1491
f 2471/1976/1505 2458/1963/1492 2459/1964/1493
f 2472/1977/1506 2459/1964/1493 2460/1965/1494
f 2473/1978/1507 2460/1965/1494 2461/1966/1495
f 2474/1979/1508 2461/1966/1495 2462/1967/1496
f 2475/1980/1509 2462/1967/1496 2463/1969/1498
f 2464/1981/1510 2475/1980/1509 2463/1969/1498
f 2466/1972/1501 2477/1982/1511 2465/1970/1499
f 2479/1983/1512 2466/1972/1501 2467/1973/1502
f 2480/1984/1513 2467/1973/1502 2468/1974/1503
f 2481/1985/1514 2468/1974/1503 2469/1975/1504
f 2482/1986/1515 2469/1975/1504 2470/1987/1516
f 2483/1988/1517 2470/1987/1516 2471/1976/1505
f 2472/1977/1506 2483/1988/1517 2471/1976/1505
f 2473/1978/1507 2484/1989/1518 2472/1977/1506
f 2474/1979/1508 2485/1990/1519 2473/1978/1507
f 2475/1980/1509 2486/1991/1520 2474/1979/1508
f 2476/1992/1521 2487/1993/1522 2475/1980/1509
f 2478/1994/1523 2489/1995/1524 2477/1982/1511
f 2479/1983/1512 2490/1996/1525 2478/1994/1523
f 2480/1984/1513 2491/1997/1526 2479/1983/1512
f 2481/1985/1514 2492/1998/1527 2480/1984/1513
f 2482/1986/1515 2493/1999/1528 2481/1985/1514
f 2495/2000/1529 2482/1986/1515 2483/1988/1517
f 2496/2001/1530 2483/1988/1517 2484/1989/1518
f 2497/2002/1531 2484/1989/1518 2485/1990/1519
f 2498/2003/1532 2485/1990/1519 2486/1991/1520
f 2499/2004/1533 2486/1991/1520 2487/1993/1522
f 2500/2005/1534 2487/1993/1522 2488/2006/1535
f 2490/1996/1525 2501/2007/1536 2489/1995/1524
f 2491/1997/1526 2502/2008/1537 2490/1996/1525
f 2492/1998/1527 2503/2009/1538 2491/1997/1526
f 2493/1999/1528 2504/2010/1539 2492/1998/1527
f 2494/2011/1540 2505/2012/1541 2493/1999/1528
f 2507/2013/1542 2494/2011/1540 2495/2000/1529
f 2508/2014/1543 2495/2000/1529 2496/2001/1530
f 2509/2015/1544 2496/2001/1530 2497/2002/1531
f 2510/2016/1545 2497/2002/1531 2498/2003/1532
f 2511/2017/1546 2498/2003/1532 2499/2004/1533
f 2512/2018/1547 2499/2004/1533 2500/2005/1534
f 2502/2008/1537 2513/2019/1548 2501/2007/1536
f 2503/2009/1538 2514/2020/1549 2502/2008/1537
f 2504/2010/1539 2515/2021/1550 2503/2009/1538
f 2505/2012/1541 2516/2022/1551 2504/2010/1539
f 2506/2023/1552 2517/2024/1553 2505/2012/1541
f 2519/2025/1554 2506/2023/1552 2507/2013/1542
f 2520/2026/1555 2507/2013/1542 2508/2014/1543
f 2521/2027/1556 2508/2014/1543 2509/2015/1544
f 2522/2028/1557 2509/2015/1544 2510/2016/1545
f 2523/2029/1558 2510/2016/1545 2511/2017/1546
f 2524/2030/1559 2511/2017/1546 2512/2018/1547
f 2514/2020/1549 2525/2031/1560 2513/2019/1548
f 2515/2021/1550 2526/2032/1561 2514/2020/1549
f 2516/2022/1551 2527/2033/1562 2515/2021/1550
f 2517/2024/1553 2528/2034/1563 2516/2022/1551
f 2518/2035/1564 2529/2036/1565 2517/2024/1553
f 2531/2037/1566 2518/2035/1564 2519/2025/1554
f 2532/2038/1567 2519/2025/1554 2520/2026/1555
f 2533/2039/1568 2520/2026/1555 2521/2027/1556
f 2534/2040/1569 2521/2027/1556 2522/2028/1557
f 2535/2041/1570 2522/2028/1557 2523/2029/1558
f 2536/2042/1571 2523/2029/1558 2524/2030/1559
f 2526/2032/1561 2537/2043/1572 2525/2031/1560
f 2527/2033/1562 2538/2044/1573 2526/2032/1561
f 2528/2034/1563 2539/2045/1574 2527/2033/1562
f 2529/2036/1565 2540/2046/1575 2528/2034/1563
f 2530/2047/1576 2541/2048/1577 2529/2036/1565
f 2543/2049/1578 2530/2047/1576 2531/2037/1566
f 2544/2050/1579 2531/2037/1566 2532/2038/1567
f 2545/2051/1580 2532/2038/1567 2533/2039/1568
f 2546/2052/1581 2533/2039/1568 2534/2040/1569
f 2547/2053/1582 2534/2040/1569 2535/2041/1570
f 2548/2054/1583 2535/2041/1570 2536/2042/1571
f 2538/2044/1573 2549/2055/1584 2537/2043/1572
f 2539/2045/1574 2550/2056/1585 2538/2044/1573
f 2540/2046/1575 2551/2057/1586 2539/2045/1574
f 2541/2048/1577 2552/2058/1587 2540/2046/1575
f 2542/2059/1588 2553/2060/1589 2541/2048/1577
f 2555/2061/1590 2542/2059/1588 2543/2049/1578
f 2556/2062/1591 2543/2049/1578 2544/2050/1579
f 2557/2063/1592 2544/2050/1579 2545/2051/1580
f 2558/2064/1593 2545/2051/1580 2546/2052/1581
f 2559/2065/1594 2546/2052/1581 2547/2053/1582
f 2560/2066/1595 2547/2053/1582 2548/2054/1583
f 2550/2056/1585 2561/2067/1596 2549/2055/1584
f 2551/2057/1586 2562/2068/1597 2550/2056/1585
f 2552/2058/1587 2563/2069/1598 2551/2057/1586
f 2553/2060/1589 2564/2070/1599 2552/2058/1587
f 2554/2071/1600 2565/2072/1601 2553/2060/1589
f 2567/2073/1602 2554/2071/1600 2555/2061/1590
f 2568/2074/1603 2555/2061/1590 2556/2062/1591
f 2569/2075/1604 2556/2062/1591 2557/2063/1592
f 2570/2076/1605 2557/2063/1592 2558/2064/1593
f 2571/2077/1606 2558/2064/1593 2559/2065/1594
f 2572/2078/1607 2559/2065/1594 2560/2066/1595
f 2562/2068/1597 2573/2079/1608 2561/2067/1596
f 2563/2069/1598 2574/2080/1609 2562/2068/1597
f 2564/2070/1599 2575/2081/1610 2563/2069/1598
f 2565/2072/1601 2576/2082/1611 2564/2070/1599
f 2566/2083/1612 2577/2084/1613 2565/2072/1601
f 2579/2085/1614 2566/2083/1612 2567/2073/1602
f 2580/2086/1615 2567/2073/1602 2568/2074/1603
f 2581/2087/1616 2568/2074/1603 2569/2075/1604
f 2582/2088/1617 2569/2075/1604 2570/2076/1605
f 2583/2089/1618 2570/2076/1605 2571/2077/1606
f 2584/2090/1619 2571/2077/1606 2572/2078/1607
f 2574/2080/1609 2585/2091/1620 2573/2079/1608
f 2575/2081/1610 2586/2092/1621 2574/2080/1609
f 2576/2082/1611 2587/2093/1622 2575/2081/1610
f 2577/2084/1613 2588/2094/1623 2576/2082/1611
f 2578/2095/1624 2589/2096/1625 2577/2084/1613
f 2591/2097/1626 2578/2095/1624 2579/2085/1614
f 2592/2098/1627 2579/2085/1614 2580/2086/1615
f 2593/2099/1628 2580/2086/1615 2581/2087/1616
f 2594/2100/1629 2581/2087/1616 2582/2088/1617
f 2595/2101/1630 2582/2088/1617 2583/2089/1618
f 2596/2102/1631 2583/2089/1618 2584/2090/1619
f 2586/2092/1621 2597/2103/1632 2585/2091/1620
f 2587/2093/1622 2598/2104/1633 2586/2092/1621
f 2588/2094/1623 2599/2105/1634 2587/2093/1622
f 2589/2096/1625 2600/2106/1635 2588/2094/1623
f 2590/2107/1636 2601/2108/1637 2589/2096/1625
f 2603/2109/1638 2590/2107/1636 2591/2097/1626
f 2604/2110/1639 2591/2097/1626 2592/2098/1627
f 2605/2111/1640 2592/2098/1627 2593/2099/1628
f 2606/2112/1641 2593/2099/1628 2594/2100/1629
f 2607/2113/1642 2594/2100/1629 2595/2101/1630
f 2608/2114/1643 2595/2101/1630 2596/2102/1631
f 2598/2104/1633 2609/2115/1644 2597/2103/1632
f 2599/2105/1634 2610/2116/1645 2598/2104/1633
f 2600/2106/1635 2611/2117/1646 2599/2105/1634
f 2601/2108/1637 2612/2118/1647 2600/2106/1635
f 2602/2119/1648 2613/2120/1649 2601/2108/1637
f 2615/2121/1650 2602/2119/1648 2603/2109/1638
f 2616/2122/1651 2603/2109/1638 2604/2110/1639
f 2617/2123/1652 2604/2110/1639 2605/2111/1640
f 2618/2124/1653 2605/2111/1640 2606/2112/1641
f 2619/2125/1654 2606/2112/1641 2607/2113/1642
f 2620/2126/1655 2607/2113/1642 2608/2114/1643
f 2610/2116/1645 2621/2127/1656 2609/2115/1644
f 2611/2117/1646 2622/2128/1657 2610/2116/1645
f 2612/2118/1647 2623/2129/1658 2611/2117/1646
f 2613/2120/1649 2624/2130/1659 2612/2118/1647
f 2614/2131/1660 2625/2132/1661 2613/2120/1649
f 2627/2133/1662 2614/2131/1660 2615/2121/1650
f 2628/2134/1663 2615/2121/1650 2616/2122/1651
f 2629/2135/1664 2616/2122/1651 2617/2123/1652
f 2630/2136/1665 2617/2123/1652 2618/2124/1653
f 2631/2137/1666 2618/2124/1653 2619/2125/1654
f 2632/2138/1667 2619/2125/1654 2620/2126/1655
f 2622/2128/1657 2633/2139/1668 2621/2127/1656
f 2623/2129/1658 2634/2140/1669 2622/2128/1657
f 2624/2130/1659 2635/2141/1670 2623/2129/1658
f 2625/2132/1661 2636/2142/1671 2624/2130/1659
f 2626/2143/1672 2637/2144/1673 2625/2132/1661
f 2639/2145/1674 2626/2143/1672 2627/2133/1662
f 2640/2146/1675 2627/2133/1662 2628/2134/1663
f 2641/2147/1676 2628/2134/1663 2629/2135/1664
f 2642/2148/1677 2629/2135/1664 2630/2136/1665
f 2643/2149/1678 2630/2136/1665 2631/2137/1666
f 2644/2150/1679 2631/2137/1666 2632/2138/1667
f 2634/2140/1669 2645/2151/1680 2633/2139/1668
f 2635/2141/1670 2646/2152/1681 2634/2140/1669
f 2636/2142/1671 2647/2153/1682 2635/2141/1670
f 2637/2144/1673 2648/2154/1683 2636/2142/1671
f 2650/2155/1684 2637/2144/1673 2638/2156/1685
f 2651/2157/1686 2638/2156/1685 2639/2145/1674
f 2640/2146/1675 2651/2157/1686 2639/2145/1674
f 2653/2158/1687 2640/2146/1675 2641/2147/1676
f 2654/2159/1688 2641/2147/1676 2642/2148/1677
f 2655/2160/1689 2642/2148/1677 2643/2149/1678
f 2656/2161/1690 2643/2149/1678 2644/2150/1679
f 2658/2162/1691 2645/2151/1680 2646/2152/1681
f 2659/2163/1692 2646/2152/1681 2647/2153/1682
f 2660/2164/1693 2647/2153/1682 2648/2154/1683
f 2661/2165/1694 2648/2154/1683 2649/2166/1695
f 2662/2167/1696 2649/2166/1695 2650/2155/1684
f 2663/2168/1697 2650/2155/1684 2651/2157/1686
f 2652/2169/1698 2663/2168/1697 2651/2157/1686
f 2653/2158/1687 2664/2170/1699 2652/2169/1698
f 2654/2159/1688 2665/2171/1700 2653/2158/1687
f 2655/2160/1689 2666/2172/1701 2654/2159/1688
f 2656/2161/1690 2667/2173/1702 2655/2160/1689
f 2670/2174/1703 2657/2175/1704 2658/2162/1691
f 2671/2176/1705 2658/2162/1691 2659/2163/1692
f 2672/2177/1706 2659/2163/1692 2660/2164/1693
f 2673/2178/1707 2660/2164/1693 2661/2165/1694
f 2674/2179/1708 2661/2165/1694 2662/2167/1696
f 2675/2180/1709 2662/2167/1696 2663/2168/1697
f 2664/2170/1699 2675/2180/1709 2663/2168/1697
f 2665/2171/1700 2676/2181/1710 2664/2170/1699
f 2666/2172/1701 2677/2182/1711 2665/2171/1700
f 2667/2173/1702 2678/2183/1712 2666/2172/1701
f 2668/2184/1713 2679/2185/1714 2667/2173/1702
f 2682/2186/1715 2669/2187/1716 2670/2174/1703
f 2683/2188/1717 2670/2174/1703 2671/2176/1705
f 2684/2189/1718 2671/2176/1705 2672/2177/1706
f 2685/2190/1719 2672/2177/1706 2673/2178/1707
f 2686/2191/1720 2673/2178/1707 2674/2179/1708
f 2687/2192/1721 2674/2179/1708 2675/2180/1709
f 2676/2181/1710 2687/2192/1721 2675/2180/1709
f 2677/2182/1711 2688/2193/1722 2676/2181/1710
f 2678/2183/1712 2689/2194/1723 2677/2182/1711
f 2679/2185/1714 2690/2195/1724 2678/2183/1712
f 2680/2196/1725 2691/2197/1726 2679/2185/1714
f 2694/2198/1727 2681/2199/1728 2682/2186/1715
f 2695/2200/1729 2682/2186/1715 2683/2188/1717
f 2696/2201/1730 2683/2188/1717 2684/2189/1718
f 2697/2202/1731 2684/2189/1718 2685/2190/1719
f 2698/2203/1732 2685/2190/1719 2686/2191/1720
f 2699/2204/1733 2686/2191/1720 2687/2192/1721
f 2688/2193/1722 2699/2204/1733 2687/2192/1721
f 2689/2194/1723 2700/2205/1734 2688/2193/1722
f 2690/2195/1724 2701/2206/1735 2689/2194/1723
f 2691/2197/1726 2702/2207/1736 2690/2195/1724
f 2692/2208/1737 2703/2209/1738 2691/2197/1726
f 2706/2210/1739 2693/2211/1740 2694/2198/1727
f 2707/2212/1741 2694/2198/1727 2695/2200/1729
f 2708/2213/1742 2695/2200/1729 2696/2201/1730
f 2709/2214/1743 2696/2201/1730 2697/2202/1731
f 2710/2215/1744 2697/2202/1731 2698/2203/1732
f 2711/2216/1745 2698/2203/1732 2699/2204/1733
f 2700/2205/1734 2711/2216/1745 2699/2204/1733
f 2701/2206/1735 2712/2217/1746 2700/2205/1734
f 2702/2207/1736 2713/2218/1747 2701/2206/1735
f 2703/2209/1738 2714/2219/1748 2702/2207/1736
f 2704/2220/1749 2715/2221/1750 2703/2209/1738
f 2718/2222/1751 2705/2223/1752 2706/2210/1739
f 2719/2224/1753 2706/2210/1739 2707/2212/1741
f 2720/2225/1754 2707/2212/1741 2708/2213/1742
f 2721/2226/1755 2708/2213/1742 2709/2214/1743
f 2722/2227/1756 2709/2214/1743 2710/2215/1744
f 2723/2228/1757 2710/2215/1744 2711/2216/1745
f 2712/2217/1746 2723/2228/1757 2711/2216/1745
f 2713/2218/1747 2724/2229/1758 2712/2217/1746
f 2714/2219/1748 2725/2230/1759 2713/2218/1747
f 2715/2221/1750 2726/2231/1760 2714/2219/1748
f 2716/2232/1761 2727/2233/1762 2715/2221/1750
f 2730/2234/1763 2717/2235/1764 2718/2222/1751
f 2731/2236/1765 2718/2222/1751 2719/2224/1753
f 2732/2237/1766 2719/2224/1753 2720/2225/1754
f 2733/2238/1767 2720/2225/1754 2721/2226/1755
f 2734/2239/1768 2721/2226/1755 2722/2227/1756
f 2735/2240/1769 2722/2227/1756 2723/2228/1757
f 2724/2229/1758 2735/2240/1769 2723/2228/1757
f 2725/2230/1759 2736/2241/1770 2724/2229/1758
f 2726/2231/1760 2737/2242/1771 2725/2230/1759
f 2727/2233/1762 2738/2243/1772 2726/2231/1760
f 2728/2244/1773 2739/2245/1774 2727/2233/1762
f 2730/2234/1763 2741/2246/1775 2729/2247/1776
f 2731/2236/1765 2742/2248/1777 2730/2234/1763
f 2732/2237/1766 2743/2249/1778 2731/2236/1765
f 2733/2238/1767 2744/2250/1779 2732/2237/1766
f 2734/2239/1768 2745/2251/1780 2733/2238/1767
f 2747/2252/1781 2734/2239/1768 2735/2240/1769
f 2748/2253/1782 2735/2240/1769 2736/2241/1770
f 2749/2254/1783 2736/2241/1770 2737/2242/1771
f 2750/2255/1784 2737/2242/1771 2738/2243/1772
f 2751/2256/1785 2738/2243/1772 2739/2245/1774
f 2752/2257/1786 2739/2245/1774 2740/2258/1787
f 2742/2248/1777 2753/2259/1788 2741/2246/1775
f 2743/2249/1778 2754/2260/1789 2742/2248/1777
f 2744/2250/1779 2755/2261/1790 2743/2249/1778
f 2745/2251/1780 2756/2262/1791 2744/2250/1779
f 2746/2263/1792 2757/2264/1793 2745/2251/1780
f 2759/2265/1794 2746/2263/1792 2747/2252/1781
f 2760/2266/1795 2747/2252/1781 2748/2253/1782
f 2761/2267/1796 2748/2253/1782 2749/2254/1783
f 2762/2268/1797 2749/2254/1783 2750/2255/1784
f 2763/2269/1798 2750/2255/1784 2751/2256/1785
f 2764/2270/1799 2751/2256/1785 2752/2257/1786
f 2754/2260/1789 2765/2271/1800 2753/2259/1788
f 2755/2261/1790 2766/2272/1801 2754/2260/1789
f 2756/2262/1791 2767/2273/1802 2755/2261/1790
f 2757/2264/1793 2768/2274/1803 2756/2262/1791
f 2758/2275/1804 2769/2276/1805 2757/2264/1793
f 2771/2277/1806 2758/2275/1804 2759/2265/1794
f 2772/2278/1807 2759/2265/1794 2760/2266/1795
f 2773/2279/1808 2760/2266/1795 2761/2267/1796
f 2774/2280/1809 2761/2267/1796 2762/2268/1797
f 2775/2281/1810 2762/2268/1797 2763/2269/1798
f 2776/2282/1811 2763/2269/1798 2764/2270/1799
f 2766/2272/1801 2777/2283/1812 2765/2271/1800
f 2767/2273/1802 2778/2284/1813 2766/2272/1801
f 2768/2274/1803 2779/2285/1814 2767/2273/1802
f 2769/2276/1805 2780/2286/1815 2768/2274/1803
f 2770/2287/1816 2781/2288/1817 2769/2276/1805
f 2783/2289/1818 2770/2287/1816 2771/2277/1806
f 2784/2290/1819 2771/2277/1806 2772/2278/1807
f 2785/2291/1820 2772/2278/1807 2773/2279/1808
f 2786/2292/1821 2773/2279/1808 2774/2280/1809
f 2787/2293/1822 2774/2280/1809 2775/2281/1810
f 2788/2294/1823 2775/2281/1810 2776/2282/1811
f 2790/2295/1824 2777/2283/1812 2778/2284/1813
f 2791/2296/1825 2778/2284/1813 2779/2285/1814
f 2792/2297/1826 2779/2285/1814 2780/2286/1815
f 2793/2298/1827 2780/2286/1815 2781/2288/1817
f 2794/2299/1828 2781/2288/1817 2782/2300/1829
f 2795/2301/1830 2782/2300/1829 2783/2289/1818
f 2784/2290/1819 2795/2301/1830 2783/2289/1818
f 2785/2291/1820 2796/2302/1831 2784/2290/1819
f 2786/2292/1821 2797/2303/1832 2785/2291/1820
f 2787/2293/1822 2798/2304/1833 2786/2292/1821
f 2788/2294/1823 2799/2305/1834 2787/2293/1822
f 2802/2306/1835 2789/2307/1836 2790/2295/1824
f 2803/2308/1837 2790/2295/1824 2791/2296/1825
f 2804/2309/1838 2791/2296/1825 2792/2297/1826
f 2805/2310/1839 2792/2297/1826 2793/2298/1827
f 2806/2311/1840 2793/2298/1827 2794/2299/1828
f 2807/2312/1841 2794/2299/1828 2795/2301/1830
f 2796/2302/1831 2807/2312/1841 2795/2301/1830
f 2797/2303/1832 2808/2313/1842 2796/2302/1831
f 2798/2304/1833 2809/2314/1843 2797/2303/1832
f 2799/2305/1834 2810/2315/1844 2798/2304/1833
f 2800/2316/1845 2811/2317/1846 2799/2305/1834
f 2814/2318/1847 2801/2319/1848 2802/2306/1835
f 2815/2320/1849 2802/2306/1835 2803/2308/1837
f 2816/2321/1850 2803/2308/1837 2804/2309/1838
f 2817/2322/1851 2804/2309/1838 2805/2310/1839
f 2818/2323/1852 2805/2310/1839 2806/2311/1840
f 2819/2324/1853 2806/2311/1840 2807/2312/1841
f 2808/2313/1842 2819/2324/1853 2807/2312/1841
f 2809/2314/1843 2820/2325/1854 2808/2313/1842
f 2810/2315/1844 2821/2326/1855 2809/2314/1843
f 2811/2317/1846 2822/2327/1856 2810/2315/1844
f 2812/2328/1857 2823/2329/1858 2811/2317/1846
f 2826/2330/1859 2813/2331/1860 2814/2318/1847
f 2827/2332/1861 2814/2318/1847 2815/2320/1849
f 2828/2333/1862 2815/2320/1849 2816/2321/1850
f 2829/2334/1863 2816/2321/1850 2817/2322/1851
f 2830/2335/1864 2817/2322/1851 2818/2323/1852
f 2831/2336/1865 2818/2323/1852 2819/2324/1853
f 2820/2325/1854 2831/2336/1865 2819/2324/1853
f 2821/2326/1855 2832/2337/1866 2820/2325/1854
f 2822/2327/1856 2833/2338/1867 2821/2326/1855
f 2823/2329/1858 2834/2339/1868 2822/2327/1856
f 2824/2340/1869 2835/2341/1870 2823/2329/1858
f 2838/2342/1871 2825/2343/1872 2826/2330/1859
f 2839/2344/1873 2826/2330/1859 2827/2332/1861
f 2840/2345/1874 2827/2332/1861 2828/2333/1862
f 2841/2346/1875 2828/2333/1862 2829/2334/1863
f 2842/2347/1876 2829/2334/1863 2830/2335/1864
f 2843/2348/1877 2830/2335/1864 2831/2336/1865
f 2832/2337/1866 2843/2348/1877 2831/2336/1865
f 2833/2338/1867 2844/2349/1878 2832/2337/1866
f 2834/2339/1868 2845/2350/1879 2833/2338/1867
f 2835/2341/1870 2846/2351/1880 2834/2339/1868
f 2836/2352/1881 2847/2353/1882 2835/2341/1870
f 2850/2354/1883 2837/2355/1884 2838/2342/1871
f 2851/2356/1885 2838/2342/1871 2839/2344/1873
f 2852/2357/1886 2839/2344/1873 2840/2345/1874
f 2853/2358/1887 2840/2345/1874 2841/2346/1875
f 2854/2359/1888 2841/2346/1875 2842/2347/1876
f 2855/2360/1889 2842/2347/1876 2843/2348/1877
f 2844/2349/1878 2855/2360/1889 2843/2348/1877
f 2845/2350/1879 2856/2361/1890 2844/2349/1878
f 2846/2351/1880 2857/2362/1891 2845/2350/1879
f 2847/2353/1882 2858/2363/1892 2846/2351/1880
f 2848/2364/1893 2859/2365/1894 2847/2353/1882
f 2862/2366/1895 2849/2367/1896 2850/2354/1883
f 2863/2368/1897 2850/2354/1883 2851/2356/1885
f 2864/2369/1898 2851/2356/1885 2852/2357/1886
f 2865/2370/1899 2852/2357/1886 2853/2358/1887
f 2866/2371/1900 2853/2358/1887 2854/2359/1888
f 2867/2372/1901 2854/2359/1888 2855/2360/1889
f 2856/2361/1890 2867/2372/1901 2855/2360/1889
f 2857/2362/1891 2868/2373/1902 2856/2361/1890
f 2858/2363/1892 2869/2374/1903 2857/2362/1891
f 2859/2365/1894 2870/2375/1904 2858/2363/1892
f 2860/2376/1905 2871/2377/1906 2859/2365/1894
f 2874/2378/1907 2861/2379/1908 2862/2366/1895
f 2875/2380/1909 2862/2366/1895 2863/2368/1897
f 2876/2381/1910 2863/2368/1897 2864/2369/1898
f 2877/2382/1911 2864/2369/1898 2865/2370/1899
f 2878/2383/1912 2865/2370/1899 2866/2371/1900
f 2879/2384/1913 2866/2371/1900 2867/2372/1901
f 2868/2373/1902 2879/2384/1913 2867/2372/1901
f 2869/2374/1903 2880/2385/1914 2868/2373/1902
f 2870/2375/1904 2881/2386/1915 2869/2374/1903
f 2871/2377/1906 2882/2387/1916 2870/2375/1904
f 2872/2388/1917 2883/2389/1918 2871/2377/1906
f 2886/2390/1919 2873/2391/1920 2874/2378/1907
f 2887/2392/1921 2874/2378/1907 2875/2380/1909
f 2888/2393/1922 2875/2380/1909 2876/2381/1910
f 2889/2394/1923 2876/2381/1910 2877/2382/1911
f 2890/2395/1924 2877/2382/1911 2878/2383/1912
f 2891/2396/1925 2878/2383/1912 2879/2384/1913
f 2880/2385/1914 2891/2396/1925 2879/2384/1913
f 2881/2386/1915 2892/2397/1926 2880/2385/1914
f 2882/2387/1916 2893/2398/1927 2881/2386/1915
f 2883/2389/1918 2894/2399/1928 2882/2387/1916
f 2884/2400/1929 2895/2401/1930 2883/2389/1918
f 2898/2402/1931 2885/2403/1932 2886/2390/1919
f 2899/2404/1933 2886/2390/1919 2887/2392/1921
f 2900/2405/1934 2887/2392/1921 2888/2393/1922
f 2901/2406/1935 2888/2393/1922 2889/2394/1923
f 2902/2407/1936 2889/2394/1923 2890/2395/1924
f 2903/2408/1937 2890/2395/1924 2891/2396/1925
f 2892/2397/1926 2903/2408/1937 2891/2396/1925
f 2893/2398/1927 2904/2409/1938 2892/2397/1926
f 2894/2399/1928 2905/2410/1939 2893/2398/1927
f 2895/2401/1930 2906/2411/1940 2894/2399/1928
f 2896/2412/1941 2907/2413/1942 2895/2401/1930
f 2910/2414/1943 2897/2415/1944 2898/2402/1931
f 2911/2416/1945 2898/2402/1931 2899/2404/1933
f 2912/2417/1946 2899/2404/1933 2900/2405/1934
f 2913/2418/1947 2900/2405/1934 2901/2406/1935
f 2914/2419/1948 2901/2406/1935 2902/2407/1936
f 2915/2420/1949 2902/2407/1936 2903/2408/1937
f 2904/2409/1938 2915/2420/1949 2903/2408/1937
f 2905/2410/1939 2916/2421/1950 2904/2409/1938
f 2906/2411/1940 2917/2422/1951 2905/2410/1939
f 2907/2413/1942 2918/2423/1952 2906/2411/1940
f 2908/2424/1953 2919/2425/1954 2907/2413/1942
f 2910/2414/1943 2921/2426/1955 2909/2427/1956
f 2911/2416/1945 2922/2428/1957 2910/2414/1943
f 2912/2417/1946 2923/2429/1958 2911/2416/1945
f 2913/2418/1947 2924/2430/1959 2912/2417/1946
f 2914/2419/1948 2925/2431/1960 2913/2418/1947
f 2927/2432/1961 2914/2419/1948 2915/2420/1949
f 2928/2433/1962 2915/2420/1949 2916/2421/1950
f 2929/2434/1963 2916/2421/1950 2917/2422/1951
f 2930/2435/1964 2917/2422/1951 2918/2423/1952
f 2931/2436/1965 2918/2423/1952 2919/2425/1954
f 2932/2437/1966 2919/2425/1954 2920/2438/1967
f 2934/2439/1968 2921/2426/1955 2922/2428/1957
f 2935/2440/1969 2922/2428/1957 2923/2429/1958
f 2936/2441/1970 2923/2429/1958 2924/2430/1959
f 2937/2442/1971 2924/2430/1959 2925/2431/1960
f 2938/2443/1972 2925/2431/1960 2926/2444/1973
f 2939/2445/1974 2926/2444/1973 2927/2432/1961
f 2928/2433/1962 2939/2445/1974 2927/2432/1961
f 2929/2434/1963 2940/2446/1975 2928/2433/1962
f 2930/2435/1964 2941/2447/1976 2929/2434/1963
f 2931/2436/1965 2942/2448/1977 2930/2435/1964
f 2932/2437/1966 2943/2449/1978 2931/2436/1965
f 2946/2450/1979 2933/2451/1980 2934/2439/1968
f 2947/2452/1981 2934/2439/1968 2935/2440/1969
f 2948/2453/1982 2935/2440/1969 2936/2441/1970
f 2949/2454/1983 2936/2441/1970 2937/2442/1971
f 2950/2455/1984 2937/2442/1971 2938/2443/1972
f 2951/2456/1985 2938/2443/1972 2939/2445/1974
f 2940/2446/1975 2951/2456/1985 2939/2445/1974
f 2941/2447/1976 2952/2457/1986 2940/2446/1975
f 2942/2448/1977 2953/2458/1987 2941/2447/1976
f 2943/2449/1978 2954/2459/1988 2942/2448/1977
f 2944/2460/1989 2955/2461/1990 2943/2449/1978
f 2958/2462/1991 2945/2463/1992 2946/2450/1979
f 2959/2464/1993 2946/2450/1979 2947/2452/1981
f 2960/2465/1994 2947/2452/1981 2948/2453/1982
f 2961/2466/1995 2948/2453/1982 2949/2454/1983
f 2962/2467/1996 2949/2454/1983 2950/2455/1984
f 2963/2468/1997 2950/2455/1984 2951/2456/1985
f 2952/2457/1986 2963/2468/1997 2951/2456/1985
f 2953/2458/1987 2964/2469/1998 2952/2457/1986
f 2954/2459/1988 2965/2470/1999 2953/2458/1987
f 2955/2461/1990 2966/2471/2000 2954/2459/1988
f 2956/2472/2001 2967/2473/2002 2955/2461/1990
f 2970/2474/2003 2957/2475/2004 2958/2462/1991
f 2971/2476/2005 2958/2462/1991 2959/2464/1993
f 2972/2477/2006 2959/2464/1993 2960/2465/1994
f 2973/2478/2007 2960/2465/1994 2961/2466/1995
f 2974/2479/2008 2961/2466/1995 2962/2467/1996
f 2975/2480/2009 2962/2467/1996 2963/2468/1997
f 2964/2469/1998 2975/2480/2009 2963/2468/1997
f 2965/2470/1999 2976/2481/2010 2964/2469/1998
f 2966/2471/2000 2977/2482/2011 2965/2470/1999
f 2967/2473/2002 2978/2483/2012 2966/2471/2000
f 2968/2484/2013 2979/2485/2014 2967/2473/2002
f 2982/2486/2015 2969/2487/2016 2970/2474/2003
f 2983/2488/2017 2970/2474/2003 2971/2476/2005
f 2984/2489/2018 2971/2476/2005 2972/2477/2006
f 2985/2490/2019 2972/2477/2006 2973/2478/2007
f 2986/2491/2020 2973/2478/2007 2974/2479/2008
f 2987/2492/2021 2974/2479/2008 2975/2480/2009
f 2976/2481/2010 2987/2492/2021 2975/2480/2009
f 2977/2482/2011 2988/2493/2022 2976/2481/2010
f 2978/2483/2012 2989/2494/2023 2977/2482/2011
f 2979/2485/2014 2990/2495/2024 2978/2483/2012
f 2980/2496/2025 2991/2497/2026 2979/2485/2014
f 2994/2498/2027 2981/2499/2028 2982/2486/2015
f 2995/2500/2029 2982/2486/2015 2983/2488/2017
f 2996/2501/2030 2983/2488/2017 2984/2489/2018
f 2997/2502/2031 2984/2489/2018 2985/2490/2019
f 2998/2503/2032 2985/2490/2019 2986/2491/2020
f 2999/2504/2033 2986/2491/2020 2987/2492/2021
f 2988/2493/2022 2999/2504/2033 2987/2492/2021
f 2989/2494/2023 3000/2505/2034 2988/2493/2022
f 2990/2495/2024 3001/2506/2035 2989/2494/2023
f 2991/2497/2026 3002/2507/2036 2990/2495/2024
f 2992/2508/2037 3003/2509/2038 2991/2497/2026
f 2994/2498/2027 3005/2510/2039 2993/2511/2040
f 2995/2500/2029 3006/2512/2041 2994/2498/2027
f 2996/2501/2030 3007/2513/2042 2995/2500/2029
f 2997/2502/2031 3008/2514/2043 2996/2501/2030
f 2998/2503/2032 3009/2515/2044 2997/2502/2031
f 3011/2516/2045 2998/2503/2032 2999/2504/2033
f 3012/2517/2046 2999/2504/2033 3000/2505/2034
f 3013/2518/2047 3000/2505/2034 3001/2506/2035
f 3014/2519/2048 3001/2506/2035 3002/2507/2036
f 3015/2520/2049 3002/2507/2036 3003/2509/2038
f 3016/2521/2050 3003/2509/2038 3004/2522/2051
f 3006/2512/2041 3017/2523/2052 3005/2510/2039
f 3007/2513/2042 3018/2524/2053 3006/2512/2041
f 3008/2514/2043 3019/2525/2054 3007/2513/2042
f 3009/2515/2044 3020/2526/2055 3008/2514/2043
f 3010/2527/2056 3021/2528/2057 3009/2515/2044
f 3023/2529/2058 3010/2527/2056 3011/2516/2045
f 3024/2530/2059 3011/2516/2045 3012/2517/2046
f 3025/2531/2060 3012/2517/2046 3013/2518/2047
f 3026/2532/2061 3013/2518/2047 3014/2519/2048
f 3027/2533/2062 3014/2519/2048 3015/2520/2049
f 3028/2534/2063 3015/2520/2049 3016/2521/2050
f 3018/2524/2053 3029/2535/2064 3017/2523/2052
f 3019/2525/2054 3030/2536/2065 3018/2524/2053
f 3020/2526/2055 3031/2537/2066 3019/2525/2054
f 3021/2528/2057 3032/2538/2067 3020/2526/2055
f 3022/2539/2068 3033/2540/2069 3021/2528/2057
f 3035/2541/2070 3022/2539/2068 3023/2529/2058
f 3036/2542/2071 3023/2529/2058 3024/2530/2059
f 3037/2543/2072 3024/2530/2059 3025/2531/2060
f 3038/2544/2073 3025/2531/2060 3026/2532/2061
f 3039/2545/2074 3026/2532/2061 3027/2533/2062
f 3040/2546/2075 3027/2533/2062 3028/2534/2063
f 3030/2536/2065 3041/2547/2076 3029/2535/2064
f 3031/2537/2066 3042/2548/2077 3030/2536/2065
f 3032/2538/2067 3043/2549/2078 3031/2537/2066
f 3033/2540/2069 3044/2550/2079 3032/2538/2067
f 3034/2551/2080 3045/2552/2081 3033/2540/2069
f 3047/2553/2082 3034/2551/2080 3035/2541/2070
f 3048/2554/2083 3035/2541/2070 3036/2542/2071
f 3049/2555/2084 3036/2542/2071 3037/2543/2072
f 3050/2556/2085 3037/2543/2072 3038/2544/2073
f 3051/2557/2086 3038/2544/2073 3039/2545/2074
f 3052/2558/2087 3039/2545/2074 3040/2546/2075
f 3042/2548/2077 3053/2559/2088 3041/2547/2076
f 3043/2549/2078 3054/2560/2089 3042/2548/2077
f 3044/2550/2079 3055/2561/2090 3043/2549/2078
f 3045/2552/2081 3056/2562/2091 3044/2550/2079
f 3046/2563/2092 3057/2564/2093 3045/2552/2081
f 3059/2565/2094 3046/2563/2092 3047/2553/2082
f 3060/2566/2095 3047/2553/2082 3048/2554/2083
f 3061/2567/2096 3048/2554/2083 3049/2555/2084
f 3062/2568/2097 3049/2555/2084 3050/2556/2085
f 3063/2569/2098 3050/2556/2085 3051/2557/2086
f 3064/2570/2099 3051/2557/2086 3052/2558/2087
f 3054/2560/2089 3065/2571/2100 3053/2559/2088
f 3055/2561/2090 3066/2572/2101 3054/2560/2089
f 3056/2562/2091 3067/2573/2102 3055/2561/2090
f 3057/2564/2093 3068/2574/2103 3056/2562/2091
f 3058/2575/2104 3069/2576/2105 3057/2564/2093
f 3071/2577/2106 3058/2575/2104 3059/2565/2094
f 3072/2578/2107 3059/2565/2094 3060/2566/2095
f 3073/2579/2108 3060/2566/2095 3061/2567/2096
f 3074/2580/2109 3061/2567/2096 3062/2568/2097
f 3075/2581/2110 3062/2568/2097 3063/2569/2098
f 3076/2582/2111 3063/2569/2098 3064/2570/2099
f 3078/2583/2112 3065/2571/2100 3066/2572/2101
f 3079/2584/2113 3066/2572/2101 3067/2573/2102
f 3080/2585/2114 3067/2573/2102 3068/2574/2103
f 3081/2586/2115 3068/2574/2103 3069/2576/2105
f 3082/2587/2116 3069/2576/2105 3070/2588/2117
f 3083/2589/2118 3070/2588/2117 3071/2577/2106
f 3072/2578/2107 3083/2589/2118 3071/2577/2106
f 3073/2579/2108 3084/2590/2119 3072/2578/2107
f 3074/2580/2109 3085/2591/2120 3073/2579/2108
f 3075/2581/2110 3086/2592/2121 3074/2580/2109
f 3076/2582/2111 3087/2593/2122 3075/2581/2110
f 3090/2594/2123 3077/2595/2124 3078/2583/2112
f 3091/2596/2125 3078/2583/2112 3079/2584/2113
f 3092/2597/2126 3079/2584/2113 3080/2585/2114
f 3093/2598/2127 3080/2585/2114 3081/2586/2115
f 3094/2599/2128 3081/2586/2115 3082/2587/2116
f 3095/2600/2129 3082/2587/2116 3083/2589/2118
f 3084/2590/2119 3095/2600/2129 3083/2589/2118
f 3085/2591/2120 3096/2601/2130 3084/2590/2119
f 3086/2592/2121 3097/2602/2131 3085/2591/2120
f 3087/2593/2122 3098/2603/2132 3086/2592/2121
f 3088/2604/2133 3099/2605/2134 3087/2593/2122
f 3090/2594/2123 3101/2606/2135 3089/2607/2136
f 3091/2596/2125 3102/2608/2137 3090/2594/2123
f 3092/2597/2126 3103/2609/2138 3091/2596/2125
f 3093/2598/2127 3104/2610/2139 3092/2597/2126
f 3094/2599/2128 3105/2611/2140 3093/2598/2127
f 3107/2612/2141 3094/2599/2128 3095/2600/2129
f 3108/2613/2142 3095/2600/2129 3096/2601/2130
f 3109/2614/2143 3096/2601/2130 3097/2602/2131
f 3110/2615/2144 3097/2602/2131 3098/2603/2132
f 3111/2616/2145 3098/2603/2132 3099/2605/2134
f 3112/2617/2146 3099/2605/2134 3100/2618/2147
f 3102/2608/2137 3113/2619/2148 3101/2606/2135
f 3103/2609/2138 3114/2620/2149 3102/2608/2137
f 3104/2610/2139 3115/2621/2150 3103/2609/2138
f 3105/2611/2140 3116/2622/2151 3104/2610/2139
f 3106/2623/2152 3117/2624/2153 3105/2611/2140
f 3119/2625/2154 3106/2623/2152 3107/2612/2141
f 3120/2626/2155 3107/2612/2141 3108/2613/2142
f 3121/2627/2156 3108/2613/2142 3109/2614/2143
f 3122/2628/2157 3109/2614/2143 3110/2615/2144
f 3123/2629/2158 3110/2615/2144 3111/2616/2145
f 3124/2630/2159 3111/2616/2145 3112/2617/2146
f 3114/2620/2149 3125/2631/2160 3113/2619/2148
f 3115/2621/2150 3126/2632/2161 3114/2620/2149
f 3116/2622/2151 3127/2633/2162 3115/2621/2150
f 3117/2624/2153 3128/2634/2163 3116/2622/2151
f 3118/2635/2164 3129/2636/2165 3117/2624/2153
f 3131/2637/2166 3118/2635/2164 3119/2625/2154
f 3132/2638/2167 3119/2625/2154 3120/2626/2155
f 3133/2639/2168 3120/2626/2155 3121/2627/2156
f 3134/2640/2169 3121/2627/2156 3122/2628/2157
f 3135/2641/2170 3122/2628/2157 3123/2629/2158
f 3136/2642/2171 3123/2629/2158 3124/2630/2159
f 3126/2632/2161 3137/2643/2172 3125/2631/2160
f 3127/2633/2162 3138/2644/2173 3126/2632/2161
f 3128/2634/2163 3139/2645/2174 3127/2633/2162
f 3129/2636/2165 3140/2646/2175 3128/2634/2163
f 3130/2647/2176 3141/2648/2177 3129/2636/2165
f 3143/2649/2178 3130/2647/2176 3131/2637/2166
f 3144/2650/2179 3131/2637/2166 3132/2638/2167
f 3145/2651/2180 3132/2638/2167 3133/2639/2168
f 3146/2652/2181 3133/2639/2168 3134/2640/2169
f 3147/2653/2182 3134/2640/2169 3135/2641/2170
f 3148/2654/2183 3135/2641/2170 3136/2642/2171
f 3138/2644/2173 3149/2655/2184 3137/2643/2172
f 3139/2645/2174 3150/2656/2185 3138/2644/2173
f 3140/2646/2175 3151/2657/2186 3139/2645/2174
f 3141/2648/2177 3152/2658/2187 3140/2646/2175
f 3142/2659/2188 3153/2660/2189 3141/2648/2177
f 3155/2661/2190 3142/2659/2188 3143/2649/2178
f 3156/2662/2191 3143/2649/2178 3144/2650/2179
f 3157/2663/2192 3144/2650/2179 3145/2651/2180
f 3158/2664/2193 3145/2651/2180 3146/2652/2181
f 3159/2665/2194 3146/2652/2181 3147/2653/2182
f 3160/2666/2195 3147/2653/2182 3148/2654/2183
f 3150/2656/2185 3161/2667/2196 3149/2655/2184
f 3151/2657/2186 3162/2668/2197 3150/2656/2185
f 3152/2658/2187 3163/2669/2198 3151/2657/2186
f 3153/2660/2189 3164/2670/2199 3152/2658/2187
f 3154/2671/2200 3165/2672/2201 3153/2660/2189
f 3167/2673/2202 3154/2671/2200 3155/2661/2190
f 3168/2674/2203 3155/2661/2190 3156/2662/2191
f 3169/2675/2204 3156/2662/2191 3157/2663/2192
f 3170/2676/2205 3157/2663/2192 3158/2664/2193
f 3171/2677/2206 3158/2664/2193 3159/2665/2194
f 3172/2678/2207 3159/2665/2194 3160/2666/2195
f 3162/2668/2197 3173/2679/2208 3161/2667/2196
f 3163/2669/2198 3174/2680/2209 3162/2668/2197
f 3164/2670/2199 3175/2681/2210 3163/2669/2198
f 3165/2672/2201 3176/2682/2211 3164/2670/2199
f 3166/2683/2212 3177/2684/2213 3165/2672/2201
f 3179/2685/2214 3166/2683/2212 3167/2673/2202
f 3180/2686/2215 3167/2673/2202 3168/2674/2203
f 3181/2687/2216 3168/2674/2203 3169/2675/2204
f 3182/2688/2217 3169/2675/2204 3170/2676/2205
f 3183/2689/2218 3170/2676/2205 3171/2677/2206
f 3184/2690/2219 3171/2677/2206 3172/2678/2207
f 3174/2680/2209 3185/2691/2220 3173/2679/2208
f 3175/2681/2210 3186/2692/2221 3174/2680/2209
f 3176/2682/2211 3187/2693/2222 3175/2681/2210
f 3177/2684/2213 3188/2694/2223 3176/2682/2211
f 3178/2695/2224 3189/2696/2225 3177/2684/2213
f 3191/2697/2226 3178/2695/2224 3179/2685/2214
f 3192/2698/2227 3179/2685/2214 3180/2686/2215
f 3193/2699/2228 3180/2686/2215 3181/2687/2216
f 3194/2700/2229 3181/2687/2216 3182/2688/2217
f 3195/2701/2230 3182/2688/2217 3183/2689/2218
f 3196/2702/2231 3183/2689/2218 3184/2690/2219
f 3186/2692/2221 3197/2703/2232 3185/2691/2220
f 3187/2693/2222 3198/2704/2233 3186/2692/2221
f 3188/2694/2223 3199/2705/2234 3187/2693/2222
f 3189/2696/2225 3200/2706/2235 3188/2694/2223
f 3190/2707/2236 3201/2708/2237 3189/2696/2225
f 3203/2709/2238 3190/2707/2236 3191/2697/2226
f 3204/2710/2239 3191/2697/2226 3192/2698/2227
f 3205/2711/2240 3192/2698/2227 3193/2699/2228
f 3206/2712/2241 3193/2699/2228 3194/2700/2229
f 3207/2713/2242 3194/2700/2229 3195/2701/2230
f 3208/2714/2243 3195/2701/2230 3196/2702/2231
f 3198/2704/2233 3209/2715/2244 3197/2703/2232
f 3199/2705/2234 3210/2716/2245 3198/2704/2233
f 3200/2706/2235 3211/2717/2246 3199/2705/2234
f 3201/2708/2237 3212/2718/2247 3200/2706/2235
f 3202/2719/2248 3213/2720/2249 3201/2708/2237
f 3215/2721/2250 3202/2719/2248 3203/2709/2238
f 3216/2722/2251 3203/2709/2238 3204/2710/2239
f 3217/2723/2252 3204/2710/2239 3205/2711/2240
f 3218/2724/2253 3205/2711/2240 3206/2712/2241
f 3219/2725/2254 3206/2712/2241 3207/2713/2242
f 3220/2726/2255 3207/2713/2242 3208/2714/2243
f 3222/2727/2256 3209/2715/2244 3210/2716/2245
f 3223/2728/2257 3210/2716/2245 3211/2717/2246
f 3224/2729/2258 3211/2717/2246 3212/2718/2247
f 3225/2730/2259 3212/2718/2247 3213/2720/2249
f 3226/2731/2260 3213/2720/2249 3214/2732/2261
f 3227/2733/2262 3214/2732/2261 3215/2721/2250
f 3216/2722/2251 3227/2733/2262 3215/2721/2250
f 3217/2723/2252 3228/2734/2263 3216/2722/2251
f 3218/2724/2253 3229/2735/2264 3217/2723/2252
f 3219/2725/2254 3230/2736/2265 3218/2724/2253
f 3220/2726/2255 3231/2737/2266 3219/2725/2254
f 3234/2738/2267 3221/2739/2268 3222/2727/2256
f 3235/2740/2269 3222/2727/2256 3223/2728/2257
f 3236/2741/2270 3223/2728/2257 3224/2729/2258
f 3237/2742/2271 3224/2729/2258 3225/2730/2259
f 3238/2743/2272 3225/2730/2259 3226/2731/2260
f 3239/2744/2273 3226/2731/2260 3227/2733/2262
f 3228/2734/2263 3239/2744/2273 3227/2733/2262
f 3229/2735/2264 3240/2745/2274 3228/2734/2263
f 3230/2736/2265 3241/2746/2275 3229/2735/2264
f 3231/2737/2266 3242/2747/2276 3230/2736/2265
f 3232/2748/2277 3243/2749/2278 3231/2737/2266
f 3234/2738/2267 3245/2750/2279 3233/2751/2280
f 3235/2740/2269 3246/2752/2281 3234/2738/2267
f 3236/2741/2270 3247/2753/2282 3235/2740/2269
f 3237/2742/2271 3248/2754/2283 3236/2741/2270
f 3238/2743/2272 3249/2755/2284 3237/2742/2271
f 3251/2756/2285 3238/2743/2272 3239/2744/2273
f 3252/2757/2286 3239/2744/2273 3240/2745/2274
f 3253/2758/2287 3240/2745/2274 3241/2746/2275
f 3254/2759/2288 3241/2746/2275 3242/2747/2276
f 3255/2760/2289 3242/2747/2276 3243/2749/2278
f 3256/2761/2290 3243/2749/2278 3244/2762/2291
f 3246/2752/2281 3257/2763/2292 3245/2750/2279
f 3247/2753/2282 3258/2764/2293 3246/2752/2281
f 3248/2754/2283 3259/2765/2294 3247/2753/2282
f 3249/2755/2284 3260/2766/2295 3248/2754/2283
f 3250/2767/2296 3261/2768/2297 3249/2755/2284
f 3263/2769/2298 3250/2767/2296 3251/2756/2285
f 3264/2770/2299 3251/2756/2285 3252/2757/2286
f 3265/2771/2300 3252/2757/2286 3253/2758/2287
f 3266/2772/2301 3253/2758/2287 3254/2759/2288
f 3267/2773/2302 3254/2759/2288 3255/2760/2289
f 3268/2774/2303 3255/2760/2289 3256/2761/2290
f 3270/2775/2304 3257/2763/2292 3258/2764/2293
f 3271/2776/2305 3258/2764/2293 3259/2765/2294
f 3272/2777/2306 3259/2765/2294 3260/2766/2295
f 3273/2778/2307 3260/2766/2295 3261/2768/2297
f 3274/2779/2308 3261/2768/2297 3262/2780/2309
f 3275/2781/2310 3262/2780/2309 3263/2769/2298
f 3264/2770/2299 3275/2781/2310 3263/2769/2298
f 3265/2771/2300 3276/2782/2311 3264/2770/2299
f 3266/2772/2301 3277/2783/2312 3265/2771/2300
f 3267/2773/2302 3278/2784/2313 3266/2772/2301
f 3268/2774/2303 3279/2785/2314 3267/2773/2302
f 3282/2786/2315 3269/2787/2316 3270/2775/2304
f 3283/2788/2317 3270/2775/2304 3271/2776/2305
f 3284/2789/2318 3271/2776/2305 3272/2777/2306
f 3285/2790/2319 3272/2777/2306 3273/2778/2307
f 3286/2791/2320 3273/2778/2307 3274/2779/2308
f 3287/2792/2321 3274/2779/2308 3275/2781/2310
f 3276/2782/2311 3287/2792/2321 3275/2781/2310
f 3277/2783/2312 3288/2793/2322 3276/2782/2311
f 3278/2784/2313 3289/2794/2323 3277/2783/2312
f 3279/2785/2314 3290/2795/2324 3278/2784/2313
f 3280/2796/2325 3291/2797/2326 3279/2785/2314
f 3294/2798/2327 3281/2799/2328 3282/2786/2315
f 3295/2800/2329 3282/2786/2315 3283/2788/2317
f 3296/2801/2330 3283/2788/2317 3284/2789/2318
f 3297/2802/2331 3284/2789/2318 3285/2790/2319
f 3298/2803/2332 3285/2790/2319 3286/2791/2320
f 3299/2804/2333 3286/2791/2320 3287/2792/2321
f 3288/2793/2322 3299/2804/2333 3287/2792/2321
f 3289/2794/2323 3300/2805/2334 3288/2793/2322
f 3290/2795/2324 3301/2806/2335 3289/2794/2323
f 3291/2797/2326 3302/2807/2336 3290/2795/2324
f 3292/2808/2337 3303/2809/2338 3291/2797/2326
f 3306/2810/2339 3293/2811/2340 3294/2798/2327
f 3307/2812/2341 3294/2798/2327 3295/2800/2329
f 3308/2813/2342 3295/2800/2329 3296/2801/2330
f 3309/2814/2343 3296/2801/2330 3297/2802/2331
f 3310/2815/2344 3297/2802/2331 3298/2803/2332
f 3311/2816/2345 3298/2803/2332 3299/2804/2333
f 3300/2805/2334 3311/2816/2345 3299/2804/2333
f 3301/2806/2335 3312/2817/2346 3300/2805/2334
f 3302/2807/2336 3313/2818/2347 3301/2806/2335
f 3303/2809/2338 3314/2819/2348 3302/2807/2336
f 3304/2820/2349 3315/2821/2350 3303/2809/2338
f 3318/2822/2351 3305/2823/2352 3306/2810/2339
f 3319/2824/2353 3306/2810/2339 3307/2812/2341
f 3320/2825/2354 3307/2812/2341 3308/2813/2342
f 3321/2826/2355 3308/2813/2342 3309/2814/2343
f 3322/2827/2356 3309/2814/2343 3310/2815/2344
f 3323/2828/2357 3310/2815/2344 3311/2816/2345
f 3312/2817/2346 3323/2828/2357 3311/2816/2345
f 3313/2818/2347 3324/2829/2358 3312/2817/2346
f 3314/2819/2348 3325/2830/2359 3313/2818/2347
f 3315/2821/2350 3326/2831/2360 3314/2819/2348
f 3316/2832/2361 3327/2833/2362 3315/2821/2350
f 3330/2834/2363 3317/2835/2364 3318/2822/2351
f 3331/2836/2365 3318/2822/2351 3319/2824/2353
f 3332/2837/2366 3319/2824/2353 3320/2825/2354
f 3333/2838/2367 3320/2825/2354 3321/2826/2355
f 3334/2839/2368 3321/2826/2355 3322/2827/2356
f 3335/2840/2369 3322/2827/2356 3323/2828/2357
f 3324/2829/2358 3335/2840/2369 3323/2828/2357
f 3325/2830/2359 3336/2841/2370 3324/2829/2358
f 3326/2831/2360 3337/2842/2371 3325/2830/2359
f 3327/2833/2362 3338/2843/2372 3326/2831/2360
f 3328/2844/2373 3339/2845/2374 3327/2833/2362
f 3342/2846/2375 3329/2847/2376 3330/2834/2363
f 3343/2848/2377 3330/2834/2363 3331/2836/2365
f 3344/2849/2378 3331/2836/2365 3332/2837/2366
f 3345/2850/2379 3332/2837/2366 3333/2838/2367
f 3346/2851/2380 3333/2838/2367 3334/2839/2368
f 3347/2852/2381 3334/2839/2368 3335/2840/2369
f 3336/2841/2370 3347/2852/2381 3335/2840/2369
f 3337/2842/2371 3348/2853/2382 3336/2841/2370
f 3338/2843/2372 3349/2854/2383 3337/2842/2371
f 3339/2845/2374 3350/2855/2384 3338/2843/2372
f 3340/2856/2385 3351/2857/2386 3339/2845/2374
f 3354/2858/2387 3341/2859/2388 3342/2846/2375
f 3355/2860/2389 3342/2846/2375 3343/2848/2377
f 3356/2861/2390 3343/2848/2377 3344/2849/2378
f 3357/2862/2391 3344/2849/2378 3345/2850/2379
f 3358/2863/2392 3345/2850/2379 3346/2851/2380
f 3359/2864/2393 3346/2851/2380 3347/2852/2381
f 3348/2853/2382 3359/2864/2393 3347/2852/2381
f 3349/2854/2383 3360/2865/2394 3348/2853/2382
f 3350/2855/2384 3361/2866/2395 3349/2854/2383
f 3351/2857/2386 3362/2867/2396 3350/2855/2384
f 3352/2868/2397 3363/2869/2398 3351/2857/2386
f 3354/2858/2387 3365/2870/2399 3353/2871/2400
f 3355/2860/2389 3366/2872/2401 3354/2858/2387
f 3356/2861/2390 3367/2873/2402 3355/2860/2389
f 3357/2862/2391 3368/2874/2403 3356/2861/2390
f 3358/2863/2392 3369/2875/2404 3357/2862/2391
f 3371/2876/2405 3358/2863/2392 3359/2864/2393
f 3372/2877/2406 3359/2864/2393 3360/2865/2394
f 3373/2878/2407 3360/2865/2394 3361/2866/2395
f 3374/2879/2408 3361/2866/2395 3362/2867/2396
f 3375/2880/2409 3362/2867/2396 3363/2869/2398
f 3376/2881/2410 3363/2869/2398 3364/2882/2411
f 3366/2872/2401 3377/2883/2412 3365/2870/2399
f 3367/2873/2402 3378/2884/2413 3366/2872/2401
f 3368/2874/2403 3379/2885/2414 3367/2873/2402
f 3369/2875/2404 3380/2886/2415 3368/2874/2403
f 3370/2887/2416 3381/2888/2417 3369/2875/2404
f 3383/2889/2418 3370/2887/2416 3371/2876/2405
f 3384/2890/2419 3371/2876/2405 3372/2877/2406
f 3385/2891/2420 3372/2877/2406 3373/2878/2407
f 3386/2892/2421 3373/2878/2407 3374/2879/2408
f 3387/2893/2422 3374/2879/2408 3375/2880/2409
f 3388/2894/2423 3375/2880/2409 3376/2881/2410
f 3378/2884/2413 3389/2895/2424 3377/2883/2412
f 3379/2885/2414 3390/2896/2425 3378/2884/2413
f 3380/2886/2415 3391/2897/2426 3379/2885/2414
f 3381/2888/2417 3392/2898/2427 3380/2886/2415
f 3382/2899/2428 3393/2900/2429 3381/2888/2417
f 3395/2901/2430 3382/2899/2428 3383/2889/2418
f 3396/2902/2431 3383/2889/2418 3384/2890/2419
f 3397/2903/2432 3384/2890/2419 3385/2891/2420
f 3398/2904/2433 3385/2891/2420 3386/2892/2421
f 3399/2905/2434 3386/2892/2421 3387/2893/2422
f 3400/2906/2435 3387/2893/2422 3388/2894/2423
f 3390/2896/2425 3401/2907/2436 3389/2895/2424
f 3391/2897/2426 3402/2908/2437 3390/2896/2425
f 3392/2898/2427 3403/2909/2438 3391/2897/2426
f 3393/2900/2429 3404/2910/2439 3392/2898/2427
f 3394/2911/2440 3405/2912/2441 3393/2900/2429
f 3407/2913/2442 3394/2911/2440 3395/2901/2430
f 3408/2914/2443 3395/2901/2430 3396/2902/2431
f 3409/2915/2444 3396/2902/2431 3397/2903/2432
f 3410/2916/2445 3397/2903/2432 3398/2904/2433
f 3411/2917/2446 3398/2904/2433 3399/2905/2434
f 3412/2918/2447 3399/2905/2434 3400/2906/2435
f 3402/2908/2437 3413/2919/2448 3401/2907/2436
f 3403/2909/2438 3414/2920/2449 3402/2908/2437
f 3404/2910/2439 3415/2921/2450 3403/2909/2438
f 3405/2912/2441 3416/2922/2451 3404/2910/2439
f 3406/2923/2452 3417/2924/2453 3405/2912/2441
f 3419/2925/2454 3406/2923/2452 3407/2913/2442
f 3420/2926/2455 3407/2913/2442 3408/2914/2443
f 3421/2927/2456 3408/2914/2443 3409/2915/2444
f 3422/2928/2457 3409/2915/2444 3410/2916/2445
f 3423/2929/2458 3410/2916/2445 3411/2917/2446
f 3424/2930/2459 3411/2917/2446 3412/2918/2447
f 3414/2920/2449 3425/2931/2460 3413/2919/2448
f 3415/2921/2450 3426/2932/2461 3414/2920/2449
f 3416/2922/2451 3427/2933/2462 3415/2921/2450
f 3417/2924/2453 3428/2934/2463 3416/2922/2451
f 3418/2935/2464 3429/2936/2465 3417/2924/2453
f 3431/2937/2466 3418/2935/2464 3419/2925/2454
f 3432/2938/2467 3419/2925/2454 3420/2926/2455
f 3433/2939/2468 3420/2926/2455 3421/2927/2456
f 3434/2940/2469 3421/2927/2456 3422/2928/2457
f 3435/2941/2470 3422/2928/2457 3423/2929/2458
f 3436/2942/2471 3423/2929/2458 3424/2930/2459
f 3426/2932/2461 3437/2943/2472 3425/2931/2460
f 3427/2933/2462 3438/2944/2473 3426/2932/2461
f 3428/2934/2463 3439/2945/2474 3427/2933/2462
f 3429/2936/2465 3440/2946/2475 3428/2934/2463
f 3430/2947/2476 3441/2948/2477 3429/2936/2465
f 3443/2949/2478 3430/2947/2476 3431/2937/2466
f 3444/2950/2479 3431/2937/2466 3432/2938/2467
f 3445/2951/2480 3432/2938/2467 3433/2939/2468
f 3446/2952/2481 3433/2939/2468 3434/2940/2469
f 3447/2953/2482 3434/2940/2469 3435/2941/2470
f 3448/2954/2483 3435/2941/2470 3436/2942/2471
f 3438/2944/2473 3449/2955/2484 3437/2943/2472
f 3439/2945/2474 3450/2956/2485 3438/2944/2473
f 3440/2946/2475 3451/2957/2486 3439/2945/2474
f 3441/2948/2477 3452/2958/2487 3440/2946/2475
f 3442/2959/2488 3453/2960/2489 3441/2948/2477
f 3455/2961/2490 3442/2959/2488 3443/2949/2478
f 3456/2962/2491 3443/2949/2478 3444/2950/2479
f 3457/2963/2492 3444/2950/2479 3445/2951/2480
f 3458/2964/2493 3445/2951/2480 3446/2952/2481
f 3459/2965/2494 3446/2952/2481 3447/2953/2482
f 3460/2966/2495 3447/2953/2482 3448/2954/2483
f 3450/2956/2485 3461/2967/2496 3449/2955/2484
f 3451/2957/2486 3462/2968/2497 3450/2956/2485
f 3452/2958/2487 3463/2969/2498 3451/2957/2486
f 3453/2960/2489 3464/2970/2499 3452/2958/2487
f 3454/2971/2500 3465/2972/2501 3453/2960/2489
f 3467/2973/2502 3454/2971/2500 3455/2961/2490
f 3468/2974/2503 3455/2961/2490 3456/2962/2491
f 3469/2975/2504 3456/2962/2491 3457/2963/2492
f 3470/2976/2505 3457/2963/2492 3458/2964/2493
f 3471/2977/2506 3458/2964/2493 3459/2965/2494
f 3472/2978/2507 3459/2965/2494 3460/2966/2495
f 3474/2979/2508 3461/2967/2496 3462/2968/2497
f 3475/2980/2509 3462/2968/2497 3463/2969/2498
f 3476/2981/2510 3463/2969/2498 3464/2970/2499
f 3477/2982/2511 3464/2970/2499 3465/2972/2501
f 3478/2983/2512 3465/2972/2501 3466/2984/2513
f 3479/2985/2514 3466/2984/2513 3467/2973/2502
f 3468/2974/2503 3479/2985/2514 3467/2973/2502
f 3469/2975/2504 3480/2986/2515 3468/2974/2503
f 3470/2976/2505 3481/2987/2516 3469/2975/2504
f 3471/2977/2506 3482/2988/2517 3470/2976/2505
f 3472/2978/2507 3483/2989/2518 3471/2977/2506
f 3486/2990/2519 3473/2991/2520 3474/2979/2508
f 3487/2992/2521 3474/2979/2508 3475/2980/2509
f 3488/2993/2522 3475/2980/2509 3476/2981/2510
f 3489/2994/2523 3476/2981/2510 3477/2982/2511
f 3490/2995/2524 3477/2982/2511 3478/2983/2512
f 3491/2996/2525 3478/2983/2512 3479/2985/2514
f 3480/2986/2515 3491/2996/2525 3479/2985/2514
f 3481/2987/2516 3492/2997/2526 3480/2986/2515
f 3482/2988/2517 3493/2998/2527 3481/2987/2516
f 3483/2989/2518 3494/2999/2528 3482/2988/2517
f 3484/3000/2529 3495/3001/2530 3483/2989/2518
f 3498/3002/2531 3485/3003/2532 3486/2990/2519
f 3499/3004/2533 3486/2990/2519 3487/2992/2521
f 3500/3005/2534 3487/2992/2521 3488/2993/2522
f 3501/3006/2535 3488/2993/2522 3489/2994/2523
f 3502/3007/2536 3489/2994/2523 3490/2995/2524
f 3503/3008/2537 3490/2995/2524 3491/2996/2525
f 3492/2997/2526 3503/3008/2537 3491/2996/2525
f 3493/2998/2527 3504/3009/2538 3492/2997/2526
f 3494/2999/2528 3505/3010/2539 3493/2998/2527
f 3495/3001/2530 3506/3011/2540 3494/2999/2528
f 3496/3012/2541 3507/3013/2542 3495/3001/2530
f 3510/3014/2543 3497/3015/2544 3498/3002/2531
f 3511/3016/2545 3498/3002/2531 3499/3004/2533
f 3512/3017/2546 3499/3004/2533 3500/3005/2534
f 3513/3018/2547 3500/3005/2534 3501/3006/2535
f 3514/3019/2548 3501/3006/2535 3502/3007/2536
f 3515/3020/2549 3502/3007/2536 3503/3008/2537
f 3504/3009/2538 3515/3020/2549 3503/3008/2537
f 3505/3010/2539 3516/3021/2550 3504/3009/2538
f 3506/3011/2540 3517/3022/2551 3505/3010/2539
f 3507/3013/2542 3518/3023/2552 3506/3011/2540
f 3508/3024/2553 3519/3025/2554 3507/3013/2542
f 3522/3026/2555 3509/3027/2556 3510/3014/2543
f 3523/3028/2557 3510/3014/2543 3511/3016/2545
f 3524/3029/2558 3511/3016/2545 3512/3017/2546
f 3525/3030/2559 3512/3017/2546 3513/3018/2547
f 3526/3031/2560 3513/3018/2547 3514/3019/2548
f 3527/3032/2561 3514/3019/2548 3515/3020/2549
f 3516/3021/2550 3527/3032/2561 3515/3020/2549
f 3517/3022/2551 3528/3033/2562 3516/3021/2550
f 3518/3023/2552 3529/3034/2563 3517/3022/2551
f 3519/3025/2554 3530/3035/2564 3518/3023/2552
f 3520/3036/2565 3531/3037/2566 3519/3025/2554
f 3534/3038/2567 3521/3039/2568 3522/3026/2555
f 3535/3040/2569 3522/3026/2555 3523/3028/2557
f 3536/3041/2570 3523/3028/2557 3524/3029/2558
f 3537/3042/2571 3524/3029/2558 3525/3030/2559
f 3538/3043/2572 3525/3030/2559 3526/3031/2560
f 3539/3044/2573 3526/3031/2560 3527/3032/2561
f 3528/3033/2562 3539/3044/2573 3527/3032/2561
f 3529/3034/2563 3540/3045/2574 3528/3033/2562
f 3530/3035/2564 3541/3046/2575 3529/3034/2563
f 3531/3037/2566 3542/3047/2576 3530/3035/2564
f 3532/3048/2577 3543/3049/2578 3531/3037/2566
f 3546/3050/2579 3533/3051/2580 3534/3038/2567
f 3547/3052/2581 3534/3038/2567 3535/3040/2569
f 3548/3053/2582 3535/3040/2569 3536/3041/2570
f 3549/3054/2583 3536/3041/2570 3537/3042/2571
f 3550/3055/2584 3537/3042/2571 3538/3043/2572
f 3551/3056/2585 3538/3043/2572 3539/3044/2573
f 3540/3045/2574 3551/3056/2585 3539/3044/2573
f 3541/3046/2575 3552/3057/2586 3540/3045/2574
f 3542/3047/2576 3553/3058/2587 3541/3046/2575
f 3543/3049/2578 3554/3059/2588 3542/3047/2576
f 3544/3060/2589 3555/3061/2590 3543/3049/2578
f 3558/3062/2591 3545/3063/2592 3546/3050/2579
f 3559/3064/2593 3546/3050/2579 3547/3052/2581
f 3560/3065/2594 3547/3052/2581 3548/3053/2582
f 3561/3066/2595 3548/3053/2582 3549/3054/2583
f 3562/3067/2596 3549/3054/2583 3550/3055/2584
f 3563/3068/2597 3550/3055/2584 3551/3056/2585
f 3552/3057/2586 3563/3068/2597 3551/3056/2585
f 3553/3058/2587 3564/3069/2598 3552/3057/2586
f 3554/3059/2588 3565/3070/2599 3553/3058/2587
f 3555/3061/2590 3566/3071/2600 3554/3059/2588
f 3556/3072/2601 3567/3073/2602 3555/3061/2590
f 3570/3074/2603 3557/3075/2604 3558/3062/2591
f 3571/3076/2605 3558/3062/2591 3559/3064/2593
f 3560/3065/2594 3571/3076/2605 3559/3064/2593
f 3561/3066/2595 3572/3077/2606 3560/3065/2594
f 3562/3067/2596 3573/3078/2607 3561/3066/2595
f 3575/3079/2608 3562/3067/2596 3563/3068/2597
f 3576/3080/2609 3563/3068/2597 3564/3069/2598
f 3577/3081/2610 3564/3069/2598 3565/3070/2599
f 3566/3071/2600 3577/3081/2610 3565/3070/2599
f 3567/3073/2602 3578/3082/2611 3566/3071/2600
f 3568/3083/2612 3579/3084/2613 3567/3073/2602
f 3582/3085/2614 3569/3086/2615 3570/3074/2603
f 3583/3087/2616 3570/3074/2603 3571/3076/2605
f 3572/3077/2606 3583/3087/2616 3571/3076/2605
f 3573/3078/2607 3584/3088/2617 3572/3077/2606
f 3574/3089/2618 3585/3090/2619 3573/3078/2607
f 3587/3091/2620 3574/3089/2618 3575/3079/2608
f 3588/3092/2621 3575/3079/2608 3576/3080/2609
f 3589/3093/2622 3576/3080/2609 3577/3081/2610
f 3578/3082/2611 3589/3093/2622 3577/3081/2610
f 3579/3084/2613 3590/3094/2623 3578/3082/2611
f 3580/3095/2624 3591/3096/2625 3579/3084/2613
f 3594/3097/2626 3581/3098/2627 3582/3085/2614
f 3583/3087/2616 3594/3097/2626 3582/3085/2614
f 3584/3088/2617 3595/3099/2628 3583/3087/2616
f 3585/3090/2619 3596/3100/2629 3584/3088/2617
f 3586/3101/2630 3597/3102/2631 3585/3090/2619
f 3599/3103/2632 3586/3101/2630 3587/3091/2620
f 3600/3104/2633 3587/3091/2620 3588/3092/2621
f 3601/3105/2634 3588/3092/2621 3589/3093/2622
f 3602/3106/2635 3589/3093/2622 3590/3094/2623
f 3591/3096/2625 3602/3106/2635 3590/3094/2623
f 3592/3107/2636 3603/3108/2637 3591/3096/2625
f 3606/3109/2638 3593/3110/2639 3594/3097/2626
f 3595/3099/2628 3606/3109/2638 3594/3097/2626
f 3596/3100/2629 3607/3111/2640 3595/3099/2628
f 3597/3102/2631 3608/3112/2641 3596/3100/2629
f 3598/3113/2642 3609/3114/2643 3597/3102/2631
f 3611/3115/2644 3598/3113/2642 3599/3103/2632
f 3612/3116/2645 3599/3103/2632 3600/3104/2633
f 3613/3117/2646 3600/3104/2633 3601/3105/2634
f 3614/3118/2647 3601/3105/2634 3602/3106/2635
f 3603/3108/2637 3614/3118/2647 3602/3106/2635
f 3604/3119/2648 3615/3120/2649 3603/3108/2637
f 3606/3109/2638 3617/3121/2650 3605/3122/2651
f 3607/3111/2640 3618/3123/2652 3606/3109/2638
f 3620/3124/2653 3607/3111/2640 3608/3112/2641
f 3621/3125/2654 3608/3112/2641 3609/3114/2643
f 3622/3126/2655 3609/3114/2643 3610/3127/2656
f 3623/3128/2657 3610/3127/2656 3611/3115/2644
f 3612/3116/2645 3623/3128/2657 3611/3115/2644
f 3613/3117/2646 3624/3129/2658 3612/3116/2645
f 3614/3118/2647 3625/3130/2659 3613/3117/2646
f 3615/3120/2649 3626/3131/2660 3614/3118/2647
f 3628/3132/2661 3615/3120/2649 3616/3133/2662
f 3618/3123/2652 3629/3134/2663 3617/3121/2650
f 3619/3135/2664 3630/3136/2665 3618/3123/2652
f 3632/3137/2666 3619/3135/2664 3620/3124/2653
f 3633/3138/2667 3620/3124/2653 3621/3125/2654
f 3634/3139/2668 3621/3125/2654 3622/3126/2655
f 3635/3140/2669 3622/3126/2655 3623/3128/2657
f 3624/3129/2658 3635/3140/2669 3623/3128/2657
f 3625/3130/2659 3636/3141/2670 3624/3129/2658
f 3626/3131/2660 3637/3142/2671 3625/3130/2659
f 3627/3143/2672 3638/3144/2673 3626/3131/2660
f 3640/3145/2674 3627/3143/2672 3628/3132/2661
f 3630/3136/2665 3641/3146/2675 3629/3134/2663
f 3631/3147/2676 3642/3148/2677 3630/3136/2665
f 3644/3149/2678 3631/3147/2676 3632/3137/2666
f 3645/3150/2679 3632/3137/2666 3633/3138/2667
f 3646/3151/2680 3633/3138/2667 3634/3139/2668
f 3647/3152/2681 3634/3139/2668 3635/3140/2669
f 3636/3141/2670 3647/3152/2681 3635/3140/2669
f 3637/3142/2671 3648/3153/2682 3636/3141/2670
f 3638/3144/2673 3649/3154/2683 3637/3142/2671
f 3639/3155/2684 3650/3156/2685 3638/3144/2673
f 3652/3157/2686 3639/3155/2684 3640/3145/2674
f 3642/3148/2677 3653/3158/2687 3641/3146/2675
f 3643/3159/2688 3654/3160/2689 3642/3148/2677
f 3644/3149/2678 3655/3161/2690 3643/3159/2688
f 3657/3162/2691 3644/3149/2678 3645/3150/2679
f 3658/3163/2692 3645/3150/2679 3646/3151/2680
f 3659/3164/2693 3646/3151/2680 3647/3152/2681
f 3648/3153/2682 3659/3164/2693 3647/3152/2681
f 3649/3154/2683 3660/3165/2694 3648/3153/2682
f 3650/3156/2685 3661/3166/2695 3649/3154/2683
f 3663/3167/2696 3650/3156/2685 3651/3168/2697
f 3664/3169/2698 3651/3168/2697 3652/3157/2686
f 3666/3170/2699 3653/3158/2687 3654/3160/2689
f 3667/3171/2700 3654/3160/2689 3655/3161/2690
f 3656/3172/2701 3667/3171/2700 3655/3161/2690
f 3657/3162/2691 3668/3173/2702 3656/3172/2701
f 3658/3163/2692 3669/3174/2703 3657/3162/2691
f 3671/3175/2704 3658/3163/2692 3659/3164/2693
f 3672/3176/2705 3659/3164/2693 3660/3165/2694
f 3673/3177/2706 3660/3165/2694 3661/3166/2695
f 3662/3178/2707 3673/3177/2706 3661/3166/2695
f 3663/3167/2696 3674/3179/2708 3662/3178/2707
f 3664/3169/2698 3675/3180/2709 3663/3167/2696
f 3666/3170/2699 3677/3181/2710 3665/3182/2711
f 3667/3171/2700 3678/3183/2712 3666/3170/2699
f 3668/3173/2702 3679/3184/2713 3667/3171/2700
f 3681/3185/2714 3668/3173/2702 3669/3174/2703
f 3682/3186/2715 3669/3174/2703 3670/3187/2716
f 3683/3188/2717 3670/3187/2716 3671/3175/2704
f 3672/3176/2705 3683/3188/2717 3671/3175/2704
f 3673/3177/2706 3684/3189/2718 3672/3176/2705
f 3674/3179/2708 3685/3190/2719 3673/3177/2706
f 3687/3191/2720 3674/3179/2708 3675/3180/2709
f 3688/3192/2721 3675/3180/2709 3676/3193/2722
f 3678/3183/2712 3689/3194/2723 3677/3181/2710
f 3679/3184/2713 3690/3195/2724 3678/3183/2712
f 3680/3196/2725 3691/3197/2726 3679/3184/2713
f 3681/3185/2714 3692/3198/2727 3680/3196/2725
f 3694/3199/2728 3681/3185/2714 3682/3186/2715
f 3695/3200/2729 3682/3186/2715 3683/3188/2717
f 3684/3189/2718 3695/3200/2729 3683/3188/2717
f 3685/3190/2719 3696/3201/2730 3684/3189/2718
f 3698/3202/2731 3685/3190/2719 3686/3203/2732
f 3699/3204/2733 3686/3203/2732 3687/3191/2720
f 3700/3205/2734 3687/3191/2720 3688/3192/2721
f 3690/3195/2724 3701/3206/2735 3689/3194/2723
f 3691/3197/2726 3702/3207/2736 3690/3195/2724
f 3692/3198/2727 3703/3208/2737 3691/3197/2726
f 3693/3209/2738 3704/3210/2739 3692/3198/2727
f 3694/3199/2728 3705/3211/2740 3693/3209/2738
f 3707/3212/2741 3694/3199/2728 3695/3200/2729
f 3708/3213/2742 3695/3200/2729 3696/3201/2730
f 3709/3214/2743 3696/3201/2730 3697/3215/2744
f 3710/3216/2745 3697/3215/2744 3698/3202/2731
f 3711/3217/2746 3698/3202/2731 3699/3204/2733
f 3712/3218/2747 3699/3204/2733 3700/3205/2734
f 3702/3207/2736 3713/3219/2748 3701/3206/2735
f 3703/3208/2737 3714/3220/2749 3702/3207/2736
f 3704/3210/2739 3715/3221/2750 3703/3208/2737
f 3705/3211/2740 3716/3222/2751 3704/3210/2739
f 3706/3223/2752 3717/3224/2753 3705/3211/2740
f 3719/3225/2754 3706/3223/2752 3707/3212/2741
f 3720/3226/2755 3707/3212/2741 3708/3213/2742
f 3721/3227/2756 3708/3213/2742 3709/3214/2743
f 3722/3228/2757 3709/3214/2743 3710/3216/2745
f 3723/3229/2758 3710/3216/2745 3711/3217/2746
f 3724/3230/2759 3711/3217/2746 3712/3218/2747
f 3714/3220/2749 3725/3231/2760 3713/3219/2748
f 3715/3221/2750 3726/3232/2761 3714/3220/2749
f 3716/3222/2751 3727/3233/2762 3715/3221/2750
f 3717/3224/2753 3728/3234/2763 3716/3222/2751
f 3718/3235/2764 3729/3236/2765 3717/3224/2753
f 3731/3237/2766 3718/3235/2764 3719/3225/2754
f 3732/3238/2767 3719/3225/2754 3720/3226/2755
f 3733/3239/2768 3720/3226/2755 3721/3227/2756
f 3734/3240/2769 3721/3227/2756 3722/3228/2757
f 3735/3241/2770 3722/3228/2757 3723/3229/2758
f 3736/3242/2771 3723/3229/2758 3724/3230/2759
f 3726/3232/2761 3737/3243/2772 3725/3231/2760
f 3727/3233/2762 3738/3244/2773 3726/3232/2761
f 3728/3234/2763 3739/3245/2774 3727/3233/2762
f 3729/3236/2765 3740/3246/2775 3728/3234/2763
f 3730/3247/2776 3741/3248/2777 3729/3236/2765
f 3743/3249/2778 3730/3247/2776 3731/3237/2766
f 3744/3250/2779 3731/3237/2766 3732/3238/2767
f 3745/3251/2780 3732/3238/2767 3733/3239/2768
f 3746/3252/2781 3733/3239/2768 3734/3240/2769
f 3747/3253/2782 3734/3240/2769 3735/3241/2770
f 3748/3254/2783 3735/3241/2770 3736/3242/2771
f 3738/3244/2773 3749/3255/2784 3737/3243/2772
f 3739/3245/2774 3750/3256/2785 3738/3244/2773
f 3740/3246/2775 3751/3257/2786 3739/3245/2774
f 3741/3248/2777 3752/3258/2787 3740/3246/2775
f 3742/3259/2788 3753/3260/2789 3741/3248/2777
f 3755/3261/2790 3742/3259/2788 3743/3249/2778
f 3756/3262/2791 3743/3249/2778 3744/3250/2779
f 3757/3263/2792 3744/3250/2779 3745/3251/2780
f 3758/3264/2793 3745/3251/2780 3746/3252/2781
f 3759/3265/2794 3746/3252/2781 3747/3253/2782
f 3760/3266/2795 3747/3253/2782 3748/3254/2783
f 3750/3256/2785 3761/3267/2796 3749/3255/2784
f 3751/3257/2786 3762/3268/2797 3750/3256/2785
f 3752/3258/2787 3763/3269/2798 3751/3257/2786
f 3753/3260/2789 3764/3270/2799 3752/3258/2787
f 3754/3271/2800 3765/3272/2801 3753/3260/2789
f 3767/3273/2802 3754/3271/2800 3755/3261/2790
f 3768/3274/2803 3755/3261/2790 3756/3262/2791
f 3769/3275/2804 3756/3262/2791 3757/3263/2792
f 3770/3276/2805 3757/3263/2792 3758/3264/2793
f 3771/3277/2806 3758/3264/2793 3759/3265/2794
f 3772/3278/2807 3759/3265/2794 3760/3266/2795
f 3762/3268/2797 3773/3279/2808 3761/3267/2796
f 3763/3269/2798 3774/3280/2809 3762/3268/2797
f 3764/3270/2799 3775/3281/2810 3763/3269/2798
f 3765/3272/2801 3776/3282/2811 3764/3270/2799
f 3766/3283/2812 3777/3284/2813 3765/3272/2801
f 3779/3285/2814 3766/3283/2812 3767/3273/2802
f 3780/3286/2815 3767/3273/2802 3768/3274/2803
f 3781/3287/2816 3768/3274/2803 3769/3275/2804
f 3782/3288/2817 3769/3275/2804 3770/3276/2805
f 3783/3289/2818 3770/3276/2805 3771/3277/2806
f 3784/3290/2819 3771/3277/2806 3772/3278/2807
f 3774/3280/2809 3785/3291/2820 3773/3279/2808
f 3775/3281/2810 3786/3292/2821 3774/3280/2809
f 3776/3282/2811 3787/3293/2822 3775/3281/2810
f 3777/3284/2813 3788/3294/2823 3776/3282/2811
f 3778/3295/2824 3789/3296/2825 3777/3284/2813
f 3791/3297/2826 3778/3295/2824 3779/3285/2814
f 3792/3298/2827 3779/3285/2814 3780/3286/2815
f 3793/3299/2828 3780/3286/2815 3781/3287/2816
f 3794/3300/2829 3781/3287/2816 3782/3288/2817
f 3795/3301/2830 3782/3288/2817 3783/3289/2818
f 3796/3302/2831 3783/3289/2818 3784/3290/2819
f 3786/3292/2821 3797/3303/2832 3785/3291/2820
f 3787/3293/2822 3798/3304/2833 3786/3292/2821
f 3788/3294/2823 3799/3305/2834 3787/3293/2822
f 3789/3296/2825 3800/3306/2835 3788/3294/2823
f 3790/3307/2836 3801/3308/2837 3789/3296/2825
f 3803/3309/2838 3790/3307/2836 3791/3297/2826
f 3804/3310/2839 3791/3297/2826 3792/3298/2827
f 3805/3311/2840 3792/3298/2827 3793/3299/2828
f 3806/3312/2841 3793/3299/2828 3794/3300/2829
f 3807/3313/2842 3794/3300/2829 3795/3301/2830
f 3808/3314/2843 3795/3301/2830 3796/3302/2831
f 3798/3304/2833 3809/3315/2844 3797/3303/2832
f 3799/3305/2834 3810/3316/2845 3798/3304/2833
f 3800/3306/2835 3811/3317/2846 3799/3305/2834
f 3801/3308/2837 3812/3318/2847 3800/3306/2835
f 3802/3319/2848 3813/3320/2849 3801/3308/2837
f 3815/3321/2850 3802/3319/2848 3803/3309/2838
f 3816/3322/2851 3803/3309/2838 3804/3310/2839
f 3817/3323/2852 3804/3310/2839 3805/3311/2840
f 3818/3324/2853 3805/3311/2840 3806/3312/2841
f 3819/3325/2854 3806/3312/2841 3807/3313/2842
f 3820/3326/2855 3807/3313/2842 3808/3314/2843
f 3822/3327/2856 3809/3315/2844 3810/3316/2845
f 3823/3328/2857 3810/3316/2845 3811/3317/2846
f 3824/3329/2858 3811/3317/2846 3812/3318/2847
f 3825/3330/2859 3812/3318/2847 3813/3320/2849
f 3826/3331/2860 3813/3320/2849 3814/3332/2861
f 3827/3333/2862 3814/3332/2861 3815/3321/2850
f 3816/3322/2851 3827/3333/2862 3815/3321/2850
f 3817/3323/2852 3828/3334/2863 3816/3322/2851
f 3818/3324/2853 3829/3335/2864 3817/3323/2852
f 3819/3325/2854 3830/3336/2865 3818/3324/2853
f 3820/3326/2855 3831/3337/2866 3819/3325/2854
f 2190/1696/1225 3821/3338/2867 3822/3327/2856
f 2191/1698/1228 3822/3327/2856 3823/3328/2857
f 2192/1699/1230 3823/3328/2857 3824/3329/2858
f 2193/1700/1232 3824/3329/2858 3825/3330/2859
f 2194/1701/1234 3825/3330/2859 3826/3331/2860
f 2195/1702/1237 3826/3331/2860 3827/3333/2862
f 3828/3334/2863 2195/1702/1237 3827/3333/2862
f 3829/3335/2864 2196/1703/1239 3828/3334/2863
f 3830/3336/2865 2197/1704/1241 3829/3335/2864
f 3831/3337/2866 2198/1705/1243 3830/3336/2865
f 3832/3339/2868 2199/1707/1245 3831/3337/2866
f 3846/3340/2869 3833/84/2870 3834/476/2871
f 3847/3341/2872 3834/476/2871 3835/478/2873
f 3848/3342/2874 3835/478/2873 3836/480/2875
f 3849/3343/2876 3836/480/2875 3837/482/2877
f 3850/3344/2878 3837/482/2877 3838/484/2879
f 3851/3345/2880 3838/484/2879 3839/487/2881
f 3840/489/2882 3851/3345/2880 3839/487/2881
f 3841/491/2883 3852/3346/2884 3840/489/2882
f 3842/493/2885 3853/3347/2886 3841/491/2883
f 3843/495/2887 3854/3348/2888 3842/493/2885
f 3844/497/2889 3855/3349/2890 3843/495/2887
f 3858/3350/2891 3845/3351/2892 3846/3340/2869
f 3859/3352/2893 3846/3340/2869 3847/3341/2872
f 3860/3353/2894 3847/3341/2872 3848/3342/2874
f 3861/3354/2895 3848/3342/2874 3849/3343/2876
f 3862/3355/2896 3849/3343/2876 3850/3344/2878
f 3863/3356/2897 3850/3344/2878 3851/3345/2880
f 3852/3346/2884 3863/3356/2897 3851/3345/2880
f 3853/3347/2886 3864/3357/2898 3852/3346/2884
f 3854/3348/2888 3865/3358/2899 3853/3347/2886
f 3855/3349/2890 3866/3359/2900 3854/3348/2888
f 3856/3360/2901 3867/3361/2902 3855/3349/2890
f 3870/3362/2903 3857/3363/2904 3858/3350/2891
f 3871/3364/2905 3858/3350/2891 3859/3352/2893
f 3872/3365/2906 3859/3352/2893 3860/3353/2894
f 3873/3366/2907 3860/3353/2894 3861/3354/2895
f 3874/3367/2908 3861/3354/2895 3862/3355/2896
f 3875/3368/2909 3862/3355/2896 3863/3356/2897
f 3864/3357/2898 3875/3368/2909 3863/3356/2897
f 3865/3358/2899 3876/3369/2910 3864/3357/2898
f 3866/3359/2900 3877/3370/2911 3865/3358/2899
f 3867/3361/2902 3878/3371/2912 3866/3359/2900
f 3868/3372/2913 3879/3373/2914 3867/3361/2902
f 3882/3374/2915 3869/3375/2916 3870/3362/2903
f 3883/3376/2917 3870/3362/2903 3871/3364/2905
f 3884/3377/2918 3871/3364/2905 3872/3365/2906
f 3885/3378/2919 3872/3365/2906 3873/3366/2907
f 3886/3379/2920 3873/3366/2907 3874/3367/2908
f 3887/3380/2921 3874/3367/2908 3875/3368/2909
f 3876/3369/2910 3887/3380/2921 3875/3368/2909
f 3877/3370/2911 3888/3381/2922 3876/3369/2910
f 3878/3371/2912 3889/3382/2923 3877/3370/2911
f 3879/3373/2914 3890/3383/2924 3878/3371/2912
f 3880/3384/2925 3891/3385/2926 3879/3373/2914
f 3894/3386/2927 3881/3387/2928 3882/3374/2915
f 3895/3388/2929 3882/3374/2915 3883/3376/2917
f 3896/3389/2930 3883/3376/2917 3884/3377/2918
f 3897/3390/2931 3884/3377/2918 3885/3378/2919
f 3898/3391/2932 3885/3378/2919 3886/3379/2920
f 3899/3392/2933 3886/3379/2920 3887/3380/2921
f 3888/3381/2922 3899/3392/2933 3887/3380/2921
f 3889/3382/2923 3900/3393/2934 3888/3381/2922
f 3890/3383/2924 3901/3394/2935 3889/3382/2923
f 3891/3385/2926 3902/3395/2936 3890/3383/2924
f 3892/3396/2937 3903/3397/2938 3891/3385/2926
f 3906/3398/2939 3893/3399/2940 3894/3386/2927
f 3907/3400/2941 3894/3386/2927 3895/3388/2929
f 3908/3401/2942 3895/3388/2929 3896/3389/2930
f 3909/3402/2943 3896/3389/2930 3897/3390/2931
f 3910/3403/2944 3897/3390/2931 3898/3391/2932
f 3911/3404/2945 3898/3391/2932 3899/3392/2933
f 3900/3393/2934 3911/3404/2945 3899/3392/2933
f 3901/3394/2935 3912/3405/2946 3900/3393/2934
f 3902/3395/2936 3913/3406/2947 3901/3394/2935
f 3903/3397/2938 3914/3407/2948 3902/3395/2936
f 3904/3408/2949 3915/3409/2950 3903/3397/2938
f 3918/3410/2951 3905/3411/2952 3906/3398/2939
f 3919/3412/2953 3906/3398/2939 3907/3400/2941
f 3920/3413/2954 3907/3400/2941 3908/3401/2942
f 3921/3414/2955 3908/3401/2942 3909/3402/2943
f 3922/3415/2956 3909/3402/2943 3910/3403/2944
f 3923/3416/2957 3910/3403/2944 3911/3404/2945
f 3912/3405/2946 3923/3416/2957 3911/3404/2945
f 3913/3406/2947 3924/3417/2958 3912/3405/2946
f 3914/3407/2948 3925/3418/2959 3913/3406/2947
f 3915/3409/2950 3926/3419/2960 3914/3407/2948
f 3916/3420/2961 3927/3421/2962 3915/3409/2950
f 3930/3422/2963 3917/3423/2964 3918/3410/2951
f 3931/3424/2965 3918/3410/2951 3919/3412/2953
f 3932/3425/2966 3919/3412/2953 3920/3413/2954
f 3933/3426/2967 3920/3413/2954 3921/3414/2955
f 3934/3427/2968 3921/3414/2955 3922/3415/2956
f 3935/3428/2969 3922/3415/2956 3923/3416/2957
f 3924/3417/2958 3935/3428/2969 3923/3416/2957
f 3925/3418/2959 3936/3429/2970 3924/3417/2958
f 3926/3419/2960 3937/3430/2971 3925/3418/2959
f 3927/3421/2962 3938/3431/2972 3926/3419/2960
f 3928/3432/2973 3939/3433/2974 3927/3421/2962
f 3942/3434/2975 3929/3435/2976 3930/3422/2963
f 3943/3436/2977 3930/3422/2963 3931/3424/2965
f 3944/3437/2978 3931/3424/2965 3932/3425/2966
f 3945/3438/2979 3932/3425/2966 3933/3426/2967
f 3946/3439/2980 3933/3426/2967 3934/3427/2968
f 3947/3440/2981 3934/3427/2968 3935/3428/2969
f 3936/3429/2970 3947/3440/2981 3935/3428/2969
f 3937/3430/2971 3948/3441/2982 3936/3429/2970
f 3938/3431/2972 3949/3442/2983 3937/3430/2971
f 3939/3433/2974 3950/3443/2984 3938/3431/2972
f 3940/3444/2985 3951/3445/2986 3939/3433/2974
f 3954/3446/2987 3941/3447/2988 3942/3434/2975
f 3955/3448/2989 3942/3434/2975 3943/3436/2977
f 3956/3449/2990 3943/3436/2977 3944/3437/2978
f 3957/3450/2991 3944/3437/2978 3945/3438/2979
f 3958/3451/2992 3945/3438/2979 3946/3439/2980
f 3959/3452/2993 3946/3439/2980 3947/3440/2981
f 3948/3441/2982 3959/3452/2993 3947/3440/2981
f 3949/3442/2983 3960/3453/2994 3948/3441/2982
f 3950/3443/2984 3961/3454/2995 3949/3442/2983
f 3951/3445/2986 3962/3455/2996 3950/3443/2984
f 3952/3456/2997 3963/3457/2998 3951/3445/2986
f 3954/3446/2987 3965/3458/2999 3953/3459/3000
f 3955/3448/2989 3966/3460/3001 3954/3446/2987
f 3956/3449/2990 3967/3461/3002 3955/3448/2989
f 3957/3450/2991 3968/3462/3003 3956/3449/2990
f 3958/3451/2992 3969/3463/3004 3957/3450/2991
f 3971/3464/3005 3958/3451/2992 3959/3452/2993
f 3972/3465/3006 3959/3452/2993 3960/3453/2994
f 3973/3466/3007 3960/3453/2994 3961/3454/2995
f 3974/3467/3008 3961/3454/2995 3962/3455/2996
f 3975/3468/3009 3962/3455/2996 3963/3457/2998
f 3976/3469/3010 3963/3457/2998 3964/3470/3011
f 3966/3460/3001 3977/3471/3012 3965/3458/2999
f 3967/3461/3002 3978/3472/3013 3966/3460/3001
f 3968/3462/3003 3979/3473/3014 3967/3461/3002
f 3969/3463/3004 3980/3474/3015 3968/3462/3003
f 3970/3475/3016 3981/3476/3017 3969/3463/3004
f 3983/3477/3018 3970/3475/3016 3971/3464/3005
f 3984/3478/3019 3971/3464/3005 3972/3465/3006
f 3985/3479/3020 3972/3465/3006 3973/3466/3007
f 3986/3480/3021 3973/3466/3007 3974/3467/3008
f 3987/3481/3022 3974/3467/3008 3975/3468/3009
f 3988/3482/3023 3975/3468/3009 3976/3469/3010
f 3990/3483/3024 3977/3471/3012 3978/3472/3013
f 3991/3484/3025 3978/3472/3013 3979/3473/3014
f 3992/3485/3026 3979/3473/3014 3980/3474/3015
f 3993/3486/3027 3980/3474/3015 3981/3476/3017
f 3994/3487/3028 3981/3476/3017 3982/3488/3029
f 3995/3489/3030 3982/3488/3029 3983/3477/3018
f 3984/3478/3019 3995/3489/3030 3983/3477/3018
f 3985/3479/3020 3996/3490/3031 3984/3478/3019
f 3986/3480/3021 3997/3491/3032 3985/3479/3020
f 3987/3481/3022 3998/3492/3033 3986/3480/3021
f 3988/3482/3023 3999/3493/3034 3987/3481/3022
f 4002/3494/3035 3989/3495/3036 3990/3483/3024
f 4003/3496/3037 3990/3483/3024 3991/3484/3025
f 4004/3497/3038 3991/3484/3025 3992/3485/3026
f 4005/3498/3039 3992/3485/3026 3993/3486/3027
f 4006/3499/3040 3993/3486/3027 3994/3487/3028
f 4007/3500/3041 3994/3487/3028 3995/3489/3030
f 3996/3490/3031 4007/3500/3041 3995/3489/3030
f 3997/3491/3032 4008/3501/3042 3996/3490/3031
f 3998/3492/3033 4009/3502/3043 3997/3491/3032
f 3999/3493/3034 4010/3503/3044 3998/3492/3033
f 4000/3504/3045 4011/3505/3046 3999/3493/3034
f 4014/3506/3047 4001/3507/3048 4002/3494/3035
f 4015/3508/3049 4002/3494/3035 4003/3496/3037
f 4016/3509/3050 4003/3496/3037 4004/3497/3038
f 4017/3510/3051 4004/3497/3038 4005/3498/3039
f 4018/3511/3052 4005/3498/3039 4006/3499/3040
f 4019/3512/3053 4006/3499/3040 4007/3500/3041
f 4008/3501/3042 4019/3512/3053 4007/3500/3041
f 4009/3502/3043 4020/3513/3054 4008/3501/3042
f 4010/3503/3044 4021/3514/3055 4009/3502/3043
f 4011/3505/3046 4022/3515/3056 4010/3503/3044
f 4012/3516/3057 4023/3517/3058 4011/3505/3046
f 4026/3518/3059 4013/3519/3060 4014/3506/3047
f 4027/3520/3061 4014/3506/3047 4015/3508/3049
f 4028/3521/3062 4015/3508/3049 4016/3509/3050
f 4029/3522/3063 4016/3509/3050 4017/3510/3051
f 4030/3523/3064 4017/3510/3051 4018/3511/3052
f 4031/3524/3065 4018/3511/3052 4019/3512/3053
f 4020/3513/3054 4031/3524/3065 4019/3512/3053
f 4021/3514/3055 4032/3525/3066 4020/3513/3054
f 4022/3515/3056 4033/3526/3067 4021/3514/3055
f 4023/3517/3058 4034/3527/3068 4022/3515/3056
f 4024/3528/3069 4035/3529/3070 4023/3517/3058
f 4026/3518/3059 4037/3530/3071 4025/3531/3072
f 4027/3520/3061 4038/3532/3073 4026/3518/3059
f 4028/3521/3062 4039/3533/3074 4027/3520/3061
f 4029/3522/3063 4040/3534/3075 4028/3521/3062
f 4030/3523/3064 4041/3535/3076 4029/3522/3063
f 4043/3536/3077 4030/3523/3064 4031/3524/3065
f 4044/3537/3078 4031/3524/3065 4032/3525/3066
f 4045/3538/3079 4032/3525/3066 4033/3526/3067
f 4046/3539/3080 4033/3526/3067 4034/3527/3068
f 4047/3540/3081 4034/3527/3068 4035/3529/3070
f 4048/3541/3082 4035/3529/3070 4036/3542/3083
f 4038/3532/3073 4049/3543/3084 4037/3530/3071
f 4039/3533/3074 4050/3544/3085 4038/3532/3073
f 4040/3534/3075 4051/3545/3086 4039/3533/3074
f 4041/3535/3076 4052/3546/3087 4040/3534/3075
f 4042/3547/3088 4053/3548/3089 4041/3535/3076
f 4055/3549/3090 4042/3547/3088 4043/3536/3077
f 4056/3550/3091 4043/3536/3077 4044/3537/3078
f 4057/3551/3092 4044/3537/3078 4045/3538/3079
f 4058/3552/3093 4045/3538/3079 4046/3539/3080
f 4059/3553/3094 4046/3539/3080 4047/3540/3081
f 4060/3554/3095 4047/3540/3081 4048/3541/3082
f 4050/3544/3085 4061/3555/3096 4049/3543/3084
f 4051/3545/3086 4062/3556/3097 4050/3544/3085
f 4052/3546/3087 4063/3557/3098 4051/3545/3086
f 4053/3548/3089 4064/3558/3099 4052/3546/3087
f 4054/3559/3100 4065/3560/3101 4053/3548/3089
f 4067/3561/3102 4054/3559/3100 4055/3549/3090
f 4068/3562/3103 4055/3549/3090 4056/3550/3091
f 4069/3563/3104 4056/3550/3091 4057/3551/3092
f 4070/3564/3105 4057/3551/3092 4058/3552/3093
f 4071/3565/3106 4058/3552/3093 4059/3553/3094
f 4072/3566/3107 4059/3553/3094 4060/3554/3095
f 4062/3556/3097 4073/3567/3108 4061/3555/3096
f 4063/3557/3098 4074/3568/3109 4062/3556/3097
f 4064/3558/3099 4075/3569/3110 4063/3557/3098
f 4065/3560/3101 4076/3570/3111 4064/3558/3099
f 4066/3571/3112 4077/3572/3113 4065/3560/3101
f 4079/3573/3114 4066/3571/3112 4067/3561/3102
f 4080/3574/3115 4067/3561/3102 4068/3562/3103
f 4081/3575/3116 4068/3562/3103 4069/3563/3104
f 4082/3576/3117 4069/3563/3104 4070/3564/3105
f 4083/3577/3118 4070/3564/3105 4071/3565/3106
f 4084/3578/3119 4071/3565/3106 4072/3566/3107
f 4074/3568/3109 4085/3579/3120 4073/3567/3108
f 4075/3569/3110 4086/3580/3121 4074/3568/3109
f 4076/3570/3111 4087/3581/3122 4075/3569/3110
f 4077/3572/3113 4088/3582/3123 4076/3570/3111
f 4078/3583/3124 4089/3584/3125 4077/3572/3113
f 4091/3585/3126 4078/3583/3124 4079/3573/3114
f 4092/3586/3127 4079/3573/3114 4080/3574/3115
f 4093/3587/3128 4080/3574/3115 4081/3575/3116
f 4094/3588/3129 4081/3575/3116 4082/3576/3117
f 4095/3589/3130 4082/3576/3117 4083/3577/3118
f 4096/3590/3131 4083/3577/3118 4084/3578/3119
f 4086/3580/3121 4097/3591/3132 4085/3579/3120
f 4087/3581/3122 4098/3592/3133 4086/3580/3121
f 4088/3582/3123 4099/3593/3134 4087/3581/3122
f 4089/3584/3125 4100/3594/3135 4088/3582/3123
f 4090/3595/3136 4101/3596/3137 4089/3584/3125
f 4103/3597/3138 4090/3595/3136 4091/3585/3126
f 4104/3598/3139 4091/3585/3126 4092/3586/3127
f 4105/3599/3140 4092/3586/3127 4093/3587/3128
f 4106/3600/3141 4093/3587/3128 4094/3588/3129
f 4107/3601/3142 4094/3588/3129 4095/3589/3130
f 4108/3602/3143 4095/3589/3130 4096/3590/3131
f 4098/3592/3133 4109/3603/3144 4097/3591/3132
f 4099/3593/3134 4110/3604/3145 4098/3592/3133
f 4100/3594/3135 4111/3605/3146 4099/3593/3134
f 4101/3596/3137 4112/3606/3147 4100/3594/3135
f 4102/3607/3148 4113/3608/3149 4101/3596/3137
f 4115/3609/3150 4102/3607/3148 4103/3597/3138
f 4116/3610/3151 4103/3597/3138 4104/3598/3139
f 4117/3611/3152 4104/3598/3139 4105/3599/3140
f 4118/3612/3153 4105/3599/3140 4106/3600/3141
f 4119/3613/3154 4106/3600/3141 4107/3601/3142
f 4120/3614/3155 4107/3601/3142 4108/3602/3143
f 4110/3604/3145 4121/3615/3156 4109/3603/3144
f 4111/3605/3146 4122/3616/3157 4110/3604/3145
f 4112/3606/3147 4123/3617/3158 4111/3605/3146
f 4113/3608/3149 4124/3618/3159 4112/3606/3147
f 4114/3619/3160 4125/3620/3161 4113/3608/3149
f 4127/3621/3162 4114/3619/3160 4115/3609/3150
f 4128/3622/3163 4115/3609/3150 4116/3610/3151
f 4129/3623/3164 4116/3610/3151 4117/3611/3152
f 4130/3624/3165 4117/3611/3152 4118/3612/3153
f 4131/3625/3166 4118/3612/3153 4119/3613/3154
f 4132/3626/3167 4119/3613/3154 4120/3614/3155
f 4122/3616/3157 4133/3627/3168 4121/3615/3156
f 4123/3617/3158 4134/3628/3169 4122/3616/3157
f 4124/3618/3159 4135/3629/3170 4123/3617/3158
f 4125/3620/3161 4136/3630/3171 4124/3618/3159
f 4126/3631/3172 4137/3632/3173 4125/3620/3161
f 4139/3633/3174 4126/3631/3172 4127/3621/3162
f 4140/3634/3175 4127/3621/3162 4128/3622/3163
f 4141/3635/3176 4128/3622/3163 4129/3623/3164
f 4142/3636/3177 4129/3623/3164 4130/3624/3165
f 4143/3637/3178 4130/3624/3165 4131/3625/3166
f 4144/3638/3179 4131/3625/3166 4132/3626/3167
f 4134/3628/3169 4145/3639/2364 4133/3627/3168
f 4135/3629/3170 4146/3640/3180 4134/3628/3169
f 4136/3630/3171 4147/3641/3181 4135/3629/3170
f 4137/3632/3173 4148/3642/3182 4136/3630/3171
f 4138/3643/3183 4149/3644/3184 4137/3632/3173
f 4151/3645/3185 4138/3643/3183 4139/3633/3174
f 4152/3646/3186 4139/3633/3174 4140/3634/3175
f 4153/3647/3187 4140/3634/3175 4141/3635/3176
f 4154/3648/3188 4141/3635/3176 4142/3636/3177
f 4155/3649/3189 4142/3636/3177 4143/3637/3178
f 4156/3650/2373 4143/3637/3178 4144/3638/3179
f 4146/3640/3180 4157/3651/3190 4145/3639/2364
f 4147/3641/3181 4158/3652/3191 4146/3640/3180
f 4148/3642/3182 4159/3653/3192 4147/3641/3181
f 4149/3644/3184 4160/3654/3193 4148/3642/3182
f 4150/3655/3194 4161/3656/3195 4149/3644/3184
f 4163/3657/3196 4150/3655/3194 4151/3645/3185
f 4164/3658/3197 4151/3645/3185 4152/3646/3186
f 4165/3659/3198 4152/3646/3186 4153/3647/3187
f 4166/3660/3199 4153/3647/3187 4154/3648/3188
f 4167/3661/3200 4154/3648/3188 4155/3649/3189
f 4168/3662/3201 4155/3649/3189 4156/3650/2373
f 4158/3652/3191 4169/3663/2340 4157/3651/3190
f 4159/3653/3192 4170/3664/3202 4158/3652/3191
f 4160/3654/3193 4171/3665/3203 4159/3653/3192
f 4161/3656/3195 4172/3666/3204 4160/3654/3193
f 4162/3667/3205 4173/3668/3206 4161/3656/3195
f 4175/3669/3207 4162/3667/3205 4163/3657/3196
f 4176/3670/3208 4163/3657/3196 4164/3658/3197
f 4177/3671/3209 4164/3658/3197 4165/3659/3198
f 4178/3672/3210 4165/3659/3198 4166/3660/3199
f 4179/3673/3211 4166/3660/3199 4167/3661/3200
f 4180/3674/2349 4167/3661/3200 4168/3662/3201
f 4170/3664/3202 4181/3675/3212 4169/3663/2340
f 4171/3665/3203 4182/3676/3213 4170/3664/3202
f 4172/3666/3204 4183/3677/3214 4171/3665/3203
f 4173/3668/3206 4184/3678/3215 4172/3666/3204
f 4174/3679/3216 4185/3680/3217 4173/3668/3206
f 4187/3681/3218 4174/3679/3216 4175/3669/3207
f 4188/3682/3219 4175/3669/3207 4176/3670/3208
f 4189/3683/3220 4176/3670/3208 4177/3671/3209
f 4190/3684/3221 4177/3671/3209 4178/3672/3210
f 4191/3685/3222 4178/3672/3210 4179/3673/3211
f 4192/3686/3223 4179/3673/3211 4180/3674/2349
f 4182/3676/3213 4193/3687/3224 4181/3675/3212
f 4183/3677/3214 4194/3688/3225 4182/3676/3213
f 4184/3678/3215 4195/3689/3226 4183/3677/3214
f 4185/3680/3217 4196/3690/3227 4184/3678/3215
f 4186/3691/3228 4197/3692/3229 4185/3680/3217
f 4199/3693/3230 4186/3691/3228 4187/3681/3218
f 4200/3694/3231 4187/3681/3218 4188/3682/3219
f 4201/3695/3232 4188/3682/3219 4189/3683/3220
f 4202/3696/3233 4189/3683/3220 4190/3684/3221
f 4203/3697/3234 4190/3684/3221 4191/3685/3222
f 4204/3698/3235 4191/3685/3222 4192/3686/3223
f 4194/3688/3225 4205/3699/3236 4193/3687/3224
f 4195/3689/3226 4206/3700/3237 4194/3688/3225
f 4196/3690/3227 4207/3701/3238 4195/3689/3226
f 4197/3692/3229 4208/3702/3239 4196/3690/3227
f 4198/3703/3240 4209/3704/3241 4197/3692/3229
f 4211/3705/3242 4198/3703/3240 4199/3693/3230
f 4212/3706/3243 4199/3693/3230 4200/3694/3231
f 4213/3707/3244 4200/3694/3231 4201/3695/3232
f 4214/3708/3245 4201/3695/3232 4202/3696/3233
f 4215/3709/3246 4202/3696/3233 4203/3697/3234
f 4216/3710/3247 4203/3697/3234 4204/3698/3235
f 4206/3700/3237 4217/3711/3248 4205/3699/3236
f 4207/3701/3238 4218/3712/3249 4206/3700/3237
f 4208/3702/3239 4219/3713/3250 4207/3701/3238
f 4209/3704/3241 4220/3714/3251 4208/3702/3239
f 4210/3715/3252 4221/3716/3253 4209/3704/3241
f 4223/3717/3254 4210/3715/3252 4211/3705/3242
f 4224/3718/3255 4211/3705/3242 4212/3706/3243
f 4225/3719/3256 4212/3706/3243 4213/3707/3244
f 4226/3720/3257 4213/3707/3244 4214/3708/3245
f 4227/3721/3258 4214/3708/3245 4215/3709/3246
f 4228/3722/3259 4215/3709/3246 4216/3710/3247
f 4218/3712/3249 4229/3723/3260 4217/3711/3248
f 4219/3713/3250 4230/3724/3261 4218/3712/3249
f 4220/3714/3251 4231/3725/3262 4219/3713/3250
f 4221/3716/3253 4232/3726/3263 4220/3714/3251
f 4222/3727/3264 4233/3728/3265 4221/3716/3253
f 4235/3729/3266 4222/3727/3264 4223/3717/3254
f 4236/3730/3267 4223/3717/3254 4224/3718/3255
f 4237/3731/3268 4224/3718/3255 4225/3719/3256
f 4238/3732/3269 4225/3719/3256 4226/3720/3257
f 4239/3733/3270 4226/3720/3257 4227/3721/3258
f 4240/3734/3271 4227/3721/3258 4228/3722/3259
f 4230/3724/3261 4241/3735/3272 4229/3723/3260
f 4231/3725/3262 4242/3736/3273 4230/3724/3261
f 4232/3726/3263 4243/3737/3274 4231/3725/3262
f 4233/3728/3265 4244/3738/3275 4232/3726/3263
f 4234/3739/3276 4245/3740/3277 4233/3728/3265
f 4247/3741/3278 4234/3739/3276 4235/3729/3266
f 4248/3742/3279 4235/3729/3266 4236/3730/3267
f 4249/3743/3280 4236/3730/3267 4237/3731/3268
f 4250/3744/3281 4237/3731/3268 4238/3732/3269
f 4251/3745/3282 4238/3732/3269 4239/3733/3270
f 4252/3746/3283 4239/3733/3270 4240/3734/3271
f 4254/3747/3284 4241/3735/3272 4242/3736/3273
f 4255/3748/3285 4242/3736/3273 4243/3737/3274
f 4244/3738/3275 4255/3748/3285 4243/3737/3274
f 4245/3740/3277 4256/3749/3286 4244/3738/3275
f 4246/3750/3287 4257/3751/3288 4245/3740/3277
f 4259/3752/3289 4246/3750/3287 4247/3741/3278
f 4260/3753/3290 4247/3741/3278 4248/3742/3279
f 4261/3754/3291 4248/3742/3279 4249/3743/3280
f 4250/3744/3281 4261/3754/3291 4249/3743/3280
f 4251/3745/3282 4262/3755/3292 4250/3744/3281
f 4252/3746/3283 4263/3756/3293 4251/3745/3282
f 4266/3757/3294 4253/3758/3295 4254/3747/3284
f 4267/3759/3296 4254/3747/3284 4255/3748/3285
f 4268/3760/3297 4255/3748/3285 4256/3749/3286
f 4269/3761/3298 4256/3749/3286 4257/3751/3288
f 4270/3762/3299 4257/3751/3288 4258/3763/3300
f 4271/3764/3301 4258/3763/3300 4259/3752/3289
f 4260/3753/3290 4271/3764/3301 4259/3752/3289
f 4261/3754/3291 4272/3765/3302 4260/3753/3290
f 4262/3755/3292 4273/3766/3303 4261/3754/3291
f 4263/3756/3293 4274/3767/3304 4262/3755/3292
f 4264/3768/3305 4275/3769/3306 4263/3756/3293
f 4266/3757/3294 3833/48/2870 4265/3770/3307
f 4267/3759/3296 3834/1696/2871 4266/3757/3294
f 3836/1699/2875 4267/3759/3296 4268/3760/3297
f 3837/1700/2877 4268/3760/3297 4269/3761/3298
f 3838/1701/2879 4269/3761/3298 4270/3762/3299
f 3839/1702/2881 4270/3762/3299 4271/3764/3301
f 4272/3765/3302 3839/1702/2881 4271/3764/3301
f 4273/3766/3303 3840/1703/2882 4272/3765/3302
f 4274/3767/3304 3841/1704/2883 4273/3766/3303
f 4275/3769/3306 3842/1705/2885 4274/3767/3304
f 3844/3771/2889 4275/3769/3306 4276/3772/3308
f 4278/476/3309 4289/3773/3310 4277/84/3311
f 4291/3774/3312 4278/476/3309 4279/478/3313
f 4292/3775/3314 4279/478/3313 4280/480/3315
f 4293/3776/3316 4280/480/3315 4281/482/3317
f 4294/3777/3318 4281/482/3317 4282/484/3319
f 4295/3778/3320 4282/484/3319 4283/487/3321
f 4284/489/3322 4295/3778/3320 4283/487/3321
f 4285/491/3323 4296/3779/3324 4284/489/3322
f 4286/493/3325 4297/3780/3326 4285/491/3323
f 4287/495/3327 4298/3781/3328 4286/493/3325
f 4288/497/3329 4299/3782/3330 4287/495/3327
f 4290/3783/3331 4301/3784/3332 4289/3773/3310
f 4291/3774/3312 4302/3785/3333 4290/3783/3331
f 4292/3775/3314 4303/3786/3334 4291/3774/3312
f 4293/3776/3316 4304/3787/3335 4292/3775/3314
f 4294/3777/3318 4305/3788/3336 4293/3776/3316
f 4307/3789/3337 4294/3777/3318 4295/3778/3320
f 4308/3790/3338 4295/3778/3320 4296/3779/3324
f 4309/3791/3339 4296/3779/3324 4297/3780/3326
f 4310/3792/3340 4297/3780/3326 4298/3781/3328
f 4311/3793/3341 4298/3781/3328 4299/3782/3330
f 4312/3794/3342 4299/3782/3330 4300/3795/3343
f 4302/3785/3333 4313/3796/3344 4301/3784/3332
f 4303/3786/3334 4314/3797/3345 4302/3785/3333
f 4304/3787/3335 4315/3798/3346 4303/3786/3334
f 4305/3788/3336 4316/3799/3347 4304/3787/3335
f 4306/3800/3348 4317/3801/3349 4305/3788/3336
f 4319/3802/3350 4306/3800/3348 4307/3789/3337
f 4320/3803/3351 4307/3789/3337 4308/3790/3338
f 4321/3804/3352 4308/3790/3338 4309/3791/3339
f 4322/3805/3353 4309/3791/3339 4310/3792/3340
f 4323/3806/3354 4310/3792/3340 4311/3793/3341
f 4324/3807/3355 4311/3793/3341 4312/3794/3342
f 4314/3797/3345 4325/3808/3356 4313/3796/3344
f 4315/3798/3346 4326/3809/3357 4314/3797/3345
f 4316/3799/3347 4327/3810/3358 4315/3798/3346
f 4317/3801/3349 4328/3811/3359 4316/3799/3347
f 4318/3812/3360 4329/3813/3361 4317/3801/3349
f 4331/3814/3362 4318/3812/3360 4319/3802/3350
f 4332/3815/3363 4319/3802/3350 4320/3803/3351
f 4333/3816/3364 4320/3803/3351 4321/3804/3352
f 4334/3817/3365 4321/3804/3352 4322/3805/3353
f 4335/3818/3366 4322/3805/3353 4323/3806/3354
f 4336/3819/3367 4323/3806/3354 4324/3807/3355
f 4326/3809/3357 4337/3820/3368 4325/3808/3356
f 4327/3810/3358 4338/3821/3369 4326/3809/3357
f 4328/3811/3359 4339/3822/3370 4327/3810/3358
f 4329/3813/3361 4340/3823/3371 4328/3811/3359
f 4330/3824/3372 4341/3825/3373 4329/3813/3361
f 4343/3826/3374 4330/3824/3372 4331/3814/3362
f 4344/3827/3375 4331/3814/3362 4332/3815/3363
f 4345/3828/3376 4332/3815/3363 4333/3816/3364
f 4346/3829/3377 4333/3816/3364 4334/3817/3365
f 4347/3830/3378 4334/3817/3365 4335/3818/3366
f 4348/3831/3379 4335/3818/3366 4336/3819/3367
f 4338/3821/3369 4349/3832/3380 4337/3820/3368
f 4339/3822/3370 4350/3833/3381 4338/3821/3369
f 4340/3823/3371 4351/3834/3382 4339/3822/3370
f 4341/3825/3373 4352/3835/3383 4340/3823/3371
f 4342/3836/3384 4353/3837/3385 4341/3825/3373
f 4355/3838/3386 4342/3836/3384 4343/3826/3374
f 4356/3839/3387 4343/3826/3374 4344/3827/3375
f 4357/3840/3388 4344/3827/3375 4345/3828/3376
f 4358/3841/3389 4345/3828/3376 4346/3829/3377
f 4359/3842/3390 4346/3829/3377 4347/3830/3378
f 4360/3843/3391 4347/3830/3378 4348/3831/3379
f 4350/3833/3381 4361/3844/3392 4349/3832/3380
f 4351/3834/3382 4362/3845/3393 4350/3833/3381
f 4352/3835/3383 4363/3846/3394 4351/3834/3382
f 4353/3837/3385 4364/3847/3395 4352/3835/3383
f 4354/3848/3396 4365/3849/3397 4353/3837/3385
f 4367/3850/3398 4354/3848/3396 4355/3838/3386
f 4368/3851/3399 4355/3838/3386 4356/3839/3387
f 4369/3852/3400 4356/3839/3387 4357/3840/3388
f 4370/3853/3401 4357/3840/3388 4358/3841/3389
f 4371/3854/3402 4358/3841/3389 4359/3842/3390
f 4372/3855/3403 4359/3842/3390 4360/3843/3391
f 4362/3845/3393 4373/3856/3404 4361/3844/3392
f 4363/3846/3394 4374/3857/3405 4362/3845/3393
f 4364/3847/3395 4375/3858/3406 4363/3846/3394
f 4365/3849/3397 4376/3859/3407 4364/3847/3395
f 4366/3860/3408 4377/3861/3409 4365/3849/3397
f 4379/3862/3410 4366/3860/3408 4367/3850/3398
f 4380/3863/3411 4367/3850/3398 4368/3851/3399
f 4381/3864/3412 4368/3851/3399 4369/3852/3400
f 4382/3865/3413 4369/3852/3400 4370/3853/3401
f 4383/3866/3414 4370/3853/3401 4371/3854/3402
f 4384/3867/3415 4371/3854/3402 4372/3855/3403
f 4374/3857/3405 4385/3868/3416 4373/3856/3404
f 4375/3858/3406 4386/3869/3417 4374/3857/3405
f 4376/3859/3407 4387/3870/3418 4375/3858/3406
f 4377/3861/3409 4388/3871/3419 4376/3859/3407
f 4378/3872/3420 4389/3873/3421 4377/3861/3409
f 4391/3874/3422 4378/3872/3420 4379/3862/3410
f 4392/3875/3423 4379/3862/3410 4380/3863/3411
f 4393/3876/3424 4380/3863/3411 4381/3864/3412
f 4394/3877/3425 4381/3864/3412 4382/3865/3413
f 4395/3878/3426 4382/3865/3413 4383/3866/3414
f 4396/3879/3427 4383/3866/3414 4384/3867/3415
f 4386/3869/3417 4397/3880/3428 4385/3868/3416
f 4387/3870/3418 4398/3881/3429 4386/3869/3417
f 4388/3871/3419 4399/3882/3430 4387/3870/3418
f 4389/3873/3421 4400/3883/3431 4388/3871/3419
f 4390/3884/3432 4401/3885/3433 4389/3873/3421
f 4403/3886/3434 4390/3884/3432 4391/3874/3422
f 4404/3887/3435 4391/3874/3422 4392/3875/3423
f 4405/3888/3436 4392/3875/3423 4393/3876/3424
f 4406/3889/3437 4393/3876/3424 4394/3877/3425
f 4407/3890/3438 4394/3877/3425 4395/3878/3426
f 4408/3891/3439 4395/3878/3426 4396/3879/3427
f 4398/3881/3429 4409/3892/3440 4397/3880/3428
f 4399/3882/3430 4410/3893/3441 4398/3881/3429
f 4400/3883/3431 4411/3894/3442 4399/3882/3430
f 4401/3885/3433 4412/3895/3443 4400/3883/3431
f 4402/3896/3444 4413/3897/3445 4401/3885/3433
f 4415/3898/3446 4402/3896/3444 4403/3886/3434
f 4416/3899/3447 4403/3886/3434 4404/3887/3435
f 4417/3900/3448 4404/3887/3435 4405/3888/3436
f 4418/3901/3449 4405/3888/3436 4406/3889/3437
f 4419/3902/3450 4406/3889/3437 4407/3890/3438
f 4420/3903/3451 4407/3890/3438 4408/3891/3439
f 4422/3904/3452 4409/3892/3440 4410/3893/3441
f 4423/3905/3453 4410/3893/3441 4411/3894/3442
f 4424/3906/3454 4411/3894/3442 4412/3895/3443
f 4425/3907/3455 4412/3895/3443 4413/3897/3445
f 4426/3908/3456 4413/3897/3445 4414/3909/3457
f 4427/3910/3458 4414/3909/3457 4415/3898/3446
f 4416/3899/3447 4427/3910/3458 4415/3898/3446
f 4417/3900/3448 4428/3911/3459 4416/3899/3447
f 4418/3901/3449 4429/3912/3460 4417/3900/3448
f 4419/3902/3450 4430/3913/3461 4418/3901/3449
f 4420/3903/3451 4431/3914/3462 4419/3902/3450
f 4422/3904/3452 4433/3915/3463 4421/3916/3464
f 4423/3905/3453 4434/3917/3465 4422/3904/3452
f 4424/3906/3454 4435/3918/3466 4423/3905/3453
f 4425/3907/3455 4436/3919/3467 4424/3906/3454
f 4426/3908/3456 4437/3920/3468 4425/3907/3455
f 4439/3921/3469 4426/3908/3456 4427/3910/3458
f 4440/3922/3470 4427/3910/3458 4428/3911/3459
f 4441/3923/3471 4428/3911/3459 4429/3912/3460
f 4442/3924/3472 4429/3912/3460 4430/3913/3461
f 4443/3925/3473 4430/3913/3461 4431/3914/3462
f 4444/3926/3474 4431/3914/3462 4432/3927/3475
f 4434/3917/3465 4445/3928/3476 4433/3915/3463
f 4435/3918/3466 4446/3929/3477 4434/3917/3465
f 4436/3919/3467 4447/3930/3478 4435/3918/3466
f 4437/3920/3468 4448/3931/3479 4436/3919/3467
f 4438/3932/3480 4449/3933/3481 4437/3920/3468
f 4451/3934/3482 4438/3932/3480 4439/3921/3469
f 4452/3935/3483 4439/3921/3469 4440/3922/3470
f 4453/3936/3484 4440/3922/3470 4441/3923/3471
f 4454/3937/3485 4441/3923/3471 4442/3924/3472
f 4455/3938/3486 4442/3924/3472 4443/3925/3473
f 4456/3939/3487 4443/3925/3473 4444/3926/3474
f 4446/3929/3477 4457/3940/3488 4445/3928/3476
f 4447/3930/3478 4458/3941/3489 4446/3929/3477
f 4448/3931/3479 4459/3942/3490 4447/3930/3478
f 4449/3933/3481 4460/3943/3491 4448/3931/3479
f 4450/3944/3492 4461/3945/3493 4449/3933/3481
f 4463/3946/3494 4450/3944/3492 4451/3934/3482
f 4464/3947/3495 4451/3934/3482 4452/3935/3483
f 4465/3948/3496 4452/3935/3483 4453/3936/3484
f 4466/3949/3497 4453/3936/3484 4454/3937/3485
f 4467/3950/3498 4454/3937/3485 4455/3938/3486
f 4468/3951/3499 4455/3938/3486 4456/3939/3487
f 4458/3941/3489 4469/3952/3500 4457/3940/3488
f 4459/3942/3490 4470/3953/3501 4458/3941/3489
f 4460/3943/3491 4471/3954/3502 4459/3942/3490
f 4461/3945/3493 4472/3955/3503 4460/3943/3491
f 4462/3956/3504 4473/3957/3505 4461/3945/3493
f 4475/3958/3506 4462/3956/3504 4463/3946/3494
f 4476/3959/3507 4463/3946/3494 4464/3947/3495
f 4477/3960/3508 4464/3947/3495 4465/3948/3496
f 4478/3961/3509 4465/3948/3496 4466/3949/3497
f 4479/3962/3510 4466/3949/3497 4467/3950/3498
f 4480/3963/3511 4467/3950/3498 4468/3951/3499
f 4470/3953/3501 4481/3964/3512 4469/3952/3500
f 4471/3954/3502 4482/3965/3513 4470/3953/3501
f 4472/3955/3503 4483/3966/3514 4471/3954/3502
f 4473/3957/3505 4484/3967/3515 4472/3955/3503
f 4474/3968/3516 4485/3969/3517 4473/3957/3505
f 4487/3970/3518 4474/3968/3516 4475/3958/3506
f 4488/3971/3519 4475/3958/3506 4476/3959/3507
f 4489/3972/3520 4476/3959/3507 4477/3960/3508
f 4490/3973/3521 4477/3960/3508 4478/3961/3509
f 4491/3974/3522 4478/3961/3509 4479/3962/3510
f 4492/3975/3523 4479/3962/3510 4480/3963/3511
f 4494/3976/3524 4481/3964/3512 4482/3965/3513
f 4495/3977/3525 4482/3965/3513 4483/3966/3514
f 4496/3978/3526 4483/3966/3514 4484/3967/3515
f 4497/3979/3527 4484/3967/3515 4485/3969/3517
f 4498/3980/3528 4485/3969/3517 4486/3981/3529
f 4499/3982/3530 4486/3981/3529 4487/3970/3518
f 4488/3971/3519 4499/3982/3530 4487/3970/3518
f 4489/3972/3520 4500/3983/3531 4488/3971/3519
f 4490/3973/3521 4501/3984/3532 4489/3972/3520
f 4491/3974/3522 4502/3985/3533 4490/3973/3521
f 4492/3975/3523 4503/3986/3534 4491/3974/3522
f 4506/3987/3535 4493/3988/3536 4494/3976/3524
f 4507/3989/3537 4494/3976/3524 4495/3977/3525
f 4508/3990/3538 4495/3977/3525 4496/3978/3526
f 4509/3991/3539 4496/3978/3526 4497/3979/3527
f 4510/3992/3540 4497/3979/3527 4498/3980/3528
f 4511/3993/3541 4498/3980/3528 4499/3982/3530
f 4500/3983/3531 4511/3993/3541 4499/3982/3530
f 4501/3984/3532 4512/3994/3542 4500/3983/3531
f 4502/3985/3533 4513/3995/3543 4501/3984/3532
f 4503/3986/3534 4514/3996/3544 4502/3985/3533
f 4504/3997/3545 4515/3998/3546 4503/3986/3534
f 4518/3999/3547 4505/4000/3548 4506/3987/3535
f 4519/4001/3549 4506/3987/3535 4507/3989/3537
f 4520/4002/3550 4507/3989/3537 4508/3990/3538
f 4521/4003/3551 4508/3990/3538 4509/3991/3539
f 4522/4004/3552 4509/3991/3539 4510/3992/3540
f 4523/4005/3553 4510/3992/3540 4511/3993/3541
f 4512/3994/3542 4523/4005/3553 4511/3993/3541
f 4513/3995/3543 4524/4006/3554 4512/3994/3542
f 4514/3996/3544 4525/4007/3555 4513/3995/3543
f 4515/3998/3546 4526/4008/3556 4514/3996/3544
f 4516/4009/3557 4527/4010/3558 4515/3998/3546
f 4530/4011/3559 4517/4012/3560 4518/3999/3547
f 4531/4013/3561 4518/3999/3547 4519/4001/3549
f 4532/4014/3562 4519/4001/3549 4520/4002/3550
f 4533/4015/3563 4520/4002/3550 4521/4003/3551
f 4534/4016/3564 4521/4003/3551 4522/4004/3552
f 4535/4017/3565 4522/4004/3552 4523/4005/3553
f 4524/4006/3554 4535/4017/3565 4523/4005/3553
f 4525/4007/3555 4536/4018/3566 4524/4006/3554
f 4526/4008/3556 4537/4019/3567 4525/4007/3555
f 4527/4010/3558 4538/4020/3568 4526/4008/3556
f 4528/4021/3569 4539/4022/3570 4527/4010/3558
f 4542/4023/3571 4529/4024/3572 4530/4011/3559
f 4543/4025/3573 4530/4011/3559 4531/4013/3561
f 4544/4026/3574 4531/4013/3561 4532/4014/3562
f 4545/4027/3575 4532/4014/3562 4533/4015/3563
f 4546/4028/3576 4533/4015/3563 4534/4016/3564
f 4547/4029/3577 4534/4016/3564 4535/4017/3565
f 4536/4018/3566 4547/4029/3577 4535/4017/3565
f 4537/4019/3567 4548/4030/3578 4536/4018/3566
f 4538/4020/3568 4549/4031/3579 4537/4019/3567
f 4539/4022/3570 4550/4032/3580 4538/4020/3568
f 4540/4033/3581 4551/4034/3582 4539/4022/3570
f 4554/4035/3583 4541/4036/3584 4542/4023/3571
f 4555/4037/3585 4542/4023/3571 4543/4025/3573
f 4556/4038/3586 4543/4025/3573 4544/4026/3574
f 4557/4039/3587 4544/4026/3574 4545/4027/3575
f 4558/4040/3588 4545/4027/3575 4546/4028/3576
f 4559/4041/3589 4546/4028/3576 4547/4029/3577
f 4548/4030/3578 4559/4041/3589 4547/4029/3577
f 4549/4031/3579 4560/4042/3590 4548/4030/3578
f 4550/4032/3580 4561/4043/3591 4549/4031/3579
f 4551/4034/3582 4562/4044/3592 4550/4032/3580
f 4552/4045/3593 4563/4046/3594 4551/4034/3582
f 4566/4047/3595 4553/4048/3596 4554/4035/3583
f 4555/4037/3585 4566/4047/3595 4554/4035/3583
f 4556/4038/3586 4567/4049/3597 4555/4037/3585
f 4557/4039/3587 4568/4050/3598 4556/4038/3586
f 4558/4040/3588 4569/4051/3599 4557/4039/3587
f 4571/4052/3600 4558/4040/3588 4559/4041/3589
f 4572/4053/3601 4559/4041/3589 4560/4042/3590
f 4573/4054/3602 4560/4042/3590 4561/4043/3591
f 4574/4055/3603 4561/4043/3591 4562/4044/3592
f 4563/4046/3594 4574/4055/3603 4562/4044/3592
f 4564/4056/3604 4575/4057/3605 4563/4046/3594
f 4566/4047/3595 4577/4058/3606 4565/4059/3607
f 4567/4049/3597 4578/4060/3608 4566/4047/3595
f 4580/4061/3609 4567/4049/3597 4568/4050/3598
f 4581/4062/3610 4568/4050/3598 4569/4051/3599
f 4582/4063/3611 4569/4051/3599 4570/4064/3612
f 4583/4065/3613 4570/4064/3612 4571/4052/3600
f 4572/4053/3601 4583/4065/3613 4571/4052/3600
f 4573/4054/3602 4584/4066/3614 4572/4053/3601
f 4574/4055/3603 4585/4067/3615 4573/4054/3602
f 4575/4057/3605 4586/4068/3616 4574/4055/3603
f 4588/4069/3617 4575/4057/3605 4576/4070/3618
f 4578/4060/3608 4589/4071/3619 4577/4058/3606
f 4579/4072/3620 4590/4073/3621 4578/4060/3608
f 4580/4061/3609 4591/4074/3622 4579/4072/3620
f 4581/4062/3610 4592/4075/3623 4580/4061/3609
f 4582/4063/3611 4593/4076/3624 4581/4062/3610
f 4595/4077/3625 4582/4063/3611 4583/4065/3613
f 4596/4078/3626 4583/4065/3613 4584/4066/3614
f 4597/4079/3627 4584/4066/3614 4585/4067/3615
f 4598/4080/3628 4585/4067/3615 4586/4068/3616
f 4599/4081/3629 4586/4068/3616 4587/4082/3630
f 4600/4083/3631 4587/4082/3630 4588/4069/3617
f 4590/4073/3621 4601/4084/3632 4589/4071/3619
f 4591/4074/3622 4602/4085/3633 4590/4073/3621
f 4592/4075/3623 4603/4086/3634 4591/4074/3622
f 4593/4076/3624 4604/4087/3635 4592/4075/3623
f 4594/4088/3636 4605/4089/3637 4593/4076/3624
f 4607/4090/3638 4594/4088/3636 4595/4077/3625
f 4608/4091/3639 4595/4077/3625 4596/4078/3626
f 4609/4092/3640 4596/4078/3626 4597/4079/3627
f 4610/4093/3641 4597/4079/3627 4598/4080/3628
f 4611/4094/3642 4598/4080/3628 4599/4081/3629
f 4612/4095/3643 4599/4081/3629 4600/4083/3631
f 4602/4085/3633 4613/4096/3644 4601/4084/3632
f 4603/4086/3634 4614/4097/3645 4602/4085/3633
f 4604/4087/3635 4615/4098/3646 4603/4086/3634
f 4605/4089/3637 4616/4099/3647 4604/4087/3635
f 4606/4100/3648 4617/4101/3649 4605/4089/3637
f 4619/4102/3650 4606/4100/3648 4607/4090/3638
f 4620/4103/3651 4607/4090/3638 4608/4091/3639
f 4621/4104/3652 4608/4091/3639 4609/4092/3640
f 4622/4105/3653 4609/4092/3640 4610/4093/3641
f 4623/4106/3654 4610/4093/3641 4611/4094/3642
f 4624/4107/3655 4611/4094/3642 4612/4095/3643
f 4614/4097/3645 4625/4108/3656 4613/4096/3644
f 4615/4098/3646 4626/4109/3657 4614/4097/3645
f 4616/4099/3647 4627/4110/3658 4615/4098/3646
f 4617/4101/3649 4628/4111/3659 4616/4099/3647
f 4618/4112/3660 4629/4113/3661 4617/4101/3649
f 4631/4114/3662 4618/4112/3660 4619/4102/3650
f 4632/4115/3663 4619/4102/3650 4620/4103/3651
f 4633/4116/3664 4620/4103/3651 4621/4104/3652
f 4634/4117/3665 4621/4104/3652 4622/4105/3653
f 4635/4118/3666 4622/4105/3653 4623/4106/3654
f 4636/4119/3667 4623/4106/3654 4624/4107/3655
f 4626/4109/3657 4637/4120/3668 4625/4108/3656
f 4627/4110/3658 4638/4121/3669 4626/4109/3657
f 4628/4111/3659 4639/4122/3670 4627/4110/3658
f 4629/4113/3661 4640/4123/3671 4628/4111/3659
f 4630/4124/3672 4641/4125/3673 4629/4113/3661
f 4643/4126/3674 4630/4124/3672 4631/4114/3662
f 4644/4127/3675 4631/4114/3662 4632/4115/3663
f 4645/4128/3676 4632/4115/3663 4633/4116/3664
f 4646/4129/3677 4633/4116/3664 4634/4117/3665
f 4647/4130/3678 4634/4117/3665 4635/4118/3666
f 4648/4131/3679 4635/4118/3666 4636/4119/3667
f 4638/4121/3669 4649/4132/3680 4637/4120/3668
f 4639/4122/3670 4650/4133/3681 4638/4121/3669
f 4640/4123/3671 4651/4134/3682 4639/4122/3670
f 4641/4125/3673 4652/4135/3683 4640/4123/3671
f 4642/4136/3684 4653/4137/3685 4641/4125/3673
f 4655/4138/3686 4642/4136/3684 4643/4126/3674
f 4656/4139/3687 4643/4126/3674 4644/4127/3675
f 4657/4140/3688 4644/4127/3675 4645/4128/3676
f 4658/4141/3689 4645/4128/3676 4646/4129/3677
f 4659/4142/3690 4646/4129/3677 4647/4130/3678
f 4660/4143/3691 4647/4130/3678 4648/4131/3679
f 4650/4133/3681 4661/4144/3692 4649/4132/3680
f 4651/4134/3682 4662/4145/3693 4650/4133/3681
f 4652/4135/3683 4663/4146/3694 4651/4134/3682
f 4653/4137/3685 4664/4147/3695 4652/4135/3683
f 4654/4148/3696 4665/4149/3697 4653/4137/3685
f 4667/4150/3698 4654/4148/3696 4655/4138/3686
f 4668/4151/3699 4655/4138/3686 4656/4139/3687
f 4669/4152/3700 4656/4139/3687 4657/4140/3688
f 4670/4153/3701 4657/4140/3688 4658/4141/3689
f 4671/4154/3702 4658/4141/3689 4659/4142/3690
f 4672/4155/3703 4659/4142/3690 4660/4143/3691
f 4662/4145/3693 4673/4156/3704 4661/4144/3692
f 4663/4146/3694 4674/4157/3705 4662/4145/3693
f 4664/4147/3695 4675/4158/3706 4663/4146/3694
f 4665/4149/3697 4676/4159/3707 4664/4147/3695
f 4666/4160/3708 4677/4161/3709 4665/4149/3697
f 4679/4162/3710 4666/4160/3708 4667/4150/3698
f 4680/4163/3711 4667/4150/3698 4668/4151/3699
f 4681/4164/3712 4668/4151/3699 4669/4152/3700
f 4682/4165/3713 4669/4152/3700 4670/4153/3701
f 4683/4166/3714 4670/4153/3701 4671/4154/3702
f 4684/4167/3715 4671/4154/3702 4672/4155/3703
f 4674/4157/3705 4685/4168/3716 4673/4156/3704
f 4675/4158/3706 4686/4169/3717 4674/4157/3705
f 4676/4159/3707 4687/4170/3718 4675/4158/3706
f 4677/4161/3709 4688/4171/3719 4676/4159/3707
f 4678/4172/3720 4689/4173/3721 4677/4161/3709
f 4691/4174/3722 4678/4172/3720 4679/4162/3710
f 4692/4175/3723 4679/4162/3710 4680/4163/3711
f 4693/4176/3724 4680/4163/3711 4681/4164/3712
f 4694/4177/3725 4681/4164/3712 4682/4165/3713
f 4695/4178/3726 4682/4165/3713 4683/4166/3714
f 4696/4179/3727 4683/4166/3714 4684/4167/3715
f 4686/4169/3717 4697/4180/3728 4685/4168/3716
f 4687/4170/3718 4698/4181/3729 4686/4169/3717
f 4688/4171/3719 4699/4182/3730 4687/4170/3718
f 4689/4173/3721 4700/4183/3731 4688/4171/3719
f 4690/4184/3732 4701/4185/3733 4689/4173/3721
f 4703/4186/3734 4690/4184/3732 4691/4174/3722
f 4704/4187/3735 4691/4174/3722 4692/4175/3723
f 4705/4188/3736 4692/4175/3723 4693/4176/3724
f 4706/4189/3737 4693/4176/3724 4694/4177/3725
f 4707/4190/3738 4694/4177/3725 4695/4178/3726
f 4708/4191/3739 4695/4178/3726 4696/4179/3727
f 4698/4181/3729 4709/4192/3740 4697/4180/3728
f 4699/4182/3730 4710/4193/3741 4698/4181/3729
f 4700/4183/3731 4711/4194/3742 4699/4182/3730
f 4701/4185/3733 4712/4195/3743 4700/4183/3731
f 4702/4196/3744 4713/4197/3745 4701/4185/3733
f 4715/4198/2405 4702/4196/3744 4703/4186/3734
f 4716/4199/3746 4703/4186/3734 4704/4187/3735
f 4717/4200/3747 4704/4187/3735 4705/4188/3736
f 4718/4201/3748 4705/4188/3736 4706/4189/3737
f 4719/4202/3749 4706/4189/3737 4707/4190/3738
f 4720/4203/3750 4707/4190/3738 4708/4191/3739
f 4710/4193/3741 4721/4204/3751 4709/4192/3740
f 4711/4194/3742 4722/4205/3752 4710/4193/3741
f 4712/4195/3743 4723/4206/3753 4711/4194/3742
f 4713/4197/3745 4724/4207/3754 4712/4195/3743
f 4714/4208/2416 4725/4209/3755 4713/4197/3745
f 4727/4210/3756 4714/4208/2416 4715/4198/2405
f 4728/4211/3757 4715/4198/2405 4716/4199/3746
f 4729/4212/3758 4716/4199/3746 4717/4200/3747
f 4730/4213/3759 4717/4200/3747 4718/4201/3748
f 4731/4214/3760 4718/4201/3748 4719/4202/3749
f 4732/4215/3761 4719/4202/3749 4720/4203/3750
f 4722/4205/3752 4733/4216/3762 4721/4204/3751
f 4723/4206/3753 4734/4217/3763 4722/4205/3752
f 4724/4207/3754 4735/4218/3764 4723/4206/3753
f 4725/4209/3755 4736/4219/3765 4724/4207/3754
f 4726/4220/3766 4737/4221/3767 4725/4209/3755
f 4739/4222/3768 4726/4220/3766 4727/4210/3756
f 4740/4223/3769 4727/4210/3756 4728/4211/3757
f 4741/4224/3770 4728/4211/3757 4729/4212/3758
f 4742/4225/3771 4729/4212/3758 4730/4213/3759
f 4743/4226/3772 4730/4213/3759 4731/4214/3760
f 4744/4227/3773 4731/4214/3760 4732/4215/3761
f 4734/4217/3763 4745/4228/3774 4733/4216/3762
f 4735/4218/3764 4746/4229/3775 4734/4217/3763
f 4736/4219/3765 4747/4230/3776 4735/4218/3764
f 4737/4221/3767 4748/4231/3777 4736/4219/3765
f 4738/4232/3778 4749/4233/3779 4737/4221/3767
f 4751/4234/3780 4738/4232/3778 4739/4222/3768
f 4752/4235/3781 4739/4222/3768 4740/4223/3769
f 4753/4236/3782 4740/4223/3769 4741/4224/3770
f 4754/4237/3783 4741/4224/3770 4742/4225/3771
f 4755/4238/3784 4742/4225/3771 4743/4226/3772
f 4756/4239/3785 4743/4226/3772 4744/4227/3773
f 4746/4229/3775 4757/4240/3786 4745/4228/3774
f 4747/4230/3776 4758/4241/3787 4746/4229/3775
f 4748/4231/3777 4759/4242/3788 4747/4230/3776
f 4749/4233/3779 4760/4243/3789 4748/4231/3777
f 4750/4244/3790 4761/4245/3791 4749/4233/3779
f 4763/4246/3792 4750/4244/3790 4751/4234/3780
f 4764/4247/3793 4751/4234/3780 4752/4235/3781
f 4765/4248/3794 4752/4235/3781 4753/4236/3782
f 4766/4249/3795 4753/4236/3782 4754/4237/3783
f 4767/4250/3796 4754/4237/3783 4755/4238/3784
f 4768/4251/3797 4755/4238/3784 4756/4239/3785
f 4770/4252/3798 4757/4240/3786 4758/4241/3787
f 4771/4253/3799 4758/4241/3787 4759/4242/3788
f 4772/4254/3800 4759/4242/3788 4760/4243/3789
f 4773/4255/3801 4760/4243/3789 4761/4245/3791
f 4774/4256/3802 4761/4245/3791 4762/4257/3803
f 4775/4258/3804 4762/4257/3803 4763/4246/3792
f 4764/4247/3793 4775/4258/3804 4763/4246/3792
f 4765/4248/3794 4776/4259/3805 4764/4247/3793
f 4766/4249/3795 4777/4260/3806 4765/4248/3794
f 4767/4250/3796 4778/4261/3807 4766/4249/3795
f 4768/4251/3797 4779/4262/3808 4767/4250/3796
f 4782/4263/3809 4769/4264/3810 4770/4252/3798
f 4783/4265/3811 4770/4252/3798 4771/4253/3799
f 4784/4266/3812 4771/4253/3799 4772/4254/3800
f 4785/4267/3813 4772/4254/3800 4773/4255/3801
f 4786/4268/3814 4773/4255/3801 4774/4256/3802
f 4787/4269/3815 4774/4256/3802 4775/4258/3804
f 4776/4259/3805 4787/4269/3815 4775/4258/3804
f 4777/4260/3806 4788/4270/3816 4776/4259/3805
f 4778/4261/3807 4789/4271/3817 4777/4260/3806
f 4779/4262/3808 4790/4272/3818 4778/4261/3807
f 4780/4273/3819 4791/4274/3820 4779/4262/3808
f 4794/4275/3821 4781/4276/3822 4782/4263/3809
f 4795/4277/3823 4782/4263/3809 4783/4265/3811
f 4796/4278/3824 4783/4265/3811 4784/4266/3812
f 4797/4279/3825 4784/4266/3812 4785/4267/3813
f 4798/4280/3826 4785/4267/3813 4786/4268/3814
f 4799/4281/3827 4786/4268/3814 4787/4269/3815
f 4788/4270/3816 4799/4281/3827 4787/4269/3815
f 4789/4271/3817 4800/4282/3828 4788/4270/3816
f 4790/4272/3818 4801/4283/3829 4789/4271/3817
f 4791/4274/3820 4802/4284/3830 4790/4272/3818
f 4792/4285/3831 4803/4286/3832 4791/4274/3820
f 4806/4287/3833 4793/4288/3834 4794/4275/3821
f 4807/4289/3835 4794/4275/3821 4795/4277/3823
f 4808/4290/3836 4795/4277/3823 4796/4278/3824
f 4809/4291/3837 4796/4278/3824 4797/4279/3825
f 4810/4292/3838 4797/4279/3825 4798/4280/3826
f 4811/4293/3839 4798/4280/3826 4799/4281/3827
f 4800/4282/3828 4811/4293/3839 4799/4281/3827
f 4801/4283/3829 4812/4294/3840 4800/4282/3828
f 4802/4284/3830 4813/4295/3841 4801/4283/3829
f 4803/4286/3832 4814/4296/3842 4802/4284/3830
f 4804/4297/3843 4815/4298/3844 4803/4286/3832
f 4818/4299/3845 4805/4300/3846 4806/4287/3833
f 4819/4301/3847 4806/4287/3833 4807/4289/3835
f 4820/4302/3848 4807/4289/3835 4808/4290/3836
f 4821/4303/3849 4808/4290/3836 4809/4291/3837
f 4822/4304/3850 4809/4291/3837 4810/4292/3838
f 4823/4305/3851 4810/4292/3838 4811/4293/3839
f 4812/4294/3840 4823/4305/3851 4811/4293/3839
f 4813/4295/3841 4824/4306/3852 4812/4294/3840
f 4814/4296/3842 4825/4307/3853 4813/4295/3841
f 4815/4298/3844 4826/4308/3854 4814/4296/3842
f 4816/4309/3855 4827/4310/3856 4815/4298/3844
f 4830/4311/3857 4817/4312/3858 4818/4299/3845
f 4831/4313/3859 4818/4299/3845 4819/4301/3847
f 4832/4314/3860 4819/4301/3847 4820/4302/3848
f 4833/4315/3861 4820/4302/3848 4821/4303/3849
f 4834/4316/3862 4821/4303/3849 4822/4304/3850
f 4835/4317/3863 4822/4304/3850 4823/4305/3851
f 4824/4306/3852 4835/4317/3863 4823/4305/3851
f 4825/4307/3853 4836/4318/3864 4824/4306/3852
f 4826/4308/3854 4837/4319/3865 4825/4307/3853
f 4827/4310/3856 4838/4320/3866 4826/4308/3854
f 4828/4321/3867 4839/4322/3868 4827/4310/3856
f 4842/4323/3869 4829/4324/3870 4830/4311/3857
f 4843/4325/3871 4830/4311/3857 4831/4313/3859
f 4844/4326/3872 4831/4313/3859 4832/4314/3860
f 4845/4327/3873 4832/4314/3860 4833/4315/3861
f 4846/4328/3874 4833/4315/3861 4834/4316/3862
f 4847/4329/3875 4834/4316/3862 4835/4317/3863
f 4836/4318/3864 4847/4329/3875 4835/4317/3863
f 4837/4319/3865 4848/4330/3876 4836/4318/3864
f 4838/4320/3866 4849/4331/3877 4837/4319/3865
f 4839/4322/3868 4850/4332/3878 4838/4320/3866
f 4840/4333/3879 4851/4334/3880 4839/4322/3868
f 4854/4335/3881 4841/4336/3882 4842/4323/3869
f 4855/4337/3883 4842/4323/3869 4843/4325/3871
f 4856/4338/3884 4843/4325/3871 4844/4326/3872
f 4857/4339/3885 4844/4326/3872 4845/4327/3873
f 4858/4340/3886 4845/4327/3873 4846/4328/3874
f 4859/4341/3887 4846/4328/3874 4847/4329/3875
f 4848/4330/3876 4859/4341/3887 4847/4329/3875
f 4849/4331/3877 4860/4342/3888 4848/4330/3876
f 4850/4332/3878 4861/4343/3889 4849/4331/3877
f 4851/4334/3880 4862/4344/3890 4850/4332/3878
f 4852/4345/3891 4863/4346/3892 4851/4334/3880
f 4854/4335/3881 4865/4347/3893 4853/4348/3894
f 4855/4337/3883 4866/4349/3895 4854/4335/3881
f 4856/4338/3884 4867/4350/3896 4855/4337/3883
f 4857/4339/3885 4868/4351/3897 4856/4338/3884
f 4858/4340/3886 4869/4352/3898 4857/4339/3885
f 4871/4353/3899 4858/4340/3886 4859/4341/3887
f 4872/4354/3900 4859/4341/3887 4860/4342/3888
f 4873/4355/3901 4860/4342/3888 4861/4343/3889
f 4874/4356/3902 4861/4343/3889 4862/4344/3890
f 4875/4357/3903 4862/4344/3890 4863/4346/3892
f 4876/4358/3904 4863/4346/3892 4864/4359/3905
f 4878/4360/1178 4865/4347/3893 4866/4349/3895
f 4879/4361/1179 4866/4349/3895 4867/4350/3896
f 4880/4362/1180 4867/4350/3896 4868/4351/3897
f 4881/4363/3906 4868/4351/3897 4869/4352/3898
f 4882/4364/1193 4869/4352/3898 4870/4365/3907
f 4883/4366/1182 4870/4365/3907 4871/4353/3899
f 4884/4367/1183 4871/4353/3899 4872/4354/3900
f 4885/4368/1184 4872/4354/3900 4873/4355/3901
f 4874/4356/3902 4885/4368/1184 4873/4355/3901
f 4887/4369/1186 4874/4356/3902 4875/4357/3903
f 4888/4370/1187 4875/4357/3903 4876/4358/3904
f 4890/4371/3908 4877/4372/1177 4878/4360/1178
f 4891/4373/3909 4878/4360/1178 4879/4361/1179
f 4892/4374/3910 4879/4361/1179 4880/4362/1180
f 4893/4375/3911 4880/4362/1180 4881/4363/3906
f 4894/4376/3912 4881/4363/3906 4882/4364/1193
f 4895/4377/3913 4882/4364/1193 4883/4366/1182
f 4884/4367/1183 4895/4377/3913 4883/4366/1182
f 4885/4368/1184 4896/4378/3914 4884/4367/1183
f 4886/4379/1185 4897/4380/3915 4885/4368/1184
f 4887/4369/1186 4898/4381/3916 4886/4379/1185
f 4888/4370/1187 4899/4382/3917 4887/4369/1186
f 4902/4383/3918 4889/4384/3919 4890/4371/3908
f 4903/4385/3920 4890/4371/3908 4891/4373/3909
f 4904/4386/3921 4891/4373/3909 4892/4374/3910
f 4905/4387/3922 4892/4374/3910 4893/4375/3911
f 4906/4388/3923 4893/4375/3911 4894/4376/3912
f 4907/4389/3924 4894/4376/3912 4895/4377/3913
f 4896/4378/3914 4907/4389/3924 4895/4377/3913
f 4897/4380/3915 4908/4390/3925 4896/4378/3914
f 4898/4381/3916 4909/4391/3926 4897/4380/3915
f 4899/4382/3917 4910/4392/3927 4898/4381/3916
f 4900/4393/3928 4911/4394/3929 4899/4382/3917
f 4914/4395/3930 4901/4396/3931 4902/4383/3918
f 4915/4397/3932 4902/4383/3918 4903/4385/3920
f 4916/4398/3933 4903/4385/3920 4904/4386/3921
f 4917/4399/3934 4904/4386/3921 4905/4387/3922
f 4918/4400/3935 4905/4387/3922 4906/4388/3923
f 4919/4401/3936 4906/4388/3923 4907/4389/3924
f 4908/4390/3925 4919/4401/3936 4907/4389/3924
f 4909/4391/3926 4920/4402/3937 4908/4390/3925
f 4910/4392/3927 4921/4403/3938 4909/4391/3926
f 4911/4394/3929 4922/4404/3939 4910/4392/3927
f 4912/4405/3940 4923/4406/3941 4911/4394/3929
f 4926/4407/3942 4913/4408/3943 4914/4395/3930
f 4927/4409/3944 4914/4395/3930 4915/4397/3932
f 4928/4410/3945 4915/4397/3932 4916/4398/3933
f 4929/4411/3946 4916/4398/3933 4917/4399/3934
f 4930/4412/3947 4917/4399/3934 4918/4400/3935
f 4931/4413/3948 4918/4400/3935 4919/4401/3936
f 4920/4402/3937 4931/4413/3948 4919/4401/3936
f 4921/4403/3938 4932/4414/3949 4920/4402/3937
f 4922/4404/3939 4933/4415/3950 4921/4403/3938
f 4923/4406/3941 4934/4416/3951 4922/4404/3939
f 4924/4417/3952 4935/4418/3953 4923/4406/3941
f 4938/4419/3954 4925/4420/3955 4926/4407/3942
f 4939/4421/3956 4926/4407/3942 4927/4409/3944
f 4940/4422/3957 4927/4409/3944 4928/4410/3945
f 4941/4423/3958 4928/4410/3945 4929/4411/3946
f 4942/4424/3959 4929/4411/3946 4930/4412/3947
f 4943/4425/3960 4930/4412/3947 4931/4413/3948
f 4932/4414/3949 4943/4425/3960 4931/4413/3948
f 4933/4415/3950 4944/4426/3961 4932/4414/3949
f 4934/4416/3951 4945/4427/3962 4933/4415/3950
f 4935/4418/3953 4946/4428/3963 4934/4416/3951
f 4936/4429/3964 4947/4430/3965 4935/4418/3953
f 4950/4431/3966 4937/4432/3967 4938/4419/3954
f 4951/4433/3968 4938/4419/3954 4939/4421/3956
f 4952/4434/3969 4939/4421/3956 4940/4422/3957
f 4953/4435/3970 4940/4422/3957 4941/4423/3958
f 4954/4436/3971 4941/4423/3958 4942/4424/3959
f 4955/4437/3972 4942/4424/3959 4943/4425/3960
f 4944/4426/3961 4955/4437/3972 4943/4425/3960
f 4945/4427/3962 4956/4438/3973 4944/4426/3961
f 4946/4428/3963 4957/4439/3974 4945/4427/3962
f 4947/4430/3965 4958/4440/3975 4946/4428/3963
f 4948/4441/3976 4959/4442/3977 4947/4430/3965
f 4962/4443/3978 4949/4444/3979 4950/4431/3966
f 4963/4445/3980 4950/4431/3966 4951/4433/3968
f 4964/4446/3981 4951/4433/3968 4952/4434/3969
f 4965/4447/3982 4952/4434/3969 4953/4435/3970
f 4966/4448/3983 4953/4435/3970 4954/4436/3971
f 4967/4449/3984 4954/4436/3971 4955/4437/3972
f 4956/4438/3973 4967/4449/3984 4955/4437/3972
f 4957/4439/3974 4968/4450/3985 4956/4438/3973
f 4958/4440/3975 4969/4451/3986 4957/4439/3974
f 4959/4442/3977 4970/4452/3987 4958/4440/3975
f 4960/4453/3988 4971/4454/3989 4959/4442/3977
f 4974/4455/3990 4961/4456/3991 4962/4443/3978
f 4975/4457/3992 4962/4443/3978 4963/4445/3980
f 4976/4458/3993 4963/4445/3980 4964/4446/3981
f 4977/4459/3994 4964/4446/3981 4965/4447/3982
f 4978/4460/3995 4965/4447/3982 4966/4448/3983
f 4979/4461/3996 4966/4448/3983 4967/4449/3984
f 4968/4450/3985 4979/4461/3996 4967/4449/3984
f 4969/4451/3986 4980/4462/3997 4968/4450/3985
f 4970/4452/3987 4981/4463/3998 4969/4451/3986
f 4971/4454/3989 4982/4464/3999 4970/4452/3987
f 4972/4465/4000 4983/4466/4001 4971/4454/3989
f 4974/4455/3990 4985/4467/4002 4973/4468/4003
f 4975/4457/3992 4986/4469/4004 4974/4455/3990
f 4976/4458/3993 4987/4470/4005 4975/4457/3992
f 4977/4459/3994 4988/4471/4006 4976/4458/3993
f 4978/4460/3995 4989/4472/4007 4977/4459/3994
f 4991/4473/4008 4978/4460/3995 4979/4461/3996
f 4992/4474/4009 4979/4461/3996 4980/4462/3997
f 4993/4475/4010 4980/4462/3997 4981/4463/3998
f 4994/4476/4011 4981/4463/3998 4982/4464/3999
f 4995/4477/4012 4982/4464/3999 4983/4466/4001
f 4996/4478/4013 4983/4466/4001 4984/4479/4014
f 4986/4469/4004 4997/4480/4015 4985/4467/4002
f 4987/4470/4005 4998/4481/4016 4986/4469/4004
f 4988/4471/4006 4999/4482/4017 4987/4470/4005
f 4989/4472/4007 5000/4483/4018 4988/4471/4006
f 4990/4484/4019 5001/4485/4020 4989/4472/4007
f 5003/4486/4021 4990/4484/4019 4991/4473/4008
f 5004/4487/4022 4991/4473/4008 4992/4474/4009
f 5005/4488/4023 4992/4474/4009 4993/4475/4010
f 5006/4489/4024 4993/4475/4010 4994/4476/4011
f 5007/4490/4025 4994/4476/4011 4995/4477/4012
f 5008/4491/4026 4995/4477/4012 4996/4478/4013
f 4998/4481/4016 5009/4492/4027 4997/4480/4015
f 4999/4482/4017 5010/4493/4028 4998/4481/4016
f 5000/4483/4018 5011/4494/4029 4999/4482/4017
f 5001/4485/4020 5012/4495/4030 5000/4483/4018
f 5002/4496/4031 5013/4497/4032 5001/4485/4020
f 5015/4498/4033 5002/4496/4031 5003/4486/4021
f 5016/4499/4034 5003/4486/4021 5004/4487/4022
f 5017/4500/4035 5004/4487/4022 5005/4488/4023
f 5018/4501/4036 5005/4488/4023 5006/4489/4024
f 5019/4502/4037 5006/4489/4024 5007/4490/4025
f 5020/4503/4038 5007/4490/4025 5008/4491/4026
f 5010/4493/4028 5021/4504/4039 5009/4492/4027
f 5011/4494/4029 5022/4505/4040 5010/4493/4028
f 5012/4495/4030 5023/4506/4041 5011/4494/4029
f 5013/4497/4032 5024/4507/4042 5012/4495/4030
f 5014/4508/4043 5025/4509/4044 5013/4497/4032
f 5027/4510/4045 5014/4508/4043 5015/4498/4033
f 5028/4511/4046 5015/4498/4033 5016/4499/4034
f 5029/4512/4047 5016/4499/4034 5017/4500/4035
f 5030/4513/4048 5017/4500/4035 5018/4501/4036
f 5031/4514/4049 5018/4501/4036 5019/4502/4037
f 5032/4515/4050 5019/4502/4037 5020/4503/4038
f 5022/4505/4040 5033/4516/4051 5021/4504/4039
f 5023/4506/4041 5034/4517/4052 5022/4505/4040
f 5024/4507/4042 5035/4518/4053 5023/4506/4041
f 5025/4509/4044 5036/4519/4054 5024/4507/4042
f 5026/4520/4055 5037/4521/4056 5025/4509/4044
f 5039/4522/4057 5026/4520/4055 5027/4510/4045
f 5040/4523/4058 5027/4510/4045 5028/4511/4046
f 5041/4524/4059 5028/4511/4046 5029/4512/4047
f 5042/4525/4060 5029/4512/4047 5030/4513/4048
f 5043/4526/4061 5030/4513/4048 5031/4514/4049
f 5044/4527/4062 5031/4514/4049 5032/4515/4050
f 5046/4528/4063 5033/4516/4051 5034/4517/4052
f 5047/4529/4064 5034/4517/4052 5035/4518/4053
f 5048/4530/4065 5035/4518/4053 5036/4519/4054
f 5049/4531/4066 5036/4519/4054 5037/4521/4056
f 5050/4532/4067 5037/4521/4056 5038/4533/4068
f 5051/4534/4069 5038/4533/4068 5039/4522/4057
f 5040/4523/4058 5051/4534/4069 5039/4522/4057
f 5041/4524/4059 5052/4535/4070 5040/4523/4058
f 5042/4525/4060 5053/4536/4071 5041/4524/4059
f 5043/4526/4061 5054/4537/4072 5042/4525/4060
f 5044/4527/4062 5055/4538/4073 5043/4526/4061
f 5046/4528/4063 5057/4539/4074 5045/4540/4075
f 5047/4529/4064 5058/4541/4076 5046/4528/4063
f 5048/4530/4065 5059/4542/4077 5047/4529/4064
f 5049/4531/4066 5060/4543/4078 5048/4530/4065
f 5050/4532/4067 5061/4544/4079 5049/4531/4066
f 5063/4545/4080 5050/4532/4067 5051/4534/4069
f 5064/4546/4081 5051/4534/4069 5052/4535/4070
f 5065/4547/4082 5052/4535/4070 5053/4536/4071
f 5066/4548/4083 5053/4536/4071 5054/4537/4072
f 5067/4549/4084 5054/4537/4072 5055/4538/4073
f 5068/4550/4085 5055/4538/4073 5056/4551/4086
f 5058/4541/4076 5069/4552/4087 5057/4539/4074
f 5059/4542/4077 5070/4553/4088 5058/4541/4076
f 5060/4543/4078 5071/4554/4089 5059/4542/4077
f 5061/4544/4079 5072/4555/4090 5060/4543/4078
f 5062/4556/4091 5073/4557/4092 5061/4544/4079
f 5075/4558/4093 5062/4556/4091 5063/4545/4080
f 5076/4559/4094 5063/4545/4080 5064/4546/4081
f 5077/4560/4095 5064/4546/4081 5065/4547/4082
f 5078/4561/4096 5065/4547/4082 5066/4548/4083
f 5079/4562/4097 5066/4548/4083 5067/4549/4084
f 5080/4563/4098 5067/4549/4084 5068/4550/4085
f 5070/4553/4088 5081/4564/4099 5069/4552/4087
f 5071/4554/4089 5082/4565/4100 5070/4553/4088
f 5072/4555/4090 5083/4566/4101 5071/4554/4089
f 5073/4557/4092 5084/4567/4102 5072/4555/4090
f 5074/4568/4103 5085/4569/4104 5073/4557/4092
f 5087/4570/4105 5074/4568/4103 5075/4558/4093
f 5088/4571/4106 5075/4558/4093 5076/4559/4094
f 5089/4572/4107 5076/4559/4094 5077/4560/4095
f 5090/4573/4108 5077/4560/4095 5078/4561/4096
f 5091/4574/4109 5078/4561/4096 5079/4562/4097
f 5092/4575/4110 5079/4562/4097 5080/4563/4098
f 5082/4565/4100 5093/4576/4111 5081/4564/4099
f 5083/4566/4101 5094/4577/4112 5082/4565/4100
f 5084/4567/4102 5095/4578/4113 5083/4566/4101
f 5085/4569/4104 5096/4579/4114 5084/4567/4102
f 5086/4580/4115 5097/4581/4116 5085/4569/4104
f 5099/4582/4117 5086/4580/4115 5087/4570/4105
f 5100/4583/4118 5087/4570/4105 5088/4571/4106
f 5101/4584/4119 5088/4571/4106 5089/4572/4107
f 5102/4585/4120 5089/4572/4107 5090/4573/4108
f 5103/4586/4121 5090/4573/4108 5091/4574/4109
f 5104/4587/4122 5091/4574/4109 5092/4575/4110
f 5094/4577/4112 5105/4588/4123 5093/4576/4111
f 5095/4578/4113 5106/4589/4124 5094/4577/4112
f 5096/4579/4114 5107/4590/4125 5095/4578/4113
f 5097/4581/4116 5108/4591/4126 5096/4579/4114
f 5098/4592/4127 5109/4593/4128 5097/4581/4116
f 5111/4594/4129 5098/4592/4127 5099/4582/4117
f 5112/4595/4130 5099/4582/4117 5100/4583/4118
f 5113/4596/4131 5100/4583/4118 5101/4584/4119
f 5114/4597/4132 5101/4584/4119 5102/4585/4120
f 5115/4598/4133 5102/4585/4120 5103/4586/4121
f 5116/4599/4134 5103/4586/4121 5104/4587/4122
f 5106/4589/4124 5117/4600/4135 5105/4588/4123
f 5107/4590/4125 5118/4601/4136 5106/4589/4124
f 5108/4591/4126 5119/4602/4137 5107/4590/4125
f 5109/4593/4128 5120/4603/4138 5108/4591/4126
f 5110/4604/4139 5121/4605/4140 5109/4593/4128
f 5123/4606/4141 5110/4604/4139 5111/4594/4129
f 5124/4607/4142 5111/4594/4129 5112/4595/4130
f 5125/4608/4143 5112/4595/4130 5113/4596/4131
f 5126/4609/4144 5113/4596/4131 5114/4597/4132
f 5127/4610/4145 5114/4597/4132 5115/4598/4133
f 5128/4611/4146 5115/4598/4133 5116/4599/4134
f 5118/4601/4136 5129/4612/4147 5117/4600/4135
f 5119/4602/4137 5130/4613/4148 5118/4601/4136
f 5120/4603/4138 5131/4614/4149 5119/4602/4137
f 5121/4605/4140 5132/4615/4150 5120/4603/4138
f 5122/4616/4151 5133/4617/4152 5121/4605/4140
f 5135/4618/4153 5122/4616/4151 5123/4606/4141
f 5136/4619/4154 5123/4606/4141 5124/4607/4142
f 5137/4620/4155 5124/4607/4142 5125/4608/4143
f 5138/4621/4156 5125/4608/4143 5126/4609/4144
f 5139/4622/4157 5126/4609/4144 5127/4610/4145
f 5140/4623/4158 5127/4610/4145 5128/4611/4146
f 5130/4613/4148 5141/4624/4159 5129/4612/4147
f 5131/4614/4149 5142/4625/4160 5130/4613/4148
f 5132/4615/4150 5143/4626/4161 5131/4614/4149
f 5133/4617/4152 5144/4627/4162 5132/4615/4150
f 5134/4628/4163 5145/4629/4164 5133/4617/4152
f 5147/4630/4165 5134/4628/4163 5135/4618/4153
f 5148/4631/4166 5135/4618/4153 5136/4619/4154
f 5149/4632/4167 5136/4619/4154 5137/4620/4155
f 5150/4633/4168 5137/4620/4155 5138/4621/4156
f 5151/4634/4169 5138/4621/4156 5139/4622/4157
f 5152/4635/4170 5139/4622/4157 5140/4623/4158
f 5142/4625/4160 5153/4636/4171 5141/4624/4159
f 5143/4626/4161 5154/4637/4172 5142/4625/4160
f 5144/4627/4162 5155/4638/4173 5143/4626/4161
f 5145/4629/4164 5156/4639/4174 5144/4627/4162
f 5146/4640/4175 5157/4641/4176 5145/4629/4164
f 5159/4642/4177 5146/4640/4175 5147/4630/4165
f 5160/4643/4178 5147/4630/4165 5148/4631/4166
f 5161/4644/4179 5148/4631/4166 5149/4632/4167
f 5162/4645/4180 5149/4632/4167 5150/4633/4168
f 5163/4646/4181 5150/4633/4168 5151/4634/4169
f 5164/4647/4182 5151/4634/4169 5152/4635/4170
f 5154/4637/4172 5165/4648/4183 5153/4636/4171
f 5155/4638/4173 5166/4649/4184 5154/4637/4172
f 5156/4639/4174 5167/4650/4185 5155/4638/4173
f 5157/4641/4176 5168/4651/4186 5156/4639/4174
f 5158/4652/4187 5169/4653/4188 5157/4641/4176
f 5171/4654/4189 5158/4652/4187 5159/4642/4177
f 5172/4655/4190 5159/4642/4177 5160/4643/4178
f 5173/4656/4191 5160/4643/4178 5161/4644/4179
f 5174/4657/4192 5161/4644/4179 5162/4645/4180
f 5175/4658/4193 5162/4645/4180 5163/4646/4181
f 5176/4659/4194 5163/4646/4181 5164/4647/4182
f 5178/4660/4195 5165/4648/4183 5166/4649/4184
f 5179/4661/4196 5166/4649/4184 5167/4650/4185
f 5180/4662/4197 5167/4650/4185 5168/4651/4186
f 5169/4653/4188 5180/4662/4197 5168/4651/4186
f 5170/4663/4198 5181/4664/4199 5169/4653/4188
f 5183/4665/4200 5170/4663/4198 5171/4654/4189
f 5184/4666/4201 5171/4654/4189 5172/4655/4190
f 5173/4656/4191 5184/4666/4201 5172/4655/4190
f 5174/4657/4192 5185/4667/4202 5173/4656/4191
f 5175/4658/4193 5186/4668/4203 5174/4657/4192
f 5176/4659/4194 5187/4669/4204 5175/4658/4193
f 5178/4660/4195 5189/4670/3893 5177/4671/4205
f 5179/4661/4196 5190/4672/3895 5178/4660/4195
f 5180/4662/4197 5191/4673/3896 5179/4661/4196
f 5181/4664/4199 5192/4674/3897 5180/4662/4197
f 5182/4675/4206 5193/4676/3898 5181/4664/4199
f 5195/4677/3899 5182/4675/4206 5183/4665/4200
f 5196/4678/3900 5183/4665/4200 5184/4666/4201
f 5197/4679/3901 5184/4666/4201 5185/4667/4202
f 5198/4680/3902 5185/4667/4202 5186/4668/4203
f 5199/4681/3903 5186/4668/4203 5187/4669/4204
f 5200/4682/3904 5187/4669/4204 5188/4683/4207
f 5202/4684/1178 5189/4670/3893 5190/4672/3895
f 5203/4685/1179 5190/4672/3895 5191/4673/3896
f 5204/4686/1180 5191/4673/3896 5192/4674/3897
f 5205/4687/3906 5192/4674/3897 5193/4676/3898
f 5206/4688/1193 5193/4676/3898 5194/4689/3907
f 5207/4690/1182 5194/4689/3907 5195/4677/3899
f 5208/4691/1183 5195/4677/3899 5196/4678/3900
f 5209/4692/1184 5196/4678/3900 5197/4679/3901
f 5198/4680/3902 5209/4692/1184 5197/4679/3901
f 5211/4693/1186 5198/4680/3902 5199/4681/3903
f 5212/4694/1187 5199/4681/3903 5200/4682/3904
f 5214/4695/4208 5201/4696/1177 5202/4684/1178
f 5215/4697/4209 5202/4684/1178 5203/4685/1179
f 5216/4698/4210 5203/4685/1179 5204/4686/1180
f 5217/4699/4211 5204/4686/1180 5205/4687/3906
f 5218/4700/4212 5205/4687/3906 5206/4688/1193
f 5219/4701/4213 5206/4688/1193 5207/4690/1182
f 5208/4691/1183 5219/4701/4213 5207/4690/1182
f 5209/4692/1184 5220/4702/4214 5208/4691/1183
f 5210/4703/1185 5221/4704/4215 5209/4692/1184
f 5211/4693/1186 5222/4705/4216 5210/4703/1185
f 5212/4694/1187 5223/4706/4217 5211/4693/1186
f 5226/4707/4218 5213/4708/4219 5214/4695/4208
f 5227/4709/4220 5214/4695/4208 5215/4697/4209
f 5228/4710/1970 5215/4697/4209 5216/4698/4210
f 5229/4711/4221 5216/4698/4210 5217/4699/4211
f 5230/4712/1972 5217/4699/4211 5218/4700/4212
f 5231/4713/1974 5218/4700/4212 5219/4701/4213
f 5220/4702/4214 5231/4713/1974 5219/4701/4213
f 5221/4704/4215 5232/4714/4222 5220/4702/4214
f 5222/4705/4216 5233/4715/1976 5221/4704/4215
f 5223/4706/4217 5234/4716/4223 5222/4705/4216
f 5224/4717/4224 5235/4718/4225 5223/4706/4217
f 5238/4719/4226 5225/4720/1980 5226/4707/4218
f 5239/4721/4227 5226/4707/4218 5227/4709/4220
f 5240/4722/4228 5227/4709/4220 5228/4710/1970
f 5241/4723/4229 5228/4710/1970 5229/4711/4221
f 5242/4724/4230 5229/4711/4221 5230/4712/1972
f 5243/4725/4231 5230/4712/1972 5231/4713/1974
f 5232/4714/4222 5243/4725/4231 5231/4713/1974
f 5233/4715/1976 5244/4726/4232 5232/4714/4222
f 5234/4716/4223 5245/4727/4233 5233/4715/1976
f 5235/4718/4225 5246/4728/4234 5234/4716/4223
f 5236/4729/1989 5247/4730/4235 5235/4718/4225
f 5250/4731/4236 5237/4732/4237 5238/4719/4226
f 5251/4733/4238 5238/4719/4226 5239/4721/4227
f 5252/4734/4239 5239/4721/4227 5240/4722/4228
f 5253/4735/4240 5240/4722/4228 5241/4723/4229
f 5254/4736/4241 5241/4723/4229 5242/4724/4230
f 5255/4737/4242 5242/4724/4230 5243/4725/4231
f 5244/4726/4232 5255/4737/4242 5243/4725/4231
f 5245/4727/4233 5256/4738/4243 5244/4726/4232
f 5246/4728/4234 5257/4739/4244 5245/4727/4233
f 5247/4730/4235 5258/4740/4245 5246/4728/4234
f 5248/4741/4246 5259/4742/4247 5247/4730/4235
f 5262/4743/4248 5249/4744/4249 5250/4731/4236
f 5263/4745/4250 5250/4731/4236 5251/4733/4238
f 5264/4746/4251 5251/4733/4238 5252/4734/4239
f 5265/4747/4252 5252/4734/4239 5253/4735/4240
f 5266/4748/4253 5253/4735/4240 5254/4736/4241
f 5267/4749/4254 5254/4736/4241 5255/4737/4242
f 5256/4738/4243 5267/4749/4254 5255/4737/4242
f 5257/4739/4244 5268/4750/4255 5256/4738/4243
f 5258/4740/4245 5269/4751/4256 5257/4739/4244
f 5259/4742/4247 5270/4752/4257 5258/4740/4245
f 5260/4753/4258 5271/4754/4259 5259/4742/4247
f 5274/4755/4260 5261/4756/4261 5262/4743/4248
f 5275/4757/4262 5262/4743/4248 5263/4745/4250
f 5276/4758/4263 5263/4745/4250 5264/4746/4251
f 5277/4759/4264 5264/4746/4251 5265/4747/4252
f 5278/4760/4265 5265/4747/4252 5266/4748/4253
f 5279/4761/4266 5266/4748/4253 5267/4749/4254
f 5268/4750/4255 5279/4761/4266 5267/4749/4254
f 5269/4751/4256 5280/4762/4267 5268/4750/4255
f 5270/4752/4257 5281/4763/4268 5269/4751/4256
f 5271/4754/4259 5282/4764/4269 5270/4752/4257
f 5272/4765/4270 5283/4766/4271 5271/4754/4259
f 5286/4767/4272 5273/4768/4273 5274/4755/4260
f 5287/4769/4274 5274/4755/4260 5275/4757/4262
f 5288/4770/4275 5275/4757/4262 5276/4758/4263
f 5289/4771/4276 5276/4758/4263 5277/4759/4264
f 5290/4772/4277 5277/4759/4264 5278/4760/4265
f 5291/4773/4278 5278/4760/4265 5279/4761/4266
f 5280/4762/4267 5291/4773/4278 5279/4761/4266
f 5281/4763/4268 5292/4774/4279 5280/4762/4267
f 5282/4764/4269 5293/4775/4280 5281/4763/4268
f 5283/4766/4271 5294/4776/4281 5282/4764/4269
f 5284/4777/4282 5295/4778/4283 5283/4766/4271
f 5298/4779/4284 5285/4780/4285 5286/4767/4272
f 5299/4781/4286 5286/4767/4272 5287/4769/4274
f 5300/4782/4287 5287/4769/4274 5288/4770/4275
f 5301/4783/4288 5288/4770/4275 5289/4771/4276
f 5302/4784/4289 5289/4771/4276 5290/4772/4277
f 5303/4785/4290 5290/4772/4277 5291/4773/4278
f 5292/4774/4279 5303/4785/4290 5291/4773/4278
f 5293/4775/4280 5304/4786/4291 5292/4774/4279
f 5294/4776/4281 5305/4787/4292 5293/4775/4280
f 5295/4778/4283 5306/4788/4293 5294/4776/4281
f 5296/4789/4294 5307/4790/4295 5295/4778/4283
f 5298/4779/4284 5309/4791/4296 5297/4792/4297
f 5299/4781/4286 5310/4793/4298 5298/4779/4284
f 5300/4782/4287 5311/4794/4299 5299/4781/4286
f 5301/4783/4288 5312/4795/4300 5300/4782/4287
f 5302/4784/4289 5313/4796/4301 5301/4783/4288
f 5315/4797/4302 5302/4784/4289 5303/4785/4290
f 5316/4798/4303 5303/4785/4290 5304/4786/4291
f 5317/4799/4304 5304/4786/4291 5305/4787/4292
f 5318/4800/4305 5305/4787/4292 5306/4788/4293
f 5319/4801/4306 5306/4788/4293 5307/4790/4295
f 5320/4802/4307 5307/4790/4295 5308/4803/4308
f 5310/4793/4298 5321/4804/4309 5309/4791/4296
f 5311/4794/4299 5322/4805/4310 5310/4793/4298
f 5312/4795/4300 5323/4806/4311 5311/4794/4299
f 5313/4796/4301 5324/4807/4312 5312/4795/4300
f 5314/4808/4313 5325/4809/4314 5313/4796/4301
f 5327/4810/4315 5314/4808/4313 5315/4797/4302
f 5328/4811/4316 5315/4797/4302 5316/4798/4303
f 5329/4812/4317 5316/4798/4303 5317/4799/4304
f 5330/4813/4318 5317/4799/4304 5318/4800/4305
f 5331/4814/4319 5318/4800/4305 5319/4801/4306
f 5332/4815/4320 5319/4801/4306 5320/4802/4307
f 5322/4805/4310 5333/4816/4321 5321/4804/4309
f 5323/4806/4311 5334/4817/4322 5322/4805/4310
f 5324/4807/4312 5335/4818/4323 5323/4806/4311
f 5325/4809/4314 5336/4819/4324 5324/4807/4312
f 5326/4820/4325 5337/4821/4326 5325/4809/4314
f 5339/4822/4327 5326/4820/4325 5327/4810/4315
f 5340/4823/4328 5327/4810/4315 5328/4811/4316
f 5341/4824/4329 5328/4811/4316 5329/4812/4317
f 5342/4825/4330 5329/4812/4317 5330/4813/4318
f 5343/4826/4331 5330/4813/4318 5331/4814/4319
f 5344/4827/4332 5331/4814/4319 5332/4815/4320
f 5334/4817/4322 5345/4828/4333 5333/4816/4321
f 5335/4818/4323 5346/4829/4334 5334/4817/4322
f 5336/4819/4324 5347/4830/4335 5335/4818/4323
f 5337/4821/4326 5348/4831/4336 5336/4819/4324
f 5338/4832/4337 5349/4833/4338 5337/4821/4326
f 5351/4834/4339 5338/4832/4337 5339/4822/4327
f 5352/4835/4340 5339/4822/4327 5340/4823/4328
f 5353/4836/4341 5340/4823/4328 5341/4824/4329
f 5354/4837/4342 5341/4824/4329 5342/4825/4330
f 5355/4838/4343 5342/4825/4330 5343/4826/4331
f 5356/4839/4344 5343/4826/4331 5344/4827/4332
f 5346/4829/4334 5357/4840/4345 5345/4828/4333
f 5347/4830/4335 5358/4841/4346 5346/4829/4334
f 5348/4831/4336 5359/4842/4347 5347/4830/4335
f 5349/4833/4338 5360/4843/4348 5348/4831/4336
f 5350/4844/4349 5361/4845/4350 5349/4833/4338
f 5363/4846/4351 5350/4844/4349 5351/4834/4339
f 5364/4847/4352 5351/4834/4339 5352/4835/4340
f 5365/4848/4353 5352/4835/4340 5353/4836/4341
f 5366/4849/4354 5353/4836/4341 5354/4837/4342
f 5367/4850/4355 5354/4837/4342 5355/4838/4343
f 5368/4851/4356 5355/4838/4343 5356/4839/4344
f 5358/4841/4346 5369/4852/4357 5357/4840/4345
f 5359/4842/4347 5370/4853/4358 5358/4841/4346
f 5360/4843/4348 5371/4854/4359 5359/4842/4347
f 5361/4845/4350 5372/4855/4360 5360/4843/4348
f 5362/4856/4361 5373/4857/4362 5361/4845/4350
f 5375/4858/4363 5362/4856/4361 5363/4846/4351
f 5376/4859/4364 5363/4846/4351 5364/4847/4352
f 5377/4860/4365 5364/4847/4352 5365/4848/4353
f 5378/4861/4366 5365/4848/4353 5366/4849/4354
f 5379/4862/4367 5366/4849/4354 5367/4850/4355
f 5380/4863/4368 5367/4850/4355 5368/4851/4356
f 5382/4864/4369 5369/4852/4357 5370/4853/4358
f 5383/4865/4370 5370/4853/4358 5371/4854/4359
f 5384/4866/4371 5371/4854/4359 5372/4855/4360
f 5385/4867/4372 5372/4855/4360 5373/4857/4362
f 5386/4868/4373 5373/4857/4362 5374/4869/4374
f 5387/4870/4375 5374/4869/4374 5375/4858/4363
f 5376/4859/4364 5387/4870/4375 5375/4858/4363
f 5377/4860/4365 5388/4871/4376 5376/4859/4364
f 5378/4861/4366 5389/4872/4377 5377/4860/4365
f 5379/4862/4367 5390/4873/4378 5378/4861/4366
f 5380/4863/4368 5391/4874/4379 5379/4862/4367
f 5394/4875/4380 5381/4876/4381 5382/4864/4369
f 5395/4877/4382 5382/4864/4369 5383/4865/4370
f 5396/4878/4383 5383/4865/4370 5384/4866/4371
f 5397/4879/4384 5384/4866/4371 5385/4867/4372
f 5398/4880/4385 5385/4867/4372 5386/4868/4373
f 5399/4881/4386 5386/4868/4373 5387/4870/4375
f 5388/4871/4376 5399/4881/4386 5387/4870/4375
f 5389/4872/4377 5400/4882/4387 5388/4871/4376
f 5390/4873/4378 5401/4883/4388 5389/4872/4377
f 5391/4874/4379 5402/4884/4389 5390/4873/4378
f 5392/4885/4390 5403/4886/4391 5391/4874/4379
f 5406/4887/4392 5393/4888/4393 5394/4875/4380
f 5407/4889/4394 5394/4875/4380 5395/4877/4382
f 5408/4890/4395 5395/4877/4382 5396/4878/4383
f 5409/4891/4396 5396/4878/4383 5397/4879/4384
f 5410/4892/4397 5397/4879/4384 5398/4880/4385
f 5411/4893/4398 5398/4880/4385 5399/4881/4386
f 5400/4882/4387 5411/4893/4398 5399/4881/4386
f 5401/4883/4388 5412/4894/4399 5400/4882/4387
f 5402/4884/4389 5413/4895/4400 5401/4883/4388
f 5403/4886/4391 5414/4896/4401 5402/4884/4389
f 5404/4897/4402 5415/4898/4403 5403/4886/4391
f 5418/4899/4404 5405/4900/4405 5406/4887/4392
f 5419/4901/4406 5406/4887/4392 5407/4889/4394
f 5420/4902/4407 5407/4889/4394 5408/4890/4395
f 5421/4903/4408 5408/4890/4395 5409/4891/4396
f 5422/4904/4409 5409/4891/4396 5410/4892/4397
f 5423/4905/4410 5410/4892/4397 5411/4893/4398
f 5412/4894/4399 5423/4905/4410 5411/4893/4398
f 5413/4895/4400 5424/4906/4411 5412/4894/4399
f 5414/4896/4401 5425/4907/4412 5413/4895/4400
f 5415/4898/4403 5426/4908/4413 5414/4896/4401
f 5416/4909/4414 5427/4910/4415 5415/4898/4403
f 5418/4899/4404 5429/4911/4416 5417/4912/4417
f 5419/4901/4406 5430/4913/4418 5418/4899/4404
f 5420/4902/4407 5431/4914/4419 5419/4901/4406
f 5421/4903/4408 5432/4915/4420 5420/4902/4407
f 5422/4904/4409 5433/4916/4421 5421/4903/4408
f 5435/4917/4422 5422/4904/4409 5423/4905/4410
f 5436/4918/4423 5423/4905/4410 5424/4906/4411
f 5437/4919/4424 5424/4906/4411 5425/4907/4412
f 5438/4920/4425 5425/4907/4412 5426/4908/4413
f 5439/4921/4426 5426/4908/4413 5427/4910/4415
f 5440/4922/4427 5427/4910/4415 5428/4923/4428
f 5430/4913/4418 5441/4924/4429 5429/4911/4416
f 5431/4914/4419 5442/4925/4430 5430/4913/4418
f 5432/4915/4420 5443/4926/4431 5431/4914/4419
f 5433/4916/4421 5444/4927/4432 5432/4915/4420
f 5434/4928/4433 5445/4929/4434 5433/4916/4421
f 5447/4930/4435 5434/4928/4433 5435/4917/4422
f 5448/4931/4436 5435/4917/4422 5436/4918/4423
f 5449/4932/4437 5436/4918/4423 5437/4919/4424
f 5450/4933/4438 5437/4919/4424 5438/4920/4425
f 5451/4934/4439 5438/4920/4425 5439/4921/4426
f 5452/4935/4440 5439/4921/4426 5440/4922/4427
f 5442/4925/4430 5453/4936/4441 5441/4924/4429
f 5443/4926/4431 5454/4937/4442 5442/4925/4430
f 5444/4927/4432 5455/4938/4443 5443/4926/4431
f 5445/4929/4434 5456/4939/4444 5444/4927/4432
f 5446/4940/4445 5457/4941/4446 5445/4929/4434
f 5459/4942/4447 5446/4940/4445 5447/4930/4435
f 5460/4943/4448 5447/4930/4435 5448/4931/4436
f 5461/4944/4449 5448/4931/4436 5449/4932/4437
f 5462/4945/4450 5449/4932/4437 5450/4933/4438
f 5463/4946/4451 5450/4933/4438 5451/4934/4439
f 5464/4947/4452 5451/4934/4439 5452/4935/4440
f 5454/4937/4442 5465/4948/4453 5453/4936/4441
f 5455/4938/4443 5466/4949/4454 5454/4937/4442
f 5456/4939/4444 5467/4950/4455 5455/4938/4443
f 5457/4941/4446 5468/4951/4456 5456/4939/4444
f 5458/4952/4457 5469/4953/4458 5457/4941/4446
f 5471/4954/4459 5458/4952/4457 5459/4942/4447
f 5472/4955/4460 5459/4942/4447 5460/4943/4448
f 5473/4956/4461 5460/4943/4448 5461/4944/4449
f 5474/4957/4462 5461/4944/4449 5462/4945/4450
f 5475/4958/4463 5462/4945/4450 5463/4946/4451
f 5476/4959/4464 5463/4946/4451 5464/4947/4452
f 5466/4949/4454 5477/4960/4465 5465/4948/4453
f 5467/4950/4455 5478/4961/4466 5466/4949/4454
f 5468/4951/4456 5479/4962/4467 5467/4950/4455
f 5469/4953/4458 5480/4963/4468 5468/4951/4456
f 5470/4964/4469 5481/4965/4470 5469/4953/4458
f 5483/4966/4471 5470/4964/4469 5471/4954/4459
f 5484/4967/4472 5471/4954/4459 5472/4955/4460
f 5485/4968/4473 5472/4955/4460 5473/4956/4461
f 5486/4969/4474 5473/4956/4461 5474/4957/4462
f 5487/4970/4475 5474/4957/4462 5475/4958/4463
f 5488/4971/4476 5475/4958/4463 5476/4959/4464
f 5478/4961/4466 5489/4972/4477 5477/4960/4465
f 5479/4962/4467 5490/4973/4478 5478/4961/4466
f 5480/4963/4468 5491/4974/4479 5479/4962/4467
f 5481/4965/4470 5492/4975/4480 5480/4963/4468
f 5482/4976/4481 5493/4977/4482 5481/4965/4470
f 5495/4978/4483 5482/4976/4481 5483/4966/4471
f 5496/4979/4484 5483/4966/4471 5484/4967/4472
f 5497/4980/4485 5484/4967/4472 5485/4968/4473
f 5498/4981/4486 5485/4968/4473 5486/4969/4474
f 5499/4982/4487 5486/4969/4474 5487/4970/4475
f 5500/4983/4488 5487/4970/4475 5488/4971/4476
f 5502/4984/4489 5489/4972/4477 5490/4973/4478
f 5503/4985/4490 5490/4973/4478 5491/4974/4479
f 5504/4986/4491 5491/4974/4479 5492/4975/4480
f 5505/4987/4492 5492/4975/4480 5493/4977/4482
f 5506/4988/4493 5493/4977/4482 5494/4989/4494
f 5507/4990/4495 5494/4989/4494 5495/4978/4483
f 5496/4979/4484 5507/4990/4495 5495/4978/4483
f 5497/4980/4485 5508/4991/4496 5496/4979/4484
f 5498/4981/4486 5509/4992/4497 5497/4980/4485
f 5499/4982/4487 5510/4993/4498 5498/4981/4486
f 5500/4983/4488 5511/4994/4499 5499/4982/4487
f 5502/4984/4489 5513/4995/3893 5501/4996/4500
f 5503/4985/4490 5514/4997/3895 5502/4984/4489
f 5504/4986/4491 5515/4998/3896 5503/4985/4490
f 5505/4987/4492 5516/4999/3897 5504/4986/4491
f 5506/4988/4493 5517/5000/3898 5505/4987/4492
f 5519/5001/3899 5506/4988/4493 5507/4990/4495
f 5520/5002/3900 5507/4990/4495 5508/4991/4496
f 5521/5003/3901 5508/4991/4496 5509/4992/4497
f 5522/5004/3902 5509/4992/4497 5510/4993/4498
f 5523/5005/3903 5510/4993/4498 5511/4994/4499
f 5524/5006/3904 5511/4994/4499 5512/5007/4501
f 5526/5008/1178 5513/4995/3893 5514/4997/3895
f 5527/5009/1179 5514/4997/3895 5515/4998/3896
f 5528/5010/1180 5515/4998/3896 5516/4999/3897
f 5529/5011/3906 5516/4999/3897 5517/5000/3898
f 5530/5012/1193 5517/5000/3898 5518/5013/3907
f 5531/5014/1182 5518/5013/3907 5519/5001/3899
f 5532/5015/1183 5519/5001/3899 5520/5002/3900
f 5533/5016/1184 5520/5002/3900 5521/5003/3901
f 5522/5004/3902 5533/5016/1184 5521/5003/3901
f 5535/5017/1186 5522/5004/3902 5523/5005/3903
f 5536/5018/1187 5523/5005/3903 5524/5006/3904
f 5538/5019/1201 5525/5020/1177 5526/5008/1178
f 5539/5021/1189 5526/5008/1178 5527/5009/1179
f 5540/5022/1190 5527/5009/1179 5528/5010/1180
f 5541/5023/1191 5528/5010/1180 5529/5011/3906
f 5542/5024/1192 5529/5011/3906 5530/5012/1193
f 5543/5025/1194 5530/5012/1193 5531/5014/1182
f 5544/5026/4502 5531/5014/1182 5532/5015/1183
f 5545/5027/1196 5532/5015/1183 5533/5016/1184
f 5546/5028/1197 5533/5016/1184 5534/5029/1185
f 5547/5030/1198 5534/5029/1185 5535/5017/1186
f 5548/5031/1199 5535/5017/1186 5536/5018/1187
f 5550/5032/1200 5537/5033/1188 5538/5019/1201
f 5551/5034/1213 5538/5019/1201 5539/5021/1189
f 5552/5035/1202 5539/5021/1189 5540/5022/1190
f 5553/5036/1203 5540/5022/1190 5541/5023/1191
f 5554/5037/1204 5541/5023/1191 5542/5024/1192
f 5555/5038/1205 5542/5024/1192 5543/5025/1194
f 5556/5039/1206 5543/5025/1194 5544/5026/4502
f 5557/5040/1218 5544/5026/4502 5545/5027/1196
f 5546/5028/1197 5557/5040/1218 5545/5027/1196
f 5559/5041/1208 5546/5028/1197 5547/5030/1198
f 5560/5042/1209 5547/5030/1198 5548/5031/1199
f 4278/1696/3309 5549/5043/1211 5550/5032/1200
f 4279/1698/3313 5550/5032/1200 5551/5034/1213
f 4280/1699/3315 5551/5034/1213 5552/5035/1202
f 4281/1700/3317 5552/5035/1202 5553/5036/1203
f 4282/1701/3319 5553/5036/1203 5554/5037/1204
f 4283/1702/3321 5554/5037/1204 5555/5038/1205
f 5556/5039/1206 4283/1702/3321 5555/5038/1205
f 5557/5040/1218 4284/1703/3322 5556/5039/1206
f 5558/5044/1207 4285/1704/3323 5557/5040/1218
f 5559/5041/1208 4286/1705/3325 5558/5044/1207
f 5560/5042/1209 4287/1707/3327 5559/5041/1208
f 5562/476/4503 5573/5045/4504 5561/84/4505
f 5563/478/4506 5574/5046/4507 5562/476/4503
f 5564/480/4508 5575/5047/4509 5563/478/4506
f 5565/482/4510 5576/5048/4511 5564/480/4508
f 5566/484/4512 5577/5049/4513 5565/482/4510
f 5579/5050/4514 5566/484/4512 5567/487/4515
f 5580/5051/4516 5567/487/4515 5568/489/4517
f 5581/5052/4518 5568/489/4517 5569/491/4519
f 5582/5053/4520 5569/491/4519 5570/493/4521
f 5583/5054/4522 5570/493/4521 5571/495/4523
f 5584/5055/4524 5571/495/4523 5572/497/4525
f 5574/5046/4507 5585/3351/4526 5573/5045/4504
f 5575/5047/4509 5586/3340/4527 5574/5046/4507
f 5576/5048/4511 5587/3341/4528 5575/5047/4509
f 5577/5049/4513 5588/3342/4529 5576/5048/4511
f 5578/5056/4530 5589/3343/4531 5577/5049/4513
f 5591/3345/4532 5578/5056/4530 5579/5050/4514
f 5592/3346/4533 5579/5050/4514 5580/5051/4516
f 5593/3347/4534 5580/5051/4516 5581/5052/4518
f 5594/3348/4535 5581/5052/4518 5582/5053/4520
f 5595/3349/4536 5582/5053/4520 5583/5054/4522
f 5596/3360/4537 5583/5054/4522 5584/5055/4524
f 5586/3340/4527 5597/5057/4538 5585/3351/4526
f 5587/3341/4528 5598/5058/4539 5586/3340/4527
f 5588/3342/4529 5599/5059/4540 5587/3341/4528
f 5589/3343/4531 5600/5060/4541 5588/3342/4529
f 5590/3344/4542 5601/5061/4543 5589/3343/4531
f 5603/5062/4544 5590/3344/4542 5591/3345/4532
f 5604/5063/4545 5591/3345/4532 5592/3346/4533
f 5605/5064/4546 5592/3346/4533 5593/3347/4534
f 5606/5065/4547 5593/3347/4534 5594/3348/4535
f 5607/5066/4548 5594/3348/4535 5595/3349/4536
f 5608/5067/4549 5595/3349/4536 5596/3360/4537
f 5598/5058/4539 5609/3363/4550 5597/5057/4538
f 5599/5059/4540 5610/3350/4551 5598/5058/4539
f 5600/5060/4541 5611/3352/4552 5599/5059/4540
f 5601/5061/4543 5612/3353/4553 5600/5060/4541
f 5602/5068/4554 5613/3354/4555 5601/5061/4543
f 5615/3356/4556 5602/5068/4554 5603/5062/4544
f 5616/3357/4557 5603/5062/4544 5604/5063/4545
f 5617/3358/4558 5604/5063/4545 5605/5064/4546
f 5618/3359/4559 5605/5064/4546 5606/5065/4547
f 5619/3361/4560 5606/5065/4547 5607/5066/4548
f 5620/3372/4561 5607/5066/4548 5608/5067/4549
f 5610/3350/4551 5621/5069/4562 5609/3363/4550
f 5611/3352/4552 5622/5070/4563 5610/3350/4551
f 5612/3353/4553 5623/5071/4564 5611/3352/4552
f 5613/3354/4555 5624/5072/4565 5612/3353/4553
f 5614/3355/4566 5625/5073/4567 5613/3354/4555
f 5627/5074/4568 5614/3355/4566 5615/3356/4556
f 5628/5075/4569 5615/3356/4556 5616/3357/4557
f 5629/5076/4570 5616/3357/4557 5617/3358/4558
f 5630/5077/4571 5617/3358/4558 5618/3359/4559
f 5631/5078/4572 5618/3359/4559 5619/3361/4560
f 5632/5079/4573 5619/3361/4560 5620/3372/4561
f 5634/3362/4574 5621/5069/4562 5622/5070/4563
f 5635/3364/4575 5622/5070/4563 5623/5071/4564
f 5636/3365/4576 5623/5071/4564 5624/5072/4565
f 5637/3366/4577 5624/5072/4565 5625/5073/4567
f 5638/3367/4578 5625/5073/4567 5626/5080/4579
f 5639/3368/4580 5626/5080/4579 5627/5074/4568
f 5628/5075/4569 5639/3368/4580 5627/5074/4568
f 5629/5076/4570 5640/3369/4581 5628/5075/4569
f 5630/5077/4571 5641/3370/4582 5629/5076/4570
f 5631/5078/4572 5642/3371/4583 5630/5077/4571
f 5632/5079/4573 5643/3373/4584 5631/5078/4572
f 5646/5081/4585 5633/3375/4586 5634/3362/4574
f 5647/5082/4587 5634/3362/4574 5635/3364/4575
f 5648/5083/4588 5635/3364/4575 5636/3365/4576
f 5649/5084/4589 5636/3365/4576 5637/3366/4577
f 5650/5085/4590 5637/3366/4577 5638/3367/4578
f 5651/5086/4591 5638/3367/4578 5639/3368/4580
f 5640/3369/4581 5651/5086/4591 5639/3368/4580
f 5641/3370/4582 5652/5087/4592 5640/3369/4581
f 5642/3371/4583 5653/5088/4593 5641/3370/4582
f 5643/3373/4584 5654/5089/4594 5642/3371/4583
f 5644/3384/4595 5655/5090/4596 5643/3373/4584
f 5658/3374/4597 5645/5091/4598 5646/5081/4585
f 5659/3376/4599 5646/5081/4585 5647/5082/4587
f 5660/3377/4600 5647/5082/4587 5648/5083/4588
f 5661/3378/4601 5648/5083/4588 5649/5084/4589
f 5662/3379/4602 5649/5084/4589 5650/5085/4590
f 5663/3380/4603 5650/5085/4590 5651/5086/4591
f 5652/5087/4592 5663/3380/4603 5651/5086/4591
f 5653/5088/4593 5664/3381/4604 5652/5087/4592
f 5654/5089/4594 5665/3382/4605 5653/5088/4593
f 5655/5090/4596 5666/3383/4606 5654/5089/4594
f 5656/5092/4607 5667/3385/4608 5655/5090/4596
f 5670/5093/4609 5657/3387/4610 5658/3374/4597
f 5671/5094/4611 5658/3374/4597 5659/3376/4599
f 5672/5095/4612 5659/3376/4599 5660/3377/4600
f 5673/5096/4613 5660/3377/4600 5661/3378/4601
f 5674/5097/4614 5661/3378/4601 5662/3379/4602
f 5675/5098/4615 5662/3379/4602 5663/3380/4603
f 5664/3381/4604 5675/5098/4615 5663/3380/4603
f 5665/3382/4605 5676/5099/4616 5664/3381/4604
f 5666/3383/4606 5677/5100/4617 5665/3382/4605
f 5667/3385/4608 5678/5101/4618 5666/3383/4606
f 5668/3396/4619 5679/5102/4620 5667/3385/4608
f 5682/3386/4621 5669/5103/4622 5670/5093/4609
f 5683/3388/4623 5670/5093/4609 5671/5094/4611
f 5684/3389/4624 5671/5094/4611 5672/5095/4612
f 5685/3390/4625 5672/5095/4612 5673/5096/4613
f 5686/3391/4626 5673/5096/4613 5674/5097/4614
f 5687/3392/4627 5674/5097/4614 5675/5098/4615
f 5676/5099/4616 5687/3392/4627 5675/5098/4615
f 5677/5100/4617 5688/3393/4628 5676/5099/4616
f 5678/5101/4618 5689/3394/4629 5677/5100/4617
f 5679/5102/4620 5690/3395/4630 5678/5101/4618
f 5680/5104/4631 5691/3397/4632 5679/5102/4620
f 5682/3386/4621 5693/5105/4633 5681/3399/4634
f 5683/3388/4623 5694/5106/4635 5682/3386/4621
f 5684/3389/4624 5695/5107/4636 5683/3388/4623
f 5685/3390/4625 5696/5108/4637 5684/3389/4624
f 5686/3391/4626 5697/5109/4638 5685/3390/4625
f 5699/5110/4639 5686/3391/4626 5687/3392/4627
f 5700/5111/4640 5687/3392/4627 5688/3393/4628
f 5701/5112/4641 5688/3393/4628 5689/3394/4629
f 5702/5113/4642 5689/3394/4629 5690/3395/4630
f 5703/5114/4643 5690/3395/4630 5691/3397/4632
f 5704/5115/4644 5691/3397/4632 5692/3408/4645
f 5694/5106/4635 5705/3411/4646 5693/5105/4633
f 5695/5107/4636 5706/3398/4647 5694/5106/4635
f 5696/5108/4637 5707/3400/4648 5695/5107/4636
f 5697/5109/4638 5708/3401/4649 5696/5108/4637
f 5698/5116/4650 5709/3402/4651 5697/5109/4638
f 5711/3404/4652 5698/5116/4650 5699/5110/4639
f 5712/3405/4653 5699/5110/4639 5700/5111/4640
f 5713/3406/4654 5700/5111/4640 5701/5112/4641
f 5714/3407/4655 5701/5112/4641 5702/5113/4642
f 5715/3409/4656 5702/5113/4642 5703/5114/4643
f 5716/3420/4657 5703/5114/4643 5704/5115/4644
f 5706/3398/4647 5717/5117/4658 5705/3411/4646
f 5707/3400/4648 5718/5118/4659 5706/3398/4647
f 5708/3401/4649 5719/5119/4660 5707/3400/4648
f 5709/3402/4651 5720/5120/4661 5708/3401/4649
f 5710/3403/4662 5721/5121/4663 5709/3402/4651
f 5723/5122/4664 5710/3403/4662 5711/3404/4652
f 5724/5123/4665 5711/3404/4652 5712/3405/4653
f 5725/5124/4666 5712/3405/4653 5713/3406/4654
f 5726/5125/4667 5713/3406/4654 5714/3407/4655
f 5727/5126/4668 5714/3407/4655 5715/3409/4656
f 5728/5127/4669 5715/3409/4656 5716/3420/4657
f 5718/5118/4659 5729/3423/4670 5717/5117/4658
f 5719/5119/4660 5730/3410/4671 5718/5118/4659
f 5720/5120/4661 5731/3412/4672 5719/5119/4660
f 5721/5121/4663 5732/3413/4673 5720/5120/4661
f 5722/5128/4674 5733/3414/4675 5721/5121/4663
f 5735/3416/4676 5722/5128/4674 5723/5122/4664
f 5736/3417/4677 5723/5122/4664 5724/5123/4665
f 5737/3418/4678 5724/5123/4665 5725/5124/4666
f 5738/3419/4679 5725/5124/4666 5726/5125/4667
f 5739/3421/4680 5726/5125/4667 5727/5126/4668
f 5740/3432/4681 5727/5126/4668 5728/5127/4669
f 5742/5129/4682 5729/3423/4670 5730/3410/4671
f 5743/5130/4683 5730/3410/4671 5731/3412/4672
f 5744/5131/4684 5731/3412/4672 5732/3413/4673
f 5745/5132/4685 5732/3413/4673 5733/3414/4675
f 5746/5133/4686 5733/3414/4675 5734/3415/4687
f 5747/5134/4688 5734/3415/4687 5735/3416/4676
f 5736/3417/4677 5747/5134/4688 5735/3416/4676
f 5737/3418/4678 5748/5135/4689 5736/3417/4677
f 5738/3419/4679 5749/5136/4690 5737/3418/4678
f 5739/3421/4680 5750/5137/4691 5738/3419/4679
f 5740/3432/4681 5751/5138/4692 5739/3421/4680
f 5754/3422/4693 5741/5139/4694 5742/5129/4682
f 5755/3424/4695 5742/5129/4682 5743/5130/4683
f 5756/3425/4696 5743/5130/4683 5744/5131/4684
f 5757/3426/4697 5744/5131/4684 5745/5132/4685
f 5758/3427/4698 5745/5132/4685 5746/5133/4686
f 5759/3428/4699 5746/5133/4686 5747/5134/4688
f 5748/5135/4689 5759/3428/4699 5747/5134/4688
f 5749/5136/4690 5760/3429/4700 5748/5135/4689
f 5750/5137/4691 5761/3430/4701 5749/5136/4690
f 5751/5138/4692 5762/3431/4702 5750/5137/4691
f 5752/5140/4703 5763/3433/4704 5751/5138/4692
f 5766/5141/4705 5753/3435/4706 5754/3422/4693
f 5767/5142/4707 5754/3422/4693 5755/3424/4695
f 5768/5143/4708 5755/3424/4695 5756/3425/4696
f 5769/5144/4709 5756/3425/4696 5757/3426/4697
f 5770/5145/4710 5757/3426/4697 5758/3427/4698
f 5771/5146/4711 5758/3427/4698 5759/3428/4699
f 5760/3429/4700 5771/5146/4711 5759/3428/4699
f 5761/3430/4701 5772/5147/4712 5760/3429/4700
f 5762/3431/4702 5773/5148/4713 5761/3430/4701
f 5763/3433/4704 5774/5149/4714 5762/3431/4702
f 5764/3444/4715 5775/5150/4716 5763/3433/4704
f 5778/3434/4717 5765/5151/4718 5766/5141/4705
f 5779/3436/4719 5766/5141/4705 5767/5142/4707
f 5780/3437/4720 5767/5142/4707 5768/5143/4708
f 5781/3438/4721 5768/5143/4708 5769/5144/4709
f 5782/3439/4722 5769/5144/4709 5770/5145/4710
f 5783/3440/4723 5770/5145/4710 5771/5146/4711
f 5772/5147/4712 5783/3440/4723 5771/5146/4711
f 5773/5148/4713 5784/3441/4724 5772/5147/4712
f 5774/5149/4714 5785/3442/4725 5773/5148/4713
f 5775/5150/4716 5786/3443/4726 5774/5149/4714
f 5776/5152/4727 5787/3445/4728 5775/5150/4716
f 5790/5153/4729 5777/3447/4730 5778/3434/4717
f 5791/5154/4731 5778/3434/4717 5779/3436/4719
f 5792/5155/4732 5779/3436/4719 5780/3437/4720
f 5793/5156/4733 5780/3437/4720 5781/3438/4721
f 5794/5157/4734 5781/3438/4721 5782/3439/4722
f 5795/5158/4735 5782/3439/4722 5783/3440/4723
f 5784/3441/4724 5795/5158/4735 5783/3440/4723
f 5785/3442/4725 5796/5159/4736 5784/3441/4724
f 5786/3443/4726 5797/5160/4737 5785/3442/4725
f 5787/3445/4728 5798/5161/4738 5786/3443/4726
f 5788/3456/4739 5799/5162/4740 5787/3445/4728
f 5802/3446/4741 5789/5163/4742 5790/5153/4729
f 5803/3448/4743 5790/5153/4729 5791/5154/4731
f 5804/3449/4744 5791/5154/4731 5792/5155/4732
f 5805/3450/4745 5792/5155/4732 5793/5156/4733
f 5806/3451/4746 5793/5156/4733 5794/5157/4734
f 5807/3452/4747 5794/5157/4734 5795/5158/4735
f 5796/5159/4736 5807/3452/4747 5795/5158/4735
f 5797/5160/4737 5808/3453/4748 5796/5159/4736
f 5798/5161/4738 5809/3454/4749 5797/5160/4737
f 5799/5162/4740 5810/3455/4750 5798/5161/4738
f 5800/5164/4751 5811/3457/4752 5799/5162/4740
f 5814/5165/4753 5801/3459/4754 5802/3446/4741
f 5815/5166/4755 5802/3446/4741 5803/3448/4743
f 5816/5167/4756 5803/3448/4743 5804/3449/4744
f 5817/5168/4757 5804/3449/4744 5805/3450/4745
f 5818/5169/4758 5805/3450/4745 5806/3451/4746
f 5819/5170/4759 5806/3451/4746 5807/3452/4747
f 5808/3453/4748 5819/5170/4759 5807/3452/4747
f 5809/3454/4749 5820/5171/4760 5808/3453/4748
f 5810/3455/4750 5821/5172/4761 5809/3454/4749
f 5811/3457/4752 5822/5173/4762 5810/3455/4750
f 5812/3470/4763 5823/5174/4764 5811/3457/4752
f 5826/3460/4765 5813/5175/4766 5814/5165/4753
f 5827/3461/4767 5814/5165/4753 5815/5166/4755
f 5828/3462/4768 5815/5166/4755 5816/5167/4756
f 5829/3463/4769 5816/5167/4756 5817/5168/4757
f 5830/3475/4770 5817/5168/4757 5818/5169/4758
f 5831/3464/4771 5818/5169/4758 5819/5170/4759
f 5820/5171/4760 5831/3464/4771 5819/5170/4759
f 5821/5172/4761 5832/3465/4772 5820/5171/4760
f 5822/5173/4762 5833/3466/4773 5821/5172/4761
f 5823/5174/4764 5834/3467/4774 5822/5173/4762
f 5824/5176/4775 5835/3468/4776 5823/5174/4764
f 5838/5177/4777 5825/3458/4778 5826/3460/4765
f 5839/5178/4779 5826/3460/4765 5827/3461/4767
f 5840/5179/4780 5827/3461/4767 5828/3462/4768
f 5841/5180/4781 5828/3462/4768 5829/3463/4769
f 5842/5181/4782 5829/3463/4769 5830/3475/4770
f 5843/5182/4783 5830/3475/4770 5831/3464/4771
f 5832/3465/4772 5843/5182/4783 5831/3464/4771
f 5833/3466/4773 5844/5183/4784 5832/3465/4772
f 5834/3467/4774 5845/5184/4785 5833/3466/4773
f 5835/3468/4776 5846/5185/4786 5834/3467/4774
f 5836/3469/4787 5847/5186/4788 5835/3468/4776
f 5838/5177/4777 5849/3471/4789 5837/5187/4790
f 5839/5178/4779 5850/3472/4791 5838/5177/4777
f 5840/5179/4780 5851/3473/4792 5839/5178/4779
f 5841/5180/4781 5852/3474/4793 5840/5179/4780
f 5842/5181/4782 5853/3476/4794 5841/5180/4781
f 5855/3477/4795 5842/5181/4782 5843/5182/4783
f 5856/3478/4796 5843/5182/4783 5844/5183/4784
f 5857/3479/4797 5844/5183/4784 5845/5184/4785
f 5858/3480/4798 5845/5184/4785 5846/5185/4786
f 5859/3481/4799 5846/5185/4786 5847/5186/4788
f 5860/3482/4800 5847/5186/4788 5848/5188/4801
f 5850/3472/4791 5861/5189/4802 5849/3471/4789
f 5851/3473/4792 5862/5190/4803 5850/3472/4791
f 5852/3474/4793 5863/5191/4804 5851/3473/4792
f 5853/3476/4794 5864/5192/4805 5852/3474/4793
f 5854/3488/4806 5865/5193/4807 5853/3476/4794
f 5867/5194/4808 5854/3488/4806 5855/3477/4795
f 5868/5195/4809 5855/3477/4795 5856/3478/4796
f 5869/5196/4810 5856/3478/4796 5857/3479/4797
f 5870/5197/4811 5857/3479/4797 5858/3480/4798
f 5871/5198/4812 5858/3480/4798 5859/3481/4799
f 5872/5199/4813 5859/3481/4799 5860/3482/4800
f 5862/5190/4803 5873/3495/4814 5861/5189/4802
f 5863/5191/4804 5874/3483/4815 5862/5190/4803
f 5864/5192/4805 5875/3484/4816 5863/5191/4804
f 5865/5193/4807 5876/3485/4817 5864/5192/4805
f 5866/5200/4818 5877/3486/4819 5865/5193/4807
f 5879/3489/4820 5866/5200/4818 5867/5194/4808
f 5880/3490/4821 5867/5194/4808 5868/5195/4809
f 5881/3491/4822 5868/5195/4809 5869/5196/4810
f 5882/3492/4823 5869/5196/4810 5870/5197/4811
f 5883/3493/4824 5870/5197/4811 5871/5198/4812
f 5884/3504/4825 5871/5198/4812 5872/5199/4813
f 5874/3483/4815 5885/5201/4826 5873/3495/4814
f 5875/3484/4816 5886/5202/4827 5874/3483/4815
f 5876/3485/4817 5887/5203/4828 5875/3484/4816
f 5877/3486/4819 5888/5204/4829 5876/3485/4817
f 5878/3487/4830 5889/5205/4831 5877/3486/4819
f 5891/5206/4832 5878/3487/4830 5879/3489/4820
f 5892/5207/4833 5879/3489/4820 5880/3490/4821
f 5893/5208/4834 5880/3490/4821 5881/3491/4822
f 5894/5209/4835 5881/3491/4822 5882/3492/4823
f 5895/5210/4836 5882/3492/4823 5883/3493/4824
f 5896/5211/4837 5883/3493/4824 5884/3504/4825
f 5886/5202/4827 5897/3507/4838 5885/5201/4826
f 5887/5203/4828 5898/3494/4839 5886/5202/4827
f 5888/5204/4829 5899/3496/4840 5887/5203/4828
f 5889/5205/4831 5900/3497/4841 5888/5204/4829
f 5890/5212/4842 5901/3498/4843 5889/5205/4831
f 5903/3500/4844 5890/5212/4842 5891/5206/4832
f 5904/3501/4845 5891/5206/4832 5892/5207/4833
f 5905/3502/4846 5892/5207/4833 5893/5208/4834
f 5906/3503/4847 5893/5208/4834 5894/5209/4835
f 5907/3505/4848 5894/5209/4835 5895/5210/4836
f 5908/3516/4849 5895/5210/4836 5896/5211/4837
f 5898/3494/4839 5909/5213/4850 5897/3507/4838
f 5899/3496/4840 5910/5214/4851 5898/3494/4839
f 5900/3497/4841 5911/5215/4852 5899/3496/4840
f 5901/3498/4843 5912/5216/4853 5900/3497/4841
f 5902/3499/4854 5913/5217/4855 5901/3498/4843
f 5915/5218/4856 5902/3499/4854 5903/3500/4844
f 5916/5219/4857 5903/3500/4844 5904/3501/4845
f 5917/5220/4858 5904/3501/4845 5905/3502/4846
f 5918/5221/4859 5905/3502/4846 5906/3503/4847
f 5919/5222/4860 5906/3503/4847 5907/3505/4848
f 5920/5223/4861 5907/3505/4848 5908/3516/4849
f 5910/5214/4851 5921/3519/4862 5909/5213/4850
f 5911/5215/4852 5922/3506/4863 5910/5214/4851
f 5912/5216/4853 5923/3508/4864 5911/5215/4852
f 5913/5217/4855 5924/3509/4865 5912/5216/4853
f 5914/5224/4866 5925/3510/4867 5913/5217/4855
f 5927/3512/4868 5914/5224/4866 5915/5218/4856
f 5928/3513/4869 5915/5218/4856 5916/5219/4857
f 5929/3514/4870 5916/5219/4857 5917/5220/4858
f 5930/3515/4871 5917/5220/4858 5918/5221/4859
f 5931/3517/4872 5918/5221/4859 5919/5222/4860
f 5932/3528/4873 5919/5222/4860 5920/5223/4861
f 5922/3506/4863 5933/5225/4874 5921/3519/4862
f 5935/5226/4875 5922/3506/4863 5923/3508/4864
f 5924/3509/4865 5935/5226/4875 5923/3508/4864
f 5937/5227/4876 5924/3509/4865 5925/3510/4867
f 5926/3511/4877 5937/5227/4876 5925/3510/4867
f 5939/5228/4878 5926/3511/4877 5927/3512/4868
f 5940/5229/4879 5927/3512/4868 5928/3513/4869
f 5941/5230/4880 5928/3513/4869 5929/3514/4870
f 5942/5231/4881 5929/3514/4870 5930/3515/4871
f 5931/3517/4872 5942/5231/4881 5930/3515/4871
f 5944/5232/4882 5931/3517/4872 5932/3528/4873
f 5946/3518/4883 5933/5225/4874 5934/5233/4884
f 5947/3520/4885 5934/5233/4884 5935/5226/4875
f 5948/3521/4886 5935/5226/4875 5936/5234/4887
f 5949/3522/4888 5936/5234/4887 5937/5227/4876
f 5950/3523/4889 5937/5227/4876 5938/5235/4890
f 5951/3524/4891 5938/5235/4890 5939/5228/4878
f 5940/5229/4879 5951/3524/4891 5939/5228/4878
f 5941/5230/4880 5952/3525/4892 5940/5229/4879
f 5942/5231/4881 5953/3526/4893 5941/5230/4880
f 5943/5236/4894 5954/3527/4895 5942/5231/4881
f 5944/5232/4882 5955/3529/4896 5943/5236/4894
f 5958/5237/4897 5945/3531/4898 5946/3518/4883
f 5959/5238/4899 5946/3518/4883 5947/3520/4885
f 5960/5239/4900 5947/3520/4885 5948/3521/4886
f 5961/5240/4901 5948/3521/4886 5949/3522/4888
f 5962/5241/4902 5949/3522/4888 5950/3523/4889
f 5963/5242/4903 5950/3523/4889 5951/3524/4891
f 5952/3525/4892 5963/5242/4903 5951/3524/4891
f 5953/3526/4893 5964/5243/4904 5952/3525/4892
f 5954/3527/4895 5965/5244/4905 5953/3526/4893
f 5955/3529/4896 5966/5245/4906 5954/3527/4895
f 5956/3542/4907 5967/5246/4908 5955/3529/4896
f 5970/3532/4909 5957/5247/4910 5958/5237/4897
f 5971/3533/4911 5958/5237/4897 5959/5238/4899
f 5972/3534/4912 5959/5238/4899 5960/5239/4900
f 5973/3535/4913 5960/5239/4900 5961/5240/4901
f 5974/3547/4914 5961/5240/4901 5962/5241/4902
f 5975/3536/4915 5962/5241/4902 5963/5242/4903
f 5964/5243/4904 5975/3536/4915 5963/5242/4903
f 5965/5244/4905 5976/3537/4916 5964/5243/4904
f 5966/5245/4906 5977/3538/4917 5965/5244/4905
f 5967/5246/4908 5978/3539/4918 5966/5245/4906
f 5968/5248/4919 5979/3540/4920 5967/5246/4908
f 5982/5249/4921 5969/3530/4922 5970/3532/4909
f 5983/5250/4923 5970/3532/4909 5971/3533/4911
f 5984/5251/4924 5971/3533/4911 5972/3534/4912
f 5985/5252/4925 5972/3534/4912 5973/3535/4913
f 5986/5253/4926 5973/3535/4913 5974/3547/4914
f 5987/5254/4927 5974/3547/4914 5975/3536/4915
f 5976/3537/4916 5987/5254/4927 5975/3536/4915
f 5977/3538/4917 5988/5255/4928 5976/3537/4916
f 5978/3539/4918 5989/5256/4929 5977/3538/4917
f 5979/3540/4920 5990/5257/4930 5978/3539/4918
f 5980/3541/4931 5991/5258/4932 5979/3540/4920
f 5982/5249/4921 5993/3543/4933 5981/5259/4934
f 5983/5250/4923 5994/3544/4935 5982/5249/4921
f 5984/5251/4924 5995/3545/4936 5983/5250/4923
f 5985/5252/4925 5996/3546/4937 5984/5251/4924
f 5986/5253/4926 5997/3548/4938 5985/5252/4925
f 5999/3549/4939 5986/5253/4926 5987/5254/4927
f 6000/3550/4940 5987/5254/4927 5988/5255/4928
f 6001/3551/4941 5988/5255/4928 5989/5256/4929
f 6002/3552/4942 5989/5256/4929 5990/5257/4930
f 6003/3553/4943 5990/5257/4930 5991/5258/4932
f 6004/3554/4944 5991/5258/4932 5992/5260/4945
f 5994/3544/4935 6005/53/4946 5993/3543/4933
f 5995/3545/4936 6006/1085/4947 5994/3544/4935
f 5996/3546/4937 6007/1087/4948 5995/3545/4936
f 5997/3548/4938 6008/1088/4949 5996/3546/4937
f 5998/3559/4950 6009/1089/4951 5997/3548/4938
f 6011/1091/4952 5998/3559/4950 5999/3549/4939
f 6012/1092/4953 5999/3549/4939 6000/3550/4940
f 6013/1093/4954 6000/3550/4940 6001/3551/4941
f 6014/1094/4955 6001/3551/4941 6002/3552/4942
f 6015/1096/4956 6002/3552/4942 6003/3553/4943
f 6016/1106/4957 6003/3553/4943 6004/3554/4944
f 6006/1085/4947 6017/3555/4958 6005/53/4946
f 6007/1087/4948 6018/3556/4959 6006/1085/4947
f 6008/1088/4949 6019/3557/4960 6007/1087/4948
f 6009/1089/4951 6020/3558/4961 6008/1088/4949
f 6010/1090/4962 6021/3560/4963 6009/1089/4951
f 6023/3561/4964 6010/1090/4962 6011/1091/4952
f 6024/3562/4965 6011/1091/4952 6012/1092/4953
f 6025/3563/4966 6012/1092/4953 6013/1093/4954
f 6026/3564/4967 6013/1093/4954 6014/1094/4955
f 6027/3565/4968 6014/1094/4955 6015/1096/4956
f 6028/3566/4969 6015/1096/4956 6016/1106/4957
f 6018/3556/4959 6029/5261/4970 6017/3555/4958
f 6019/3557/4960 6030/5262/4971 6018/3556/4959
f 6020/3558/4961 6031/5263/4972 6019/3557/4960
f 6021/3560/4963 6032/5264/4973 6020/3558/4961
f 6022/3571/4974 6033/5265/4975 6021/3560/4963
f 6035/5266/4976 6022/3571/4974 6023/3561/4964
f 6036/5267/4977 6023/3561/4964 6024/3562/4965
f 6037/5268/4978 6024/3562/4965 6025/3563/4966
f 6038/5269/4979 6025/3563/4966 6026/3564/4967
f 6039/5270/4980 6026/3564/4967 6027/3565/4968
f 6040/5271/4981 6027/3565/4968 6028/3566/4969
f 6030/5262/4971 6041/3567/4982 6029/5261/4970
f 6031/5263/4972 6042/3568/4983 6030/5262/4971
f 6032/5264/4973 6043/3569/4984 6031/5263/4972
f 6033/5265/4975 6044/3570/4985 6032/5264/4973
f 6034/5272/4986 6045/3572/4987 6033/5265/4975
f 6047/3573/4988 6034/5272/4986 6035/5266/4976
f 6048/3574/4989 6035/5266/4976 6036/5267/4977
f 6049/3575/4990 6036/5267/4977 6037/5268/4978
f 6050/3576/4991 6037/5268/4978 6038/5269/4979
f 6051/3577/4992 6038/5269/4979 6039/5270/4980
f 6052/3578/4993 6039/5270/4980 6040/5271/4981
f 6054/5273/4994 6041/3567/4982 6042/3568/4983
f 6055/5274/4995 6042/3568/4983 6043/3569/4984
f 6056/5275/4996 6043/3569/4984 6044/3570/4985
f 6057/5276/4997 6044/3570/4985 6045/3572/4987
f 6058/5277/4998 6045/3572/4987 6046/3583/4999
f 6059/5278/5000 6046/3583/4999 6047/3573/4988
f 6048/3574/4989 6059/5278/5000 6047/3573/4988
f 6049/3575/4990 6060/5279/5001 6048/3574/4989
f 6050/3576/4991 6061/5280/5002 6049/3575/4990
f 6051/3577/4992 6062/5281/5003 6050/3576/4991
f 6052/3578/4993 6063/5282/5004 6051/3577/4992
f 6066/3580/5005 6053/5283/5006 6054/5273/4994
f 6067/3581/5007 6054/5273/4994 6055/5274/4995
f 6068/3582/5008 6055/5274/4995 6056/5275/4996
f 6069/3584/5009 6056/5275/4996 6057/5276/4997
f 6070/3595/5010 6057/5276/4997 6058/5277/4998
f 6071/3585/5011 6058/5277/4998 6059/5278/5000
f 6060/5279/5001 6071/3585/5011 6059/5278/5000
f 6061/5280/5002 6072/3586/5012 6060/5279/5001
f 6062/5281/5003 6073/3587/5013 6061/5280/5002
f 6063/5282/5004 6074/3588/5014 6062/5281/5003
f 6064/5284/5015 6075/3589/5016 6063/5282/5004
f 6078/5285/5017 6065/3579/5018 6066/3580/5005
f 6079/5286/5019 6066/3580/5005 6067/3581/5007
f 6080/5287/5020 6067/3581/5007 6068/3582/5008
f 6081/5288/5021 6068/3582/5008 6069/3584/5009
f 6082/5289/5022 6069/3584/5009 6070/3595/5010
f 6083/5290/5023 6070/3595/5010 6071/3585/5011
f 6072/3586/5012 6083/5290/5023 6071/3585/5011
f 6073/3587/5013 6084/5291/5024 6072/3586/5012
f 6074/3588/5014 6085/5292/5025 6073/3587/5013
f 6075/3589/5016 6086/5293/5026 6074/3588/5014
f 6076/3590/5027 6087/5294/5028 6075/3589/5016
f 6090/3592/5029 6077/5295/5030 6078/5285/5017
f 6091/3593/5031 6078/5285/5017 6079/5286/5019
f 6092/3594/5032 6079/5286/5019 6080/5287/5020
f 6093/3596/5033 6080/5287/5020 6081/5288/5021
f 6094/3607/5034 6081/5288/5021 6082/5289/5022
f 6095/3597/5035 6082/5289/5022 6083/5290/5023
f 6084/5291/5024 6095/3597/5035 6083/5290/5023
f 6085/5292/5025 6096/3598/5036 6084/5291/5024
f 6086/5293/5026 6097/3599/5037 6085/5292/5025
f 6087/5294/5028 6098/3600/5038 6086/5293/5026
f 6088/5296/5039 6099/3601/5040 6087/5294/5028
f 6102/5297/5041 6089/3591/5042 6090/3592/5029
f 6103/5298/5043 6090/3592/5029 6091/3593/5031
f 6104/5299/5044 6091/3593/5031 6092/3594/5032
f 6105/5300/5045 6092/3594/5032 6093/3596/5033
f 6106/5301/5046 6093/3596/5033 6094/3607/5034
f 6107/5302/5047 6094/3607/5034 6095/3597/5035
f 6096/3598/5036 6107/5302/5047 6095/3597/5035
f 6097/3599/5037 6108/5303/5048 6096/3598/5036
f 6098/3600/5038 6109/5304/5049 6097/3599/5037
f 6099/3601/5040 6110/5305/5050 6098/3600/5038
f 6100/3602/5051 6111/5306/5052 6099/3601/5040
f 6114/3604/5053 6101/5307/5054 6102/5297/5041
f 6115/3605/5055 6102/5297/5041 6103/5298/5043
f 6116/3606/5056 6103/5298/5043 6104/5299/5044
f 6117/3608/5057 6104/5299/5044 6105/5300/5045
f 6118/3619/5058 6105/5300/5045 6106/5301/5046
f 6119/3609/5059 6106/5301/5046 6107/5302/5047
f 6108/5303/5048 6119/3609/5059 6107/5302/5047
f 6109/5304/5049 6120/3610/5060 6108/5303/5048
f 6110/5305/5050 6121/3611/5061 6109/5304/5049
f 6111/5306/5052 6122/3612/5062 6110/5305/5050
f 6112/5308/5063 6123/3613/5064 6111/5306/5052
f 6114/3604/5053 6125/5309/5065 6113/3603/5066
f 6115/3605/5055 6126/5310/5067 6114/3604/5053
f 6116/3606/5056 6127/5311/5068 6115/3605/5055
f 6117/3608/5057 6128/5312/5069 6116/3606/5056
f 6118/3619/5058 6129/5313/5070 6117/3608/5057
f 6131/5314/5071 6118/3619/5058 6119/3609/5059
f 6132/5315/5072 6119/3609/5059 6120/3610/5060
f 6133/5316/5073 6120/3610/5060 6121/3611/5061
f 6134/5317/5074 6121/3611/5061 6122/3612/5062
f 6135/5318/5075 6122/3612/5062 6123/3613/5064
f 6136/5319/5076 6123/3613/5064 6124/3614/5077
f 6138/3616/5078 6125/5309/5065 6126/5310/5067
f 6139/3617/5079 6126/5310/5067 6127/5311/5068
f 6140/3618/5080 6127/5311/5068 6128/5312/5069
f 6141/3620/5081 6128/5312/5069 6129/5313/5070
f 6142/3631/5082 6129/5313/5070 6130/5320/5083
f 6143/3621/5084 6130/5320/5083 6131/5314/5071
f 6132/5315/5072 6143/3621/5084 6131/5314/5071
f 6133/5316/5073 6144/3622/5085 6132/5315/5072
f 6134/5317/5074 6145/3623/5086 6133/5316/5073
f 6135/5318/5075 6146/3624/5087 6134/5317/5074
f 6136/5319/5076 6147/3625/5088 6135/5318/5075
f 6138/3616/5078 6149/5321/5089 6137/3615/5090
f 6139/3617/5079 6150/5322/5091 6138/3616/5078
f 6152/5323/5092 6139/3617/5079 6140/3618/5080
f 6153/5324/5093 6140/3618/5080 6141/3620/5081
f 6154/5325/5094 6141/3620/5081 6142/3631/5082
f 6155/5326/5095 6142/3631/5082 6143/3621/5084
f 6144/3622/5085 6155/5326/5095 6143/3621/5084
f 6145/3623/5086 6156/5327/5096 6144/3622/5085
f 6146/3624/5087 6157/5328/5097 6145/3623/5086
f 6147/3625/5088 6158/5329/5098 6146/3624/5087
f 6160/5330/5099 6147/3625/5088 6148/3626/5100
f 6162/3628/5101 6149/5321/5089 6150/5322/5091
f 6163/3629/5102 6150/5322/5091 6151/5331/5103
f 6164/3630/5104 6151/5331/5103 6152/5323/5092
f 6165/3632/5105 6152/5323/5092 6153/5324/5093
f 6166/3643/5106 6153/5324/5093 6154/5325/5094
f 6167/3633/5107 6154/5325/5094 6155/5326/5095
f 6156/5327/5096 6167/3633/5107 6155/5326/5095
f 6157/5328/5097 6168/3634/5108 6156/5327/5096
f 6158/5329/5098 6169/3635/5109 6157/5328/5097
f 6159/5332/5110 6170/3636/5111 6158/5329/5098
f 6160/5330/5099 6171/3637/5112 6159/5332/5110
f 6174/5333/5113 6161/3627/5114 6162/3628/5101
f 6175/5334/5115 6162/3628/5101 6163/3629/5102
f 6176/5335/5116 6163/3629/5102 6164/3630/5104
f 6177/5336/5117 6164/3630/5104 6165/3632/5105
f 6178/5337/5118 6165/3632/5105 6166/3643/5106
f 6179/5338/5119 6166/3643/5106 6167/3633/5107
f 6168/3634/5108 6179/5338/5119 6167/3633/5107
f 6169/3635/5109 6180/5339/5120 6168/3634/5108
f 6170/3636/5111 6181/5340/5121 6169/3635/5109
f 6171/3637/5112 6182/5341/5122 6170/3636/5111
f 6172/3638/5123 6183/5342/5124 6171/3637/5112
f 6186/3640/5125 6173/5343/5126 6174/5333/5113
f 6187/3641/5127 6174/5333/5113 6175/5334/5115
f 6188/3642/5128 6175/5334/5115 6176/5335/5116
f 6189/3644/5129 6176/5335/5116 6177/5336/5117
f 6190/3655/5130 6177/5336/5117 6178/5337/5118
f 6191/3645/5131 6178/5337/5118 6179/5338/5119
f 6180/5339/5120 6191/3645/5131 6179/5338/5119
f 6181/5340/5121 6192/3646/5132 6180/5339/5120
f 6182/5341/5122 6193/3647/5133 6181/5340/5121
f 6183/5342/5124 6194/3648/5134 6182/5341/5122
f 6184/5344/5135 6195/3649/5136 6183/5342/5124
f 6198/5345/5137 6185/3639/5138 6186/3640/5125
f 6199/5346/5139 6186/3640/5125 6187/3641/5127
f 6200/5347/5140 6187/3641/5127 6188/3642/5128
f 6201/5348/5141 6188/3642/5128 6189/3644/5129
f 6202/5349/5142 6189/3644/5129 6190/3655/5130
f 6203/5350/5143 6190/3655/5130 6191/3645/5131
f 6192/3646/5132 6203/5350/5143 6191/3645/5131
f 6193/3647/5133 6204/5351/5144 6192/3646/5132
f 6194/3648/5134 6205/5352/5145 6193/3647/5133
f 6195/3649/5136 6206/5353/5146 6194/3648/5134
f 6196/3650/5147 6207/5354/5148 6195/3649/5136
f 6210/3652/5149 6197/5355/5150 6198/5345/5137
f 6211/3653/5151 6198/5345/5137 6199/5346/5139
f 6212/3654/5152 6199/5346/5139 6200/5347/5140
f 6213/3656/5153 6200/5347/5140 6201/5348/5141
f 6214/3667/5154 6201/5348/5141 6202/5349/5142
f 6215/3657/5155 6202/5349/5142 6203/5350/5143
f 6204/5351/5144 6215/3657/5155 6203/5350/5143
f 6205/5352/5145 6216/3658/5156 6204/5351/5144
f 6206/5353/5146 6217/3659/5157 6205/5352/5145
f 6207/5354/5148 6218/3660/5158 6206/5353/5146
f 6208/5356/5159 6219/3661/5160 6207/5354/5148
f 6210/3652/5149 6221/5357/5161 6209/3651/5162
f 6211/3653/5151 6222/5358/5163 6210/3652/5149
f 6212/3654/5152 6223/5359/5164 6211/3653/5151
f 6213/3656/5153 6224/5360/5165 6212/3654/5152
f 6214/3667/5154 6225/5361/5166 6213/3656/5153
f 6227/5362/5167 6214/3667/5154 6215/3657/5155
f 6228/5363/5168 6215/3657/5155 6216/3658/5156
f 6229/5364/5169 6216/3658/5156 6217/3659/5157
f 6230/5365/5170 6217/3659/5157 6218/3660/5158
f 6231/5366/5171 6218/3660/5158 6219/3661/5160
f 6232/5367/5172 6219/3661/5160 6220/3662/5173
f 6222/5358/5163 6233/3663/5174 6221/5357/5161
f 6223/5359/5164 6234/3664/5175 6222/5358/5163
f 6224/5360/5165 6235/3665/5176 6223/5359/5164
f 6225/5361/5166 6236/3666/5177 6224/5360/5165
f 6226/5368/5178 6237/3668/5179 6225/5361/5166
f 6239/3669/5180 6226/5368/5178 6227/5362/5167
f 6240/3670/5181 6227/5362/5167 6228/5363/5168
f 6241/3671/5182 6228/5363/5168 6229/5364/5169
f 6242/3672/5183 6229/5364/5169 6230/5365/5170
f 6243/3673/5184 6230/5365/5170 6231/5366/5171
f 6244/3674/5185 6231/5366/5171 6232/5367/5172
f 6234/3664/5175 6245/5369/5186 6233/3663/5174
f 6235/3665/5176 6246/5370/5187 6234/3664/5175
f 6236/3666/5177 6247/5371/5188 6235/3665/5176
f 6237/3668/5179 6248/5372/5189 6236/3666/5177
f 6238/3679/5190 6249/5373/5191 6237/3668/5179
f 6251/5374/5192 6238/3679/5190 6239/3669/5180
f 6252/5375/5193 6239/3669/5180 6240/3670/5181
f 6253/5376/5194 6240/3670/5181 6241/3671/5182
f 6254/5377/5195 6241/3671/5182 6242/3672/5183
f 6255/5378/5196 6242/3672/5183 6243/3673/5184
f 6256/5379/5197 6243/3673/5184 6244/3674/5185
f 6246/5370/5187 6257/3675/5198 6245/5369/5186
f 6247/5371/5188 6258/3676/5199 6246/5370/5187
f 6248/5372/5189 6259/3677/5200 6247/5371/5188
f 6249/5373/5191 6260/3678/5201 6248/5372/5189
f 6250/5380/5202 6261/3680/5203 6249/5373/5191
f 6263/3681/5204 6250/5380/5202 6251/5374/5192
f 6264/3682/5205 6251/5374/5192 6252/5375/5193
f 6265/3683/5206 6252/5375/5193 6253/5376/5194
f 6266/3684/5207 6253/5376/5194 6254/5377/5195
f 6267/3685/5208 6254/5377/5195 6255/5378/5196
f 6268/3686/5209 6255/5378/5196 6256/5379/5197
f 6258/3676/5199 6269/5381/5210 6257/3675/5198
f 6259/3677/5200 6270/5382/5211 6258/3676/5199
f 6260/3678/5201 6271/5383/5212 6259/3677/5200
f 6261/3680/5203 6272/5384/5213 6260/3678/5201
f 6262/3691/5214 6273/5385/5215 6261/3680/5203
f 6275/5386/5216 6262/3691/5214 6263/3681/5204
f 6276/5387/5217 6263/3681/5204 6264/3682/5205
f 6277/5388/5218 6264/3682/5205 6265/3683/5206
f 6278/5389/5219 6265/3683/5206 6266/3684/5207
f 6279/5390/5220 6266/3684/5207 6267/3685/5208
f 6280/5391/5221 6267/3685/5208 6268/3686/5209
f 6270/5382/5211 6281/3687/5222 6269/5381/5210
f 6271/5383/5212 6282/3688/5223 6270/5382/5211
f 6272/5384/5213 6283/3689/5224 6271/5383/5212
f 6273/5385/5215 6284/3690/5225 6272/5384/5213
f 6274/5392/5226 6285/3692/5227 6273/5385/5215
f 6287/3693/5228 6274/5392/5226 6275/5386/5216
f 6288/3694/5229 6275/5386/5216 6276/5387/5217
f 6289/3695/5230 6276/5387/5217 6277/5388/5218
f 6290/3696/5231 6277/5388/5218 6278/5389/5219
f 6291/3697/5232 6278/5389/5219 6279/5390/5220
f 6292/3698/5233 6279/5390/5220 6280/5391/5221
f 6282/3688/5223 6293/5393/5234 6281/3687/5222
f 6283/3689/5224 6294/5394/5235 6282/3688/5223
f 6284/3690/5225 6295/5395/5236 6283/3689/5224
f 6285/3692/5227 6296/5396/5237 6284/3690/5225
f 6286/3703/5238 6297/5397/5239 6285/3692/5227
f 6299/5398/5240 6286/3703/5238 6287/3693/5228
f 6300/5399/5241 6287/3693/5228 6288/3694/5229
f 6301/5400/5242 6288/3694/5229 6289/3695/5230
f 6302/5401/5243 6289/3695/5230 6290/3696/5231
f 6303/5402/5244 6290/3696/5231 6291/3697/5232
f 6304/5403/5245 6291/3697/5232 6292/3698/5233
f 6294/5394/5235 6305/3699/5246 6293/5393/5234
f 6295/5395/5236 6306/3700/5247 6294/5394/5235
f 6296/5396/5237 6307/3701/5248 6295/5395/5236
f 6297/5397/5239 6308/3702/5249 6296/5396/5237
f 6298/5404/5250 6309/3704/5251 6297/5397/5239
f 6311/3705/5252 6298/5404/5250 6299/5398/5240
f 6312/3706/5253 6299/5398/5240 6300/5399/5241
f 6313/3707/5254 6300/5399/5241 6301/5400/5242
f 6314/3708/5255 6301/5400/5242 6302/5401/5243
f 6315/3709/5256 6302/5401/5243 6303/5402/5244
f 6316/3710/5257 6303/5402/5244 6304/5403/5245
f 6306/3700/5247 6317/5405/5258 6305/3699/5246
f 6307/3701/5248 6318/5406/5259 6306/3700/5247
f 6308/3702/5249 6319/5407/5260 6307/3701/5248
f 6309/3704/5251 6320/5408/5261 6308/3702/5249
f 6310/3715/5262 6321/5409/5263 6309/3704/5251
f 6323/5410/5264 6310/3715/5262 6311/3705/5252
f 6324/5411/5265 6311/3705/5252 6312/3706/5253
f 6325/5412/5266 6312/3706/5253 6313/3707/5254
f 6326/5413/5267 6313/3707/5254 6314/3708/5255
f 6327/5414/5268 6314/3708/5255 6315/3709/5256
f 6328/5415/5269 6315/3709/5256 6316/3710/5257
f 6318/5406/5259 6329/3711/5270 6317/5405/5258
f 6319/5407/5260 6330/3712/5271 6318/5406/5259
f 6320/5408/5261 6331/3713/5272 6319/5407/5260
f 6321/5409/5263 6332/3714/5273 6320/5408/5261
f 6322/5416/5274 6333/3716/5275 6321/5409/5263
f 6335/3717/5276 6322/5416/5274 6323/5410/5264
f 6336/3718/5277 6323/5410/5264 6324/5411/5265
f 6337/3719/5278 6324/5411/5265 6325/5412/5266
f 6338/3720/5279 6325/5412/5266 6326/5413/5267
f 6339/3721/5280 6326/5413/5267 6327/5414/5268
f 6340/3722/5281 6327/5414/5268 6328/5415/5269
f 6330/3712/5271 6341/5417/5282 6329/3711/5270
f 6331/3713/5272 6342/5418/5283 6330/3712/5271
f 6332/3714/5273 6343/5419/5284 6331/3713/5272
f 6333/3716/5275 6344/5420/5285 6332/3714/5273
f 6334/3727/5286 6345/5421/5287 6333/3716/5275
f 6347/5422/5288 6334/3727/5286 6335/3717/5276
f 6348/5423/5289 6335/3717/5276 6336/3718/5277
f 6349/5424/5290 6336/3718/5277 6337/3719/5278
f 6350/5425/5291 6337/3719/5278 6338/3720/5279
f 6351/5426/5292 6338/3720/5279 6339/3721/5280
f 6352/5427/5293 6339/3721/5280 6340/3722/5281
f 6342/5418/5283 6353/3723/5294 6341/5417/5282
f 6343/5419/5284 6354/3724/5295 6342/5418/5283
f 6344/5420/5285 6355/3725/5296 6343/5419/5284
f 6345/5421/5287 6356/3726/5297 6344/5420/5285
f 6346/5428/5298 6357/3728/5299 6345/5421/5287
f 6359/3729/5300 6346/5428/5298 6347/5422/5288
f 6360/3730/5301 6347/5422/5288 6348/5423/5289
f 6361/3731/5302 6348/5423/5289 6349/5424/5290
f 6362/3732/5303 6349/5424/5290 6350/5425/5291
f 6363/3733/5304 6350/5425/5291 6351/5426/5292
f 6364/3734/5305 6351/5426/5292 6352/5427/5293
f 6354/3724/5295 6365/5429/5306 6353/3723/5294
f 6355/3725/5296 6366/5430/5307 6354/3724/5295
f 6356/3726/5297 6367/5431/5308 6355/3725/5296
f 6357/3728/5299 6368/5432/5309 6356/3726/5297
f 6358/3739/5310 6369/5433/5311 6357/3728/5299
f 6371/5434/5312 6358/3739/5310 6359/3729/5300
f 6372/5435/5313 6359/3729/5300 6360/3730/5301
f 6373/5436/5314 6360/3730/5301 6361/3731/5302
f 6374/5437/5315 6361/3731/5302 6362/3732/5303
f 6375/5438/5316 6362/3732/5303 6363/3733/5304
f 6376/5439/5317 6363/3733/5304 6364/3734/5305
f 6366/5430/5307 6377/3735/5318 6365/5429/5306
f 6367/5431/5308 6378/3736/5319 6366/5430/5307
f 6368/5432/5309 6379/3737/5320 6367/5431/5308
f 6369/5433/5311 6380/3738/5321 6368/5432/5309
f 6370/5440/5322 6381/3740/5323 6369/5433/5311
f 6383/3741/5324 6370/5440/5322 6371/5434/5312
f 6384/3742/5325 6371/5434/5312 6372/5435/5313
f 6385/3743/5326 6372/5435/5313 6373/5436/5314
f 6386/3744/5327 6373/5436/5314 6374/5437/5315
f 6387/3745/5328 6374/5437/5315 6375/5438/5316
f 6388/3746/5329 6375/5438/5316 6376/5439/5317
f 6378/3736/5319 6389/5441/5330 6377/3735/5318
f 6379/3737/5320 6390/5442/5331 6378/3736/5319
f 6380/3738/5321 6391/5443/5332 6379/3737/5320
f 6381/3740/5323 6392/5444/5333 6380/3738/5321
f 6382/3750/5334 6393/5445/5335 6381/3740/5323
f 6395/5446/5336 6382/3750/5334 6383/3741/5324
f 6396/5447/5337 6383/3741/5324 6384/3742/5325
f 6397/5448/5338 6384/3742/5325 6385/3743/5326
f 6398/5449/5339 6385/3743/5326 6386/3744/5327
f 6399/5450/5340 6386/3744/5327 6387/3745/5328
f 6400/5451/5341 6387/3745/5328 6388/3746/5329
f 6390/5442/5331 6401/3758/5342 6389/5441/5330
f 6391/5443/5332 6402/3747/5343 6390/5442/5331
f 6392/5444/5333 6403/3748/5344 6391/5443/5332
f 6393/5445/5335 6404/3749/5345 6392/5444/5333
f 6394/5452/5346 6405/3751/5347 6393/5445/5335
f 6407/3752/5348 6394/5452/5346 6395/5446/5336
f 6408/3753/5349 6395/5446/5336 6396/5447/5337
f 6409/3754/5350 6396/5447/5337 6397/5448/5338
f 6410/3755/5351 6397/5448/5338 6398/5449/5339
f 6411/3756/5352 6398/5449/5339 6399/5450/5340
f 6412/3768/5353 6399/5450/5340 6400/5451/5341
f 6402/3747/5343 6413/5453/5354 6401/3758/5342
f 6403/3748/5344 6414/5454/5355 6402/3747/5343
f 6404/3749/5345 6415/5455/5356 6403/3748/5344
f 6405/3751/5347 6416/5456/5357 6404/3749/5345
f 6406/3763/5358 6417/5457/5359 6405/3751/5347
f 6419/5458/5360 6406/3763/5358 6407/3752/5348
f 6420/5459/5361 6407/3752/5348 6408/3753/5349
f 6421/5460/5362 6408/3753/5349 6409/3754/5350
f 6422/5461/5363 6409/3754/5350 6410/3755/5351
f 6423/5462/5364 6410/3755/5351 6411/3756/5352
f 6424/5463/5365 6411/3756/5352 6412/3768/5353
f 6414/5454/5355 6425/3770/5366 6413/5453/5354
f 6415/5455/5356 6426/3757/5367 6414/5454/5355
f 6416/5456/5357 6427/3759/5368 6415/5455/5356
f 6417/5457/5359 6428/3760/5369 6416/5456/5357
f 6418/5464/5370 6429/3761/5371 6417/5457/5359
f 6431/3764/5372 6418/5464/5370 6419/5458/5360
f 6432/3765/5373 6419/5458/5360 6420/5459/5361
f 6433/3766/5374 6420/5459/5361 6421/5460/5362
f 6434/3767/5375 6421/5460/5362 6422/5461/5363
f 6435/3769/5376 6422/5461/5363 6423/5462/5364
f 6436/3772/5377 6423/5462/5364 6424/5463/5365
f 6438/5465/5378 6425/3770/5366 6426/3757/5367
f 6439/5466/5379 6426/3757/5367 6427/3759/5368
f 6440/5467/5380 6427/3759/5368 6428/3760/5369
f 6441/5468/5381 6428/3760/5369 6429/3761/5371
f 6442/5469/5382 6429/3761/5371 6430/3762/5383
f 6443/5470/5384 6430/3762/5383 6431/3764/5372
f 6432/3765/5373 6443/5470/5384 6431/3764/5372
f 6433/3766/5374 6444/5471/5385 6432/3765/5373
f 6434/3767/5375 6445/5472/5386 6433/3766/5374
f 6435/3769/5376 6446/5473/5387 6434/3767/5375
f 6436/3772/5377 6447/5474/5388 6435/3769/5376
f 5562/1696/4503 6437/5475/5389 6438/5465/5378
f 5563/1698/4506 6438/5465/5378 6439/5466/5379
f 5564/1699/4508 6439/5466/5379 6440/5467/5380
f 5565/1700/4510 6440/5467/5380 6441/5468/5381
f 5566/1701/4512 6441/5468/5381 6442/5469/5382
f 5567/1702/4515 6442/5469/5382 6443/5470/5384
f 6444/5471/5385 5567/1702/4515 6443/5470/5384
f 6445/5472/5386 5568/1703/4517 6444/5471/5385
f 6446/5473/5387 5569/1704/4519 6445/5472/5386
f 6447/5474/5388 5570/1705/4521 6446/5473/5387
f 6448/5476/5390 5571/1707/4523 6447/5474/5388
f 6462/5477/5391 6449/84/5392 6450/476/5393
f 6463/5478/5394 6450/476/5393 6451/478/5395
f 6464/5479/5396 6451/478/5395 6452/480/5397
f 6465/5480/5398 6452/480/5397 6453/482/5399
f 6466/5481/5400 6453/482/5399 6454/484/5401
f 6467/5482/5402 6454/484/5401 6455/487/5403
f 6456/489/5404 6467/5482/5402 6455/487/5403
f 6457/491/5405 6468/5483/5406 6456/489/5404
f 6458/493/5407 6469/5484/5408 6457/491/5405
f 6459/495/5409 6470/5485/5410 6458/493/5407
f 6460/497/5411 6471/5486/5412 6459/495/5409
f 6474/5487/5413 6461/5488/5414 6462/5477/5391
f 6475/5489/5415 6462/5477/5391 6463/5478/5394
f 6476/5490/5416 6463/5478/5394 6464/5479/5396
f 6477/5491/5417 6464/5479/5396 6465/5480/5398
f 6478/5492/5418 6465/5480/5398 6466/5481/5400
f 6479/5493/5419 6466/5481/5400 6467/5482/5402
f 6468/5483/5406 6479/5493/5419 6467/5482/5402
f 6469/5484/5408 6480/5494/5420 6468/5483/5406
f 6470/5485/5410 6481/5495/5421 6469/5484/5408
f 6471/5486/5412 6482/5496/5422 6470/5485/5410
f 6472/5497/5423 6483/5498/5424 6471/5486/5412
f 6486/5499/5425 6473/5500/5426 6474/5487/5413
f 6487/5501/5427 6474/5487/5413 6475/5489/5415
f 6488/5502/5428 6475/5489/5415 6476/5490/5416
f 6489/5503/5429 6476/5490/5416 6477/5491/5417
f 6490/5504/5430 6477/5491/5417 6478/5492/5418
f 6491/5505/5431 6478/5492/5418 6479/5493/5419
f 6480/5494/5420 6491/5505/5431 6479/5493/5419
f 6481/5495/5421 6492/5506/5432 6480/5494/5420
f 6482/5496/5422 6493/5507/5433 6481/5495/5421
f 6483/5498/5424 6494/5508/5434 6482/5496/5422
f 6484/5509/5435 6495/5510/5436 6483/5498/5424
f 6498/5511/5437 6485/5512/3967 6486/5499/5425
f 6499/5513/5438 6486/5499/5425 6487/5501/5427
f 6500/5514/5439 6487/5501/5427 6488/5502/5428
f 6501/5515/5440 6488/5502/5428 6489/5503/5429
f 6502/5516/5441 6489/5503/5429 6490/5504/5430
f 6503/5517/5442 6490/5504/5430 6491/5505/5431
f 6492/5506/5432 6503/5517/5442 6491/5505/5431
f 6493/5507/5433 6504/5518/5443 6492/5506/5432
f 6494/5508/5434 6505/5519/5444 6493/5507/5433
f 6495/5510/5436 6506/5520/5445 6494/5508/5434
f 6496/5521/3976 6507/5522/5446 6495/5510/5436
f 6510/5523/5447 6497/5524/5448 6498/5511/5437
f 6511/5525/5449 6498/5511/5437 6499/5513/5438
f 6512/5526/5450 6499/5513/5438 6500/5514/5439
f 6513/5527/5451 6500/5514/5439 6501/5515/5440
f 6514/5528/5452 6501/5515/5440 6502/5516/5441
f 6515/5529/5453 6502/5516/5441 6503/5517/5442
f 6504/5518/5443 6515/5529/5453 6503/5517/5442
f 6505/5519/5444 6516/5530/5454 6504/5518/5443
f 6506/5520/5445 6517/5531/5455 6505/5519/5444
f 6507/5522/5446 6518/5532/5456 6506/5520/5445
f 6508/5533/5457 6519/5534/5458 6507/5522/5446
f 6522/5535/5459 6509/5536/5460 6510/5523/5447
f 6523/5537/5461 6510/5523/5447 6511/5525/5449
f 6524/5538/5462 6511/5525/5449 6512/5526/5450
f 6525/5539/5463 6512/5526/5450 6513/5527/5451
f 6526/5540/5464 6513/5527/5451 6514/5528/5452
f 6527/5541/5465 6514/5528/5452 6515/5529/5453
f 6516/5530/5454 6527/5541/5465 6515/5529/5453
f 6517/5531/5455 6528/5542/5466 6516/5530/5454
f 6518/5532/5456 6529/5543/5467 6517/5531/5455
f 6519/5534/5458 6530/5544/5468 6518/5532/5456
f 6520/5545/5469 6531/5546/5470 6519/5534/5458
f 6522/5535/5459 6533/5547/5471 6521/5548/5472
f 6523/5537/5461 6534/5549/5473 6522/5535/5459
f 6524/5538/5462 6535/5550/5474 6523/5537/5461
f 6525/5539/5463 6536/5551/5475 6524/5538/5462
f 6526/5540/5464 6537/5552/5476 6525/5539/5463
f 6539/5553/5477 6526/5540/5464 6527/5541/5465
f 6540/5554/5478 6527/5541/5465 6528/5542/5466
f 6541/5555/5479 6528/5542/5466 6529/5543/5467
f 6542/5556/5480 6529/5543/5467 6530/5544/5468
f 6543/5557/5481 6530/5544/5468 6531/5546/5470
f 6544/5558/5482 6531/5546/5470 6532/5559/5483
f 6534/5549/5473 6545/5560/5484 6533/5547/5471
f 6535/5550/5474 6546/5561/5485 6534/5549/5473
f 6536/5551/5475 6547/5562/5486 6535/5550/5474
f 6537/5552/5476 6548/5563/5487 6536/5551/5475
f 6538/5564/5488 6549/5565/5489 6537/5552/5476
f 6551/5566/5490 6538/5564/5488 6539/5553/5477
f 6552/5567/5491 6539/5553/5477 6540/5554/5478
f 6553/5568/5492 6540/5554/5478 6541/5555/5479
f 6554/5569/5493 6541/5555/5479 6542/5556/5480
f 6555/5570/5494 6542/5556/5480 6543/5557/5481
f 6556/5571/5495 6543/5557/5481 6544/5558/5482
f 6546/5561/5485 6557/5572/5496 6545/5560/5484
f 6547/5562/5486 6558/5573/5497 6546/5561/5485
f 6548/5563/5487 6559/5574/5498 6547/5562/5486
f 6549/5565/5489 6560/5575/5499 6548/5563/5487
f 6550/5576/5500 6561/5577/5501 6549/5565/5489
f 6563/5578/5502 6550/5576/5500 6551/5566/5490
f 6564/5579/5503 6551/5566/5490 6552/5567/5491
f 6565/5580/5504 6552/5567/5491 6553/5568/5492
f 6566/5581/5505 6553/5568/5492 6554/5569/5493
f 6567/5582/5506 6554/5569/5493 6555/5570/5494
f 6568/5583/5507 6555/5570/5494 6556/5571/5495
f 6558/5573/5497 6569/5584/5508 6557/5572/5496
f 6559/5574/5498 6570/5585/5509 6558/5573/5497
f 6560/5575/5499 6571/5586/5510 6559/5574/5498
f 6561/5577/5501 6572/5587/5511 6560/5575/5499
f 6562/5588/5512 6573/5589/5513 6561/5577/5501
f 6575/5590/5514 6562/5588/5512 6563/5578/5502
f 6576/5591/5515 6563/5578/5502 6564/5579/5503
f 6577/5592/5516 6564/5579/5503 6565/5580/5504
f 6578/5593/5517 6565/5580/5504 6566/5581/5505
f 6579/5594/5518 6566/5581/5505 6567/5582/5506
f 6580/5595/5519 6567/5582/5506 6568/5583/5507
f 6570/5585/5509 6581/5596/5520 6569/5584/5508
f 6571/5586/5510 6582/5597/5521 6570/5585/5509
f 6572/5587/5511 6583/5598/5522 6571/5586/5510
f 6573/5589/5513 6584/5599/5523 6572/5587/5511
f 6574/5600/5524 6585/5601/5525 6573/5589/5513
f 6587/5602/5526 6574/5600/5524 6575/5590/5514
f 6588/5603/5527 6575/5590/5514 6576/5591/5515
f 6589/5604/5528 6576/5591/5515 6577/5592/5516
f 6590/5605/5529 6577/5592/5516 6578/5593/5517
f 6591/5606/5530 6578/5593/5517 6579/5594/5518
f 6592/5607/5531 6579/5594/5518 6580/5595/5519
f 6594/5608/5532 6581/5596/5520 6582/5597/5521
f 6595/5609/5533 6582/5597/5521 6583/5598/5522
f 6596/5610/5534 6583/5598/5522 6584/5599/5523
f 6597/5611/5535 6584/5599/5523 6585/5601/5525
f 6598/5612/5536 6585/5601/5525 6586/5613/5537
f 6599/5614/5538 6586/5613/5537 6587/5602/5526
f 6588/5603/5527 6599/5614/5538 6587/5602/5526
f 6589/5604/5528 6600/5615/5539 6588/5603/5527
f 6590/5605/5529 6601/5616/5540 6589/5604/5528
f 6591/5606/5530 6602/5617/5541 6590/5605/5529
f 6592/5607/5531 6603/5618/5542 6591/5606/5530
f 6606/5619/5543 6593/5620/5544 6594/5608/5532
f 6607/5621/5545 6594/5608/5532 6595/5609/5533
f 6608/5622/5546 6595/5609/5533 6596/5610/5534
f 6609/5623/5547 6596/5610/5534 6597/5611/5535
f 6610/5624/5548 6597/5611/5535 6598/5612/5536
f 6611/5625/5549 6598/5612/5536 6599/5614/5538
f 6600/5615/5539 6611/5625/5549 6599/5614/5538
f 6601/5616/5540 6612/5626/5550 6600/5615/5539
f 6602/5617/5541 6613/5627/5551 6601/5616/5540
f 6603/5618/5542 6614/5628/5552 6602/5617/5541
f 6604/5629/5553 6615/5630/5554 6603/5618/5542
f 6618/5631/5555 6605/5632/5556 6606/5619/5543
f 6619/5633/5557 6606/5619/5543 6607/5621/5545
f 6620/5634/5558 6607/5621/5545 6608/5622/5546
f 6621/5635/5559 6608/5622/5546 6609/5623/5547
f 6622/5636/5560 6609/5623/5547 6610/5624/5548
f 6623/5637/5561 6610/5624/5548 6611/5625/5549
f 6612/5626/5550 6623/5637/5561 6611/5625/5549
f 6613/5627/5551 6624/5638/5562 6612/5626/5550
f 6614/5628/5552 6625/5639/5563 6613/5627/5551
f 6615/5630/5554 6626/5640/5564 6614/5628/5552
f 6616/5641/5565 6627/5642/5566 6615/5630/5554
f 6630/5643/5567 6617/5644/5568 6618/5631/5555
f 6631/5645/5569 6618/5631/5555 6619/5633/5557
f 6632/5646/5570 6619/5633/5557 6620/5634/5558
f 6633/5647/5571 6620/5634/5558 6621/5635/5559
f 6634/5648/5572 6621/5635/5559 6622/5636/5560
f 6635/5649/5573 6622/5636/5560 6623/5637/5561
f 6624/5638/5562 6635/5649/5573 6623/5637/5561
f 6625/5639/5563 6636/5650/5574 6624/5638/5562
f 6626/5640/5564 6637/5651/5575 6625/5639/5563
f 6627/5642/5566 6638/5652/5576 6626/5640/5564
f 6628/5653/5577 6639/5654/5578 6627/5642/5566
f 6642/5655/5579 6629/5656/5580 6630/5643/5567
f 6643/5657/5581 6630/5643/5567 6631/5645/5569
f 6644/5658/5582 6631/5645/5569 6632/5646/5570
f 6645/5659/5583 6632/5646/5570 6633/5647/5571
f 6646/5660/5584 6633/5647/5571 6634/5648/5572
f 6647/5661/5585 6634/5648/5572 6635/5649/5573
f 6636/5650/5574 6647/5661/5585 6635/5649/5573
f 6637/5651/5575 6648/5662/5586 6636/5650/5574
f 6638/5652/5576 6649/5663/5587 6637/5651/5575
f 6639/5654/5578 6650/5664/5588 6638/5652/5576
f 6640/5665/5589 6651/5666/5590 6639/5654/5578
f 6642/5655/5579 6653/5667/5591 6641/5668/5592
f 6643/5657/5581 6654/5669/5593 6642/5655/5579
f 6644/5658/5582 6655/5670/5594 6643/5657/5581
f 6645/5659/5583 6656/5671/5595 6644/5658/5582
f 6646/5660/5584 6657/5672/5596 6645/5659/5583
f 6659/5673/5597 6646/5660/5584 6647/5661/5585
f 6660/5674/5598 6647/5661/5585 6648/5662/5586
f 6661/5675/5599 6648/5662/5586 6649/5663/5587
f 6662/5676/5600 6649/5663/5587 6650/5664/5588
f 6663/5677/5601 6650/5664/5588 6651/5666/5590
f 6664/5678/5602 6651/5666/5590 6652/5679/5603
f 6654/5669/5593 6665/5680/5604 6653/5667/5591
f 6655/5670/5594 6666/5681/5605 6654/5669/5593
f 6656/5671/5595 6667/5682/5606 6655/5670/5594
f 6657/5672/5596 6668/5683/5607 6656/5671/5595
f 6658/5684/5608 6669/5685/5609 6657/5672/5596
f 6671/5686/5610 6658/5684/5608 6659/5673/5597
f 6672/5687/5611 6659/5673/5597 6660/5674/5598
f 6673/5688/5612 6660/5674/5598 6661/5675/5599
f 6674/5689/5613 6661/5675/5599 6662/5676/5600
f 6675/5690/5614 6662/5676/5600 6663/5677/5601
f 6676/5691/5615 6663/5677/5601 6664/5678/5602
f 6666/5681/5605 6677/5692/5616 6665/5680/5604
f 6667/5682/5606 6678/5693/5617 6666/5681/5605
f 6668/5683/5607 6679/5694/5618 6667/5682/5606
f 6669/5685/5609 6680/5695/5619 6668/5683/5607
f 6670/5696/5620 6681/5697/5621 6669/5685/5609
f 6683/5698/5622 6670/5696/5620 6671/5686/5610
f 6684/5699/5623 6671/5686/5610 6672/5687/5611
f 6685/5700/5624 6672/5687/5611 6673/5688/5612
f 6686/5701/5625 6673/5688/5612 6674/5689/5613
f 6687/5702/5626 6674/5689/5613 6675/5690/5614
f 6688/5703/5627 6675/5690/5614 6676/5691/5615
f 6678/5693/5617 6689/5704/5628 6677/5692/5616
f 6679/5694/5618 6690/5705/5629 6678/5693/5617
f 6680/5695/5619 6691/5706/5630 6679/5694/5618
f 6681/5697/5621 6692/5707/5631 6680/5695/5619
f 6682/5708/5632 6693/5709/5633 6681/5697/5621
f 6695/5710/5634 6682/5708/5632 6683/5698/5622
f 6696/5711/5635 6683/5698/5622 6684/5699/5623
f 6697/5712/5636 6684/5699/5623 6685/5700/5624
f 6698/5713/5637 6685/5700/5624 6686/5701/5625
f 6699/5714/5638 6686/5701/5625 6687/5702/5626
f 6700/5715/5639 6687/5702/5626 6688/5703/5627
f 6690/5705/5629 6701/5716/5640 6689/5704/5628
f 6691/5706/5630 6702/5717/5641 6690/5705/5629
f 6692/5707/5631 6703/5718/5642 6691/5706/5630
f 6693/5709/5633 6704/5719/5643 6692/5707/5631
f 6694/5720/5644 6705/5721/5645 6693/5709/5633
f 6707/5722/5646 6694/5720/5644 6695/5710/5634
f 6708/5723/5647 6695/5710/5634 6696/5711/5635
f 6709/5724/5648 6696/5711/5635 6697/5712/5636
f 6710/5725/5649 6697/5712/5636 6698/5713/5637
f 6711/5726/5650 6698/5713/5637 6699/5714/5638
f 6712/5727/5651 6699/5714/5638 6700/5715/5639
f 6702/5717/5641 6713/5728/5652 6701/5716/5640
f 6703/5718/5642 6714/5729/5653 6702/5717/5641
f 6704/5719/5643 6715/5730/5654 6703/5718/5642
f 6705/5721/5645 6716/5731/5655 6704/5719/5643
f 6706/5732/5656 6717/5733/5657 6705/5721/5645
f 6719/5734/5658 6706/5732/5656 6707/5722/5646
f 6720/5735/5659 6707/5722/5646 6708/5723/5647
f 6721/5736/5660 6708/5723/5647 6709/5724/5648
f 6722/5737/5661 6709/5724/5648 6710/5725/5649
f 6723/5738/5662 6710/5725/5649 6711/5726/5650
f 6724/5739/5663 6711/5726/5650 6712/5727/5651
f 6726/5740/5664 6713/5728/5652 6714/5729/5653
f 6715/5730/5654 6726/5740/5664 6714/5729/5653
f 6716/5731/5655 6727/5741/5665 6715/5730/5654
f 6717/5733/5657 6728/5742/5666 6716/5731/5655
f 6718/5743/5667 6729/5744/5668 6717/5733/5657
f 6731/5745/5669 6718/5743/5667 6719/5734/5658
f 6732/5746/5670 6719/5734/5658 6720/5735/5659
f 6733/5747/5671 6720/5735/5659 6721/5736/5660
f 6734/5748/5672 6721/5736/5660 6722/5737/5661
f 6723/5738/5662 6734/5748/5672 6722/5737/5661
f 6724/5739/5663 6735/5749/5673 6723/5738/5662
f 6726/5740/5664 6737/5750/5674 6725/5751/5675
f 6727/5741/5665 6738/5752/5676 6726/5740/5664
f 6728/5742/5666 6739/5753/5677 6727/5741/5665
f 6729/5744/5668 6740/5754/5678 6728/5742/5666
f 6730/5755/5679 6741/5756/5680 6729/5744/5668
f 6743/5757/5681 6730/5755/5679 6731/5745/5669
f 6744/5758/5682 6731/5745/5669 6732/5746/5670
f 6745/5759/5683 6732/5746/5670 6733/5747/5671
f 6746/5760/5684 6733/5747/5671 6734/5748/5672
f 6747/5761/5685 6734/5748/5672 6735/5749/5673
f 6748/5762/5686 6735/5749/5673 6736/5763/5687
f 6738/5752/5676 6449/48/5392 6737/5750/5674
f 6739/5753/5677 6450/1696/5393 6738/5752/5676
f 6452/1699/5397 6739/5753/5677 6740/5754/5678
f 6453/1700/5399 6740/5754/5678 6741/5756/5680
f 6454/1701/5401 6741/5756/5680 6742/5764/5688
f 6455/1702/5403 6742/5764/5688 6743/5757/5681
f 6744/5758/5682 6455/1702/5403 6743/5757/5681
f 6745/5759/5683 6456/1703/5404 6744/5758/5682
f 6746/5760/5684 6457/1704/5405 6745/5759/5683
f 6747/5761/5685 6458/1705/5407 6746/5760/5684
f 6460/3771/5411 6747/5761/5685 6748/5762/5686
f 966/476/3 978/479/7 977/477/4
f 967/478/6 979/481/9 978/479/7
f 968/480/8 980/483/11 979/481/9
f 969/482/10 981/485/13 980/483/11
f 970/484/12 982/502/30 981/485/13
f 983/486/14 982/502/30 970/484/12
f 984/488/16 983/486/14 971/487/15
f 985/490/18 984/488/16 972/489/17
f 986/492/20 985/490/18 973/491/19
f 987/494/22 986/492/20 974/493/21
f 988/496/24 987/494/22 975/495/23
f 978/479/7 990/499/27 989/498/26
f 979/481/9 991/500/28 990/499/27
f 980/483/11 992/501/29 991/500/28
f 981/485/13 993/503/31 992/501/29
f 982/502/30 994/514/42 993/503/31
f 995/504/32 994/514/42 982/502/30
f 996/505/33 995/504/32 983/486/14
f 997/506/34 996/505/33 984/488/16
f 998/507/35 997/506/34 985/490/18
f 999/508/36 998/507/35 986/492/20
f 1000/509/37 999/508/36 987/494/22
f 990/499/27 1002/511/39 1001/510/38
f 991/500/28 1003/512/40 1002/511/39
f 992/501/29 1004/513/41 1003/512/40
f 993/503/31 1005/515/43 1004/513/41
f 994/514/42 1006/526/54 1005/515/43
f 1007/516/44 1006/526/54 994/514/42
f 1008/517/45 1007/516/44 995/504/32
f 1009/518/46 1008/517/45 996/505/33
f 1010/519/47 1009/518/46 997/506/34
f 1011/520/48 1010/519/47 998/507/35
f 1012/521/49 1011/520/48 999/508/36
f 1002/511/39 1014/523/51 1013/522/50
f 1003/512/40 1015/524/52 1014/523/51
f 1004/513/41 1016/525/53 1015/524/52
f 1005/515/43 1017/527/55 1016/525/53
f 1006/526/54 1018/538/66 1017/527/55
f 1019/528/56 1018/538/66 1006/526/54
f 1020/529/57 1019/528/56 1007/516/44
f 1021/530/58 1020/529/57 1008/517/45
f 1022/531/59 1021/530/58 1009/518/46
f 1023/532/60 1022/531/59 1010/519/47
f 1024/533/61 1023/532/60 1011/520/48
f 1014/523/51 1026/535/63 1025/534/62
f 1015/524/52 1027/536/64 1026/535/63
f 1016/525/53 1028/537/65 1027/536/64
f 1017/527/55 1029/539/67 1028/537/65
f 1018/538/66 1030/551/79 1029/539/67
f 1031/540/68 1030/551/79 1018/538/66
f 1032/541/69 1031/540/68 1019/528/56
f 1033/542/70 1032/541/69 1020/529/57
f 1034/543/71 1033/542/70 1021/530/58
f 1035/544/72 1034/543/71 1022/531/59
f 1036/545/73 1035/544/72 1023/532/60
f 1038/546/74 1037/558/86 1025/534/62
f 1039/547/75 1038/546/74 1026/535/63
f 1040/548/76 1039/547/75 1027/536/64
f 1041/549/77 1040/548/76 1028/537/65
f 1042/550/78 1041/549/77 1029/539/67
f 1043/552/80 1042/550/78 1030/551/79
f 1032/541/69 1044/553/81 1043/552/80
f 1033/542/70 1045/554/82 1044/553/81
f 1034/543/71 1046/555/83 1045/554/82
f 1035/544/72 1047/556/84 1046/555/83
f 1036/545/73 1048/567/95 1047/556/84
f 1050/557/85 1049/570/98 1037/558/86
f 1051/559/87 1050/557/85 1038/546/74
f 1052/560/88 1051/559/87 1039/547/75
f 1053/561/89 1052/560/88 1040/548/76
f 1054/562/90 1053/561/89 1041/549/77
f 1055/563/91 1054/562/90 1042/550/78
f 1044/553/81 1056/564/92 1055/563/91
f 1045/554/82 1057/565/93 1056/564/92
f 1046/555/83 1058/566/94 1057/565/93
f 1047/556/84 1059/568/96 1058/566/94
f 1048/567/95 1060/579/107 1059/568/96
f 1062/569/97 1061/582/110 1049/570/98
f 1063/571/99 1062/569/97 1050/557/85
f 1064/572/100 1063/571/99 1051/559/87
f 1065/573/101 1064/572/100 1052/560/88
f 1066/574/102 1065/573/101 1053/561/89
f 1067/575/103 1066/574/102 1054/562/90
f 1056/564/92 1068/576/104 1067/575/103
f 1057/565/93 1069/577/105 1068/576/104
f 1058/566/94 1070/578/106 1069/577/105
f 1059/568/96 1071/580/108 1070/578/106
f 1060/579/107 1072/591/119 1071/580/108
f 1074/581/109 1073/594/122 1061/582/110
f 1075/583/111 1074/581/109 1062/569/97
f 1076/584/112 1075/583/111 1063/571/99
f 1077/585/113 1076/584/112 1064/572/100
f 1078/586/114 1077/585/113 1065/573/101
f 1079/587/115 1078/586/114 1066/574/102
f 1068/576/104 1080/588/116 1079/587/115
f 1069/577/105 1081/589/117 1080/588/116
f 1070/578/106 1082/590/118 1081/589/117
f 1071/580/108 1083/592/120 1082/590/118
f 1072/591/119 1084/603/131 1083/592/120
f 1086/593/121 1085/606/134 1073/594/122
f 1087/595/123 1086/593/121 1074/581/109
f 1088/596/124 1087/595/123 1075/583/111
f 1089/597/125 1088/596/124 1076/584/112
f 1090/598/126 1089/597/125 1077/585/113
f 1091/599/127 1090/598/126 1078/586/114
f 1080/588/116 1092/600/128 1091/599/127
f 1081/589/117 1093/601/129 1092/600/128
f 1082/590/118 1094/602/130 1093/601/129
f 1083/592/120 1095/604/132 1094/602/130
f 1084/603/131 1096/617/145 1095/604/132
f 1086/593/121 1098/607/135 1097/605/133
f 1087/595/123 1099/608/136 1098/607/135
f 1088/596/124 1100/609/137 1099/608/136
f 1089/597/125 1101/610/138 1100/609/137
f 1090/598/126 1102/622/150 1101/610/138
f 1103/611/139 1102/622/150 1090/598/126
f 1104/612/140 1103/611/139 1091/599/127
f 1105/613/141 1104/612/140 1092/600/128
f 1106/614/142 1105/613/141 1093/601/129
f 1107/615/143 1106/614/142 1094/602/130
f 1108/616/144 1107/615/143 1095/604/132
f 1098/607/135 1110/619/147 1109/618/146
f 1099/608/136 1111/620/148 1110/619/147
f 1100/609/137 1112/621/149 1111/620/148
f 1101/610/138 1113/623/151 1112/621/149
f 1102/622/150 1114/634/162 1113/623/151
f 1115/624/152 1114/634/162 1102/622/150
f 1116/625/153 1115/624/152 1103/611/139
f 1117/626/154 1116/625/153 1104/612/140
f 1118/627/155 1117/626/154 1105/613/141
f 1119/628/156 1118/627/155 1106/614/142
f 1120/629/157 1119/628/156 1107/615/143
f 1110/619/147 1122/631/159 1121/630/158
f 1111/620/148 1123/632/160 1122/631/159
f 1112/621/149 1124/633/161 1123/632/160
f 1113/623/151 1125/635/163 1124/633/161
f 1114/634/162 1126/646/174 1125/635/163
f 1127/636/164 1126/646/174 1114/634/162
f 1128/637/165 1127/636/164 1115/624/152
f 1129/638/166 1128/637/165 1116/625/153
f 1130/639/167 1129/638/166 1117/626/154
f 1131/640/168 1130/639/167 1118/627/155
f 1132/641/169 1131/640/168 1119/628/156
f 1122/631/159 1134/643/171 1133/642/170
f 1123/632/160 1135/644/172 1134/643/171
f 1124/633/161 1136/645/173 1135/644/172
f 1125/635/163 1137/647/175 1136/645/173
f 1126/646/174 1138/658/186 1137/647/175
f 1139/648/176 1138/658/186 1126/646/174
f 1140/649/177 1139/648/176 1127/636/164
f 1141/650/178 1140/649/177 1128/637/165
f 1142/651/179 1141/650/178 1129/638/166
f 1143/652/180 1142/651/179 1130/639/167
f 1144/653/181 1143/652/180 1131/640/168
f 1134/643/171 1146/655/183 1145/654/182
f 1135/644/172 1147/656/184 1146/655/183
f 1136/645/173 1148/657/185 1147/656/184
f 1137/647/175 1149/659/187 1148/657/185
f 1138/658/186 1150/670/198 1149/659/187
f 1151/660/188 1150/670/198 1138/658/186
f 1152/661/189 1151/660/188 1139/648/176
f 1153/662/190 1152/661/189 1140/649/177
f 1154/663/191 1153/662/190 1141/650/178
f 1155/664/192 1154/663/191 1142/651/179
f 1156/665/193 1155/664/192 1143/652/180
f 1146/655/183 1158/667/195 1157/666/194
f 1147/656/184 1159/668/196 1158/667/195
f 1148/657/185 1160/669/197 1159/668/196
f 1149/659/187 1161/671/199 1160/669/197
f 1150/670/198 1162/682/210 1161/671/199
f 1163/672/200 1162/682/210 1150/670/198
f 1164/673/201 1163/672/200 1151/660/188
f 1165/674/202 1164/673/201 1152/661/189
f 1166/675/203 1165/674/202 1153/662/190
f 1167/676/204 1166/675/203 1154/663/191
f 1168/677/205 1167/676/204 1155/664/192
f 1158/667/195 1170/679/207 1169/678/206
f 1159/668/196 1171/680/208 1170/679/207
f 1160/669/197 1172/681/209 1171/680/208
f 1161/671/199 1173/683/211 1172/681/209
f 1162/682/210 1174/694/222 1173/683/211
f 1175/684/212 1174/694/222 1162/682/210
f 1176/685/213 1175/684/212 1163/672/200
f 1177/686/214 1176/685/213 1164/673/201
f 1178/687/215 1177/686/214 1165/674/202
f 1179/688/216 1178/687/215 1166/675/203
f 1180/689/217 1179/688/216 1167/676/204
f 1170/679/207 1182/691/219 1181/690/218
f 1171/680/208 1183/692/220 1182/691/219
f 1172/681/209 1184/693/221 1183/692/220
f 1173/683/211 1185/695/223 1184/693/221
f 1174/694/222 1186/706/234 1185/695/223
f 1187/696/224 1186/706/234 1174/694/222
f 1188/697/225 1187/696/224 1175/684/212
f 1189/698/226 1188/697/225 1176/685/213
f 1190/699/227 1189/698/226 1177/686/214
f 1191/700/228 1190/699/227 1178/687/215
f 1192/701/229 1191/700/228 1179/688/216
f 1182/691/219 1194/703/231 1193/702/230
f 1183/692/220 1195/704/232 1194/703/231
f 1184/693/221 1196/705/233 1195/704/232
f 1185/695/223 1197/707/235 1196/705/233
f 1186/706/234 1198/719/247 1197/707/235
f 1199/708/236 1198/719/247 1186/706/234
f 1200/709/237 1199/708/236 1187/696/224
f 1201/710/238 1200/709/237 1188/697/225
f 1202/711/239 1201/710/238 1189/698/226
f 1203/712/240 1202/711/239 1190/699/227
f 1204/713/241 1203/712/240 1191/700/228
f 1206/714/242 1205/726/254 1193/702/230
f 1207/715/243 1206/714/242 1194/703/231
f 1208/716/244 1207/715/243 1195/704/232
f 1209/717/245 1208/716/244 1196/705/233
f 1210/718/246 1209/717/245 1197/707/235
f 1211/720/248 1210/718/246 1198/719/247
f 1200/709/237 1212/721/249 1211/720/248
f 1201/710/238 1213/722/250 1212/721/249
f 1202/711/239 1214/723/251 1213/722/250
f 1203/712/240 1215/724/252 1214/723/251
f 1204/713/241 1216/735/263 1215/724/252
f 1218/725/253 1217/738/266 1205/726/254
f 1219/727/255 1218/725/253 1206/714/242
f 1220/728/256 1219/727/255 1207/715/243
f 1221/729/257 1220/728/256 1208/716/244
f 1222/730/258 1221/729/257 1209/717/245
f 1223/731/259 1222/730/258 1210/718/246
f 1212/721/249 1224/732/260 1223/731/259
f 1213/722/250 1225/733/261 1224/732/260
f 1214/723/251 1226/734/262 1225/733/261
f 1215/724/252 1227/736/264 1226/734/262
f 1216/735/263 1228/747/275 1227/736/264
f 1230/737/265 1229/750/278 1217/738/266
f 1231/739/267 1230/737/265 1218/725/253
f 1232/740/268 1231/739/267 1219/727/255
f 1233/741/269 1232/740/268 1220/728/256
f 1234/742/270 1233/741/269 1221/729/257
f 1235/743/271 1234/742/270 1222/730/258
f 1224/732/260 1236/744/272 1235/743/271
f 1225/733/261 1237/745/273 1236/744/272
f 1226/734/262 1238/746/274 1237/745/273
f 1227/736/264 1239/748/276 1238/746/274
f 1228/747/275 1240/759/287 1239/748/276
f 1242/749/277 1241/762/290 1229/750/278
f 1243/751/279 1242/749/277 1230/737/265
f 1244/752/280 1243/751/279 1231/739/267
f 1245/753/281 1244/752/280 1232/740/268
f 1246/754/282 1245/753/281 1233/741/269
f 1247/755/283 1246/754/282 1234/742/270
f 1236/744/272 1248/756/284 1247/755/283
f 1237/745/273 1249/757/285 1248/756/284
f 1238/746/274 1250/758/286 1249/757/285
f 1239/748/276 1251/760/288 1250/758/286
f 1240/759/287 1252/773/301 1251/760/288
f 1242/749/277 1254/763/291 1253/761/289
f 1243/751/279 1255/764/292 1254/763/291
f 1244/752/280 1256/765/293 1255/764/292
f 1245/753/281 1257/766/294 1256/765/293
f 1246/754/282 1258/778/306 1257/766/294
f 1259/767/295 1258/778/306 1246/754/282
f 1260/768/296 1259/767/295 1247/755/283
f 1261/769/297 1260/768/296 1248/756/284
f 1262/770/298 1261/769/297 1249/757/285
f 1263/771/299 1262/770/298 1250/758/286
f 1264/772/300 1263/771/299 1251/760/288
f 1254/763/291 1266/775/303 1265/774/302
f 1255/764/292 1267/776/304 1266/775/303
f 1256/765/293 1268/777/305 1267/776/304
f 1257/766/294 1269/779/307 1268/777/305
f 1258/778/306 1270/790/318 1269/779/307
f 1271/780/308 1270/790/318 1258/778/306
f 1272/781/309 1271/780/308 1259/767/295
f 1273/782/310 1272/781/309 1260/768/296
f 1274/783/311 1273/782/310 1261/769/297
f 1275/784/312 1274/783/311 1262/770/298
f 1276/785/313 1275/784/312 1263/771/299
f 1266/775/303 1278/787/315 1277/786/314
f 1267/776/304 1279/788/316 1278/787/315
f 1268/777/305 1280/789/317 1279/788/316
f 1269/779/307 1281/791/319 1280/789/317
f 1270/790/318 1282/803/331 1281/791/319
f 1283/792/320 1282/803/331 1270/790/318
f 1284/793/321 1283/792/320 1271/780/308
f 1285/794/322 1284/793/321 1272/781/309
f 1286/795/323 1285/794/322 1273/782/310
f 1287/796/324 1286/795/323 1274/783/311
f 1288/797/325 1287/796/324 1275/784/312
f 1290/798/326 1289/810/338 1277/786/314
f 1291/799/327 1290/798/326 1278/787/315
f 1292/800/328 1291/799/327 1279/788/316
f 1293/801/329 1292/800/328 1280/789/317
f 1294/802/330 1293/801/329 1281/791/319
f 1295/804/332 1294/802/330 1282/803/331
f 1284/793/321 1296/805/333 1295/804/332
f 1285/794/322 1297/806/334 1296/805/333
f 1286/795/323 1298/807/335 1297/806/334
f 1287/796/324 1299/808/336 1298/807/335
f 1288/797/325 1300/819/347 1299/808/336
f 1302/809/337 1301/822/350 1289/810/338
f 1303/811/339 1302/809/337 1290/798/326
f 1304/812/340 1303/811/339 1291/799/327
f 1305/813/341 1304/812/340 1292/800/328
f 1306/814/342 1305/813/341 1293/801/329
f 1307/815/343 1306/814/342 1294/802/330
f 1296/805/333 1308/816/344 1307/815/343
f 1297/806/334 1309/817/345 1308/816/344
f 1298/807/335 1310/818/346 1309/817/345
f 1299/808/336 1311/820/348 1310/818/346
f 1300/819/347 1312/831/359 1311/820/348
f 1314/821/349 1313/834/362 1301/822/350
f 1315/823/351 1314/821/349 1302/809/337
f 1316/824/352 1315/823/351 1303/811/339
f 1317/825/353 1316/824/352 1304/812/340
f 1318/826/354 1317/825/353 1305/813/341
f 1319/827/355 1318/826/354 1306/814/342
f 1308/816/344 1320/828/356 1319/827/355
f 1309/817/345 1321/829/357 1320/828/356
f 1310/818/346 1322/830/358 1321/829/357
f 1311/820/348 1323/832/360 1322/830/358
f 1312/831/359 1324/843/371 1323/832/360
f 1326/833/361 1325/846/374 1313/834/362
f 1327/835/363 1326/833/361 1314/821/349
f 1328/836/364 1327/835/363 1315/823/351
f 1329/837/365 1328/836/364 1316/824/352
f 1330/838/366 1329/837/365 1317/825/353
f 1331/839/367 1330/838/366 1318/826/354
f 1320/828/356 1332/840/368 1331/839/367
f 1321/829/357 1333/841/369 1332/840/368
f 1322/830/358 1334/842/370 1333/841/369
f 1323/832/360 1335/844/372 1334/842/370
f 1324/843/371 1336/855/383 1335/844/372
f 1338/845/373 1337/858/386 1325/846/374
f 1339/847/375 1338/845/373 1326/833/361
f 1340/848/376 1339/847/375 1327/835/363
f 1341/849/377 1340/848/376 1328/836/364
f 1342/850/378 1341/849/377 1329/837/365
f 1343/851/379 1342/850/378 1330/838/366
f 1332/840/368 1344/852/380 1343/851/379
f 1333/841/369 1345/853/381 1344/852/380
f 1334/842/370 1346/854/382 1345/853/381
f 1335/844/372 1347/856/384 1346/854/382
f 1336/855/383 1348/867/395 1347/856/384
f 1350/857/385 1349/870/398 1337/858/386
f 1351/859/387 1350/857/385 1338/845/373
f 1352/860/388 1351/859/387 1339/847/375
f 1353/861/389 1352/860/388 1340/848/376
f 1354/862/390 1353/861/389 1341/849/377
f 1355/863/391 1354/862/390 1342/850/378
f 1344/852/380 1356/864/392 1355/863/391
f 1345/853/381 1357/865/393 1356/864/392
f 1346/854/382 1358/866/394 1357/865/393
f 1347/856/384 1359/868/396 1358/866/394
f 1348/867/395 1360/879/407 1359/868/396
f 1362/869/397 1361/882/410 1349/870/398
f 1363/871/399 1362/869/397 1350/857/385
f 1364/872/400 1363/871/399 1351/859/387
f 1365/873/401 1364/872/400 1352/860/388
f 1366/874/402 1365/873/401 1353/861/389
f 1367/875/403 1366/874/402 1354/862/390
f 1356/864/392 1368/876/404 1367/875/403
f 1357/865/393 1369/877/405 1368/876/404
f 1358/866/394 1370/878/406 1369/877/405
f 1359/868/396 1371/880/408 1370/878/406
f 1360/879/407 1372/891/419 1371/880/408
f 1374/881/409 1373/894/422 1361/882/410
f 1375/883/411 1374/881/409 1362/869/397
f 1376/884/412 1375/883/411 1363/871/399
f 1377/885/413 1376/884/412 1364/872/400
f 1378/886/414 1377/885/413 1365/873/401
f 1379/887/415 1378/886/414 1366/874/402
f 1368/876/404 1380/888/416 1379/887/415
f 1369/877/405 1381/889/417 1380/888/416
f 1370/878/406 1382/890/418 1381/889/417
f 1371/880/408 1383/892/420 1382/890/418
f 1372/891/419 1384/903/431 1383/892/420
f 1386/893/421 1385/906/434 1373/894/422
f 1387/895/423 1386/893/421 1374/881/409
f 1388/896/424 1387/895/423 1375/883/411
f 1389/897/425 1388/896/424 1376/884/412
f 1390/898/426 1389/897/425 1377/885/413
f 1391/899/427 1390/898/426 1378/886/414
f 1380/888/416 1392/900/428 1391/899/427
f 1381/889/417 1393/901/429 1392/900/428
f 1382/890/418 1394/902/430 1393/901/429
f 1383/892/420 1395/904/432 1394/902/430
f 1384/903/431 1396/915/443 1395/904/432
f 1398/905/433 1397/918/446 1385/906/434
f 1399/907/435 1398/905/433 1386/893/421
f 1400/908/436 1399/907/435 1387/895/423
f 1401/909/437 1400/908/436 1388/896/424
f 1402/910/438 1401/909/437 1389/897/425
f 1403/911/439 1402/910/438 1390/898/426
f 1392/900/428 1404/912/440 1403/911/439
f 1393/901/429 1405/913/441 1404/912/440
f 1394/902/430 1406/914/442 1405/913/441
f 1395/904/432 1407/916/444 1406/914/442
f 1396/915/443 1408/929/457 1407/916/444
f 1398/905/433 1410/919/447 1409/917/445
f 1399/907/435 1411/920/448 1410/919/447
f 1400/908/436 1412/921/449 1411/920/448
f 1401/909/437 1413/922/450 1412/921/449
f 1402/910/438 1414/934/462 1413/922/450
f 1415/923/451 1414/934/462 1402/910/438
f 1416/924/452 1415/923/451 1403/911/439
f 1417/925/453 1416/924/452 1404/912/440
f 1418/926/454 1417/925/453 1405/913/441
f 1419/927/455 1418/926/454 1406/914/442
f 1420/928/456 1419/927/455 1407/916/444
f 1410/919/447 1422/931/459 1421/930/458
f 1411/920/448 1423/932/460 1422/931/459
f 1412/921/449 1424/933/461 1423/932/460
f 1413/922/450 1425/935/463 1424/933/461
f 1414/934/462 1426/946/474 1425/935/463
f 1427/936/464 1426/946/474 1414/934/462
f 1428/937/465 1427/936/464 1415/923/451
f 1429/938/466 1428/937/465 1416/924/452
f 1430/939/467 1429/938/466 1417/925/453
f 1431/940/468 1430/939/467 1418/926/454
f 1432/941/469 1431/940/468 1419/927/455
f 1422/931/459 1434/943/471 1433/942/470
f 1423/932/460 1435/944/472 1434/943/471
f 1424/933/461 1436/945/473 1435/944/472
f 1425/935/463 1437/947/475 1436/945/473
f 1426/946/474 1438/959/487 1437/947/475
f 1439/948/476 1438/959/487 1426/946/474
f 1440/949/477 1439/948/476 1427/936/464
f 1441/950/478 1440/949/477 1428/937/465
f 1442/951/479 1441/950/478 1429/938/466
f 1443/952/480 1442/951/479 1430/939/467
f 1444/953/481 1443/952/480 1431/940/468
f 1446/954/482 1445/966/494 1433/942/470
f 1447/955/483 1446/954/482 1434/943/471
f 1448/956/484 1447/955/483 1435/944/472
f 1449/957/485 1448/956/484 1436/945/473
f 1450/958/486 1449/957/485 1437/947/475
f 1451/960/488 1450/958/486 1438/959/487
f 1440/949/477 1452/961/489 1451/960/488
f 1441/950/478 1453/962/490 1452/961/489
f 1442/951/479 1454/963/491 1453/962/490
f 1443/952/480 1455/964/492 1454/963/491
f 1444/953/481 1456/975/503 1455/964/492
f 1458/965/493 1457/978/506 1445/966/494
f 1459/967/495 1458/965/493 1446/954/482
f 1460/968/496 1459/967/495 1447/955/483
f 1461/969/497 1460/968/496 1448/956/484
f 1462/970/498 1461/969/497 1449/957/485
f 1463/971/499 1462/970/498 1450/958/486
f 1452/961/489 1464/972/500 1463/971/499
f 1453/962/490 1465/973/501 1464/972/500
f 1454/963/491 1466/974/502 1465/973/501
f 1455/964/492 1467/976/504 1466/974/502
f 1456/975/503 1468/987/515 1467/976/504
f 1470/977/505 1469/990/518 1457/978/506
f 1471/979/507 1470/977/505 1458/965/493
f 1472/980/508 1471/979/507 1459/967/495
f 1473/981/509 1472/980/508 1460/968/496
f 1474/982/510 1473/981/509 1461/969/497
f 1475/983/511 1474/982/510 1462/970/498
f 1464/972/500 1476/984/512 1475/983/511
f 1465/973/501 1477/985/513 1476/984/512
f 1466/974/502 1478/986/514 1477/985/513
f 1467/976/504 1479/988/516 1478/986/514
f 1468/987/515 1480/999/527 1479/988/516
f 1482/989/517 1481/1002/530 1469/990/518
f 1483/991/519 1482/989/517 1470/977/505
f 1484/992/520 1483/991/519 1471/979/507
f 1485/993/521 1484/992/520 1472/980/508
f 1486/994/522 1485/993/521 1473/981/509
f 1487/995/523 1486/994/522 1474/982/510
f 1476/984/512 1488/996/524 1487/995/523
f 1477/985/513 1489/997/525 1488/996/524
f 1478/986/514 1490/998/526 1489/997/525
f 1479/988/516 1491/1000/528 1490/998/526
f 1480/999/527 1492/1011/539 1491/1000/528
f 1494/1001/529 1493/1014/542 1481/1002/530
f 1495/1003/531 1494/1001/529 1482/989/517
f 1496/1004/532 1495/1003/531 1483/991/519
f 1497/1005/533 1496/1004/532 1484/992/520
f 1498/1006/534 1497/1005/533 1485/993/521
f 1499/1007/535 1498/1006/534 1486/994/522
f 1488/996/524 1500/1008/536 1499/1007/535
f 1489/997/525 1501/1009/537 1500/1008/536
f 1490/998/526 1502/1010/538 1501/1009/537
f 1491/1000/528 1503/1012/540 1502/1010/538
f 1492/1011/539 1504/1023/551 1503/1012/540
f 1506/1013/541 1505/1026/554 1493/1014/542
f 1507/1015/543 1506/1013/541 1494/1001/529
f 1508/1016/544 1507/1015/543 1495/1003/531
f 1509/1017/545 1508/1016/544 1496/1004/532
f 1510/1018/546 1509/1017/545 1497/1005/533
f 1511/1019/547 1510/1018/546 1498/1006/534
f 1500/1008/536 1512/1020/548 1511/1019/547
f 1501/1009/537 1513/1021/549 1512/1020/548
f 1502/1010/538 1514/1022/550 1513/1021/549
f 1503/1012/540 1515/1024/552 1514/1022/550
f 1504/1023/551 1516/1035/563 1515/1024/552
f 1518/1025/553 1517/1038/566 1505/1026/554
f 1519/1027/555 1518/1025/553 1506/1013/541
f 1520/1028/556 1519/1027/555 1507/1015/543
f 1521/1029/557 1520/1028/556 1508/1016/544
f 1522/1030/558 1521/1029/557 1509/1017/545
f 1523/1031/559 1522/1030/558 1510/1018/546
f 1512/1020/548 1524/1032/560 1523/1031/559
f 1513/1021/549 1525/1033/561 1524/1032/560
f 1514/1022/550 1526/1034/562 1525/1033/561
f 1515/1024/552 1527/1036/564 1526/1034/562
f 1516/1035/563 1528/1049/577 1527/1036/564
f 1518/1025/553 1530/1039/567 1529/1037/565
f 1519/1027/555 1531/1040/568 1530/1039/567
f 1520/1028/556 1532/1041/569 1531/1040/568
f 1521/1029/557 1533/1042/570 1532/1041/569
f 1522/1030/558 1534/1054/582 1533/1042/570
f 1535/1043/571 1534/1054/582 1522/1030/558
f 1536/1044/572 1535/1043/571 1523/1031/559
f 1537/1045/573 1536/1044/572 1524/1032/560
f 1538/1046/574 1537/1045/573 1525/1033/561
f 1539/1047/575 1538/1046/574 1526/1034/562
f 1540/1048/576 1539/1047/575 1527/1036/564
f 1530/1039/567 1542/1051/579 1541/1050/578
f 1531/1040/568 1543/1052/580 1542/1051/579
f 1532/1041/569 1544/1053/581 1543/1052/580
f 1533/1042/570 1545/1055/583 1544/1053/581
f 1534/1054/582 1546/1067/595 1545/1055/583
f 1547/1056/584 1546/1067/595 1534/1054/582
f 1548/1057/585 1547/1056/584 1535/1043/571
f 1549/1058/586 1548/1057/585 1536/1044/572
f 1550/1059/587 1549/1058/586 1537/1045/573
f 1551/1060/588 1550/1059/587 1538/1046/574
f 1552/1061/589 1551/1060/588 1539/1047/575
f 1554/1062/590 1553/1074/602 1541/1050/578
f 1555/1063/591 1554/1062/590 1542/1051/579
f 1556/1064/592 1555/1063/591 1543/1052/580
f 1557/1065/593 1556/1064/592 1544/1053/581
f 1558/1066/594 1557/1065/593 1545/1055/583
f 1559/1068/596 1558/1066/594 1546/1067/595
f 1548/1057/585 1560/1069/597 1559/1068/596
f 1549/1058/586 1561/1070/598 1560/1069/597
f 1550/1059/587 1562/1071/599 1561/1070/598
f 1551/1060/588 1563/1072/600 1562/1071/599
f 1552/1061/589 1564/1083/611 1563/1072/600
f 1566/1073/601 1565/1086/614 1553/1074/602
f 1567/1075/603 1566/1073/601 1554/1062/590
f 1568/1076/604 1567/1075/603 1555/1063/591
f 1569/1077/605 1568/1076/604 1556/1064/592
f 1570/1078/606 1569/1077/605 1557/1065/593
f 1571/1079/607 1570/1078/606 1558/1066/594
f 1560/1069/597 1572/1080/608 1571/1079/607
f 1561/1070/598 1573/1081/609 1572/1080/608
f 1562/1071/599 1574/1082/610 1573/1081/609
f 1563/1072/600 1575/1084/612 1574/1082/610
f 1564/1083/611 1576/1095/623 1575/1084/612
f 1578/1085/613 1577/53/626 1565/1086/614
f 1579/1087/615 1578/1085/613 1566/1073/601
f 1580/1088/616 1579/1087/615 1567/1075/603
f 1581/1089/617 1580/1088/616 1568/1076/604
f 1582/1090/618 1581/1089/617 1569/1077/605
f 1583/1091/619 1582/1090/618 1570/1078/606
f 1572/1080/608 1584/1092/620 1583/1091/619
f 1573/1081/609 1585/1093/621 1584/1092/620
f 1574/1082/610 1586/1094/622 1585/1093/621
f 1575/1084/612 1587/1096/624 1586/1094/622
f 1576/1095/623 1588/1106/635 1587/1096/624
f 1590/1097/625 1589/1109/638 1577/53/626
f 1591/1098/627 1590/1097/625 1578/1085/613
f 1592/1099/628 1591/1098/627 1579/1087/615
f 1593/1100/629 1592/1099/628 1580/1088/616
f 1594/1101/630 1593/1100/629 1581/1089/617
f 1595/1102/631 1594/1101/630 1582/1090/618
f 1584/1092/620 1596/1103/632 1595/1102/631
f 1585/1093/621 1597/1104/633 1596/1103/632
f 1586/1094/622 1598/1105/634 1597/1104/633
f 1587/1096/624 1599/1107/636 1598/1105/634
f 1588/1106/635 1600/1118/647 1599/1107/636
f 1602/1108/637 1601/1121/650 1589/1109/638
f 1603/1110/639 1602/1108/637 1590/1097/625
f 1604/1111/640 1603/1110/639 1591/1098/627
f 1605/1112/641 1604/1111/640 1592/1099/628
f 1606/1113/642 1605/1112/641 1593/1100/629
f 1607/1114/643 1606/1113/642 1594/1101/630
f 1596/1103/632 1608/1115/644 1607/1114/643
f 1597/1104/633 1609/1116/645 1608/1115/644
f 1598/1105/634 1610/1117/646 1609/1116/645
f 1599/1107/636 1611/1119/648 1610/1117/646
f 1600/1118/647 1612/1130/659 1611/1119/648
f 1614/1120/649 1613/1133/662 1601/1121/650
f 1615/1122/651 1614/1120/649 1602/1108/637
f 1616/1123/652 1615/1122/651 1603/1110/639
f 1617/1124/653 1616/1123/652 1604/1111/640
f 1618/1125/654 1617/1124/653 1605/1112/641
f 1619/1126/655 1618/1125/654 1606/1113/642
f 1608/1115/644 1620/1127/656 1619/1126/655
f 1609/1116/645 1621/1128/657 1620/1127/656
f 1610/1117/646 1622/1129/658 1621/1128/657
f 1611/1119/648 1623/1131/660 1622/1129/658
f 1612/1130/659 1624/1142/671 1623/1131/660
f 1626/1132/661 1625/1145/674 1613/1133/662
f 1627/1134/663 1626/1132/661 1614/1120/649
f 1628/1135/664 1627/1134/663 1615/1122/651
f 1629/1136/665 1628/1135/664 1616/1123/652
f 1630/1137/666 1629/1136/665 1617/1124/653
f 1631/1138/667 1630/1137/666 1618/1125/654
f 1620/1127/656 1632/1139/668 1631/1138/667
f 1621/1128/657 1633/1140/669 1632/1139/668
f 1622/1129/658 1634/1141/670 1633/1140/669
f 1623/1131/660 1635/1143/672 1634/1141/670
f 1624/1142/671 1636/1154/683 1635/1143/672
f 1638/1144/673 1637/1157/686 1625/1145/674
f 1639/1146/675 1638/1144/673 1626/1132/661
f 1640/1147/676 1639/1146/675 1627/1134/663
f 1641/1148/677 1640/1147/676 1628/1135/664
f 1642/1149/678 1641/1148/677 1629/1136/665
f 1643/1150/679 1642/1149/678 1630/1137/666
f 1632/1139/668 1644/1151/680 1643/1150/679
f 1633/1140/669 1645/1152/681 1644/1151/680
f 1634/1141/670 1646/1153/682 1645/1152/681
f 1635/1143/672 1647/1155/684 1646/1153/682
f 1636/1154/683 1648/1166/695 1647/1155/684
f 1650/1156/685 1649/1169/698 1637/1157/686
f 1651/1158/687 1650/1156/685 1638/1144/673
f 1652/1159/688 1651/1158/687 1639/1146/675
f 1653/1160/689 1652/1159/688 1640/1147/676
f 1654/1161/690 1653/1160/689 1641/1148/677
f 1655/1162/691 1654/1161/690 1642/1149/678
f 1644/1151/680 1656/1163/692 1655/1162/691
f 1645/1152/681 1657/1164/693 1656/1163/692
f 1646/1153/682 1658/1165/694 1657/1164/693
f 1647/1155/684 1659/1167/696 1658/1165/694
f 1648/1166/695 1660/1178/707 1659/1167/696
f 1662/1168/697 1661/1181/710 1649/1169/698
f 1663/1170/699 1662/1168/697 1650/1156/685
f 1664/1171/700 1663/1170/699 1651/1158/687
f 1665/1172/701 1664/1171/700 1652/1159/688
f 1666/1173/702 1665/1172/701 1653/1160/689
f 1667/1174/703 1666/1173/702 1654/1161/690
f 1656/1163/692 1668/1175/704 1667/1174/703
f 1657/1164/693 1669/1176/705 1668/1175/704
f 1658/1165/694 1670/1177/706 1669/1176/705
f 1659/1167/696 1671/1179/708 1670/1177/706
f 1660/1178/707 1672/1190/719 1671/1179/708
f 1674/1180/709 1673/1193/722 1661/1181/710
f 1675/1182/711 1674/1180/709 1662/1168/697
f 1676/1183/712 1675/1182/711 1663/1170/699
f 1677/1184/713 1676/1183/712 1664/1171/700
f 1678/1185/714 1677/1184/713 1665/1172/701
f 1679/1186/715 1678/1185/714 1666/1173/702
f 1668/1175/704 1680/1187/716 1679/1186/715
f 1669/1176/705 1681/1188/717 1680/1187/716
f 1670/1177/706 1682/1189/718 1681/1188/717
f 1671/1179/708 1683/1191/720 1682/1189/718
f 1672/1190/719 1684/1202/731 1683/1191/720
f 1686/1192/721 1685/1205/734 1673/1193/722
f 1687/1194/723 1686/1192/721 1674/1180/709
f 1688/1195/724 1687/1194/723 1675/1182/711
f 1689/1196/725 1688/1195/724 1676/1183/712
f 1690/1197/726 1689/1196/725 1677/1184/713
f 1691/1198/727 1690/1197/726 1678/1185/714
f 1680/1187/716 1692/1199/728 1691/1198/727
f 1681/1188/717 1693/1200/729 1692/1199/728
f 1682/1189/718 1694/1201/730 1693/1200/729
f 1683/1191/720 1695/1203/732 1694/1201/730
f 1684/1202/731 1696/1214/743 1695/1203/732
f 1698/1204/733 1697/1217/746 1685/1205/734
f 1699/1206/735 1698/1204/733 1686/1192/721
f 1700/1207/736 1699/1206/735 1687/1194/723
f 1701/1208/737 1700/1207/736 1688/1195/724
f 1702/1209/738 1701/1208/737 1689/1196/725
f 1703/1210/739 1702/1209/738 1690/1197/726
f 1692/1199/728 1704/1211/740 1703/1210/739
f 1693/1200/729 1705/1212/741 1704/1211/740
f 1694/1201/730 1706/1213/742 1705/1212/741
f 1695/1203/732 1707/1215/744 1706/1213/742
f 1696/1214/743 1708/1226/755 1707/1215/744
f 1710/1216/745 1709/1229/758 1697/1217/746
f 1711/1218/747 1710/1216/745 1698/1204/733
f 1712/1219/748 1711/1218/747 1699/1206/735
f 1713/1220/749 1712/1219/748 1700/1207/736
f 1714/1221/750 1713/1220/749 1701/1208/737
f 1715/1222/751 1714/1221/750 1702/1209/738
f 1704/1211/740 1716/1223/752 1715/1222/751
f 1705/1212/741 1717/1224/753 1716/1223/752
f 1706/1213/742 1718/1225/754 1717/1224/753
f 1707/1215/744 1719/1227/756 1718/1225/754
f 1708/1226/755 1720/1238/767 1719/1227/756
f 1722/1228/757 1721/1241/770 1709/1229/758
f 1723/1230/759 1722/1228/757 1710/1216/745
f 1724/1231/760 1723/1230/759 1711/1218/747
f 1725/1232/761 1724/1231/760 1712/1219/748
f 1726/1233/762 1725/1232/761 1713/1220/749
f 1727/1234/763 1726/1233/762 1714/1221/750
f 1716/1223/752 1728/1235/764 1727/1234/763
f 1717/1224/753 1729/1236/765 1728/1235/764
f 1718/1225/754 1730/1237/766 1729/1236/765
f 1719/1227/756 1731/1239/768 1730/1237/766
f 1720/1238/767 1732/1250/779 1731/1239/768
f 1734/1240/769 1733/1253/782 1721/1241/770
f 1735/1242/771 1734/1240/769 1722/1228/757
f 1736/1243/772 1735/1242/771 1723/1230/759
f 1737/1244/773 1736/1243/772 1724/1231/760
f 1738/1245/774 1737/1244/773 1725/1232/761
f 1739/1246/775 1738/1245/774 1726/1233/762
f 1728/1235/764 1740/1247/776 1739/1246/775
f 1729/1236/765 1741/1248/777 1740/1247/776
f 1730/1237/766 1742/1249/778 1741/1248/777
f 1731/1239/768 1743/1251/780 1742/1249/778
f 1732/1250/779 1744/1262/791 1743/1251/780
f 1746/1252/781 1745/1265/794 1733/1253/782
f 1747/1254/783 1746/1252/781 1734/1240/769
f 1748/1255/784 1747/1254/783 1735/1242/771
f 1749/1256/785 1748/1255/784 1736/1243/772
f 1750/1257/786 1749/1256/785 1737/1244/773
f 1751/1258/787 1750/1257/786 1738/1245/774
f 1740/1247/776 1752/1259/788 1751/1258/787
f 1741/1248/777 1753/1260/789 1752/1259/788
f 1742/1249/778 1754/1261/790 1753/1260/789
f 1743/1251/780 1755/1263/792 1754/1261/790
f 1744/1262/791 1756/1274/803 1755/1263/792
f 1758/1264/793 1757/1277/806 1745/1265/794
f 1759/1266/795 1758/1264/793 1746/1252/781
f 1760/1267/796 1759/1266/795 1747/1254/783
f 1761/1268/797 1760/1267/796 1748/1255/784
f 1762/1269/798 1761/1268/797 1749/1256/785
f 1763/1270/799 1762/1269/798 1750/1257/786
f 1752/1259/788 1764/1271/800 1763/1270/799
f 1753/1260/789 1765/1272/801 1764/1271/800
f 1754/1261/790 1766/1273/802 1765/1272/801
f 1755/1263/792 1767/1275/804 1766/1273/802
f 1756/1274/803 1768/1286/815 1767/1275/804
f 1770/1276/805 1769/1289/818 1757/1277/806
f 1771/1278/807 1770/1276/805 1758/1264/793
f 1772/1279/808 1771/1278/807 1759/1266/795
f 1773/1280/809 1772/1279/808 1760/1267/796
f 1774/1281/810 1773/1280/809 1761/1268/797
f 1775/1282/811 1774/1281/810 1762/1269/798
f 1764/1271/800 1776/1283/812 1775/1282/811
f 1765/1272/801 1777/1284/813 1776/1283/812
f 1766/1273/802 1778/1285/814 1777/1284/813
f 1767/1275/804 1779/1287/816 1778/1285/814
f 1768/1286/815 1780/1298/827 1779/1287/816
f 1782/1288/817 1781/1301/830 1769/1289/818
f 1783/1290/819 1782/1288/817 1770/1276/805
f 1784/1291/820 1783/1290/819 1771/1278/807
f 1785/1292/821 1784/1291/820 1772/1279/808
f 1786/1293/822 1785/1292/821 1773/1280/809
f 1787/1294/823 1786/1293/822 1774/1281/810
f 1776/1283/812 1788/1295/824 1787/1294/823
f 1777/1284/813 1789/1296/825 1788/1295/824
f 1778/1285/814 1790/1297/826 1789/1296/825
f 1779/1287/816 1791/1299/828 1790/1297/826
f 1780/1298/827 1792/1310/839 1791/1299/828
f 1794/1300/829 1793/1313/842 1781/1301/830
f 1795/1302/831 1794/1300/829 1782/1288/817
f 1796/1303/832 1795/1302/831 1783/1290/819
f 1797/1304/833 1796/1303/832 1784/1291/820
f 1798/1305/834 1797/1304/833 1785/1292/821
f 1799/1306/835 1798/1305/834 1786/1293/822
f 1788/1295/824 1800/1307/836 1799/1306/835
f 1789/1296/825 1801/1308/837 1800/1307/836
f 1790/1297/826 1802/1309/838 1801/1308/837
f 1791/1299/828 1803/1311/840 1802/1309/838
f 1792/1310/839 1804/1324/853 1803/1311/840
f 1794/1300/829 1806/1314/843 1805/1312/841
f 1795/1302/831 1807/1315/844 1806/1314/843
f 1796/1303/832 1808/1316/845 1807/1315/844
f 1797/1304/833 1809/1317/846 1808/1316/845
f 1798/1305/834 1810/1329/858 1809/1317/846
f 1811/1318/847 1810/1329/858 1798/1305/834
f 1812/1319/848 1811/1318/847 1799/1306/835
f 1813/1320/849 1812/1319/848 1800/1307/836
f 1814/1321/850 1813/1320/849 1801/1308/837
f 1815/1322/851 1814/1321/850 1802/1309/838
f 1816/1323/852 1815/1322/851 1803/1311/840
f 1806/1314/843 1818/1326/855 1817/1325/854
f 1807/1315/844 1819/1327/856 1818/1326/855
f 1808/1316/845 1820/1328/857 1819/1327/856
f 1809/1317/846 1821/1330/859 1820/1328/857
f 1810/1329/858 1822/1341/870 1821/1330/859
f 1823/1331/860 1822/1341/870 1810/1329/858
f 1824/1332/861 1823/1331/860 1811/1318/847
f 1825/1333/862 1824/1332/861 1812/1319/848
f 1826/1334/863 1825/1333/862 1813/1320/849
f 1827/1335/864 1826/1334/863 1814/1321/850
f 1828/1336/865 1827/1335/864 1815/1322/851
f 1818/1326/855 1830/1338/867 1829/1337/866
f 1819/1327/856 1831/1339/868 1830/1338/867
f 1820/1328/857 1832/1340/869 1831/1339/868
f 1821/1330/859 1833/1342/871 1832/1340/869
f 1822/1341/870 1834/1354/883 1833/1342/871
f 1835/1343/872 1834/1354/883 1822/1341/870
f 1836/1344/873 1835/1343/872 1823/1331/860
f 1837/1345/874 1836/1344/873 1824/1332/861
f 1838/1346/875 1837/1345/874 1825/1333/862
f 1839/1347/876 1838/1346/875 1826/1334/863
f 1840/1348/877 1839/1347/876 1827/1335/864
f 1842/1349/878 1841/1361/890 1829/1337/866
f 1843/1350/879 1842/1349/878 1830/1338/867
f 1844/1351/880 1843/1350/879 1831/1339/868
f 1845/1352/881 1844/1351/880 1832/1340/869
f 1846/1353/882 1845/1352/881 1833/1342/871
f 1847/1355/884 1846/1353/882 1834/1354/883
f 1836/1344/873 1848/1356/885 1847/1355/884
f 1837/1345/874 1849/1357/886 1848/1356/885
f 1838/1346/875 1850/1358/887 1849/1357/886
f 1839/1347/876 1851/1359/888 1850/1358/887
f 1840/1348/877 1852/1370/899 1851/1359/888
f 1854/1360/889 1853/1373/902 1841/1361/890
f 1855/1362/891 1854/1360/889 1842/1349/878
f 1856/1363/892 1855/1362/891 1843/1350/879
f 1857/1364/893 1856/1363/892 1844/1351/880
f 1858/1365/894 1857/1364/893 1845/1352/881
f 1859/1366/895 1858/1365/894 1846/1353/882
f 1848/1356/885 1860/1367/896 1859/1366/895
f 1849/1357/886 1861/1368/897 1860/1367/896
f 1850/1358/887 1862/1369/898 1861/1368/897
f 1851/1359/888 1863/1371/900 1862/1369/898
f 1852/1370/899 1864/1382/911 1863/1371/900
f 1866/1372/901 1865/1385/914 1853/1373/902
f 1867/1374/903 1866/1372/901 1854/1360/889
f 1868/1375/904 1867/1374/903 1855/1362/891
f 1869/1376/905 1868/1375/904 1856/1363/892
f 1870/1377/906 1869/1376/905 1857/1364/893
f 1871/1378/907 1870/1377/906 1858/1365/894
f 1860/1367/896 1872/1379/908 1871/1378/907
f 1861/1368/897 1873/1380/909 1872/1379/908
f 1862/1369/898 1874/1381/910 1873/1380/909
f 1863/1371/900 1875/1383/912 1874/1381/910
f 1864/1382/911 1876/1394/923 1875/1383/912
f 1878/1384/913 1877/1397/926 1865/1385/914
f 1879/1386/915 1878/1384/913 1866/1372/901
f 1880/1387/916 1879/1386/915 1867/1374/903
f 1881/1388/917 1880/1387/916 1868/1375/904
f 1882/1389/918 1881/1388/917 1869/1376/905
f 1883/1390/919 1882/1389/918 1870/1377/906
f 1872/1379/908 1884/1391/920 1883/1390/919
f 1873/1380/909 1885/1392/921 1884/1391/920
f 1874/1381/910 1886/1393/922 1885/1392/921
f 1875/1383/912 1887/1395/924 1886/1393/922
f 1876/1394/923 1888/1408/937 1887/1395/924
f 1878/1384/913 1890/1398/927 1889/1396/925
f 1879/1386/915 1891/1399/928 1890/1398/927
f 1880/1387/916 1892/1400/929 1891/1399/928
f 1881/1388/917 1893/1401/930 1892/1400/929
f 1882/1389/918 1894/1413/942 1893/1401/930
f 1895/1402/931 1894/1413/942 1882/1389/918
f 1896/1403/932 1895/1402/931 1883/1390/919
f 1897/1404/933 1896/1403/932 1884/1391/920
f 1898/1405/934 1897/1404/933 1885/1392/921
f 1899/1406/935 1898/1405/934 1886/1393/922
f 1900/1407/936 1899/1406/935 1887/1395/924
f 1890/1398/927 1902/1410/939 1901/1409/938
f 1891/1399/928 1903/1411/940 1902/1410/939
f 1892/1400/929 1904/1412/941 1903/1411/940
f 1893/1401/930 1905/1414/943 1904/1412/941
f 1894/1413/942 1906/1425/954 1905/1414/943
f 1907/1415/944 1906/1425/954 1894/1413/942
f 1908/1416/945 1907/1415/944 1895/1402/931
f 1909/1417/946 1908/1416/945 1896/1403/932
f 1910/1418/947 1909/1417/946 1897/1404/933
f 1911/1419/948 1910/1418/947 1898/1405/934
f 1912/1420/949 1911/1419/948 1899/1406/935
f 1902/1410/939 1914/1422/951 1913/1421/950
f 1903/1411/940 1915/1423/952 1914/1422/951
f 1904/1412/941 1916/1424/953 1915/1423/952
f 1905/1414/943 1917/1426/955 1916/1424/953
f 1906/1425/954 1918/1437/966 1917/1426/955
f 1919/1427/956 1918/1437/966 1906/1425/954
f 1920/1428/957 1919/1427/956 1907/1415/944
f 1921/1429/958 1920/1428/957 1908/1416/945
f 1922/1430/959 1921/1429/958 1909/1417/946
f 1923/1431/960 1922/1430/959 1910/1418/947
f 1924/1432/961 1923/1431/960 1911/1419/948
f 1914/1422/951 1926/1434/963 1925/1433/962
f 1915/1423/952 1927/1435/964 1926/1434/963
f 1916/1424/953 1928/1436/965 1927/1435/964
f 1917/1426/955 1929/1438/967 1928/1436/965
f 1918/1437/966 1930/1449/978 1929/1438/967
f 1931/1439/968 1930/1449/978 1918/1437/966
f 1932/1440/969 1931/1439/968 1919/1427/956
f 1933/1441/970 1932/1440/969 1920/1428/957
f 1934/1442/971 1933/1441/970 1921/1429/958
f 1935/1443/972 1934/1442/971 1922/1430/959
f 1936/1444/973 1935/1443/972 1923/1431/960
f 1926/1434/963 1938/1446/975 1937/1445/974
f 1927/1435/964 1939/1447/976 1938/1446/975
f 1928/1436/965 1940/1448/977 1939/1447/976
f 1929/1438/967 1941/1450/979 1940/1448/977
f 1930/1449/978 1942/1461/990 1941/1450/979
f 1943/1451/980 1942/1461/990 1930/1449/978
f 1944/1452/981 1943/1451/980 1931/1439/968
f 1945/1453/982 1944/1452/981 1932/1440/969
f 1946/1454/983 1945/1453/982 1933/1441/970
f 1947/1455/984 1946/1454/983 1934/1442/971
f 1948/1456/985 1947/1455/984 1935/1443/972
f 1938/1446/975 1950/1458/987 1949/1457/986
f 1939/1447/976 1951/1459/988 1950/1458/987
f 1940/1448/977 1952/1460/989 1951/1459/988
f 1941/1450/979 1953/1462/991 1952/1460/989
f 1942/1461/990 1954/1473/1002 1953/1462/991
f 1955/1463/992 1954/1473/1002 1942/1461/990
f 1956/1464/993 1955/1463/992 1943/1451/980
f 1957/1465/994 1956/1464/993 1944/1452/981
f 1958/1466/995 1957/1465/994 1945/1453/982
f 1959/1467/996 1958/1466/995 1946/1454/983
f 1960/1468/997 1959/1467/996 1947/1455/984
f 1950/1458/987 1962/1470/999 1961/1469/998
f 1951/1459/988 1963/1471/1000 1962/1470/999
f 1952/1460/989 1964/1472/1001 1963/1471/1000
f 1953/1462/991 1965/1474/1003 1964/1472/1001
f 1954/1473/1002 1966/1485/1014 1965/1474/1003
f 1967/1475/1004 1966/1485/1014 1954/1473/1002
f 1968/1476/1005 1967/1475/1004 1955/1463/992
f 1969/1477/1006 1968/1476/1005 1956/1464/993
f 1970/1478/1007 1969/1477/1006 1957/1465/994
f 1971/1479/1008 1970/1478/1007 1958/1466/995
f 1972/1480/1009 1971/1479/1008 1959/1467/996
f 1962/1470/999 1974/1482/1011 1973/1481/1010
f 1963/1471/1000 1975/1483/1012 1974/1482/1011
f 1964/1472/1001 1976/1484/1013 1975/1483/1012
f 1965/1474/1003 1977/1486/1015 1976/1484/1013
f 1966/1485/1014 1978/1497/1026 1977/1486/1015
f 1979/1487/1016 1978/1497/1026 1966/1485/1014
f 1980/1488/1017 1979/1487/1016 1967/1475/1004
f 1981/1489/1018 1980/1488/1017 1968/1476/1005
f 1982/1490/1019 1981/1489/1018 1969/1477/1006
f 1983/1491/1020 1982/1490/1019 1970/1478/1007
f 1984/1492/1021 1983/1491/1020 1971/1479/1008
f 1974/1482/1011 1986/1494/1023 1985/1493/1022
f 1975/1483/1012 1987/1495/1024 1986/1494/1023
f 1976/1484/1013 1988/1496/1025 1987/1495/1024
f 1977/1486/1015 1989/1498/1027 1988/1496/1025
f 1978/1497/1026 1990/1509/1038 1989/1498/1027
f 1991/1499/1028 1990/1509/1038 1978/1497/1026
f 1992/1500/1029 1991/1499/1028 1979/1487/1016
f 1993/1501/1030 1992/1500/1029 1980/1488/1017
f 1994/1502/1031 1993/1501/1030 1981/1489/1018
f 1995/1503/1032 1994/1502/1031 1982/1490/1019
f 1996/1504/1033 1995/1503/1032 1983/1491/1020
f 1986/1494/1023 1998/1506/1035 1997/1505/1034
f 1987/1495/1024 1999/1507/1036 1998/1506/1035
f 1988/1496/1025 2000/1508/1037 1999/1507/1036
f 1989/1498/1027 2001/1510/1039 2000/1508/1037
f 1990/1509/1038 2002/1521/1050 2001/1510/1039
f 2003/1511/1040 2002/1521/1050 1990/1509/1038
f 2004/1512/1041 2003/1511/1040 1991/1499/1028
f 2005/1513/1042 2004/1512/1041 1992/1500/1029
f 2006/1514/1043 2005/1513/1042 1993/1501/1030
f 2007/1515/1044 2006/1514/1043 1994/1502/1031
f 2008/1516/1045 2007/1515/1044 1995/1503/1032
f 1998/1506/1035 2010/1518/1047 2009/1517/1046
f 1999/1507/1036 2011/1519/1048 2010/1518/1047
f 2000/1508/1037 2012/1520/1049 2011/1519/1048
f 2001/1510/1039 2013/1522/1051 2012/1520/1049
f 2002/1521/1050 2014/1533/1062 2013/1522/1051
f 2015/1523/1052 2014/1533/1062 2002/1521/1050
f 2016/1524/1053 2015/1523/1052 2003/1511/1040
f 2017/1525/1054 2016/1524/1053 2004/1512/1041
f 2018/1526/1055 2017/1525/1054 2005/1513/1042
f 2019/1527/1056 2018/1526/1055 2006/1514/1043
f 2020/1528/1057 2019/1527/1056 2007/1515/1044
f 2010/1518/1047 2022/1530/1059 2021/1529/1058
f 2011/1519/1048 2023/1531/1060 2022/1530/1059
f 2012/1520/1049 2024/1532/1061 2023/1531/1060
f 2013/1522/1051 2025/1534/1063 2024/1532/1061
f 2014/1533/1062 2026/1545/1074 2025/1534/1063
f 2027/1535/1064 2026/1545/1074 2014/1533/1062
f 2028/1536/1065 2027/1535/1064 2015/1523/1052
f 2029/1537/1066 2028/1536/1065 2016/1524/1053
f 2030/1538/1067 2029/1537/1066 2017/1525/1054
f 2031/1539/1068 2030/1538/1067 2018/1526/1055
f 2032/1540/1069 2031/1539/1068 2019/1527/1056
f 2022/1530/1059 2034/1542/1071 2033/1541/1070
f 2023/1531/1060 2035/1543/1072 2034/1542/1071
f 2024/1532/1061 2036/1544/1073 2035/1543/1072
f 2025/1534/1063 2037/1546/1075 2036/1544/1073
f 2026/1545/1074 2038/1557/1086 2037/1546/1075
f 2039/1547/1076 2038/1557/1086 2026/1545/1074
f 2040/1548/1077 2039/1547/1076 2027/1535/1064
f 2041/1549/1078 2040/1548/1077 2028/1536/1065
f 2042/1550/1079 2041/1549/1078 2029/1537/1066
f 2043/1551/1080 2042/1550/1079 2030/1538/1067
f 2044/1552/1081 2043/1551/1080 2031/1539/1068
f 2034/1542/1071 2046/1554/1083 2045/1553/1082
f 2035/1543/1072 2047/1555/1084 2046/1554/1083
f 2036/1544/1073 2048/1556/1085 2047/1555/1084
f 2037/1546/1075 2049/1558/1087 2048/1556/1085
f 2038/1557/1086 2050/1569/1098 2049/1558/1087
f 2051/1559/1088 2050/1569/1098 2038/1557/1086
f 2052/1560/1089 2051/1559/1088 2039/1547/1076
f 2053/1561/1090 2052/1560/1089 2040/1548/1077
f 2054/1562/1091 2053/1561/1090 2041/1549/1078
f 2055/1563/1092 2054/1562/1091 2042/1550/1079
f 2056/1564/1093 2055/1563/1092 2043/1551/1080
f 2046/1554/1083 2058/1566/1095 2057/1565/1094
f 2047/1555/1084 2059/1567/1096 2058/1566/1095
f 2048/1556/1085 2060/1568/1097 2059/1567/1096
f 2049/1558/1087 2061/1570/1099 2060/1568/1097
f 2050/1569/1098 2062/1581/1110 2061/1570/1099
f 2063/1571/1100 2062/1581/1110 2050/1569/1098
f 2064/1572/1101 2063/1571/1100 2051/1559/1088
f 2065/1573/1102 2064/1572/1101 2052/1560/1089
f 2066/1574/1103 2065/1573/1102 2053/1561/1090
f 2067/1575/1104 2066/1574/1103 2054/1562/1091
f 2068/1576/1105 2067/1575/1104 2055/1563/1092
f 2058/1566/1095 2070/1578/1107 2069/1577/1106
f 2059/1567/1096 2071/1579/1108 2070/1578/1107
f 2060/1568/1097 2072/1580/1109 2071/1579/1108
f 2061/1570/1099 2073/1582/1111 2072/1580/1109
f 2062/1581/1110 2074/1593/1122 2073/1582/1111
f 2075/1583/1112 2074/1593/1122 2062/1581/1110
f 2076/1584/1113 2075/1583/1112 2063/1571/1100
f 2077/1585/1114 2076/1584/1113 2064/1572/1101
f 2078/1586/1115 2077/1585/1114 2065/1573/1102
f 2079/1587/1116 2078/1586/1115 2066/1574/1103
f 2080/1588/1117 2079/1587/1116 2067/1575/1104
f 2070/1578/1107 2082/1590/1119 2081/1589/1118
f 2071/1579/1108 2083/1591/1120 2082/1590/1119
f 2072/1580/1109 2084/1592/1121 2083/1591/1120
f 2073/1582/1111 2085/1594/1123 2084/1592/1121
f 2074/1593/1122 2086/1605/1134 2085/1594/1123
f 2087/1595/1124 2086/1605/1134 2074/1593/1122
f 2088/1596/1125 2087/1595/1124 2075/1583/1112
f 2089/1597/1126 2088/1596/1125 2076/1584/1113
f 2090/1598/1127 2089/1597/1126 2077/1585/1114
f 2091/1599/1128 2090/1598/1127 2078/1586/1115
f 2092/1600/1129 2091/1599/1128 2079/1587/1116
f 2082/1590/1119 2094/1602/1131 2093/1601/1130
f 2083/1591/1120 2095/1603/1132 2094/1602/1131
f 2084/1592/1121 2096/1604/1133 2095/1603/1132
f 2085/1594/1123 2097/1606/1135 2096/1604/1133
f 2086/1605/1134 2098/1617/1146 2097/1606/1135
f 2099/1607/1136 2098/1617/1146 2086/1605/1134
f 2100/1608/1137 2099/1607/1136 2087/1595/1124
f 2101/1609/1138 2100/1608/1137 2088/1596/1125
f 2102/1610/1139 2101/1609/1138 2089/1597/1126
f 2103/1611/1140 2102/1610/1139 2090/1598/1127
f 2104/1612/1141 2103/1611/1140 2091/1599/1128
f 2094/1602/1131 2106/1614/1143 2105/1613/1142
f 2095/1603/1132 2107/1615/1144 2106/1614/1143
f 2096/1604/1133 2108/1616/1145 2107/1615/1144
f 2097/1606/1135 2109/1618/1147 2108/1616/1145
f 2098/1617/1146 2110/1628/1157 2109/1618/1147
f 2111/1619/1148 2110/1628/1157 2098/1617/1146
f 2112/1620/1149 2111/1619/1148 2099/1607/1136
f 2113/1621/1150 2112/1620/1149 2100/1608/1137
f 2114/1622/1151 2113/1621/1150 2101/1609/1138
f 2115/1623/1152 2114/1622/1151 2102/1610/1139
f 2116/1624/1153 2115/1623/1152 2103/1611/1140
f 2118/1625/1154 2117/1636/1165 2105/1613/1142
f 2107/1615/1144 2119/1626/1155 2118/1625/1154
f 2108/1616/1145 2120/1627/1156 2119/1626/1155
f 2109/1618/1147 2121/1629/1158 2120/1627/1156
f 2110/1628/1157 2122/1641/1170 2121/1629/1158
f 2123/1630/1159 2122/1641/1170 2110/1628/1157
f 2124/1631/1160 2123/1630/1159 2111/1619/1148
f 2125/1632/1161 2124/1631/1160 2112/1620/1149
f 2126/1633/1162 2125/1632/1161 2113/1621/1150
f 2115/1623/1152 2127/1634/1163 2126/1633/1162
f 2116/1624/1153 2128/1646/1175 2127/1634/1163
f 2130/1635/1164 2129/1649/1177 2117/1636/1165
f 2131/1637/1166 2130/1635/1164 2118/1625/1154
f 2132/1638/1167 2131/1637/1166 2119/1626/1155
f 2133/1639/1168 2132/1638/1167 2120/1627/1156
f 2134/1640/1169 2133/1639/1168 2121/1629/1158
f 2135/1642/1171 2134/1640/1169 2122/1641/1170
f 2124/1631/1160 2136/1643/1172 2135/1642/1171
f 2125/1632/1161 2137/1644/1173 2136/1643/1172
f 2126/1633/1162 2138/1645/1174 2137/1644/1173
f 2127/1634/1163 2139/1647/1176 2138/1645/1174
f 2128/1646/1175 2140/1660/1187 2139/1647/1176
f 2130/1635/1164 2142/1650/1178 2141/1648/1177
f 2131/1637/1166 2143/1651/1179 2142/1650/1178
f 2132/1638/1167 2144/1652/1180 2143/1651/1179
f 2133/1639/1168 2145/1653/1181 2144/1652/1180
f 2134/1640/1169 2146/1666/1193 2145/1653/1181
f 2147/1654/1182 2146/1666/1193 2134/1640/1169
f 2148/1655/1183 2147/1654/1182 2135/1642/1171
f 2149/1656/1184 2148/1655/1183 2136/1643/1172
f 2150/1657/1185 2149/1656/1184 2137/1644/1173
f 2151/1658/1186 2150/1657/1185 2138/1645/1174
f 2152/1659/1187 2151/1658/1186 2139/1647/1176
f 2142/1650/1178 2154/1674/1201 2153/1661/1188
f 2155/1662/1189 2154/1674/1201 2142/1650/1178
f 2156/1663/1190 2155/1662/1189 2143/1651/1179
f 2157/1664/1191 2156/1663/1190 2144/1652/1180
f 2158/1665/1192 2157/1664/1191 2145/1653/1181
f 2159/1667/1194 2158/1665/1192 2146/1666/1193
f 2160/1668/1195 2159/1667/1194 2147/1654/1182
f 2161/1669/1196 2160/1668/1195 2148/1655/1183
f 2162/1670/1197 2161/1669/1196 2149/1656/1184
f 2163/1671/1198 2162/1670/1197 2150/1657/1185
f 2164/1672/1199 2163/1671/1198 2151/1658/1186
f 2166/1673/1200 2165/1684/1211 2153/1661/1188
f 2155/1662/1189 2167/1686/1213 2166/1673/1200
f 2168/1675/1202 2167/1686/1213 2155/1662/1189
f 2169/1676/1203 2168/1675/1202 2156/1663/1190
f 2170/1677/1204 2169/1676/1203 2157/1664/1191
f 2171/1678/1205 2170/1677/1204 2158/1665/1192
f 2172/1679/1206 2171/1678/1205 2159/1667/1194
f 2161/1669/1196 2173/1691/1218 2172/1679/1206
f 2174/1680/1207 2173/1691/1218 2161/1669/1196
f 2175/1681/1208 2174/1680/1207 2162/1670/1197
f 2176/1682/1209 2175/1681/1208 2163/1671/1198
f 2178/1683/1210 2177/1697/1223 2165/1684/1211
f 2179/1685/1212 2178/1683/1210 2166/1673/1200
f 2180/1687/1214 2179/1685/1212 2167/1686/1213
f 2181/1688/1215 2180/1687/1214 2168/1675/1202
f 2182/1689/1216 2181/1688/1215 2169/1676/1203
f 2183/1690/1217 2182/1689/1216 2170/1677/1204
f 2172/1679/1206 2184/1692/1219 2183/1690/1217
f 2173/1691/1218 2185/1693/1220 2184/1692/1219
f 2174/1680/1207 2186/1694/1221 2185/1693/1220
f 2175/1681/1208 2187/1695/1222 2186/1694/1221
f 2176/1682/1209 2188/1706/1224 2187/1695/1222
f 966/1696/3 965/48/5 2177/1697/1223
f 967/1698/6 966/1696/3 2178/1683/1210
f 968/1699/8 967/1698/6 2179/1685/1212
f 969/1700/10 968/1699/8 2180/1687/1214
f 970/1701/12 969/1700/10 2181/1688/1215
f 971/1702/15 970/1701/12 2182/1689/1216
f 2184/1692/1219 972/1703/17 971/1702/15
f 2185/1693/1220 973/1704/19 972/1703/17
f 2186/1694/1221 974/1705/21 973/1704/19
f 2187/1695/1222 975/1707/23 974/1705/21
f 2188/1706/1224 976/3771/25 975/1707/23
f 2190/476/1225 2202/1709/1229 2201/1708/1226
f 2191/478/1228 2203/1710/1231 2202/1709/1229
f 2192/480/1230 2204/1711/1233 2203/1710/1231
f 2193/482/1232 2205/1712/1235 2204/1711/1233
f 2194/484/1234 2206/1723/1252 2205/1712/1235
f 2207/1713/1236 2206/1723/1252 2194/484/1234
f 2208/1714/1238 2207/1713/1236 2195/487/1237
f 2209/1715/1240 2208/1714/1238 2196/489/1239
f 2210/1716/1242 2209/1715/1240 2197/491/1241
f 2211/1717/1244 2210/1716/1242 2198/493/1243
f 2212/1718/1246 2211/1717/1244 2199/495/1245
f 2202/1709/1229 2214/1720/1249 2213/1719/1248
f 2203/1710/1231 2215/1721/1250 2214/1720/1249
f 2204/1711/1233 2216/1722/1251 2215/1721/1250
f 2205/1712/1235 2217/1724/1253 2216/1722/1251
f 2206/1723/1252 2218/1735/1264 2217/1724/1253
f 2219/1725/1254 2218/1735/1264 2206/1723/1252
f 2220/1726/1255 2219/1725/1254 2207/1713/1236
f 2221/1727/1256 2220/1726/1255 2208/1714/1238
f 2222/1728/1257 2221/1727/1256 2209/1715/1240
f 2223/1729/1258 2222/1728/1257 2210/1716/1242
f 2224/1730/1259 2223/1729/1258 2211/1717/1244
f 2214/1720/1249 2226/1732/1261 2225/1731/1260
f 2215/1721/1250 2227/1733/1262 2226/1732/1261
f 2216/1722/1251 2228/1734/1263 2227/1733/1262
f 2217/1724/1253 2229/1736/1265 2228/1734/1263
f 2218/1735/1264 2230/1747/1276 2229/1736/1265
f 2231/1737/1266 2230/1747/1276 2218/1735/1264
f 2232/1738/1267 2231/1737/1266 2219/1725/1254
f 2233/1739/1268 2232/1738/1267 2220/1726/1255
f 2234/1740/1269 2233/1739/1268 2221/1727/1256
f 2235/1741/1270 2234/1740/1269 2222/1728/1257
f 2236/1742/1271 2235/1741/1270 2223/1729/1258
f 2226/1732/1261 2238/1744/1273 2237/1743/1272
f 2227/1733/1262 2239/1745/1274 2238/1744/1273
f 2228/1734/1263 2240/1746/1275 2239/1745/1274
f 2229/1736/1265 2241/1748/1277 2240/1746/1275
f 2230/1747/1276 2242/1759/1288 2241/1748/1277
f 2243/1749/1278 2242/1759/1288 2230/1747/1276
f 2244/1750/1279 2243/1749/1278 2231/1737/1266
f 2245/1751/1280 2244/1750/1279 2232/1738/1267
f 2246/1752/1281 2245/1751/1280 2233/1739/1268
f 2247/1753/1282 2246/1752/1281 2234/1740/1269
f 2248/1754/1283 2247/1753/1282 2235/1741/1270
f 2238/1744/1273 2250/1756/1285 2249/1755/1284
f 2239/1745/1274 2251/1757/1286 2250/1756/1285
f 2240/1746/1275 2252/1758/1287 2251/1757/1286
f 2241/1748/1277 2253/1760/1289 2252/1758/1287
f 2242/1759/1288 2254/1771/1300 2253/1760/1289
f 2255/1761/1290 2254/1771/1300 2242/1759/1288
f 2256/1762/1291 2255/1761/1290 2243/1749/1278
f 2257/1763/1292 2256/1762/1291 2244/1750/1279
f 2258/1764/1293 2257/1763/1292 2245/1751/1280
f 2259/1765/1294 2258/1764/1293 2246/1752/1281
f 2260/1766/1295 2259/1765/1294 2247/1753/1282
f 2250/1756/1285 2262/1768/1297 2261/1767/1296
f 2251/1757/1286 2263/1769/1298 2262/1768/1297
f 2252/1758/1287 2264/1770/1299 2263/1769/1298
f 2253/1760/1289 2265/1772/1301 2264/1770/1299
f 2254/1771/1300 2266/1783/1312 2265/1772/1301
f 2267/1773/1302 2266/1783/1312 2254/1771/1300
f 2268/1774/1303 2267/1773/1302 2255/1761/1290
f 2269/1775/1304 2268/1774/1303 2256/1762/1291
f 2270/1776/1305 2269/1775/1304 2257/1763/1292
f 2271/1777/1306 2270/1776/1305 2258/1764/1293
f 2272/1778/1307 2271/1777/1306 2259/1765/1294
f 2262/1768/1297 2274/1780/1309 2273/1779/1308
f 2263/1769/1298 2275/1781/1310 2274/1780/1309
f 2264/1770/1299 2276/1782/1311 2275/1781/1310
f 2265/1772/1301 2277/1784/1313 2276/1782/1311
f 2266/1783/1312 2278/1795/1324 2277/1784/1313
f 2279/1785/1314 2278/1795/1324 2266/1783/1312
f 2280/1786/1315 2279/1785/1314 2267/1773/1302
f 2281/1787/1316 2280/1786/1315 2268/1774/1303
f 2282/1788/1317 2281/1787/1316 2269/1775/1304
f 2283/1789/1318 2282/1788/1317 2270/1776/1305
f 2284/1790/1319 2283/1789/1318 2271/1777/1306
f 2274/1780/1309 2286/1792/1321 2285/1791/1320
f 2275/1781/1310 2287/1793/1322 2286/1792/1321
f 2276/1782/1311 2288/1794/1323 2287/1793/1322
f 2277/1784/1313 2289/1796/1325 2288/1794/1323
f 2278/1795/1324 2290/1808/1337 2289/1796/1325
f 2291/1797/1326 2290/1808/1337 2278/1795/1324
f 2292/1798/1327 2291/1797/1326 2279/1785/1314
f 2293/1799/1328 2292/1798/1327 2280/1786/1315
f 2294/1800/1329 2293/1799/1328 2281/1787/1316
f 2295/1801/1330 2294/1800/1329 2282/1788/1317
f 2296/1802/1331 2295/1801/1330 2283/1789/1318
f 2298/1803/1332 2297/1815/1344 2285/1791/1320
f 2299/1804/1333 2298/1803/1332 2286/1792/1321
f 2300/1805/1334 2299/1804/1333 2287/1793/1322
f 2301/1806/1335 2300/1805/1334 2288/1794/1323
f 2302/1807/1336 2301/1806/1335 2289/1796/1325
f 2303/1809/1338 2302/1807/1336 2290/1808/1337
f 2292/1798/1327 2304/1810/1339 2303/1809/1338
f 2293/1799/1328 2305/1811/1340 2304/1810/1339
f 2294/1800/1329 2306/1812/1341 2305/1811/1340
f 2295/1801/1330 2307/1813/1342 2306/1812/1341
f 2296/1802/1331 2308/1824/1353 2307/1813/1342
f 2310/1814/1343 2309/1827/1356 2297/1815/1344
f 2311/1816/1345 2310/1814/1343 2298/1803/1332
f 2312/1817/1346 2311/1816/1345 2299/1804/1333
f 2313/1818/1347 2312/1817/1346 2300/1805/1334
f 2314/1819/1348 2313/1818/1347 2301/1806/1335
f 2315/1820/1349 2314/1819/1348 2302/1807/1336
f 2304/1810/1339 2316/1821/1350 2315/1820/1349
f 2305/1811/1340 2317/1822/1351 2316/1821/1350
f 2306/1812/1341 2318/1823/1352 2317/1822/1351
f 2307/1813/1342 2319/1825/1354 2318/1823/1352
f 2308/1824/1353 2320/1836/1365 2319/1825/1354
f 2322/1826/1355 2321/1839/1368 2309/1827/1356
f 2323/1828/1357 2322/1826/1355 2310/1814/1343
f 2324/1829/1358 2323/1828/1357 2311/1816/1345
f 2325/1830/1359 2324/1829/1358 2312/1817/1346
f 2326/1831/1360 2325/1830/1359 2313/1818/1347
f 2327/1832/1361 2326/1831/1360 2314/1819/1348
f 2316/1821/1350 2328/1833/1362 2327/1832/1361
f 2317/1822/1351 2329/1834/1363 2328/1833/1362
f 2318/1823/1352 2330/1835/1364 2329/1834/1363
f 2319/1825/1354 2331/1837/1366 2330/1835/1364
f 2320/1836/1365 2332/1850/1379 2331/1837/1366
f 2322/1826/1355 2334/1840/1369 2333/1838/1367
f 2323/1828/1357 2335/1841/1370 2334/1840/1369
f 2324/1829/1358 2336/1842/1371 2335/1841/1370
f 2325/1830/1359 2337/1843/1372 2336/1842/1371
f 2326/1831/1360 2338/1855/1384 2337/1843/1372
f 2339/1844/1373 2338/1855/1384 2326/1831/1360
f 2340/1845/1374 2339/1844/1373 2327/1832/1361
f 2341/1846/1375 2340/1845/1374 2328/1833/1362
f 2342/1847/1376 2341/1846/1375 2329/1834/1363
f 2343/1848/1377 2342/1847/1376 2330/1835/1364
f 2344/1849/1378 2343/1848/1377 2331/1837/1366
f 2334/1840/1369 2346/1852/1381 2345/1851/1380
f 2335/1841/1370 2347/1853/1382 2346/1852/1381
f 2336/1842/1371 2348/1854/1383 2347/1853/1382
f 2337/1843/1372 2349/1856/1385 2348/1854/1383
f 2338/1855/1384 2350/1867/1396 2349/1856/1385
f 2351/1857/1386 2350/1867/1396 2338/1855/1384
f 2352/1858/1387 2351/1857/1386 2339/1844/1373
f 2353/1859/1388 2352/1858/1387 2340/1845/1374
f 2354/1860/1389 2353/1859/1388 2341/1846/1375
f 2355/1861/1390 2354/1860/1389 2342/1847/1376
f 2356/1862/1391 2355/1861/1390 2343/1848/1377
f 2346/1852/1381 2358/1864/1393 2357/1863/1392
f 2347/1853/1382 2359/1865/1394 2358/1864/1393
f 2348/1854/1383 2360/1866/1395 2359/1865/1394
f 2349/1856/1385 2361/1868/1397 2360/1866/1395
f 2350/1867/1396 2362/1879/1408 2361/1868/1397
f 2363/1869/1398 2362/1879/1408 2350/1867/1396
f 2364/1870/1399 2363/1869/1398 2351/1857/1386
f 2365/1871/1400 2364/1870/1399 2352/1858/1387
f 2366/1872/1401 2365/1871/1400 2353/1859/1388
f 2367/1873/1402 2366/1872/1401 2354/1860/1389
f 2368/1874/1403 2367/1873/1402 2355/1861/1390
f 2358/1864/1393 2370/1876/1405 2369/1875/1404
f 2359/1865/1394 2371/1877/1406 2370/1876/1405
f 2360/1866/1395 2372/1878/1407 2371/1877/1406
f 2361/1868/1397 2373/1880/1409 2372/1878/1407
f 2362/1879/1408 2374/1891/1420 2373/1880/1409
f 2375/1881/1410 2374/1891/1420 2362/1879/1408
f 2376/1882/1411 2375/1881/1410 2363/1869/1398
f 2377/1883/1412 2376/1882/1411 2364/1870/1399
f 2378/1884/1413 2377/1883/1412 2365/1871/1400
f 2379/1885/1414 2378/1884/1413 2366/1872/1401
f 2380/1886/1415 2379/1885/1414 2367/1873/1402
f 2370/1876/1405 2382/1888/1417 2381/1887/1416
f 2371/1877/1406 2383/1889/1418 2382/1888/1417
f 2372/1878/1407 2384/1890/1419 2383/1889/1418
f 2373/1880/1409 2385/1892/1421 2384/1890/1419
f 2374/1891/1420 2386/1903/1432 2385/1892/1421
f 2387/1893/1422 2386/1903/1432 2374/1891/1420
f 2388/1894/1423 2387/1893/1422 2375/1881/1410
f 2389/1895/1424 2388/1894/1423 2376/1882/1411
f 2390/1896/1425 2389/1895/1424 2377/1883/1412
f 2391/1897/1426 2390/1896/1425 2378/1884/1413
f 2392/1898/1427 2391/1897/1426 2379/1885/1414
f 2382/1888/1417 2394/1900/1429 2393/1899/1428
f 2383/1889/1418 2395/1901/1430 2394/1900/1429
f 2384/1890/1419 2396/1902/1431 2395/1901/1430
f 2385/1892/1421 2397/1904/1433 2396/1902/1431
f 2386/1903/1432 2398/1915/1444 2397/1904/1433
f 2399/1905/1434 2398/1915/1444 2386/1903/1432
f 2400/1906/1435 2399/1905/1434 2387/1893/1422
f 2401/1907/1436 2400/1906/1435 2388/1894/1423
f 2402/1908/1437 2401/1907/1436 2389/1895/1424
f 2403/1909/1438 2402/1908/1437 2390/1896/1425
f 2404/1910/1439 2403/1909/1438 2391/1897/1426
f 2394/1900/1429 2406/1912/1441 2405/1911/1440
f 2395/1901/1430 2407/1913/1442 2406/1912/1441
f 2396/1902/1431 2408/1914/1443 2407/1913/1442
f 2397/1904/1433 2409/1916/1445 2408/1914/1443
f 2398/1915/1444 2410/1928/1457 2409/1916/1445
f 2411/1917/1446 2410/1928/1457 2398/1915/1444
f 2412/1918/1447 2411/1917/1446 2399/1905/1434
f 2413/1919/1448 2412/1918/1447 2400/1906/1435
f 2414/1920/1449 2413/1919/1448 2401/1907/1436
f 2415/1921/1450 2414/1920/1449 2402/1908/1437
f 2416/1922/1451 2415/1921/1450 2403/1909/1438
f 2418/1923/1452 2417/1935/1464 2405/1911/1440
f 2419/1924/1453 2418/1923/1452 2406/1912/1441
f 2420/1925/1454 2419/1924/1453 2407/1913/1442
f 2421/1926/1455 2420/1925/1454 2408/1914/1443
f 2422/1927/1456 2421/1926/1455 2409/1916/1445
f 2423/1929/1458 2422/1927/1456 2410/1928/1457
f 2412/1918/1447 2424/1930/1459 2423/1929/1458
f 2413/1919/1448 2425/1931/1460 2424/1930/1459
f 2414/1920/1449 2426/1932/1461 2425/1931/1460
f 2415/1921/1450 2427/1933/1462 2426/1932/1461
f 2416/1922/1451 2428/1944/1473 2427/1933/1462
f 2430/1934/1463 2429/1947/1476 2417/1935/1464
f 2431/1936/1465 2430/1934/1463 2418/1923/1452
f 2432/1937/1466 2431/1936/1465 2419/1924/1453
f 2433/1938/1467 2432/1937/1466 2420/1925/1454
f 2434/1939/1468 2433/1938/1467 2421/1926/1455
f 2435/1940/1469 2434/1939/1468 2422/1927/1456
f 2424/1930/1459 2436/1941/1470 2435/1940/1469
f 2425/1931/1460 2437/1942/1471 2436/1941/1470
f 2426/1932/1461 2438/1943/1472 2437/1942/1471
f 2427/1933/1462 2439/1945/1474 2438/1943/1472
f 2428/1944/1473 2440/1956/1485 2439/1945/1474
f 2442/1946/1475 2441/1959/1488 2429/1947/1476
f 2443/1948/1477 2442/1946/1475 2430/1934/1463
f 2444/1949/1478 2443/1948/1477 2431/1936/1465
f 2445/1950/1479 2444/1949/1478 2432/1937/1466
f 2446/1951/1480 2445/1950/1479 2433/1938/1467
f 2447/1952/1481 2446/1951/1480 2434/1939/1468
f 2436/1941/1470 2448/1953/1482 2447/1952/1481
f 2437/1942/1471 2449/1954/1483 2448/1953/1482
f 2438/1943/1472 2450/1955/1484 2449/1954/1483
f 2439/1945/1474 2451/1957/1486 2450/1955/1484
f 2440/1956/1485 2452/1968/1497 2451/1957/1486
f 2454/1958/1487 2453/1971/1500 2441/1959/1488
f 2455/1960/1489 2454/1958/1487 2442/1946/1475
f 2456/1961/1490 2455/1960/1489 2443/1948/1477
f 2457/1962/1491 2456/1961/1490 2444/1949/1478
f 2458/1963/1492 2457/1962/1491 2445/1950/1479
f 2459/1964/1493 2458/1963/1492 2446/1951/1480
f 2448/1953/1482 2460/1965/1494 2459/1964/1493
f 2449/1954/1483 2461/1966/1495 2460/1965/1494
f 2450/1955/1484 2462/1967/1496 2461/1966/1495
f 2451/1957/1486 2463/1969/1498 2462/1967/1496
f 2452/1968/1497 2464/1981/1510 2463/1969/1498
f 2454/1958/1487 2466/1972/1501 2465/1970/1499
f 2455/1960/1489 2467/1973/1502 2466/1972/1501
f 2456/1961/1490 2468/1974/1503 2467/1973/1502
f 2457/1962/1491 2469/1975/1504 2468/1974/1503
f 2458/1963/1492 2470/1987/1516 2469/1975/1504
f 2471/1976/1505 2470/1987/1516 2458/1963/1492
f 2472/1977/1506 2471/1976/1505 2459/1964/1493
f 2473/1978/1507 2472/1977/1506 2460/1965/1494
f 2474/1979/1508 2473/1978/1507 2461/1966/1495
f 2475/1980/1509 2474/1979/1508 2462/1967/1496
f 2464/1981/1510 2476/1992/1521 2475/1980/1509
f 2466/1972/1501 2478/1994/1523 2477/1982/1511
f 2479/1983/1512 2478/1994/1523 2466/1972/1501
f 2480/1984/1513 2479/1983/1512 2467/1973/1502
f 2481/1985/1514 2480/1984/1513 2468/1974/1503
f 2482/1986/1515 2481/1985/1514 2469/1975/1504
f 2483/1988/1517 2482/1986/1515 2470/1987/1516
f 2472/1977/1506 2484/1989/1518 2483/1988/1517
f 2473/1978/1507 2485/1990/1519 2484/1989/1518
f 2474/1979/1508 2486/1991/1520 2485/1990/1519
f 2475/1980/1509 2487/1993/1522 2486/1991/1520
f 2476/1992/1521 2488/2006/1535 2487/1993/1522
f 2478/1994/1523 2490/1996/1525 2489/1995/1524
f 2479/1983/1512 2491/1997/1526 2490/1996/1525
f 2480/1984/1513 2492/1998/1527 2491/1997/1526
f 2481/1985/1514 2493/1999/1528 2492/1998/1527
f 2482/1986/1515 2494/2011/1540 2493/1999/1528
f 2495/2000/1529 2494/2011/1540 2482/1986/1515
f 2496/2001/1530 2495/2000/1529 2483/1988/1517
f 2497/2002/1531 2496/2001/1530 2484/1989/1518
f 2498/2003/1532 2497/2002/1531 2485/1990/1519
f 2499/2004/1533 2498/2003/1532 2486/1991/1520
f 2500/2005/1534 2499/2004/1533 2487/1993/1522
f 2490/1996/1525 2502/2008/1537 2501/2007/1536
f 2491/1997/1526 2503/2009/1538 2502/2008/1537
f 2492/1998/1527 2504/2010/1539 2503/2009/1538
f 2493/1999/1528 2505/2012/1541 2504/2010/1539
f 2494/2011/1540 2506/2023/1552 2505/2012/1541
f 2507/2013/1542 2506/2023/1552 2494/2011/1540
f 2508/2014/1543 2507/2013/1542 2495/2000/1529
f 2509/2015/1544 2508/2014/1543 2496/2001/1530
f 2510/2016/1545 2509/2015/1544 2497/2002/1531
f 2511/2017/1546 2510/2016/1545 2498/2003/1532
f 2512/2018/1547 2511/2017/1546 2499/2004/1533
f 2502/2008/1537 2514/2020/1549 2513/2019/1548
f 2503/2009/1538 2515/2021/1550 2514/2020/1549
f 2504/2010/1539 2516/2022/1551 2515/2021/1550
f 2505/2012/1541 2517/2024/1553 2516/2022/1551
f 2506/2023/1552 2518/2035/1564 2517/2024/1553
f 2519/2025/1554 2518/2035/1564 2506/2023/1552
f 2520/2026/1555 2519/2025/1554 2507/2013/1542
f 2521/2027/1556 2520/2026/1555 2508/2014/1543
f 2522/2028/1557 2521/2027/1556 2509/2015/1544
f 2523/2029/1558 2522/2028/1557 2510/2016/1545
f 2524/2030/1559 2523/2029/1558 2511/2017/1546
f 2514/2020/1549 2526/2032/1561 2525/2031/1560
f 2515/2021/1550 2527/2033/1562 2526/2032/1561
f 2516/2022/1551 2528/2034/1563 2527/2033/1562
f 2517/2024/1553 2529/2036/1565 2528/2034/1563
f 2518/2035/1564 2530/2047/1576 2529/2036/1565
f 2531/2037/1566 2530/2047/1576 2518/2035/1564
f 2532/2038/1567 2531/2037/1566 2519/2025/1554
f 2533/2039/1568 2532/2038/1567 2520/2026/1555
f 2534/2040/1569 2533/2039/1568 2521/2027/1556
f 2535/2041/1570 2534/2040/1569 2522/2028/1557
f 2536/2042/1571 2535/2041/1570 2523/2029/1558
f 2526/2032/1561 2538/2044/1573 2537/2043/1572
f 2527/2033/1562 2539/2045/1574 2538/2044/1573
f 2528/2034/1563 2540/2046/1575 2539/2045/1574
f 2529/2036/1565 2541/2048/1577 2540/2046/1575
f 2530/2047/1576 2542/2059/1588 2541/2048/1577
f 2543/2049/1578 2542/2059/1588 2530/2047/1576
f 2544/2050/1579 2543/2049/1578 2531/2037/1566
f 2545/2051/1580 2544/2050/1579 2532/2038/1567
f 2546/2052/1581 2545/2051/1580 2533/2039/1568
f 2547/2053/1582 2546/2052/1581 2534/2040/1569
f 2548/2054/1583 2547/2053/1582 2535/2041/1570
f 2538/2044/1573 2550/2056/1585 2549/2055/1584
f 2539/2045/1574 2551/2057/1586 2550/2056/1585
f 2540/2046/1575 2552/2058/1587 2551/2057/1586
f 2541/2048/1577 2553/2060/1589 2552/2058/1587
f 2542/2059/1588 2554/2071/1600 2553/2060/1589
f 2555/2061/1590 2554/2071/1600 2542/2059/1588
f 2556/2062/1591 2555/2061/1590 2543/2049/1578
f 2557/2063/1592 2556/2062/1591 2544/2050/1579
f 2558/2064/1593 2557/2063/1592 2545/2051/1580
f 2559/2065/1594 2558/2064/1593 2546/2052/1581
f 2560/2066/1595 2559/2065/1594 2547/2053/1582
f 2550/2056/1585 2562/2068/1597 2561/2067/1596
f 2551/2057/1586 2563/2069/1598 2562/2068/1597
f 2552/2058/1587 2564/2070/1599 2563/2069/1598
f 2553/2060/1589 2565/2072/1601 2564/2070/1599
f 2554/2071/1600 2566/2083/1612 2565/2072/1601
f 2567/2073/1602 2566/2083/1612 2554/2071/1600
f 2568/2074/1603 2567/2073/1602 2555/2061/1590
f 2569/2075/1604 2568/2074/1603 2556/2062/1591
f 2570/2076/1605 2569/2075/1604 2557/2063/1592
f 2571/2077/1606 2570/2076/1605 2558/2064/1593
f 2572/2078/1607 2571/2077/1606 2559/2065/1594
f 2562/2068/1597 2574/2080/1609 2573/2079/1608
f 2563/2069/1598 2575/2081/1610 2574/2080/1609
f 2564/2070/1599 2576/2082/1611 2575/2081/1610
f 2565/2072/1601 2577/2084/1613 2576/2082/1611
f 2566/2083/1612 2578/2095/1624 2577/2084/1613
f 2579/2085/1614 2578/2095/1624 2566/2083/1612
f 2580/2086/1615 2579/2085/1614 2567/2073/1602
f 2581/2087/1616 2580/2086/1615 2568/2074/1603
f 2582/2088/1617 2581/2087/1616 2569/2075/1604
f 2583/2089/1618 2582/2088/1617 2570/2076/1605
f 2584/2090/1619 2583/2089/1618 2571/2077/1606
f 2574/2080/1609 2586/2092/1621 2585/2091/1620
f 2575/2081/1610 2587/2093/1622 2586/2092/1621
f 2576/2082/1611 2588/2094/1623 2587/2093/1622
f 2577/2084/1613 2589/2096/1625 2588/2094/1623
f 2578/2095/1624 2590/2107/1636 2589/2096/1625
f 2591/2097/1626 2590/2107/1636 2578/2095/1624
f 2592/2098/1627 2591/2097/1626 2579/2085/1614
f 2593/2099/1628 2592/2098/1627 2580/2086/1615
f 2594/2100/1629 2593/2099/1628 2581/2087/1616
f 2595/2101/1630 2594/2100/1629 2582/2088/1617
f 2596/2102/1631 2595/2101/1630 2583/2089/1618
f 2586/2092/1621 2598/2104/1633 2597/2103/1632
f 2587/2093/1622 2599/2105/1634 2598/2104/1633
f 2588/2094/1623 2600/2106/1635 2599/2105/1634
f 2589/2096/1625 2601/2108/1637 2600/2106/1635
f 2590/2107/1636 2602/2119/1648 2601/2108/1637
f 2603/2109/1638 2602/2119/1648 2590/2107/1636
f 2604/2110/1639 2603/2109/1638 2591/2097/1626
f 2605/2111/1640 2604/2110/1639 2592/2098/1627
f 2606/2112/1641 2605/2111/1640 2593/2099/1628
f 2607/2113/1642 2606/2112/1641 2594/2100/1629
f 2608/2114/1643 2607/2113/1642 2595/2101/1630
f 2598/2104/1633 2610/2116/1645 2609/2115/1644
f 2599/2105/1634 2611/2117/1646 2610/2116/1645
f 2600/2106/1635 2612/2118/1647 2611/2117/1646
f 2601/2108/1637 2613/2120/1649 2612/2118/1647
f 2602/2119/1648 2614/2131/1660 2613/2120/1649
f 2615/2121/1650 2614/2131/1660 2602/2119/1648
f 2616/2122/1651 2615/2121/1650 2603/2109/1638
f 2617/2123/1652 2616/2122/1651 2604/2110/1639
f 2618/2124/1653 2617/2123/1652 2605/2111/1640
f 2619/2125/1654 2618/2124/1653 2606/2112/1641
f 2620/2126/1655 2619/2125/1654 2607/2113/1642
f 2610/2116/1645 2622/2128/1657 2621/2127/1656
f 2611/2117/1646 2623/2129/1658 2622/2128/1657
f 2612/2118/1647 2624/2130/1659 2623/2129/1658
f 2613/2120/1649 2625/2132/1661 2624/2130/1659
f 2614/2131/1660 2626/2143/1672 2625/2132/1661
f 2627/2133/1662 2626/2143/1672 2614/2131/1660
f 2628/2134/1663 2627/2133/1662 2615/2121/1650
f 2629/2135/1664 2628/2134/1663 2616/2122/1651
f 2630/2136/1665 2629/2135/1664 2617/2123/1652
f 2631/2137/1666 2630/2136/1665 2618/2124/1653
f 2632/2138/1667 2631/2137/1666 2619/2125/1654
f 2622/2128/1657 2634/2140/1669 2633/2139/1668
f 2623/2129/1658 2635/2141/1670 2634/2140/1669
f 2624/2130/1659 2636/2142/1671 2635/2141/1670
f 2625/2132/1661 2637/2144/1673 2636/2142/1671
f 2626/2143/1672 2638/2156/1685 2637/2144/1673
f 2639/2145/1674 2638/2156/1685 2626/2143/1672
f 2640/2146/1675 2639/2145/1674 2627/2133/1662
f 2641/2147/1676 2640/2146/1675 2628/2134/1663
f 2642/2148/1677 2641/2147/1676 2629/2135/1664
f 2643/2149/1678 2642/2148/1677 2630/2136/1665
f 2644/2150/1679 2643/2149/1678 2631/2137/1666
f 2634/2140/1669 2646/2152/1681 2645/2151/1680
f 2635/2141/1670 2647/2153/1682 2646/2152/1681
f 2636/2142/1671 2648/2154/1683 2647/2153/1682
f 2637/2144/1673 2649/2166/1695 2648/2154/1683
f 2650/2155/1684 2649/2166/1695 2637/2144/1673
f 2651/2157/1686 2650/2155/1684 2638/2156/1685
f 2640/2146/1675 2652/2169/1698 2651/2157/1686
f 2653/2158/1687 2652/2169/1698 2640/2146/1675
f 2654/2159/1688 2653/2158/1687 2641/2147/1676
f 2655/2160/1689 2654/2159/1688 2642/2148/1677
f 2656/2161/1690 2655/2160/1689 2643/2149/1678
f 2658/2162/1691 2657/2175/1704 2645/2151/1680
f 2659/2163/1692 2658/2162/1691 2646/2152/1681
f 2660/2164/1693 2659/2163/1692 2647/2153/1682
f 2661/2165/1694 2660/2164/1693 2648/2154/1683
f 2662/2167/1696 2661/2165/1694 2649/2166/1695
f 2663/2168/1697 2662/2167/1696 2650/2155/1684
f 2652/2169/1698 2664/2170/1699 2663/2168/1697
f 2653/2158/1687 2665/2171/1700 2664/2170/1699
f 2654/2159/1688 2666/2172/1701 2665/2171/1700
f 2655/2160/1689 2667/2173/1702 2666/2172/1701
f 2656/2161/1690 2668/2184/1713 2667/2173/1702
f 2670/2174/1703 2669/2187/1716 2657/2175/1704
f 2671/2176/1705 2670/2174/1703 2658/2162/1691
f 2672/2177/1706 2671/2176/1705 2659/2163/1692
f 2673/2178/1707 2672/2177/1706 2660/2164/1693
f 2674/2179/1708 2673/2178/1707 2661/2165/1694
f 2675/2180/1709 2674/2179/1708 2662/2167/1696
f 2664/2170/1699 2676/2181/1710 2675/2180/1709
f 2665/2171/1700 2677/2182/1711 2676/2181/1710
f 2666/2172/1701 2678/2183/1712 2677/2182/1711
f 2667/2173/1702 2679/2185/1714 2678/2183/1712
f 2668/2184/1713 2680/2196/1725 2679/2185/1714
f 2682/2186/1715 2681/2199/1728 2669/2187/1716
f 2683/2188/1717 2682/2186/1715 2670/2174/1703
f 2684/2189/1718 2683/2188/1717 2671/2176/1705
f 2685/2190/1719 2684/2189/1718 2672/2177/1706
f 2686/2191/1720 2685/2190/1719 2673/2178/1707
f 2687/2192/1721 2686/2191/1720 2674/2179/1708
f 2676/2181/1710 2688/2193/1722 2687/2192/1721
f 2677/2182/1711 2689/2194/1723 2688/2193/1722
f 2678/2183/1712 2690/2195/1724 2689/2194/1723
f 2679/2185/1714 2691/2197/1726 2690/2195/1724
f 2680/2196/1725 2692/2208/1737 2691/2197/1726
f 2694/2198/1727 2693/2211/1740 2681/2199/1728
f 2695/2200/1729 2694/2198/1727 2682/2186/1715
f 2696/2201/1730 2695/2200/1729 2683/2188/1717
f 2697/2202/1731 2696/2201/1730 2684/2189/1718
f 2698/2203/1732 2697/2202/1731 2685/2190/1719
f 2699/2204/1733 2698/2203/1732 2686/2191/1720
f 2688/2193/1722 2700/2205/1734 2699/2204/1733
f 2689/2194/1723 2701/2206/1735 2700/2205/1734
f 2690/2195/1724 2702/2207/1736 2701/2206/1735
f 2691/2197/1726 2703/2209/1738 2702/2207/1736
f 2692/2208/1737 2704/2220/1749 2703/2209/1738
f 2706/2210/1739 2705/2223/1752 2693/2211/1740
f 2707/2212/1741 2706/2210/1739 2694/2198/1727
f 2708/2213/1742 2707/2212/1741 2695/2200/1729
f 2709/2214/1743 2708/2213/1742 2696/2201/1730
f 2710/2215/1744 2709/2214/1743 2697/2202/1731
f 2711/2216/1745 2710/2215/1744 2698/2203/1732
f 2700/2205/1734 2712/2217/1746 2711/2216/1745
f 2701/2206/1735 2713/2218/1747 2712/2217/1746
f 2702/2207/1736 2714/2219/1748 2713/2218/1747
f 2703/2209/1738 2715/2221/1750 2714/2219/1748
f 2704/2220/1749 2716/2232/1761 2715/2221/1750
f 2718/2222/1751 2717/2235/1764 2705/2223/1752
f 2719/2224/1753 2718/2222/1751 2706/2210/1739
f 2720/2225/1754 2719/2224/1753 2707/2212/1741
f 2721/2226/1755 2720/2225/1754 2708/2213/1742
f 2722/2227/1756 2721/2226/1755 2709/2214/1743
f 2723/2228/1757 2722/2227/1756 2710/2215/1744
f 2712/2217/1746 2724/2229/1758 2723/2228/1757
f 2713/2218/1747 2725/2230/1759 2724/2229/1758
f 2714/2219/1748 2726/2231/1760 2725/2230/1759
f 2715/2221/1750 2727/2233/1762 2726/2231/1760
f 2716/2232/1761 2728/2244/1773 2727/2233/1762
f 2730/2234/1763 2729/2247/1776 2717/2235/1764
f 2731/2236/1765 2730/2234/1763 2718/2222/1751
f 2732/2237/1766 2731/2236/1765 2719/2224/1753
f 2733/2238/1767 2732/2237/1766 2720/2225/1754
f 2734/2239/1768 2733/2238/1767 2721/2226/1755
f 2735/2240/1769 2734/2239/1768 2722/2227/1756
f 2724/2229/1758 2736/2241/1770 2735/2240/1769
f 2725/2230/1759 2737/2242/1771 2736/2241/1770
f 2726/2231/1760 2738/2243/1772 2737/2242/1771
f 2727/2233/1762 2739/2245/1774 2738/2243/1772
f 2728/2244/1773 2740/2258/1787 2739/2245/1774
f 2730/2234/1763 2742/2248/1777 2741/2246/1775
f 2731/2236/1765 2743/2249/1778 2742/2248/1777
f 2732/2237/1766 2744/2250/1779 2743/2249/1778
f 2733/2238/1767 2745/2251/1780 2744/2250/1779
f 2734/2239/1768 2746/2263/1792 2745/2251/1780
f 2747/2252/1781 2746/2263/1792 2734/2239/1768
f 2748/2253/1782 2747/2252/1781 2735/2240/1769
f 2749/2254/1783 2748/2253/1782 2736/2241/1770
f 2750/2255/1784 2749/2254/1783 2737/2242/1771
f 2751/2256/1785 2750/2255/1784 2738/2243/1772
f 2752/2257/1786 2751/2256/1785 2739/2245/1774
f 2742/2248/1777 2754/2260/1789 2753/2259/1788
f 2743/2249/1778 2755/2261/1790 2754/2260/1789
f 2744/2250/1779 2756/2262/1791 2755/2261/1790
f 2745/2251/1780 2757/2264/1793 2756/2262/1791
f 2746/2263/1792 2758/2275/1804 2757/2264/1793
f 2759/2265/1794 2758/2275/1804 2746/2263/1792
f 2760/2266/1795 2759/2265/1794 2747/2252/1781
f 2761/2267/1796 2760/2266/1795 2748/2253/1782
f 2762/2268/1797 2761/2267/1796 2749/2254/1783
f 2763/2269/1798 2762/2268/1797 2750/2255/1784
f 2764/2270/1799 2763/2269/1798 2751/2256/1785
f 2754/2260/1789 2766/2272/1801 2765/2271/1800
f 2755/2261/1790 2767/2273/1802 2766/2272/1801
f 2756/2262/1791 2768/2274/1803 2767/2273/1802
f 2757/2264/1793 2769/2276/1805 2768/2274/1803
f 2758/2275/1804 2770/2287/1816 2769/2276/1805
f 2771/2277/1806 2770/2287/1816 2758/2275/1804
f 2772/2278/1807 2771/2277/1806 2759/2265/1794
f 2773/2279/1808 2772/2278/1807 2760/2266/1795
f 2774/2280/1809 2773/2279/1808 2761/2267/1796
f 2775/2281/1810 2774/2280/1809 2762/2268/1797
f 2776/2282/1811 2775/2281/1810 2763/2269/1798
f 2766/2272/1801 2778/2284/1813 2777/2283/1812
f 2767/2273/1802 2779/2285/1814 2778/2284/1813
f 2768/2274/1803 2780/2286/1815 2779/2285/1814
f 2769/2276/1805 2781/2288/1817 2780/2286/1815
f 2770/2287/1816 2782/2300/1829 2781/2288/1817
f 2783/2289/1818 2782/2300/1829 2770/2287/1816
f 2784/2290/1819 2783/2289/1818 2771/2277/1806
f 2785/2291/1820 2784/2290/1819 2772/2278/1807
f 2786/2292/1821 2785/2291/1820 2773/2279/1808
f 2787/2293/1822 2786/2292/1821 2774/2280/1809
f 2788/2294/1823 2787/2293/1822 2775/2281/1810
f 2790/2295/1824 2789/2307/1836 2777/2283/1812
f 2791/2296/1825 2790/2295/1824 2778/2284/1813
f 2792/2297/1826 2791/2296/1825 2779/2285/1814
f 2793/2298/1827 2792/2297/1826 2780/2286/1815
f 2794/2299/1828 2793/2298/1827 2781/2288/1817
f 2795/2301/1830 2794/2299/1828 2782/2300/1829
f 2784/2290/1819 2796/2302/1831 2795/2301/1830
f 2785/2291/1820 2797/2303/1832 2796/2302/1831
f 2786/2292/1821 2798/2304/1833 2797/2303/1832
f 2787/2293/1822 2799/2305/1834 2798/2304/1833
f 2788/2294/1823 2800/2316/1845 2799/2305/1834
f 2802/2306/1835 2801/2319/1848 2789/2307/1836
f 2803/2308/1837 2802/2306/1835 2790/2295/1824
f 2804/2309/1838 2803/2308/1837 2791/2296/1825
f 2805/2310/1839 2804/2309/1838 2792/2297/1826
f 2806/2311/1840 2805/2310/1839 2793/2298/1827
f 2807/2312/1841 2806/2311/1840 2794/2299/1828
f 2796/2302/1831 2808/2313/1842 2807/2312/1841
f 2797/2303/1832 2809/2314/1843 2808/2313/1842
f 2798/2304/1833 2810/2315/1844 2809/2314/1843
f 2799/2305/1834 2811/2317/1846 2810/2315/1844
f 2800/2316/1845 2812/2328/1857 2811/2317/1846
f 2814/2318/1847 2813/2331/1860 2801/2319/1848
f 2815/2320/1849 2814/2318/1847 2802/2306/1835
f 2816/2321/1850 2815/2320/1849 2803/2308/1837
f 2817/2322/1851 2816/2321/1850 2804/2309/1838
f 2818/2323/1852 2817/2322/1851 2805/2310/1839
f 2819/2324/1853 2818/2323/1852 2806/2311/1840
f 2808/2313/1842 2820/2325/1854 2819/2324/1853
f 2809/2314/1843 2821/2326/1855 2820/2325/1854
f 2810/2315/1844 2822/2327/1856 2821/2326/1855
f 2811/2317/1846 2823/2329/1858 2822/2327/1856
f 2812/2328/1857 2824/2340/1869 2823/2329/1858
f 2826/2330/1859 2825/2343/1872 2813/2331/1860
f 2827/2332/1861 2826/2330/1859 2814/2318/1847
f 2828/2333/1862 2827/2332/1861 2815/2320/1849
f 2829/2334/1863 2828/2333/1862 2816/2321/1850
f 2830/2335/1864 2829/2334/1863 2817/2322/1851
f 2831/2336/1865 2830/2335/1864 2818/2323/1852
f 2820/2325/1854 2832/2337/1866 2831/2336/1865
f 2821/2326/1855 2833/2338/1867 2832/2337/1866
f 2822/2327/1856 2834/2339/1868 2833/2338/1867
f 2823/2329/1858 2835/2341/1870 2834/2339/1868
f 2824/2340/1869 2836/2352/1881 2835/2341/1870
f 2838/2342/1871 2837/2355/1884 2825/2343/1872
f 2839/2344/1873 2838/2342/1871 2826/2330/1859
f 2840/2345/1874 2839/2344/1873 2827/2332/1861
f 2841/2346/1875 2840/2345/1874 2828/2333/1862
f 2842/2347/1876 2841/2346/1875 2829/2334/1863
f 2843/2348/1877 2842/2347/1876 2830/2335/1864
f 2832/2337/1866 2844/2349/1878 2843/2348/1877
f 2833/2338/1867 2845/2350/1879 2844/2349/1878
f 2834/2339/1868 2846/2351/1880 2845/2350/1879
f 2835/2341/1870 2847/2353/1882 2846/2351/1880
f 2836/2352/1881 2848/2364/1893 2847/2353/1882
f 2850/2354/1883 2849/2367/1896 2837/2355/1884
f 2851/2356/1885 2850/2354/1883 2838/2342/1871
f 2852/2357/1886 2851/2356/1885 2839/2344/1873
f 2853/2358/1887 2852/2357/1886 2840/2345/1874
f 2854/2359/1888 2853/2358/1887 2841/2346/1875
f 2855/2360/1889 2854/2359/1888 2842/2347/1876
f 2844/2349/1878 2856/2361/1890 2855/2360/1889
f 2845/2350/1879 2857/2362/1891 2856/2361/1890
f 2846/2351/1880 2858/2363/1892 2857/2362/1891
f 2847/2353/1882 2859/2365/1894 2858/2363/1892
f 2848/2364/1893 2860/2376/1905 2859/2365/1894
f 2862/2366/1895 2861/2379/1908 2849/2367/1896
f 2863/2368/1897 2862/2366/1895 2850/2354/1883
f 2864/2369/1898 2863/2368/1897 2851/2356/1885
f 2865/2370/1899 2864/2369/1898 2852/2357/1886
f 2866/2371/1900 2865/2370/1899 2853/2358/1887
f 2867/2372/1901 2866/2371/1900 2854/2359/1888
f 2856/2361/1890 2868/2373/1902 2867/2372/1901
f 2857/2362/1891 2869/2374/1903 2868/2373/1902
f 2858/2363/1892 2870/2375/1904 2869/2374/1903
f 2859/2365/1894 2871/2377/1906 2870/2375/1904
f 2860/2376/1905 2872/2388/1917 2871/2377/1906
f 2874/2378/1907 2873/2391/1920 2861/2379/1908
f 2875/2380/1909 2874/2378/1907 2862/2366/1895
f 2876/2381/1910 2875/2380/1909 2863/2368/1897
f 2877/2382/1911 2876/2381/1910 2864/2369/1898
f 2878/2383/1912 2877/2382/1911 2865/2370/1899
f 2879/2384/1913 2878/2383/1912 2866/2371/1900
f 2868/2373/1902 2880/2385/1914 2879/2384/1913
f 2869/2374/1903 2881/2386/1915 2880/2385/1914
f 2870/2375/1904 2882/2387/1916 2881/2386/1915
f 2871/2377/1906 2883/2389/1918 2882/2387/1916
f 2872/2388/1917 2884/2400/1929 2883/2389/1918
f 2886/2390/1919 2885/2403/1932 2873/2391/1920
f 2887/2392/1921 2886/2390/1919 2874/2378/1907
f 2888/2393/1922 2887/2392/1921 2875/2380/1909
f 2889/2394/1923 2888/2393/1922 2876/2381/1910
f 2890/2395/1924 2889/2394/1923 2877/2382/1911
f 2891/2396/1925 2890/2395/1924 2878/2383/1912
f 2880/2385/1914 2892/2397/1926 2891/2396/1925
f 2881/2386/1915 2893/2398/1927 2892/2397/1926
f 2882/2387/1916 2894/2399/1928 2893/2398/1927
f 2883/2389/1918 2895/2401/1930 2894/2399/1928
f 2884/2400/1929 2896/2412/1941 2895/2401/1930
f 2898/2402/1931 2897/2415/1944 2885/2403/1932
f 2899/2404/1933 2898/2402/1931 2886/2390/1919
f 2900/2405/1934 2899/2404/1933 2887/2392/1921
f 2901/2406/1935 2900/2405/1934 2888/2393/1922
f 2902/2407/1936 2901/2406/1935 2889/2394/1923
f 2903/2408/1937 2902/2407/1936 2890/2395/1924
f 2892/2397/1926 2904/2409/1938 2903/2408/1937
f 2893/2398/1927 2905/2410/1939 2904/2409/1938
f 2894/2399/1928 2906/2411/1940 2905/2410/1939
f 2895/2401/1930 2907/2413/1942 2906/2411/1940
f 2896/2412/1941 2908/2424/1953 2907/2413/1942
f 2910/2414/1943 2909/2427/1956 2897/2415/1944
f 2911/2416/1945 2910/2414/1943 2898/2402/1931
f 2912/2417/1946 2911/2416/1945 2899/2404/1933
f 2913/2418/1947 2912/2417/1946 2900/2405/1934
f 2914/2419/1948 2913/2418/1947 2901/2406/1935
f 2915/2420/1949 2914/2419/1948 2902/2407/1936
f 2904/2409/1938 2916/2421/1950 2915/2420/1949
f 2905/2410/1939 2917/2422/1951 2916/2421/1950
f 2906/2411/1940 2918/2423/1952 2917/2422/1951
f 2907/2413/1942 2919/2425/1954 2918/2423/1952
f 2908/2424/1953 2920/2438/1967 2919/2425/1954
f 2910/2414/1943 2922/2428/1957 2921/2426/1955
f 2911/2416/1945 2923/2429/1958 2922/2428/1957
f 2912/2417/1946 2924/2430/1959 2923/2429/1958
f 2913/2418/1947 2925/2431/1960 2924/2430/1959
f 2914/2419/1948 2926/2444/1973 2925/2431/1960
f 2927/2432/1961 2926/2444/1973 2914/2419/1948
f 2928/2433/1962 2927/2432/1961 2915/2420/1949
f 2929/2434/1963 2928/2433/1962 2916/2421/1950
f 2930/2435/1964 2929/2434/1963 2917/2422/1951
f 2931/2436/1965 2930/2435/1964 2918/2423/1952
f 2932/2437/1966 2931/2436/1965 2919/2425/1954
f 2934/2439/1968 2933/2451/1980 2921/2426/1955
f 2935/2440/1969 2934/2439/1968 2922/2428/1957
f 2936/2441/1970 2935/2440/1969 2923/2429/1958
f 2937/2442/1971 2936/2441/1970 2924/2430/1959
f 2938/2443/1972 2937/2442/1971 2925/2431/1960
f 2939/2445/1974 2938/2443/1972 2926/2444/1973
f 2928/2433/1962 2940/2446/1975 2939/2445/1974
f 2929/2434/1963 2941/2447/1976 2940/2446/1975
f 2930/2435/1964 2942/2448/1977 2941/2447/1976
f 2931/2436/1965 2943/2449/1978 2942/2448/1977
f 2932/2437/1966 2944/2460/1989 2943/2449/1978
f 2946/2450/1979 2945/2463/1992 2933/2451/1980
f 2947/2452/1981 2946/2450/1979 2934/2439/1968
f 2948/2453/1982 2947/2452/1981 2935/2440/1969
f 2949/2454/1983 2948/2453/1982 2936/2441/1970
f 2950/2455/1984 2949/2454/1983 2937/2442/1971
f 2951/2456/1985 2950/2455/1984 2938/2443/1972
f 2940/2446/1975 2952/2457/1986 2951/2456/1985
f 2941/2447/1976 2953/2458/1987 2952/2457/1986
f 2942/2448/1977 2954/2459/1988 2953/2458/1987
f 2943/2449/1978 2955/2461/1990 2954/2459/1988
f 2944/2460/1989 2956/2472/2001 2955/2461/1990
f 2958/2462/1991 2957/2475/2004 2945/2463/1992
f 2959/2464/1993 2958/2462/1991 2946/2450/1979
f 2960/2465/1994 2959/2464/1993 2947/2452/1981
f 2961/2466/1995 2960/2465/1994 2948/2453/1982
f 2962/2467/1996 2961/2466/1995 2949/2454/1983
f 2963/2468/1997 2962/2467/1996 2950/2455/1984
f 2952/2457/1986 2964/2469/1998 2963/2468/1997
f 2953/2458/1987 2965/2470/1999 2964/2469/1998
f 2954/2459/1988 2966/2471/2000 2965/2470/1999
f 2955/2461/1990 2967/2473/2002 2966/2471/2000
f 2956/2472/2001 2968/2484/2013 2967/2473/2002
f 2970/2474/2003 2969/2487/2016 2957/2475/2004
f 2971/2476/2005 2970/2474/2003 2958/2462/1991
f 2972/2477/2006 2971/2476/2005 2959/2464/1993
f 2973/2478/2007 2972/2477/2006 2960/2465/1994
f 2974/2479/2008 2973/2478/2007 2961/2466/1995
f 2975/2480/2009 2974/2479/2008 2962/2467/1996
f 2964/2469/1998 2976/2481/2010 2975/2480/2009
f 2965/2470/1999 2977/2482/2011 2976/2481/2010
f 2966/2471/2000 2978/2483/2012 2977/2482/2011
f 2967/2473/2002 2979/2485/2014 2978/2483/2012
f 2968/2484/2013 2980/2496/2025 2979/2485/2014
f 2982/2486/2015 2981/2499/2028 2969/2487/2016
f 2983/2488/2017 2982/2486/2015 2970/2474/2003
f 2984/2489/2018 2983/2488/2017 2971/2476/2005
f 2985/2490/2019 2984/2489/2018 2972/2477/2006
f 2986/2491/2020 2985/2490/2019 2973/2478/2007
f 2987/2492/2021 2986/2491/2020 2974/2479/2008
f 2976/2481/2010 2988/2493/2022 2987/2492/2021
f 2977/2482/2011 2989/2494/2023 2988/2493/2022
f 2978/2483/2012 2990/2495/2024 2989/2494/2023
f 2979/2485/2014 2991/2497/2026 2990/2495/2024
f 2980/2496/2025 2992/2508/2037 2991/2497/2026
f 2994/2498/2027 2993/2511/2040 2981/2499/2028
f 2995/2500/2029 2994/2498/2027 2982/2486/2015
f 2996/2501/2030 2995/2500/2029 2983/2488/2017
f 2997/2502/2031 2996/2501/2030 2984/2489/2018
f 2998/2503/2032 2997/2502/2031 2985/2490/2019
f 2999/2504/2033 2998/2503/2032 2986/2491/2020
f 2988/2493/2022 3000/2505/2034 2999/2504/2033
f 2989/2494/2023 3001/2506/2035 3000/2505/2034
f 2990/2495/2024 3002/2507/2036 3001/2506/2035
f 2991/2497/2026 3003/2509/2038 3002/2507/2036
f 2992/2508/2037 3004/2522/2051 3003/2509/2038
f 2994/2498/2027 3006/2512/2041 3005/2510/2039
f 2995/2500/2029 3007/2513/2042 3006/2512/2041
f 2996/2501/2030 3008/2514/2043 3007/2513/2042
f 2997/2502/2031 3009/2515/2044 3008/2514/2043
f 2998/2503/2032 3010/2527/2056 3009/2515/2044
f 3011/2516/2045 3010/2527/2056 2998/2503/2032
f 3012/2517/2046 3011/2516/2045 2999/2504/2033
f 3013/2518/2047 3012/2517/2046 3000/2505/2034
f 3014/2519/2048 3013/2518/2047 3001/2506/2035
f 3015/2520/2049 3014/2519/2048 3002/2507/2036
f 3016/2521/2050 3015/2520/2049 3003/2509/2038
f 3006/2512/2041 3018/2524/2053 3017/2523/2052
f 3007/2513/2042 3019/2525/2054 3018/2524/2053
f 3008/2514/2043 3020/2526/2055 3019/2525/2054
f 3009/2515/2044 3021/2528/2057 3020/2526/2055
f 3010/2527/2056 3022/2539/2068 3021/2528/2057
f 3023/2529/2058 3022/2539/2068 3010/2527/2056
f 3024/2530/2059 3023/2529/2058 3011/2516/2045
f 3025/2531/2060 3024/2530/2059 3012/2517/2046
f 3026/2532/2061 3025/2531/2060 3013/2518/2047
f 3027/2533/2062 3026/2532/2061 3014/2519/2048
f 3028/2534/2063 3027/2533/2062 3015/2520/2049
f 3018/2524/2053 3030/2536/2065 3029/2535/2064
f 3019/2525/2054 3031/2537/2066 3030/2536/2065
f 3020/2526/2055 3032/2538/2067 3031/2537/2066
f 3021/2528/2057 3033/2540/2069 3032/2538/2067
f 3022/2539/2068 3034/2551/2080 3033/2540/2069
f 3035/2541/2070 3034/2551/2080 3022/2539/2068
f 3036/2542/2071 3035/2541/2070 3023/2529/2058
f 3037/2543/2072 3036/2542/2071 3024/2530/2059
f 3038/2544/2073 3037/2543/2072 3025/2531/2060
f 3039/2545/2074 3038/2544/2073 3026/2532/2061
f 3040/2546/2075 3039/2545/2074 3027/2533/2062
f 3030/2536/2065 3042/2548/2077 3041/2547/2076
f 3031/2537/2066 3043/2549/2078 3042/2548/2077
f 3032/2538/2067 3044/2550/2079 3043/2549/2078
f 3033/2540/2069 3045/2552/2081 3044/2550/2079
f 3034/2551/2080 3046/2563/2092 3045/2552/2081
f 3047/2553/2082 3046/2563/2092 3034/2551/2080
f 3048/2554/2083 3047/2553/2082 3035/2541/2070
f 3049/2555/2084 3048/2554/2083 3036/2542/2071
f 3050/2556/2085 3049/2555/2084 3037/2543/2072
f 3051/2557/2086 3050/2556/2085 3038/2544/2073
f 3052/2558/2087 3051/2557/2086 3039/2545/2074
f 3042/2548/2077 3054/2560/2089 3053/2559/2088
f 3043/2549/2078 3055/2561/2090 3054/2560/2089
f 3044/2550/2079 3056/2562/2091 3055/2561/2090
f 3045/2552/2081 3057/2564/2093 3056/2562/2091
f 3046/2563/2092 3058/2575/2104 3057/2564/2093
f 3059/2565/2094 3058/2575/2104 3046/2563/2092
f 3060/2566/2095 3059/2565/2094 3047/2553/2082
f 3061/2567/2096 3060/2566/2095 3048/2554/2083
f 3062/2568/2097 3061/2567/2096 3049/2555/2084
f 3063/2569/2098 3062/2568/2097 3050/2556/2085
f 3064/2570/2099 3063/2569/2098 3051/2557/2086
f 3054/2560/2089 3066/2572/2101 3065/2571/2100
f 3055/2561/2090 3067/2573/2102 3066/2572/2101
f 3056/2562/2091 3068/2574/2103 3067/2573/2102
f 3057/2564/2093 3069/2576/2105 3068/2574/2103
f 3058/2575/2104 3070/2588/2117 3069/2576/2105
f 3071/2577/2106 3070/2588/2117 3058/2575/2104
f 3072/2578/2107 3071/2577/2106 3059/2565/2094
f 3073/2579/2108 3072/2578/2107 3060/2566/2095
f 3074/2580/2109 3073/2579/2108 3061/2567/2096
f 3075/2581/2110 3074/2580/2109 3062/2568/2097
f 3076/2582/2111 3075/2581/2110 3063/2569/2098
f 3078/2583/2112 3077/2595/2124 3065/2571/2100
f 3079/2584/2113 3078/2583/2112 3066/2572/2101
f 3080/2585/2114 3079/2584/2113 3067/2573/2102
f 3081/2586/2115 3080/2585/2114 3068/2574/2103
f 3082/2587/2116 3081/2586/2115 3069/2576/2105
f 3083/2589/2118 3082/2587/2116 3070/2588/2117
f 3072/2578/2107 3084/2590/2119 3083/2589/2118
f 3073/2579/2108 3085/2591/2120 3084/2590/2119
f 3074/2580/2109 3086/2592/2121 3085/2591/2120
f 3075/2581/2110 3087/2593/2122 3086/2592/2121
f 3076/2582/2111 3088/2604/2133 3087/2593/2122
f 3090/2594/2123 3089/2607/2136 3077/2595/2124
f 3091/2596/2125 3090/2594/2123 3078/2583/2112
f 3092/2597/2126 3091/2596/2125 3079/2584/2113
f 3093/2598/2127 3092/2597/2126 3080/2585/2114
f 3094/2599/2128 3093/2598/2127 3081/2586/2115
f 3095/2600/2129 3094/2599/2128 3082/2587/2116
f 3084/2590/2119 3096/2601/2130 3095/2600/2129
f 3085/2591/2120 3097/2602/2131 3096/2601/2130
f 3086/2592/2121 3098/2603/2132 3097/2602/2131
f 3087/2593/2122 3099/2605/2134 3098/2603/2132
f 3088/2604/2133 3100/2618/2147 3099/2605/2134
f 3090/2594/2123 3102/2608/2137 3101/2606/2135
f 3091/2596/2125 3103/2609/2138 3102/2608/2137
f 3092/2597/2126 3104/2610/2139 3103/2609/2138
f 3093/2598/2127 3105/2611/2140 3104/2610/2139
f 3094/2599/2128 3106/2623/2152 3105/2611/2140
f 3107/2612/2141 3106/2623/2152 3094/2599/2128
f 3108/2613/2142 3107/2612/2141 3095/2600/2129
f 3109/2614/2143 3108/2613/2142 3096/2601/2130
f 3110/2615/2144 3109/2614/2143 3097/2602/2131
f 3111/2616/2145 3110/2615/2144 3098/2603/2132
f 3112/2617/2146 3111/2616/2145 3099/2605/2134
f 3102/2608/2137 3114/2620/2149 3113/2619/2148
f 3103/2609/2138 3115/2621/2150 3114/2620/2149
f 3104/2610/2139 3116/2622/2151 3115/2621/2150
f 3105/2611/2140 3117/2624/2153 3116/2622/2151
f 3106/2623/2152 3118/2635/2164 3117/2624/2153
f 3119/2625/2154 3118/2635/2164 3106/2623/2152
f 3120/2626/2155 3119/2625/2154 3107/2612/2141
f 3121/2627/2156 3120/2626/2155 3108/2613/2142
f 3122/2628/2157 3121/2627/2156 3109/2614/2143
f 3123/2629/2158 3122/2628/2157 3110/2615/2144
f 3124/2630/2159 3123/2629/2158 3111/2616/2145
f 3114/2620/2149 3126/2632/2161 3125/2631/2160
f 3115/2621/2150 3127/2633/2162 3126/2632/2161
f 3116/2622/2151 3128/2634/2163 3127/2633/2162
f 3117/2624/2153 3129/2636/2165 3128/2634/2163
f 3118/2635/2164 3130/2647/2176 3129/2636/2165
f 3131/2637/2166 3130/2647/2176 3118/2635/2164
f 3132/2638/2167 3131/2637/2166 3119/2625/2154
f 3133/2639/2168 3132/2638/2167 3120/2626/2155
f 3134/2640/2169 3133/2639/2168 3121/2627/2156
f 3135/2641/2170 3134/2640/2169 3122/2628/2157
f 3136/2642/2171 3135/2641/2170 3123/2629/2158
f 3126/2632/2161 3138/2644/2173 3137/2643/2172
f 3127/2633/2162 3139/2645/2174 3138/2644/2173
f 3128/2634/2163 3140/2646/2175 3139/2645/2174
f 3129/2636/2165 3141/2648/2177 3140/2646/2175
f 3130/2647/2176 3142/2659/2188 3141/2648/2177
f 3143/2649/2178 3142/2659/2188 3130/2647/2176
f 3144/2650/2179 3143/2649/2178 3131/2637/2166
f 3145/2651/2180 3144/2650/2179 3132/2638/2167
f 3146/2652/2181 3145/2651/2180 3133/2639/2168
f 3147/2653/2182 3146/2652/2181 3134/2640/2169
f 3148/2654/2183 3147/2653/2182 3135/2641/2170
f 3138/2644/2173 3150/2656/2185 3149/2655/2184
f 3139/2645/2174 3151/2657/2186 3150/2656/2185
f 3140/2646/2175 3152/2658/2187 3151/2657/2186
f 3141/2648/2177 3153/2660/2189 3152/2658/2187
f 3142/2659/2188 3154/2671/2200 3153/2660/2189
f 3155/2661/2190 3154/2671/2200 3142/2659/2188
f 3156/2662/2191 3155/2661/2190 3143/2649/2178
f 3157/2663/2192 3156/2662/2191 3144/2650/2179
f 3158/2664/2193 3157/2663/2192 3145/2651/2180
f 3159/2665/2194 3158/2664/2193 3146/2652/2181
f 3160/2666/2195 3159/2665/2194 3147/2653/2182
f 3150/2656/2185 3162/2668/2197 3161/2667/2196
f 3151/2657/2186 3163/2669/2198 3162/2668/2197
f 3152/2658/2187 3164/2670/2199 3163/2669/2198
f 3153/2660/2189 3165/2672/2201 3164/2670/2199
f 3154/2671/2200 3166/2683/2212 3165/2672/2201
f 3167/2673/2202 3166/2683/2212 3154/2671/2200
f 3168/2674/2203 3167/2673/2202 3155/2661/2190
f 3169/2675/2204 3168/2674/2203 3156/2662/2191
f 3170/2676/2205 3169/2675/2204 3157/2663/2192
f 3171/2677/2206 3170/2676/2205 3158/2664/2193
f 3172/2678/2207 3171/2677/2206 3159/2665/2194
f 3162/2668/2197 3174/2680/2209 3173/2679/2208
f 3163/2669/2198 3175/2681/2210 3174/2680/2209
f 3164/2670/2199 3176/2682/2211 3175/2681/2210
f 3165/2672/2201 3177/2684/2213 3176/2682/2211
f 3166/2683/2212 3178/2695/2224 3177/2684/2213
f 3179/2685/2214 3178/2695/2224 3166/2683/2212
f 3180/2686/2215 3179/2685/2214 3167/2673/2202
f 3181/2687/2216 3180/2686/2215 3168/2674/2203
f 3182/2688/2217 3181/2687/2216 3169/2675/2204
f 3183/2689/2218 3182/2688/2217 3170/2676/2205
f 3184/2690/2219 3183/2689/2218 3171/2677/2206
f 3174/2680/2209 3186/2692/2221 3185/2691/2220
f 3175/2681/2210 3187/2693/2222 3186/2692/2221
f 3176/2682/2211 3188/2694/2223 3187/2693/2222
f 3177/2684/2213 3189/2696/2225 3188/2694/2223
f 3178/2695/2224 3190/2707/2236 3189/2696/2225
f 3191/2697/2226 3190/2707/2236 3178/2695/2224
f 3192/2698/2227 3191/2697/2226 3179/2685/2214
f 3193/2699/2228 3192/2698/2227 3180/2686/2215
f 3194/2700/2229 3193/2699/2228 3181/2687/2216
f 3195/2701/2230 3194/2700/2229 3182/2688/2217
f 3196/2702/2231 3195/2701/2230 3183/2689/2218
f 3186/2692/2221 3198/2704/2233 3197/2703/2232
f 3187/2693/2222 3199/2705/2234 3198/2704/2233
f 3188/2694/2223 3200/2706/2235 3199/2705/2234
f 3189/2696/2225 3201/2708/2237 3200/2706/2235
f 3190/2707/2236 3202/2719/2248 3201/2708/2237
f 3203/2709/2238 3202/2719/2248 3190/2707/2236
f 3204/2710/2239 3203/2709/2238 3191/2697/2226
f 3205/2711/2240 3204/2710/2239 3192/2698/2227
f 3206/2712/2241 3205/2711/2240 3193/2699/2228
f 3207/2713/2242 3206/2712/2241 3194/2700/2229
f 3208/2714/2243 3207/2713/2242 3195/2701/2230
f 3198/2704/2233 3210/2716/2245 3209/2715/2244
f 3199/2705/2234 3211/2717/2246 3210/2716/2245
f 3200/2706/2235 3212/2718/2247 3211/2717/2246
f 3201/2708/2237 3213/2720/2249 3212/2718/2247
f 3202/2719/2248 3214/2732/2261 3213/2720/2249
f 3215/2721/2250 3214/2732/2261 3202/2719/2248
f 3216/2722/2251 3215/2721/2250 3203/2709/2238
f 3217/2723/2252 3216/2722/2251 3204/2710/2239
f 3218/2724/2253 3217/2723/2252 3205/2711/2240
f 3219/2725/2254 3218/2724/2253 3206/2712/2241
f 3220/2726/2255 3219/2725/2254 3207/2713/2242
f 3222/2727/2256 3221/2739/2268 3209/2715/2244
f 3223/2728/2257 3222/2727/2256 3210/2716/2245
f 3224/2729/2258 3223/2728/2257 3211/2717/2246
f 3225/2730/2259 3224/2729/2258 3212/2718/2247
f 3226/2731/2260 3225/2730/2259 3213/2720/2249
f 3227/2733/2262 3226/2731/2260 3214/2732/2261
f 3216/2722/2251 3228/2734/2263 3227/2733/2262
f 3217/2723/2252 3229/2735/2264 3228/2734/2263
f 3218/2724/2253 3230/2736/2265 3229/2735/2264
f 3219/2725/2254 3231/2737/2266 3230/2736/2265
f 3220/2726/2255 3232/2748/2277 3231/2737/2266
f 3234/2738/2267 3233/2751/2280 3221/2739/2268
f 3235/2740/2269 3234/2738/2267 3222/2727/2256
f 3236/2741/2270 3235/2740/2269 3223/2728/2257
f 3237/2742/2271 3236/2741/2270 3224/2729/2258
f 3238/2743/2272 3237/2742/2271 3225/2730/2259
f 3239/2744/2273 3238/2743/2272 3226/2731/2260
f 3228/2734/2263 3240/2745/2274 3239/2744/2273
f 3229/2735/2264 3241/2746/2275 3240/2745/2274
f 3230/2736/2265 3242/2747/2276 3241/2746/2275
f 3231/2737/2266 3243/2749/2278 3242/2747/2276
f 3232/2748/2277 3244/2762/2291 3243/2749/2278
f 3234/2738/2267 3246/2752/2281 3245/2750/2279
f 3235/2740/2269 3247/2753/2282 3246/2752/2281
f 3236/2741/2270 3248/2754/2283 3247/2753/2282
f 3237/2742/2271 3249/2755/2284 3248/2754/2283
f 3238/2743/2272 3250/2767/2296 3249/2755/2284
f 3251/2756/2285 3250/2767/2296 3238/2743/2272
f 3252/2757/2286 3251/2756/2285 3239/2744/2273
f 3253/2758/2287 3252/2757/2286 3240/2745/2274
f 3254/2759/2288 3253/2758/2287 3241/2746/2275
f 3255/2760/2289 3254/2759/2288 3242/2747/2276
f 3256/2761/2290 3255/2760/2289 3243/2749/2278
f 3246/2752/2281 3258/2764/2293 3257/2763/2292
f 3247/2753/2282 3259/2765/2294 3258/2764/2293
f 3248/2754/2283 3260/2766/2295 3259/2765/2294
f 3249/2755/2284 3261/2768/2297 3260/2766/2295
f 3250/2767/2296 3262/2780/2309 3261/2768/2297
f 3263/2769/2298 3262/2780/2309 3250/2767/2296
f 3264/2770/2299 3263/2769/2298 3251/2756/2285
f 3265/2771/2300 3264/2770/2299 3252/2757/2286
f 3266/2772/2301 3265/2771/2300 3253/2758/2287
f 3267/2773/2302 3266/2772/2301 3254/2759/2288
f 3268/2774/2303 3267/2773/2302 3255/2760/2289
f 3270/2775/2304 3269/2787/2316 3257/2763/2292
f 3271/2776/2305 3270/2775/2304 3258/2764/2293
f 3272/2777/2306 3271/2776/2305 3259/2765/2294
f 3273/2778/2307 3272/2777/2306 3260/2766/2295
f 3274/2779/2308 3273/2778/2307 3261/2768/2297
f 3275/2781/2310 3274/2779/2308 3262/2780/2309
f 3264/2770/2299 3276/2782/2311 3275/2781/2310
f 3265/2771/2300 3277/2783/2312 3276/2782/2311
f 3266/2772/2301 3278/2784/2313 3277/2783/2312
f 3267/2773/2302 3279/2785/2314 3278/2784/2313
f 3268/2774/2303 3280/2796/2325 3279/2785/2314
f 3282/2786/2315 3281/2799/2328 3269/2787/2316
f 3283/2788/2317 3282/2786/2315 3270/2775/2304
f 3284/2789/2318 3283/2788/2317 3271/2776/2305
f 3285/2790/2319 3284/2789/2318 3272/2777/2306
f 3286/2791/2320 3285/2790/2319 3273/2778/2307
f 3287/2792/2321 3286/2791/2320 3274/2779/2308
f 3276/2782/2311 3288/2793/2322 3287/2792/2321
f 3277/2783/2312 3289/2794/2323 3288/2793/2322
f 3278/2784/2313 3290/2795/2324 3289/2794/2323
f 3279/2785/2314 3291/2797/2326 3290/2795/2324
f 3280/2796/2325 3292/2808/2337 3291/2797/2326
f 3294/2798/2327 3293/2811/2340 3281/2799/2328
f 3295/2800/2329 3294/2798/2327 3282/2786/2315
f 3296/2801/2330 3295/2800/2329 3283/2788/2317
f 3297/2802/2331 3296/2801/2330 3284/2789/2318
f 3298/2803/2332 3297/2802/2331 3285/2790/2319
f 3299/2804/2333 3298/2803/2332 3286/2791/2320
f 3288/2793/2322 3300/2805/2334 3299/2804/2333
f 3289/2794/2323 3301/2806/2335 3300/2805/2334
f 3290/2795/2324 3302/2807/2336 3301/2806/2335
f 3291/2797/2326 3303/2809/2338 3302/2807/2336
f 3292/2808/2337 3304/2820/2349 3303/2809/2338
f 3306/2810/2339 3305/2823/2352 3293/2811/2340
f 3307/2812/2341 3306/2810/2339 3294/2798/2327
f 3308/2813/2342 3307/2812/2341 3295/2800/2329
f 3309/2814/2343 3308/2813/2342 3296/2801/2330
f 3310/2815/2344 3309/2814/2343 3297/2802/2331
f 3311/2816/2345 3310/2815/2344 3298/2803/2332
f 3300/2805/2334 3312/2817/2346 3311/2816/2345
f 3301/2806/2335 3313/2818/2347 3312/2817/2346
f 3302/2807/2336 3314/2819/2348 3313/2818/2347
f 3303/2809/2338 3315/2821/2350 3314/2819/2348
f 3304/2820/2349 3316/2832/2361 3315/2821/2350
f 3318/2822/2351 3317/2835/2364 3305/2823/2352
f 3319/2824/2353 3318/2822/2351 3306/2810/2339
f 3320/2825/2354 3319/2824/2353 3307/2812/2341
f 3321/2826/2355 3320/2825/2354 3308/2813/2342
f 3322/2827/2356 3321/2826/2355 3309/2814/2343
f 3323/2828/2357 3322/2827/2356 3310/2815/2344
f 3312/2817/2346 3324/2829/2358 3323/2828/2357
f 3313/2818/2347 3325/2830/2359 3324/2829/2358
f 3314/2819/2348 3326/2831/2360 3325/2830/2359
f 3315/2821/2350 3327/2833/2362 3326/2831/2360
f 3316/2832/2361 3328/2844/2373 3327/2833/2362
f 3330/2834/2363 3329/2847/2376 3317/2835/2364
f 3331/2836/2365 3330/2834/2363 3318/2822/2351
f 3332/2837/2366 3331/2836/2365 3319/2824/2353
f 3333/2838/2367 3332/2837/2366 3320/2825/2354
f 3334/2839/2368 3333/2838/2367 3321/2826/2355
f 3335/2840/2369 3334/2839/2368 3322/2827/2356
f 3324/2829/2358 3336/2841/2370 3335/2840/2369
f 3325/2830/2359 3337/2842/2371 3336/2841/2370
f 3326/2831/2360 3338/2843/2372 3337/2842/2371
f 3327/2833/2362 3339/2845/2374 3338/2843/2372
f 3328/2844/2373 3340/2856/2385 3339/2845/2374
f 3342/2846/2375 3341/2859/2388 3329/2847/2376
f 3343/2848/2377 3342/2846/2375 3330/2834/2363
f 3344/2849/2378 3343/2848/2377 3331/2836/2365
f 3345/2850/2379 3344/2849/2378 3332/2837/2366
f 3346/2851/2380 3345/2850/2379 3333/2838/2367
f 3347/2852/2381 3346/2851/2380 3334/2839/2368
f 3336/2841/2370 3348/2853/2382 3347/2852/2381
f 3337/2842/2371 3349/2854/2383 3348/2853/2382
f 3338/2843/2372 3350/2855/2384 3349/2854/2383
f 3339/2845/2374 3351/2857/2386 3350/2855/2384
f 3340/2856/2385 3352/2868/2397 3351/2857/2386
f 3354/2858/2387 3353/2871/2400 3341/2859/2388
f 3355/2860/2389 3354/2858/2387 3342/2846/2375
f 3356/2861/2390 3355/2860/2389 3343/2848/2377
f 3357/2862/2391 3356/2861/2390 3344/2849/2378
f 3358/2863/2392 3357/2862/2391 3345/2850/2379
f 3359/2864/2393 3358/2863/2392 3346/2851/2380
f 3348/2853/2382 3360/2865/2394 3359/2864/2393
f 3349/2854/2383 3361/2866/2395 3360/2865/2394
f 3350/2855/2384 3362/2867/2396 3361/2866/2395
f 3351/2857/2386 3363/2869/2398 3362/2867/2396
f 3352/2868/2397 3364/2882/2411 3363/2869/2398
f 3354/2858/2387 3366/2872/2401 3365/2870/2399
f 3355/2860/2389 3367/2873/2402 3366/2872/2401
f 3356/2861/2390 3368/2874/2403 3367/2873/2402
f 3357/2862/2391 3369/2875/2404 3368/2874/2403
f 3358/2863/2392 3370/2887/2416 3369/2875/2404
f 3371/2876/2405 3370/2887/2416 3358/2863/2392
f 3372/2877/2406 3371/2876/2405 3359/2864/2393
f 3373/2878/2407 3372/2877/2406 3360/2865/2394
f 3374/2879/2408 3373/2878/2407 3361/2866/2395
f 3375/2880/2409 3374/2879/2408 3362/2867/2396
f 3376/2881/2410 3375/2880/2409 3363/2869/2398
f 3366/2872/2401 3378/2884/2413 3377/2883/2412
f 3367/2873/2402 3379/2885/2414 3378/2884/2413
f 3368/2874/2403 3380/2886/2415 3379/2885/2414
f 3369/2875/2404 3381/2888/2417 3380/2886/2415
f 3370/2887/2416 3382/2899/2428 3381/2888/2417
f 3383/2889/2418 3382/2899/2428 3370/2887/2416
f 3384/2890/2419 3383/2889/2418 3371/2876/2405
f 3385/2891/2420 3384/2890/2419 3372/2877/2406
f 3386/2892/2421 3385/2891/2420 3373/2878/2407
f 3387/2893/2422 3386/2892/2421 3374/2879/2408
f 3388/2894/2423 3387/2893/2422 3375/2880/2409
f 3378/2884/2413 3390/2896/2425 3389/2895/2424
f 3379/2885/2414 3391/2897/2426 3390/2896/2425
f 3380/2886/2415 3392/2898/2427 3391/2897/2426
f 3381/2888/2417 3393/2900/2429 3392/2898/2427
f 3382/2899/2428 3394/2911/2440 3393/2900/2429
f 3395/2901/2430 3394/2911/2440 3382/2899/2428
f 3396/2902/2431 3395/2901/2430 3383/2889/2418
f 3397/2903/2432 3396/2902/2431 3384/2890/2419
f 3398/2904/2433 3397/2903/2432 3385/2891/2420
f 3399/2905/2434 3398/2904/2433 3386/2892/2421
f 3400/2906/2435 3399/2905/2434 3387/2893/2422
f 3390/2896/2425 3402/2908/2437 3401/2907/2436
f 3391/2897/2426 3403/2909/2438 3402/2908/2437
f 3392/2898/2427 3404/2910/2439 3403/2909/2438
f 3393/2900/2429 3405/2912/2441 3404/2910/2439
f 3394/2911/2440 3406/2923/2452 3405/2912/2441
f 3407/2913/2442 3406/2923/2452 3394/2911/2440
f 3408/2914/2443 3407/2913/2442 3395/2901/2430
f 3409/2915/2444 3408/2914/2443 3396/2902/2431
f 3410/2916/2445 3409/2915/2444 3397/2903/2432
f 3411/2917/2446 3410/2916/2445 3398/2904/2433
f 3412/2918/2447 3411/2917/2446 3399/2905/2434
f 3402/2908/2437 3414/2920/2449 3413/2919/2448
f 3403/2909/2438 3415/2921/2450 3414/2920/2449
f 3404/2910/2439 3416/2922/2451 3415/2921/2450
f 3405/2912/2441 3417/2924/2453 3416/2922/2451
f 3406/2923/2452 3418/2935/2464 3417/2924/2453
f 3419/2925/2454 3418/2935/2464 3406/2923/2452
f 3420/2926/2455 3419/2925/2454 3407/2913/2442
f 3421/2927/2456 3420/2926/2455 3408/2914/2443
f 3422/2928/2457 3421/2927/2456 3409/2915/2444
f 3423/2929/2458 3422/2928/2457 3410/2916/2445
f 3424/2930/2459 3423/2929/2458 3411/2917/2446
f 3414/2920/2449 3426/2932/2461 3425/2931/2460
f 3415/2921/2450 3427/2933/2462 3426/2932/2461
f 3416/2922/2451 3428/2934/2463 3427/2933/2462
f 3417/2924/2453 3429/2936/2465 3428/2934/2463
f 3418/2935/2464 3430/2947/2476 3429/2936/2465
f 3431/2937/2466 3430/2947/2476 3418/2935/2464
f 3432/2938/2467 3431/2937/2466 3419/2925/2454
f 3433/2939/2468 3432/2938/2467 3420/2926/2455
f 3434/2940/2469 3433/2939/2468 3421/2927/2456
f 3435/2941/2470 3434/2940/2469 3422/2928/2457
f 3436/2942/2471 3435/2941/2470 3423/2929/2458
f 3426/2932/2461 3438/2944/2473 3437/2943/2472
f 3427/2933/2462 3439/2945/2474 3438/2944/2473
f 3428/2934/2463 3440/2946/2475 3439/2945/2474
f 3429/2936/2465 3441/2948/2477 3440/2946/2475
f 3430/2947/2476 3442/2959/2488 3441/2948/2477
f 3443/2949/2478 3442/2959/2488 3430/2947/2476
f 3444/2950/2479 3443/2949/2478 3431/2937/2466
f 3445/2951/2480 3444/2950/2479 3432/2938/2467
f 3446/2952/2481 3445/2951/2480 3433/2939/2468
f 3447/2953/2482 3446/2952/2481 3434/2940/2469
f 3448/2954/2483 3447/2953/2482 3435/2941/2470
f 3438/2944/2473 3450/2956/2485 3449/2955/2484
f 3439/2945/2474 3451/2957/2486 3450/2956/2485
f 3440/2946/2475 3452/2958/2487 3451/2957/2486
f 3441/2948/2477 3453/2960/2489 3452/2958/2487
f 3442/2959/2488 3454/2971/2500 3453/2960/2489
f 3455/2961/2490 3454/2971/2500 3442/2959/2488
f 3456/2962/2491 3455/2961/2490 3443/2949/2478
f 3457/2963/2492 3456/2962/2491 3444/2950/2479
f 3458/2964/2493 3457/2963/2492 3445/2951/2480
f 3459/2965/2494 3458/2964/2493 3446/2952/2481
f 3460/2966/2495 3459/2965/2494 3447/2953/2482
f 3450/2956/2485 3462/2968/2497 3461/2967/2496
f 3451/2957/2486 3463/2969/2498 3462/2968/2497
f 3452/2958/2487 3464/2970/2499 3463/2969/2498
f 3453/2960/2489 3465/2972/2501 3464/2970/2499
f 3454/2971/2500 3466/2984/2513 3465/2972/2501
f 3467/2973/2502 3466/2984/2513 3454/2971/2500
f 3468/2974/2503 3467/2973/2502 3455/2961/2490
f 3469/2975/2504 3468/2974/2503 3456/2962/2491
f 3470/2976/2505 3469/2975/2504 3457/2963/2492
f 3471/2977/2506 3470/2976/2505 3458/2964/2493
f 3472/2978/2507 3471/2977/2506 3459/2965/2494
f 3474/2979/2508 3473/2991/2520 3461/2967/2496
f 3475/2980/2509 3474/2979/2508 3462/2968/2497
f 3476/2981/2510 3475/2980/2509 3463/2969/2498
f 3477/2982/2511 3476/2981/2510 3464/2970/2499
f 3478/2983/2512 3477/2982/2511 3465/2972/2501
f 3479/2985/2514 3478/2983/2512 3466/2984/2513
f 3468/2974/2503 3480/2986/2515 3479/2985/2514
f 3469/2975/2504 3481/2987/2516 3480/2986/2515
f 3470/2976/2505 3482/2988/2517 3481/2987/2516
f 3471/2977/2506 3483/2989/2518 3482/2988/2517
f 3472/2978/2507 3484/3000/2529 3483/2989/2518
f 3486/2990/2519 3485/3003/2532 3473/2991/2520
f 3487/2992/2521 3486/2990/2519 3474/2979/2508
f 3488/2993/2522 3487/2992/2521 3475/2980/2509
f 3489/2994/2523 3488/2993/2522 3476/2981/2510
f 3490/2995/2524 3489/2994/2523 3477/2982/2511
f 3491/2996/2525 3490/2995/2524 3478/2983/2512
f 3480/2986/2515 3492/2997/2526 3491/2996/2525
f 3481/2987/2516 3493/2998/2527 3492/2997/2526
f 3482/2988/2517 3494/2999/2528 3493/2998/2527
f 3483/2989/2518 3495/3001/2530 3494/2999/2528
f 3484/3000/2529 3496/3012/2541 3495/3001/2530
f 3498/3002/2531 3497/3015/2544 3485/3003/2532
f 3499/3004/2533 3498/3002/2531 3486/2990/2519
f 3500/3005/2534 3499/3004/2533 3487/2992/2521
f 3501/3006/2535 3500/3005/2534 3488/2993/2522
f 3502/3007/2536 3501/3006/2535 3489/2994/2523
f 3503/3008/2537 3502/3007/2536 3490/2995/2524
f 3492/2997/2526 3504/3009/2538 3503/3008/2537
f 3493/2998/2527 3505/3010/2539 3504/3009/2538
f 3494/2999/2528 3506/3011/2540 3505/3010/2539
f 3495/3001/2530 3507/3013/2542 3506/3011/2540
f 3496/3012/2541 3508/3024/2553 3507/3013/2542
f 3510/3014/2543 3509/3027/2556 3497/3015/2544
f 3511/3016/2545 3510/3014/2543 3498/3002/2531
f 3512/3017/2546 3511/3016/2545 3499/3004/2533
f 3513/3018/2547 3512/3017/2546 3500/3005/2534
f 3514/3019/2548 3513/3018/2547 3501/3006/2535
f 3515/3020/2549 3514/3019/2548 3502/3007/2536
f 3504/3009/2538 3516/3021/2550 3515/3020/2549
f 3505/3010/2539 3517/3022/2551 3516/3021/2550
f 3506/3011/2540 3518/3023/2552 3517/3022/2551
f 3507/3013/2542 3519/3025/2554 3518/3023/2552
f 3508/3024/2553 3520/3036/2565 3519/3025/2554
f 3522/3026/2555 3521/3039/2568 3509/3027/2556
f 3523/3028/2557 3522/3026/2555 3510/3014/2543
f 3524/3029/2558 3523/3028/2557 3511/3016/2545
f 3525/3030/2559 3524/3029/2558 3512/3017/2546
f 3526/3031/2560 3525/3030/2559 3513/3018/2547
f 3527/3032/2561 3526/3031/2560 3514/3019/2548
f 3516/3021/2550 3528/3033/2562 3527/3032/2561
f 3517/3022/2551 3529/3034/2563 3528/3033/2562
f 3518/3023/2552 3530/3035/2564 3529/3034/2563
f 3519/3025/2554 3531/3037/2566 3530/3035/2564
f 3520/3036/2565 3532/3048/2577 3531/3037/2566
f 3534/3038/2567 3533/3051/2580 3521/3039/2568
f 3535/3040/2569 3534/3038/2567 3522/3026/2555
f 3536/3041/2570 3535/3040/2569 3523/3028/2557
f 3537/3042/2571 3536/3041/2570 3524/3029/2558
f 3538/3043/2572 3537/3042/2571 3525/3030/2559
f 3539/3044/2573 3538/3043/2572 3526/3031/2560
f 3528/3033/2562 3540/3045/2574 3539/3044/2573
f 3529/3034/2563 3541/3046/2575 3540/3045/2574
f 3530/3035/2564 3542/3047/2576 3541/3046/2575
f 3531/3037/2566 3543/3049/2578 3542/3047/2576
f 3532/3048/2577 3544/3060/2589 3543/3049/2578
f 3546/3050/2579 3545/3063/2592 3533/3051/2580
f 3547/3052/2581 3546/3050/2579 3534/3038/2567
f 3548/3053/2582 3547/3052/2581 3535/3040/2569
f 3549/3054/2583 3548/3053/2582 3536/3041/2570
f 3550/3055/2584 3549/3054/2583 3537/3042/2571
f 3551/3056/2585 3550/3055/2584 3538/3043/2572
f 3540/3045/2574 3552/3057/2586 3551/3056/2585
f 3541/3046/2575 3553/3058/2587 3552/3057/2586
f 3542/3047/2576 3554/3059/2588 3553/3058/2587
f 3543/3049/2578 3555/3061/2590 3554/3059/2588
f 3544/3060/2589 3556/3072/2601 3555/3061/2590
f 3558/3062/2591 3557/3075/2604 3545/3063/2592
f 3559/3064/2593 3558/3062/2591 3546/3050/2579
f 3560/3065/2594 3559/3064/2593 3547/3052/2581
f 3561/3066/2595 3560/3065/2594 3548/3053/2582
f 3562/3067/2596 3561/3066/2595 3549/3054/2583
f 3563/3068/2597 3562/3067/2596 3550/3055/2584
f 3552/3057/2586 3564/3069/2598 3563/3068/2597
f 3553/3058/2587 3565/3070/2599 3564/3069/2598
f 3554/3059/2588 3566/3071/2600 3565/3070/2599
f 3555/3061/2590 3567/3073/2602 3566/3071/2600
f 3556/3072/2601 3568/3083/2612 3567/3073/2602
f 3570/3074/2603 3569/3086/2615 3557/3075/2604
f 3571/3076/2605 3570/3074/2603 3558/3062/2591
f 3560/3065/2594 3572/3077/2606 3571/3076/2605
f 3561/3066/2595 3573/3078/2607 3572/3077/2606
f 3562/3067/2596 3574/3089/2618 3573/3078/2607
f 3575/3079/2608 3574/3089/2618 3562/3067/2596
f 3576/3080/2609 3575/3079/2608 3563/3068/2597
f 3577/3081/2610 3576/3080/2609 3564/3069/2598
f 3566/3071/2600 3578/3082/2611 3577/3081/2610
f 3567/3073/2602 3579/3084/2613 3578/3082/2611
f 3568/3083/2612 3580/3095/2624 3579/3084/2613
f 3582/3085/2614 3581/3098/2627 3569/3086/2615
f 3583/3087/2616 3582/3085/2614 3570/3074/2603
f 3572/3077/2606 3584/3088/2617 3583/3087/2616
f 3573/3078/2607 3585/3090/2619 3584/3088/2617
f 3574/3089/2618 3586/3101/2630 3585/3090/2619
f 3587/3091/2620 3586/3101/2630 3574/3089/2618
f 3588/3092/2621 3587/3091/2620 3575/3079/2608
f 3589/3093/2622 3588/3092/2621 3576/3080/2609
f 3578/3082/2611 3590/3094/2623 3589/3093/2622
f 3579/3084/2613 3591/3096/2625 3590/3094/2623
f 3580/3095/2624 3592/3107/2636 3591/3096/2625
f 3594/3097/2626 3593/3110/2639 3581/3098/2627
f 3583/3087/2616 3595/3099/2628 3594/3097/2626
f 3584/3088/2617 3596/3100/2629 3595/3099/2628
f 3585/3090/2619 3597/3102/2631 3596/3100/2629
f 3586/3101/2630 3598/3113/2642 3597/3102/2631
f 3599/3103/2632 3598/3113/2642 3586/3101/2630
f 3600/3104/2633 3599/3103/2632 3587/3091/2620
f 3601/3105/2634 3600/3104/2633 3588/3092/2621
f 3602/3106/2635 3601/3105/2634 3589/3093/2622
f 3591/3096/2625 3603/3108/2637 3602/3106/2635
f 3592/3107/2636 3604/3119/2648 3603/3108/2637
f 3606/3109/2638 3605/3122/2651 3593/3110/2639
f 3595/3099/2628 3607/3111/2640 3606/3109/2638
f 3596/3100/2629 3608/3112/2641 3607/3111/2640
f 3597/3102/2631 3609/3114/2643 3608/3112/2641
f 3598/3113/2642 3610/3127/2656 3609/3114/2643
f 3611/3115/2644 3610/3127/2656 3598/3113/2642
f 3612/3116/2645 3611/3115/2644 3599/3103/2632
f 3613/3117/2646 3612/3116/2645 3600/3104/2633
f 3614/3118/2647 3613/3117/2646 3601/3105/2634
f 3603/3108/2637 3615/3120/2649 3614/3118/2647
f 3604/3119/2648 3616/3133/2662 3615/3120/2649
f 3606/3109/2638 3618/3123/2652 3617/3121/2650
f 3607/3111/2640 3619/3135/2664 3618/3123/2652
f 3620/3124/2653 3619/3135/2664 3607/3111/2640
f 3621/3125/2654 3620/3124/2653 3608/3112/2641
f 3622/3126/2655 3621/3125/2654 3609/3114/2643
f 3623/3128/2657 3622/3126/2655 3610/3127/2656
f 3612/3116/2645 3624/3129/2658 3623/3128/2657
f 3613/3117/2646 3625/3130/2659 3624/3129/2658
f 3614/3118/2647 3626/3131/2660 3625/3130/2659
f 3615/3120/2649 3627/3143/2672 3626/3131/2660
f 3628/3132/2661 3627/3143/2672 3615/3120/2649
f 3618/3123/2652 3630/3136/2665 3629/3134/2663
f 3619/3135/2664 3631/3147/2676 3630/3136/2665
f 3632/3137/2666 3631/3147/2676 3619/3135/2664
f 3633/3138/2667 3632/3137/2666 3620/3124/2653
f 3634/3139/2668 3633/3138/2667 3621/3125/2654
f 3635/3140/2669 3634/3139/2668 3622/3126/2655
f 3624/3129/2658 3636/3141/2670 3635/3140/2669
f 3625/3130/2659 3637/3142/2671 3636/3141/2670
f 3626/3131/2660 3638/3144/2673 3637/3142/2671
f 3627/3143/2672 3639/3155/2684 3638/3144/2673
f 3640/3145/2674 3639/3155/2684 3627/3143/2672
f 3630/3136/2665 3642/3148/2677 3641/3146/2675
f 3631/3147/2676 3643/3159/2688 3642/3148/2677
f 3644/3149/2678 3643/3159/2688 3631/3147/2676
f 3645/3150/2679 3644/3149/2678 3632/3137/2666
f 3646/3151/2680 3645/3150/2679 3633/3138/2667
f 3647/3152/2681 3646/3151/2680 3634/3139/2668
f 3636/3141/2670 3648/3153/2682 3647/3152/2681
f 3637/3142/2671 3649/3154/2683 3648/3153/2682
f 3638/3144/2673 3650/3156/2685 3649/3154/2683
f 3639/3155/2684 3651/3168/2697 3650/3156/2685
f 3652/3157/2686 3651/3168/2697 3639/3155/2684
f 3642/3148/2677 3654/3160/2689 3653/3158/2687
f 3643/3159/2688 3655/3161/2690 3654/3160/2689
f 3644/3149/2678 3656/3172/2701 3655/3161/2690
f 3657/3162/2691 3656/3172/2701 3644/3149/2678
f 3658/3163/2692 3657/3162/2691 3645/3150/2679
f 3659/3164/2693 3658/3163/2692 3646/3151/2680
f 3648/3153/2682 3660/3165/2694 3659/3164/2693
f 3649/3154/2683 3661/3166/2695 3660/3165/2694
f 3650/3156/2685 3662/3178/2707 3661/3166/2695
f 3663/3167/2696 3662/3178/2707 3650/3156/2685
f 3664/3169/2698 3663/3167/2696 3651/3168/2697
f 3666/3170/2699 3665/3182/2711 3653/3158/2687
f 3667/3171/2700 3666/3170/2699 3654/3160/2689
f 3656/3172/2701 3668/3173/2702 3667/3171/2700
f 3657/3162/2691 3669/3174/2703 3668/3173/2702
f 3658/3163/2692 3670/3187/2716 3669/3174/2703
f 3671/3175/2704 3670/3187/2716 3658/3163/2692
f 3672/3176/2705 3671/3175/2704 3659/3164/2693
f 3673/3177/2706 3672/3176/2705 3660/3165/2694
f 3662/3178/2707 3674/3179/2708 3673/3177/2706
f 3663/3167/2696 3675/3180/2709 3674/3179/2708
f 3664/3169/2698 3676/3193/2722 3675/3180/2709
f 3666/3170/2699 3678/3183/2712 3677/3181/2710
f 3667/3171/2700 3679/3184/2713 3678/3183/2712
f 3668/3173/2702 3680/3196/2725 3679/3184/2713
f 3681/3185/2714 3680/3196/2725 3668/3173/2702
f 3682/3186/2715 3681/3185/2714 3669/3174/2703
f 3683/3188/2717 3682/3186/2715 3670/3187/2716
f 3672/3176/2705 3684/3189/2718 3683/3188/2717
f 3673/3177/2706 3685/3190/2719 3684/3189/2718
f 3674/3179/2708 3686/3203/2732 3685/3190/2719
f 3687/3191/2720 3686/3203/2732 3674/3179/2708
f 3688/3192/2721 3687/3191/2720 3675/3180/2709
f 3678/3183/2712 3690/3195/2724 3689/3194/2723
f 3679/3184/2713 3691/3197/2726 3690/3195/2724
f 3680/3196/2725 3692/3198/2727 3691/3197/2726
f 3681/3185/2714 3693/3209/2738 3692/3198/2727
f 3694/3199/2728 3693/3209/2738 3681/3185/2714
f 3695/3200/2729 3694/3199/2728 3682/3186/2715
f 3684/3189/2718 3696/3201/2730 3695/3200/2729
f 3685/3190/2719 3697/3215/2744 3696/3201/2730
f 3698/3202/2731 3697/3215/2744 3685/3190/2719
f 3699/3204/2733 3698/3202/2731 3686/3203/2732
f 3700/3205/2734 3699/3204/2733 3687/3191/2720
f 3690/3195/2724 3702/3207/2736 3701/3206/2735
f 3691/3197/2726 3703/3208/2737 3702/3207/2736
f 3692/3198/2727 3704/3210/2739 3703/3208/2737
f 3693/3209/2738 3705/3211/2740 3704/3210/2739
f 3694/3199/2728 3706/3223/2752 3705/3211/2740
f 3707/3212/2741 3706/3223/2752 3694/3199/2728
f 3708/3213/2742 3707/3212/2741 3695/3200/2729
f 3709/3214/2743 3708/3213/2742 3696/3201/2730
f 3710/3216/2745 3709/3214/2743 3697/3215/2744
f 3711/3217/2746 3710/3216/2745 3698/3202/2731
f 3712/3218/2747 3711/3217/2746 3699/3204/2733
f 3702/3207/2736 3714/3220/2749 3713/3219/2748
f 3703/3208/2737 3715/3221/2750 3714/3220/2749
f 3704/3210/2739 3716/3222/2751 3715/3221/2750
f 3705/3211/2740 3717/3224/2753 3716/3222/2751
f 3706/3223/2752 3718/3235/2764 3717/3224/2753
f 3719/3225/2754 3718/3235/2764 3706/3223/2752
f 3720/3226/2755 3719/3225/2754 3707/3212/2741
f 3721/3227/2756 3720/3226/2755 3708/3213/2742
f 3722/3228/2757 3721/3227/2756 3709/3214/2743
f 3723/3229/2758 3722/3228/2757 3710/3216/2745
f 3724/3230/2759 3723/3229/2758 3711/3217/2746
f 3714/3220/2749 3726/3232/2761 3725/3231/2760
f 3715/3221/2750 3727/3233/2762 3726/3232/2761
f 3716/3222/2751 3728/3234/2763 3727/3233/2762
f 3717/3224/2753 3729/3236/2765 3728/3234/2763
f 3718/3235/2764 3730/3247/2776 3729/3236/2765
f 3731/3237/2766 3730/3247/2776 3718/3235/2764
f 3732/3238/2767 3731/3237/2766 3719/3225/2754
f 3733/3239/2768 3732/3238/2767 3720/3226/2755
f 3734/3240/2769 3733/3239/2768 3721/3227/2756
f 3735/3241/2770 3734/3240/2769 3722/3228/2757
f 3736/3242/2771 3735/3241/2770 3723/3229/2758
f 3726/3232/2761 3738/3244/2773 3737/3243/2772
f 3727/3233/2762 3739/3245/2774 3738/3244/2773
f 3728/3234/2763 3740/3246/2775 3739/3245/2774
f 3729/3236/2765 3741/3248/2777 3740/3246/2775
f 3730/3247/2776 3742/3259/2788 3741/3248/2777
f 3743/3249/2778 3742/3259/2788 3730/3247/2776
f 3744/3250/2779 3743/3249/2778 3731/3237/2766
f 3745/3251/2780 3744/3250/2779 3732/3238/2767
f 3746/3252/2781 3745/3251/2780 3733/3239/2768
f 3747/3253/2782 3746/3252/2781 3734/3240/2769
f 3748/3254/2783 3747/3253/2782 3735/3241/2770
f 3738/3244/2773 3750/3256/2785 3749/3255/2784
f 3739/3245/2774 3751/3257/2786 3750/3256/2785
f 3740/3246/2775 3752/3258/2787 3751/3257/2786
f 3741/3248/2777 3753/3260/2789 3752/3258/2787
f 3742/3259/2788 3754/3271/2800 3753/3260/2789
f 3755/3261/2790 3754/3271/2800 3742/3259/2788
f 3756/3262/2791 3755/3261/2790 3743/3249/2778
f 3757/3263/2792 3756/3262/2791 3744/3250/2779
f 3758/3264/2793 3757/3263/2792 3745/3251/2780
f 3759/3265/2794 3758/3264/2793 3746/3252/2781
f 3760/3266/2795 3759/3265/2794 3747/3253/2782
f 3750/3256/2785 3762/3268/2797 3761/3267/2796
f 3751/3257/2786 3763/3269/2798 3762/3268/2797
f 3752/3258/2787 3764/3270/2799 3763/3269/2798
f 3753/3260/2789 3765/3272/2801 3764/3270/2799
f 3754/3271/2800 3766/3283/2812 3765/3272/2801
f 3767/3273/2802 3766/3283/2812 3754/3271/2800
f 3768/3274/2803 3767/3273/2802 3755/3261/2790
f 3769/3275/2804 3768/3274/2803 3756/3262/2791
f 3770/3276/2805 3769/3275/2804 3757/3263/2792
f 3771/3277/2806 3770/3276/2805 3758/3264/2793
f 3772/3278/2807 3771/3277/2806 3759/3265/2794
f 3762/3268/2797 3774/3280/2809 3773/3279/2808
f 3763/3269/2798 3775/3281/2810 3774/3280/2809
f 3764/3270/2799 3776/3282/2811 3775/3281/2810
f 3765/3272/2801 3777/3284/2813 3776/3282/2811
f 3766/3283/2812 3778/3295/2824 3777/3284/2813
f 3779/3285/2814 3778/3295/2824 3766/3283/2812
f 3780/3286/2815 3779/3285/2814 3767/3273/2802
f 3781/3287/2816 3780/3286/2815 3768/3274/2803
f 3782/3288/2817 3781/3287/2816 3769/3275/2804
f 3783/3289/2818 3782/3288/2817 3770/3276/2805
f 3784/3290/2819 3783/3289/2818 3771/3277/2806
f 3774/3280/2809 3786/3292/2821 3785/3291/2820
f 3775/3281/2810 3787/3293/2822 3786/3292/2821
f 3776/3282/2811 3788/3294/2823 3787/3293/2822
f 3777/3284/2813 3789/3296/2825 3788/3294/2823
f 3778/3295/2824 3790/3307/2836 3789/3296/2825
f 3791/3297/2826 3790/3307/2836 3778/3295/2824
f 3792/3298/2827 3791/3297/2826 3779/3285/2814
f 3793/3299/2828 3792/3298/2827 3780/3286/2815
f 3794/3300/2829 3793/3299/2828 3781/3287/2816
f 3795/3301/2830 3794/3300/2829 3782/3288/2817
f 3796/3302/2831 3795/3301/2830 3783/3289/2818
f 3786/3292/2821 3798/3304/2833 3797/3303/2832
f 3787/3293/2822 3799/3305/2834 3798/3304/2833
f 3788/3294/2823 3800/3306/2835 3799/3305/2834
f 3789/3296/2825 3801/3308/2837 3800/3306/2835
f 3790/3307/2836 3802/3319/2848 3801/3308/2837
f 3803/3309/2838 3802/3319/2848 3790/3307/2836
f 3804/3310/2839 3803/3309/2838 3791/3297/2826
f 3805/3311/2840 3804/3310/2839 3792/3298/2827
f 3806/3312/2841 3805/3311/2840 3793/3299/2828
f 3807/3313/2842 3806/3312/2841 3794/3300/2829
f 3808/3314/2843 3807/3313/2842 3795/3301/2830
f 3798/3304/2833 3810/3316/2845 3809/3315/2844
f 3799/3305/2834 3811/3317/2846 3810/3316/2845
f 3800/3306/2835 3812/3318/2847 3811/3317/2846
f 3801/3308/2837 3813/3320/2849 3812/3318/2847
f 3802/3319/2848 3814/3332/2861 3813/3320/2849
f 3815/3321/2850 3814/3332/2861 3802/3319/2848
f 3816/3322/2851 3815/3321/2850 3803/3309/2838
f 3817/3323/2852 3816/3322/2851 3804/3310/2839
f 3818/3324/2853 3817/3323/2852 3805/3311/2840
f 3819/3325/2854 3818/3324/2853 3806/3312/2841
f 3820/3326/2855 3819/3325/2854 3807/3313/2842
f 3822/3327/2856 3821/3338/2867 3809/3315/2844
f 3823/3328/2857 3822/3327/2856 3810/3316/2845
f 3824/3329/2858 3823/3328/2857 3811/3317/2846
f 3825/3330/2859 3824/3329/2858 3812/3318/2847
f 3826/3331/2860 3825/3330/2859 3813/3320/2849
f 3827/3333/2862 3826/3331/2860 3814/3332/2861
f 3816/3322/2851 3828/3334/2863 3827/3333/2862
f 3817/3323/2852 3829/3335/2864 3828/3334/2863
f 3818/3324/2853 3830/3336/2865 3829/3335/2864
f 3819/3325/2854 3831/3337/2866 3830/3336/2865
f 3820/3326/2855 3832/3339/2868 3831/3337/2866
f 2190/1696/1225 2189/48/1227 3821/3338/2867
f 2191/1698/1228 2190/1696/1225 3822/3327/2856
f 2192/1699/1230 2191/1698/1228 3823/3328/2857
f 2193/1700/1232 2192/1699/1230 3824/3329/2858
f 2194/1701/1234 2193/1700/1232 3825/3330/2859
f 2195/1702/1237 2194/1701/1234 3826/3331/2860
f 3828/3334/2863 2196/1703/1239 2195/1702/1237
f 3829/3335/2864 2197/1704/1241 2196/1703/1239
f 3830/3336/2865 2198/1705/1243 2197/1704/1241
f 3831/3337/2866 2199/1707/1245 2198/1705/1243
f 3832/3339/2868 2200/3771/1247 2199/1707/1245
f 3846/3340/2869 3845/3351/2892 3833/84/2870
f 3847/3341/2872 3846/3340/2869 3834/476/2871
f 3848/3342/2874 3847/3341/2872 3835/478/2873
f 3849/3343/2876 3848/3342/2874 3836/480/2875
f 3850/3344/2878 3849/3343/2876 3837/482/2877
f 3851/3345/2880 3850/3344/2878 3838/484/2879
f 3840/489/2882 3852/3346/2884 3851/3345/2880
f 3841/491/2883 3853/3347/2886 3852/3346/2884
f 3842/493/2885 3854/3348/2888 3853/3347/2886
f 3843/495/2887 3855/3349/2890 3854/3348/2888
f 3844/497/2889 3856/3360/2901 3855/3349/2890
f 3858/3350/2891 3857/3363/2904 3845/3351/2892
f 3859/3352/2893 3858/3350/2891 3846/3340/2869
f 3860/3353/2894 3859/3352/2893 3847/3341/2872
f 3861/3354/2895 3860/3353/2894 3848/3342/2874
f 3862/3355/2896 3861/3354/2895 3849/3343/2876
f 3863/3356/2897 3862/3355/2896 3850/3344/2878
f 3852/3346/2884 3864/3357/2898 3863/3356/2897
f 3853/3347/2886 3865/3358/2899 3864/3357/2898
f 3854/3348/2888 3866/3359/2900 3865/3358/2899
f 3855/3349/2890 3867/3361/2902 3866/3359/2900
f 3856/3360/2901 3868/3372/2913 3867/3361/2902
f 3870/3362/2903 3869/3375/2916 3857/3363/2904
f 3871/3364/2905 3870/3362/2903 3858/3350/2891
f 3872/3365/2906 3871/3364/2905 3859/3352/2893
f 3873/3366/2907 3872/3365/2906 3860/3353/2894
f 3874/3367/2908 3873/3366/2907 3861/3354/2895
f 3875/3368/2909 3874/3367/2908 3862/3355/2896
f 3864/3357/2898 3876/3369/2910 3875/3368/2909
f 3865/3358/2899 3877/3370/2911 3876/3369/2910
f 3866/3359/2900 3878/3371/2912 3877/3370/2911
f 3867/3361/2902 3879/3373/2914 3878/3371/2912
f 3868/3372/2913 3880/3384/2925 3879/3373/2914
f 3882/3374/2915 3881/3387/2928 3869/3375/2916
f 3883/3376/2917 3882/3374/2915 3870/3362/2903
f 3884/3377/2918 3883/3376/2917 3871/3364/2905
f 3885/3378/2919 3884/3377/2918 3872/3365/2906
f 3886/3379/2920 3885/3378/2919 3873/3366/2907
f 3887/3380/2921 3886/3379/2920 3874/3367/2908
f 3876/3369/2910 3888/3381/2922 3887/3380/2921
f 3877/3370/2911 3889/3382/2923 3888/3381/2922
f 3878/3371/2912 3890/3383/2924 3889/3382/2923
f 3879/3373/2914 3891/3385/2926 3890/3383/2924
f 3880/3384/2925 3892/3396/2937 3891/3385/2926
f 3894/3386/2927 3893/3399/2940 3881/3387/2928
f 3895/3388/2929 3894/3386/2927 3882/3374/2915
f 3896/3389/2930 3895/3388/2929 3883/3376/2917
f 3897/3390/2931 3896/3389/2930 3884/3377/2918
f 3898/3391/2932 3897/3390/2931 3885/3378/2919
f 3899/3392/2933 3898/3391/2932 3886/3379/2920
f 3888/3381/2922 3900/3393/2934 3899/3392/2933
f 3889/3382/2923 3901/3394/2935 3900/3393/2934
f 3890/3383/2924 3902/3395/2936 3901/3394/2935
f 3891/3385/2926 3903/3397/2938 3902/3395/2936
f 3892/3396/2937 3904/3408/2949 3903/3397/2938
f 3906/3398/2939 3905/3411/2952 3893/3399/2940
f 3907/3400/2941 3906/3398/2939 3894/3386/2927
f 3908/3401/2942 3907/3400/2941 3895/3388/2929
f 3909/3402/2943 3908/3401/2942 3896/3389/2930
f 3910/3403/2944 3909/3402/2943 3897/3390/2931
f 3911/3404/2945 3910/3403/2944 3898/3391/2932
f 3900/3393/2934 3912/3405/2946 3911/3404/2945
f 3901/3394/2935 3913/3406/2947 3912/3405/2946
f 3902/3395/2936 3914/3407/2948 3913/3406/2947
f 3903/3397/2938 3915/3409/2950 3914/3407/2948
f 3904/3408/2949 3916/3420/2961 3915/3409/2950
f 3918/3410/2951 3917/3423/2964 3905/3411/2952
f 3919/3412/2953 3918/3410/2951 3906/3398/2939
f 3920/3413/2954 3919/3412/2953 3907/3400/2941
f 3921/3414/2955 3920/3413/2954 3908/3401/2942
f 3922/3415/2956 3921/3414/2955 3909/3402/2943
f 3923/3416/2957 3922/3415/2956 3910/3403/2944
f 3912/3405/2946 3924/3417/2958 3923/3416/2957
f 3913/3406/2947 3925/3418/2959 3924/3417/2958
f 3914/3407/2948 3926/3419/2960 3925/3418/2959
f 3915/3409/2950 3927/3421/2962 3926/3419/2960
f 3916/3420/2961 3928/3432/2973 3927/3421/2962
f 3930/3422/2963 3929/3435/2976 3917/3423/2964
f 3931/3424/2965 3930/3422/2963 3918/3410/2951
f 3932/3425/2966 3931/3424/2965 3919/3412/2953
f 3933/3426/2967 3932/3425/2966 3920/3413/2954
f 3934/3427/2968 3933/3426/2967 3921/3414/2955
f 3935/3428/2969 3934/3427/2968 3922/3415/2956
f 3924/3417/2958 3936/3429/2970 3935/3428/2969
f 3925/3418/2959 3937/3430/2971 3936/3429/2970
f 3926/3419/2960 3938/3431/2972 3937/3430/2971
f 3927/3421/2962 3939/3433/2974 3938/3431/2972
f 3928/3432/2973 3940/3444/2985 3939/3433/2974
f 3942/3434/2975 3941/3447/2988 3929/3435/2976
f 3943/3436/2977 3942/3434/2975 3930/3422/2963
f 3944/3437/2978 3943/3436/2977 3931/3424/2965
f 3945/3438/2979 3944/3437/2978 3932/3425/2966
f 3946/3439/2980 3945/3438/2979 3933/3426/2967
f 3947/3440/2981 3946/3439/2980 3934/3427/2968
f 3936/3429/2970 3948/3441/2982 3947/3440/2981
f 3937/3430/2971 3949/3442/2983 3948/3441/2982
f 3938/3431/2972 3950/3443/2984 3949/3442/2983
f 3939/3433/2974 3951/3445/2986 3950/3443/2984
f 3940/3444/2985 3952/3456/2997 3951/3445/2986
f 3954/3446/2987 3953/3459/3000 3941/3447/2988
f 3955/3448/2989 3954/3446/2987 3942/3434/2975
f 3956/3449/2990 3955/3448/2989 3943/3436/2977
f 3957/3450/2991 3956/3449/2990 3944/3437/2978
f 3958/3451/2992 3957/3450/2991 3945/3438/2979
f 3959/3452/2993 3958/3451/2992 3946/3439/2980
f 3948/3441/2982 3960/3453/2994 3959/3452/2993
f 3949/3442/2983 3961/3454/2995 3960/3453/2994
f 3950/3443/2984 3962/3455/2996 3961/3454/2995
f 3951/3445/2986 3963/3457/2998 3962/3455/2996
f 3952/3456/2997 3964/3470/3011 3963/3457/2998
f 3954/3446/2987 3966/3460/3001 3965/3458/2999
f 3955/3448/2989 3967/3461/3002 3966/3460/3001
f 3956/3449/2990 3968/3462/3003 3967/3461/3002
f 3957/3450/2991 3969/3463/3004 3968/3462/3003
f 3958/3451/2992 3970/3475/3016 3969/3463/3004
f 3971/3464/3005 3970/3475/3016 3958/3451/2992
f 3972/3465/3006 3971/3464/3005 3959/3452/2993
f 3973/3466/3007 3972/3465/3006 3960/3453/2994
f 3974/3467/3008 3973/3466/3007 3961/3454/2995
f 3975/3468/3009 3974/3467/3008 3962/3455/2996
f 3976/3469/3010 3975/3468/3009 3963/3457/2998
f 3966/3460/3001 3978/3472/3013 3977/3471/3012
f 3967/3461/3002 3979/3473/3014 3978/3472/3013
f 3968/3462/3003 3980/3474/3015 3979/3473/3014
f 3969/3463/3004 3981/3476/3017 3980/3474/3015
f 3970/3475/3016 3982/3488/3029 3981/3476/3017
f 3983/3477/3018 3982/3488/3029 3970/3475/3016
f 3984/3478/3019 3983/3477/3018 3971/3464/3005
f 3985/3479/3020 3984/3478/3019 3972/3465/3006
f 3986/3480/3021 3985/3479/3020 3973/3466/3007
f 3987/3481/3022 3986/3480/3021 3974/3467/3008
f 3988/3482/3023 3987/3481/3022 3975/3468/3009
f 3990/3483/3024 3989/3495/3036 3977/3471/3012
f 3991/3484/3025 3990/3483/3024 3978/3472/3013
f 3992/3485/3026 3991/3484/3025 3979/3473/3014
f 3993/3486/3027 3992/3485/3026 3980/3474/3015
f 3994/3487/3028 3993/3486/3027 3981/3476/3017
f 3995/3489/3030 3994/3487/3028 3982/3488/3029
f 3984/3478/3019 3996/3490/3031 3995/3489/3030
f 3985/3479/3020 3997/3491/3032 3996/3490/3031
f 3986/3480/3021 3998/3492/3033 3997/3491/3032
f 3987/3481/3022 3999/3493/3034 3998/3492/3033
f 3988/3482/3023 4000/3504/3045 3999/3493/3034
f 4002/3494/3035 4001/3507/3048 3989/3495/3036
f 4003/3496/3037 4002/3494/3035 3990/3483/3024
f 4004/3497/3038 4003/3496/3037 3991/3484/3025
f 4005/3498/3039 4004/3497/3038 3992/3485/3026
f 4006/3499/3040 4005/3498/3039 3993/3486/3027
f 4007/3500/3041 4006/3499/3040 3994/3487/3028
f 3996/3490/3031 4008/3501/3042 4007/3500/3041
f 3997/3491/3032 4009/3502/3043 4008/3501/3042
f 3998/3492/3033 4010/3503/3044 4009/3502/3043
f 3999/3493/3034 4011/3505/3046 4010/3503/3044
f 4000/3504/3045 4012/3516/3057 4011/3505/3046
f 4014/3506/3047 4013/3519/3060 4001/3507/3048
f 4015/3508/3049 4014/3506/3047 4002/3494/3035
f 4016/3509/3050 4015/3508/3049 4003/3496/3037
f 4017/3510/3051 4016/3509/3050 4004/3497/3038
f 4018/3511/3052 4017/3510/3051 4005/3498/3039
f 4019/3512/3053 4018/3511/3052 4006/3499/3040
f 4008/3501/3042 4020/3513/3054 4019/3512/3053
f 4009/3502/3043 4021/3514/3055 4020/3513/3054
f 4010/3503/3044 4022/3515/3056 4021/3514/3055
f 4011/3505/3046 4023/3517/3058 4022/3515/3056
f 4012/3516/3057 4024/3528/3069 4023/3517/3058
f 4026/3518/3059 4025/3531/3072 4013/3519/3060
f 4027/3520/3061 4026/3518/3059 4014/3506/3047
f 4028/3521/3062 4027/3520/3061 4015/3508/3049
f 4029/3522/3063 4028/3521/3062 4016/3509/3050
f 4030/3523/3064 4029/3522/3063 4017/3510/3051
f 4031/3524/3065 4030/3523/3064 4018/3511/3052
f 4020/3513/3054 4032/3525/3066 4031/3524/3065
f 4021/3514/3055 4033/3526/3067 4032/3525/3066
f 4022/3515/3056 4034/3527/3068 4033/3526/3067
f 4023/3517/3058 4035/3529/3070 4034/3527/3068
f 4024/3528/3069 4036/3542/3083 4035/3529/3070
f 4026/3518/3059 4038/3532/3073 4037/3530/3071
f 4027/3520/3061 4039/3533/3074 4038/3532/3073
f 4028/3521/3062 4040/3534/3075 4039/3533/3074
f 4029/3522/3063 4041/3535/3076 4040/3534/3075
f 4030/3523/3064 4042/3547/3088 4041/3535/3076
f 4043/3536/3077 4042/3547/3088 4030/3523/3064
f 4044/3537/3078 4043/3536/3077 4031/3524/3065
f 4045/3538/3079 4044/3537/3078 4032/3525/3066
f 4046/3539/3080 4045/3538/3079 4033/3526/3067
f 4047/3540/3081 4046/3539/3080 4034/3527/3068
f 4048/3541/3082 4047/3540/3081 4035/3529/3070
f 4038/3532/3073 4050/3544/3085 4049/3543/3084
f 4039/3533/3074 4051/3545/3086 4050/3544/3085
f 4040/3534/3075 4052/3546/3087 4051/3545/3086
f 4041/3535/3076 4053/3548/3089 4052/3546/3087
f 4042/3547/3088 4054/3559/3100 4053/3548/3089
f 4055/3549/3090 4054/3559/3100 4042/3547/3088
f 4056/3550/3091 4055/3549/3090 4043/3536/3077
f 4057/3551/3092 4056/3550/3091 4044/3537/3078
f 4058/3552/3093 4057/3551/3092 4045/3538/3079
f 4059/3553/3094 4058/3552/3093 4046/3539/3080
f 4060/3554/3095 4059/3553/3094 4047/3540/3081
f 4050/3544/3085 4062/3556/3097 4061/3555/3096
f 4051/3545/3086 4063/3557/3098 4062/3556/3097
f 4052/3546/3087 4064/3558/3099 4063/3557/3098
f 4053/3548/3089 4065/3560/3101 4064/3558/3099
f 4054/3559/3100 4066/3571/3112 4065/3560/3101
f 4067/3561/3102 4066/3571/3112 4054/3559/3100
f 4068/3562/3103 4067/3561/3102 4055/3549/3090
f 4069/3563/3104 4068/3562/3103 4056/3550/3091
f 4070/3564/3105 4069/3563/3104 4057/3551/3092
f 4071/3565/3106 4070/3564/3105 4058/3552/3093
f 4072/3566/3107 4071/3565/3106 4059/3553/3094
f 4062/3556/3097 4074/3568/3109 4073/3567/3108
f 4063/3557/3098 4075/3569/3110 4074/3568/3109
f 4064/3558/3099 4076/3570/3111 4075/3569/3110
f 4065/3560/3101 4077/3572/3113 4076/3570/3111
f 4066/3571/3112 4078/3583/3124 4077/3572/3113
f 4079/3573/3114 4078/3583/3124 4066/3571/3112
f 4080/3574/3115 4079/3573/3114 4067/3561/3102
f 4081/3575/3116 4080/3574/3115 4068/3562/3103
f 4082/3576/3117 4081/3575/3116 4069/3563/3104
f 4083/3577/3118 4082/3576/3117 4070/3564/3105
f 4084/3578/3119 4083/3577/3118 4071/3565/3106
f 4074/3568/3109 4086/3580/3121 4085/3579/3120
f 4075/3569/3110 4087/3581/3122 4086/3580/3121
f 4076/3570/3111 4088/3582/3123 4087/3581/3122
f 4077/3572/3113 4089/3584/3125 4088/3582/3123
f 4078/3583/3124 4090/3595/3136 4089/3584/3125
f 4091/3585/3126 4090/3595/3136 4078/3583/3124
f 4092/3586/3127 4091/3585/3126 4079/3573/3114
f 4093/3587/3128 4092/3586/3127 4080/3574/3115
f 4094/3588/3129 4093/3587/3128 4081/3575/3116
f 4095/3589/3130 4094/3588/3129 4082/3576/3117
f 4096/3590/3131 4095/3589/3130 4083/3577/3118
f 4086/3580/3121 4098/3592/3133 4097/3591/3132
f 4087/3581/3122 4099/3593/3134 4098/3592/3133
f 4088/3582/3123 4100/3594/3135 4099/3593/3134
f 4089/3584/3125 4101/3596/3137 4100/3594/3135
f 4090/3595/3136 4102/3607/3148 4101/3596/3137
f 4103/3597/3138 4102/3607/3148 4090/3595/3136
f 4104/3598/3139 4103/3597/3138 4091/3585/3126
f 4105/3599/3140 4104/3598/3139 4092/3586/3127
f 4106/3600/3141 4105/3599/3140 4093/3587/3128
f 4107/3601/3142 4106/3600/3141 4094/3588/3129
f 4108/3602/3143 4107/3601/3142 4095/3589/3130
f 4098/3592/3133 4110/3604/3145 4109/3603/3144
f 4099/3593/3134 4111/3605/3146 4110/3604/3145
f 4100/3594/3135 4112/3606/3147 4111/3605/3146
f 4101/3596/3137 4113/3608/3149 4112/3606/3147
f 4102/3607/3148 4114/3619/3160 4113/3608/3149
f 4115/3609/3150 4114/3619/3160 4102/3607/3148
f 4116/3610/3151 4115/3609/3150 4103/3597/3138
f 4117/3611/3152 4116/3610/3151 4104/3598/3139
f 4118/3612/3153 4117/3611/3152 4105/3599/3140
f 4119/3613/3154 4118/3612/3153 4106/3600/3141
f 4120/3614/3155 4119/3613/3154 4107/3601/3142
f 4110/3604/3145 4122/3616/3157 4121/3615/3156
f 4111/3605/3146 4123/3617/3158 4122/3616/3157
f 4112/3606/3147 4124/3618/3159 4123/3617/3158
f 4113/3608/3149 4125/3620/3161 4124/3618/3159
f 4114/3619/3160 4126/3631/3172 4125/3620/3161
f 4127/3621/3162 4126/3631/3172 4114/3619/3160
f 4128/3622/3163 4127/3621/3162 4115/3609/3150
f 4129/3623/3164 4128/3622/3163 4116/3610/3151
f 4130/3624/3165 4129/3623/3164 4117/3611/3152
f 4131/3625/3166 4130/3624/3165 4118/3612/3153
f 4132/3626/3167 4131/3625/3166 4119/3613/3154
f 4122/3616/3157 4134/3628/3169 4133/3627/3168
f 4123/3617/3158 4135/3629/3170 4134/3628/3169
f 4124/3618/3159 4136/3630/3171 4135/3629/3170
f 4125/3620/3161 4137/3632/3173 4136/3630/3171
f 4126/3631/3172 4138/3643/3183 4137/3632/3173
f 4139/3633/3174 4138/3643/3183 4126/3631/3172
f 4140/3634/3175 4139/3633/3174 4127/3621/3162
f 4141/3635/3176 4140/3634/3175 4128/3622/3163
f 4142/3636/3177 4141/3635/3176 4129/3623/3164
f 4143/3637/3178 4142/3636/3177 4130/3624/3165
f 4144/3638/3179 4143/3637/3178 4131/3625/3166
f 4134/3628/3169 4146/3640/3180 4145/3639/2364
f 4135/3629/3170 4147/3641/3181 4146/3640/3180
f 4136/3630/3171 4148/3642/3182 4147/3641/3181
f 4137/3632/3173 4149/3644/3184 4148/3642/3182
f 4138/3643/3183 4150/3655/3194 4149/3644/3184
f 4151/3645/3185 4150/3655/3194 4138/3643/3183
f 4152/3646/3186 4151/3645/3185 4139/3633/3174
f 4153/3647/3187 4152/3646/3186 4140/3634/3175
f 4154/3648/3188 4153/3647/3187 4141/3635/3176
f 4155/3649/3189 4154/3648/3188 4142/3636/3177
f 4156/3650/2373 4155/3649/3189 4143/3637/3178
f 4146/3640/3180 4158/3652/3191 4157/3651/3190
f 4147/3641/3181 4159/3653/3192 4158/3652/3191
f 4148/3642/3182 4160/3654/3193 4159/3653/3192
f 4149/3644/3184 4161/3656/3195 4160/3654/3193
f 4150/3655/3194 4162/3667/3205 4161/3656/3195
f 4163/3657/3196 4162/3667/3205 4150/3655/3194
f 4164/3658/3197 4163/3657/3196 4151/3645/3185
f 4165/3659/3198 4164/3658/3197 4152/3646/3186
f 4166/3660/3199 4165/3659/3198 4153/3647/3187
f 4167/3661/3200 4166/3660/3199 4154/3648/3188
f 4168/3662/3201 4167/3661/3200 4155/3649/3189
f 4158/3652/3191 4170/3664/3202 4169/3663/2340
f 4159/3653/3192 4171/3665/3203 4170/3664/3202
f 4160/3654/3193 4172/3666/3204 4171/3665/3203
f 4161/3656/3195 4173/3668/3206 4172/3666/3204
f 4162/3667/3205 4174/3679/3216 4173/3668/3206
f 4175/3669/3207 4174/3679/3216 4162/3667/3205
f 4176/3670/3208 4175/3669/3207 4163/3657/3196
f 4177/3671/3209 4176/3670/3208 4164/3658/3197
f 4178/3672/3210 4177/3671/3209 4165/3659/3198
f 4179/3673/3211 4178/3672/3210 4166/3660/3199
f 4180/3674/2349 4179/3673/3211 4167/3661/3200
f 4170/3664/3202 4182/3676/3213 4181/3675/3212
f 4171/3665/3203 4183/3677/3214 4182/3676/3213
f 4172/3666/3204 4184/3678/3215 4183/3677/3214
f 4173/3668/3206 4185/3680/3217 4184/3678/3215
f 4174/3679/3216 4186/3691/3228 4185/3680/3217
f 4187/3681/3218 4186/3691/3228 4174/3679/3216
f 4188/3682/3219 4187/3681/3218 4175/3669/3207
f 4189/3683/3220 4188/3682/3219 4176/3670/3208
f 4190/3684/3221 4189/3683/3220 4177/3671/3209
f 4191/3685/3222 4190/3684/3221 4178/3672/3210
f 4192/3686/3223 4191/3685/3222 4179/3673/3211
f 4182/3676/3213 4194/3688/3225 4193/3687/3224
f 4183/3677/3214 4195/3689/3226 4194/3688/3225
f 4184/3678/3215 4196/3690/3227 4195/3689/3226
f 4185/3680/3217 4197/3692/3229 4196/3690/3227
f 4186/3691/3228 4198/3703/3240 4197/3692/3229
f 4199/3693/3230 4198/3703/3240 4186/3691/3228
f 4200/3694/3231 4199/3693/3230 4187/3681/3218
f 4201/3695/3232 4200/3694/3231 4188/3682/3219
f 4202/3696/3233 4201/3695/3232 4189/3683/3220
f 4203/3697/3234 4202/3696/3233 4190/3684/3221
f 4204/3698/3235 4203/3697/3234 4191/3685/3222
f 4194/3688/3225 4206/3700/3237 4205/3699/3236
f 4195/3689/3226 4207/3701/3238 4206/3700/3237
f 4196/3690/3227 4208/3702/3239 4207/3701/3238
f 4197/3692/3229 4209/3704/3241 4208/3702/3239
f 4198/3703/3240 4210/3715/3252 4209/3704/3241
f 4211/3705/3242 4210/3715/3252 4198/3703/3240
f 4212/3706/3243 4211/3705/3242 4199/3693/3230
f 4213/3707/3244 4212/3706/3243 4200/3694/3231
f 4214/3708/3245 4213/3707/3244 4201/3695/3232
f 4215/3709/3246 4214/3708/3245 4202/3696/3233
f 4216/3710/3247 4215/3709/3246 4203/3697/3234
f 4206/3700/3237 4218/3712/3249 4217/3711/3248
f 4207/3701/3238 4219/3713/3250 4218/3712/3249
f 4208/3702/3239 4220/3714/3251 4219/3713/3250
f 4209/3704/3241 4221/3716/3253 4220/3714/3251
f 4210/3715/3252 4222/3727/3264 4221/3716/3253
f 4223/3717/3254 4222/3727/3264 4210/3715/3252
f 4224/3718/3255 4223/3717/3254 4211/3705/3242
f 4225/3719/3256 4224/3718/3255 4212/3706/3243
f 4226/3720/3257 4225/3719/3256 4213/3707/3244
f 4227/3721/3258 4226/3720/3257 4214/3708/3245
f 4228/3722/3259 4227/3721/3258 4215/3709/3246
f 4218/3712/3249 4230/3724/3261 4229/3723/3260
f 4219/3713/3250 4231/3725/3262 4230/3724/3261
f 4220/3714/3251 4232/3726/3263 4231/3725/3262
f 4221/3716/3253 4233/3728/3265 4232/3726/3263
f 4222/3727/3264 4234/3739/3276 4233/3728/3265
f 4235/3729/3266 4234/3739/3276 4222/3727/3264
f 4236/3730/3267 4235/3729/3266 4223/3717/3254
f 4237/3731/3268 4236/3730/3267 4224/3718/3255
f 4238/3732/3269 4237/3731/3268 4225/3719/3256
f 4239/3733/3270 4238/3732/3269 4226/3720/3257
f 4240/3734/3271 4239/3733/3270 4227/3721/3258
f 4230/3724/3261 4242/3736/3273 4241/3735/3272
f 4231/3725/3262 4243/3737/3274 4242/3736/3273
f 4232/3726/3263 4244/3738/3275 4243/3737/3274
f 4233/3728/3265 4245/3740/3277 4244/3738/3275
f 4234/3739/3276 4246/3750/3287 4245/3740/3277
f 4247/3741/3278 4246/3750/3287 4234/3739/3276
f 4248/3742/3279 4247/3741/3278 4235/3729/3266
f 4249/3743/3280 4248/3742/3279 4236/3730/3267
f 4250/3744/3281 4249/3743/3280 4237/3731/3268
f 4251/3745/3282 4250/3744/3281 4238/3732/3269
f 4252/3746/3283 4251/3745/3282 4239/3733/3270
f 4254/3747/3284 4253/3758/3295 4241/3735/3272
f 4255/3748/3285 4254/3747/3284 4242/3736/3273
f 4244/3738/3275 4256/3749/3286 4255/3748/3285
f 4245/3740/3277 4257/3751/3288 4256/3749/3286
f 4246/3750/3287 4258/3763/3300 4257/3751/3288
f 4259/3752/3289 4258/3763/3300 4246/3750/3287
f 4260/3753/3290 4259/3752/3289 4247/3741/3278
f 4261/3754/3291 4260/3753/3290 4248/3742/3279
f 4250/3744/3281 4262/3755/3292 4261/3754/3291
f 4251/3745/3282 4263/3756/3293 4262/3755/3292
f 4252/3746/3283 4264/3768/3305 4263/3756/3293
f 4266/3757/3294 4265/3770/3307 4253/3758/3295
f 4267/3759/3296 4266/3757/3294 4254/3747/3284
f 4268/3760/3297 4267/3759/3296 4255/3748/3285
f 4269/3761/3298 4268/3760/3297 4256/3749/3286
f 4270/3762/3299 4269/3761/3298 4257/3751/3288
f 4271/3764/3301 4270/3762/3299 4258/3763/3300
f 4260/3753/3290 4272/3765/3302 4271/3764/3301
f 4261/3754/3291 4273/3766/3303 4272/3765/3302
f 4262/3755/3292 4274/3767/3304 4273/3766/3303
f 4263/3756/3293 4275/3769/3306 4274/3767/3304
f 4264/3768/3305 4276/3772/3308 4275/3769/3306
f 4266/3757/3294 3834/1696/2871 3833/48/2870
f 4267/3759/3296 3835/1698/2873 3834/1696/2871
f 3836/1699/2875 3835/1698/2873 4267/3759/3296
f 3837/1700/2877 3836/1699/2875 4268/3760/3297
f 3838/1701/2879 3837/1700/2877 4269/3761/3298
f 3839/1702/2881 3838/1701/2879 4270/3762/3299
f 4272/3765/3302 3840/1703/2882 3839/1702/2881
f 4273/3766/3303 3841/1704/2883 3840/1703/2882
f 4274/3767/3304 3842/1705/2885 3841/1704/2883
f 4275/3769/3306 3843/1707/2887 3842/1705/2885
f 3844/3771/2889 3843/1707/2887 4275/3769/3306
f 4278/476/3309 4290/3783/3331 4289/3773/3310
f 4291/3774/3312 4290/3783/3331 4278/476/3309
f 4292/3775/3314 4291/3774/3312 4279/478/3313
f 4293/3776/3316 4292/3775/3314 4280/480/3315
f 4294/3777/3318 4293/3776/3316 4281/482/3317
f 4295/3778/3320 4294/3777/3318 4282/484/3319
f 4284/489/3322 4296/3779/3324 4295/3778/3320
f 4285/491/3323 4297/3780/3326 4296/3779/3324
f 4286/493/3325 4298/3781/3328 4297/3780/3326
f 4287/495/3327 4299/3782/3330 4298/3781/3328
f 4288/497/3329 4300/3795/3343 4299/3782/3330
f 4290/3783/3331 4302/3785/3333 4301/3784/3332
f 4291/3774/3312 4303/3786/3334 4302/3785/3333
f 4292/3775/3314 4304/3787/3335 4303/3786/3334
f 4293/3776/3316 4305/3788/3336 4304/3787/3335
f 4294/3777/3318 4306/3800/3348 4305/3788/3336
f 4307/3789/3337 4306/3800/3348 4294/3777/3318
f 4308/3790/3338 4307/3789/3337 4295/3778/3320
f 4309/3791/3339 4308/3790/3338 4296/3779/3324
f 4310/3792/3340 4309/3791/3339 4297/3780/3326
f 4311/3793/3341 4310/3792/3340 4298/3781/3328
f 4312/3794/3342 4311/3793/3341 4299/3782/3330
f 4302/3785/3333 4314/3797/3345 4313/3796/3344
f 4303/3786/3334 4315/3798/3346 4314/3797/3345
f 4304/3787/3335 4316/3799/3347 4315/3798/3346
f 4305/3788/3336 4317/3801/3349 4316/3799/3347
f 4306/3800/3348 4318/3812/3360 4317/3801/3349
f 4319/3802/3350 4318/3812/3360 4306/3800/3348
f 4320/3803/3351 4319/3802/3350 4307/3789/3337
f 4321/3804/3352 4320/3803/3351 4308/3790/3338
f 4322/3805/3353 4321/3804/3352 4309/3791/3339
f 4323/3806/3354 4322/3805/3353 4310/3792/3340
f 4324/3807/3355 4323/3806/3354 4311/3793/3341
f 4314/3797/3345 4326/3809/3357 4325/3808/3356
f 4315/3798/3346 4327/3810/3358 4326/3809/3357
f 4316/3799/3347 4328/3811/3359 4327/3810/3358
f 4317/3801/3349 4329/3813/3361 4328/3811/3359
f 4318/3812/3360 4330/3824/3372 4329/3813/3361
f 4331/3814/3362 4330/3824/3372 4318/3812/3360
f 4332/3815/3363 4331/3814/3362 4319/3802/3350
f 4333/3816/3364 4332/3815/3363 4320/3803/3351
f 4334/3817/3365 4333/3816/3364 4321/3804/3352
f 4335/3818/3366 4334/3817/3365 4322/3805/3353
f 4336/3819/3367 4335/3818/3366 4323/3806/3354
f 4326/3809/3357 4338/3821/3369 4337/3820/3368
f 4327/3810/3358 4339/3822/3370 4338/3821/3369
f 4328/3811/3359 4340/3823/3371 4339/3822/3370
f 4329/3813/3361 4341/3825/3373 4340/3823/3371
f 4330/3824/3372 4342/3836/3384 4341/3825/3373
f 4343/3826/3374 4342/3836/3384 4330/3824/3372
f 4344/3827/3375 4343/3826/3374 4331/3814/3362
f 4345/3828/3376 4344/3827/3375 4332/3815/3363
f 4346/3829/3377 4345/3828/3376 4333/3816/3364
f 4347/3830/3378 4346/3829/3377 4334/3817/3365
f 4348/3831/3379 4347/3830/3378 4335/3818/3366
f 4338/3821/3369 4350/3833/3381 4349/3832/3380
f 4339/3822/3370 4351/3834/3382 4350/3833/3381
f 4340/3823/3371 4352/3835/3383 4351/3834/3382
f 4341/3825/3373 4353/3837/3385 4352/3835/3383
f 4342/3836/3384 4354/3848/3396 4353/3837/3385
f 4355/3838/3386 4354/3848/3396 4342/3836/3384
f 4356/3839/3387 4355/3838/3386 4343/3826/3374
f 4357/3840/3388 4356/3839/3387 4344/3827/3375
f 4358/3841/3389 4357/3840/3388 4345/3828/3376
f 4359/3842/3390 4358/3841/3389 4346/3829/3377
f 4360/3843/3391 4359/3842/3390 4347/3830/3378
f 4350/3833/3381 4362/3845/3393 4361/3844/3392
f 4351/3834/3382 4363/3846/3394 4362/3845/3393
f 4352/3835/3383 4364/3847/3395 4363/3846/3394
f 4353/3837/3385 4365/3849/3397 4364/3847/3395
f 4354/3848/3396 4366/3860/3408 4365/3849/3397
f 4367/3850/3398 4366/3860/3408 4354/3848/3396
f 4368/3851/3399 4367/3850/3398 4355/3838/3386
f 4369/3852/3400 4368/3851/3399 4356/3839/3387
f 4370/3853/3401 4369/3852/3400 4357/3840/3388
f 4371/3854/3402 4370/3853/3401 4358/3841/3389
f 4372/3855/3403 4371/3854/3402 4359/3842/3390
f 4362/3845/3393 4374/3857/3405 4373/3856/3404
f 4363/3846/3394 4375/3858/3406 4374/3857/3405
f 4364/3847/3395 4376/3859/3407 4375/3858/3406
f 4365/3849/3397 4377/3861/3409 4376/3859/3407
f 4366/3860/3408 4378/3872/3420 4377/3861/3409
f 4379/3862/3410 4378/3872/3420 4366/3860/3408
f 4380/3863/3411 4379/3862/3410 4367/3850/3398
f 4381/3864/3412 4380/3863/3411 4368/3851/3399
f 4382/3865/3413 4381/3864/3412 4369/3852/3400
f 4383/3866/3414 4382/3865/3413 4370/3853/3401
f 4384/3867/3415 4383/3866/3414 4371/3854/3402
f 4374/3857/3405 4386/3869/3417 4385/3868/3416
f 4375/3858/3406 4387/3870/3418 4386/3869/3417
f 4376/3859/3407 4388/3871/3419 4387/3870/3418
f 4377/3861/3409 4389/3873/3421 4388/3871/3419
f 4378/3872/3420 4390/3884/3432 4389/3873/3421
f 4391/3874/3422 4390/3884/3432 4378/3872/3420
f 4392/3875/3423 4391/3874/3422 4379/3862/3410
f 4393/3876/3424 4392/3875/3423 4380/3863/3411
f 4394/3877/3425 4393/3876/3424 4381/3864/3412
f 4395/3878/3426 4394/3877/3425 4382/3865/3413
f 4396/3879/3427 4395/3878/3426 4383/3866/3414
f 4386/3869/3417 4398/3881/3429 4397/3880/3428
f 4387/3870/3418 4399/3882/3430 4398/3881/3429
f 4388/3871/3419 4400/3883/3431 4399/3882/3430
f 4389/3873/3421 4401/3885/3433 4400/3883/3431
f 4390/3884/3432 4402/3896/3444 4401/3885/3433
f 4403/3886/3434 4402/3896/3444 4390/3884/3432
f 4404/3887/3435 4403/3886/3434 4391/3874/3422
f 4405/3888/3436 4404/3887/3435 4392/3875/3423
f 4406/3889/3437 4405/3888/3436 4393/3876/3424
f 4407/3890/3438 4406/3889/3437 4394/3877/3425
f 4408/3891/3439 4407/3890/3438 4395/3878/3426
f 4398/3881/3429 4410/3893/3441 4409/3892/3440
f 4399/3882/3430 4411/3894/3442 4410/3893/3441
f 4400/3883/3431 4412/3895/3443 4411/3894/3442
f 4401/3885/3433 4413/3897/3445 4412/3895/3443
f 4402/3896/3444 4414/3909/3457 4413/3897/3445
f 4415/3898/3446 4414/3909/3457 4402/3896/3444
f 4416/3899/3447 4415/3898/3446 4403/3886/3434
f 4417/3900/3448 4416/3899/3447 4404/3887/3435
f 4418/3901/3449 4417/3900/3448 4405/3888/3436
f 4419/3902/3450 4418/3901/3449 4406/3889/3437
f 4420/3903/3451 4419/3902/3450 4407/3890/3438
f 4422/3904/3452 4421/3916/3464 4409/3892/3440
f 4423/3905/3453 4422/3904/3452 4410/3893/3441
f 4424/3906/3454 4423/3905/3453 4411/3894/3442
f 4425/3907/3455 4424/3906/3454 4412/3895/3443
f 4426/3908/3456 4425/3907/3455 4413/3897/3445
f 4427/3910/3458 4426/3908/3456 4414/3909/3457
f 4416/3899/3447 4428/3911/3459 4427/3910/3458
f 4417/3900/3448 4429/3912/3460 4428/3911/3459
f 4418/3901/3449 4430/3913/3461 4429/3912/3460
f 4419/3902/3450 4431/3914/3462 4430/3913/3461
f 4420/3903/3451 4432/3927/3475 4431/3914/3462
f 4422/3904/3452 4434/3917/3465 4433/3915/3463
f 4423/3905/3453 4435/3918/3466 4434/3917/3465
f 4424/3906/3454 4436/3919/3467 4435/3918/3466
f 4425/3907/3455 4437/3920/3468 4436/3919/3467
f 4426/3908/3456 4438/3932/3480 4437/3920/3468
f 4439/3921/3469 4438/3932/3480 4426/3908/3456
f 4440/3922/3470 4439/3921/3469 4427/3910/3458
f 4441/3923/3471 4440/3922/3470 4428/3911/3459
f 4442/3924/3472 4441/3923/3471 4429/3912/3460
f 4443/3925/3473 4442/3924/3472 4430/3913/3461
f 4444/3926/3474 4443/3925/3473 4431/3914/3462
f 4434/3917/3465 4446/3929/3477 4445/3928/3476
f 4435/3918/3466 4447/3930/3478 4446/3929/3477
f 4436/3919/3467 4448/3931/3479 4447/3930/3478
f 4437/3920/3468 4449/3933/3481 4448/3931/3479
f 4438/3932/3480 4450/3944/3492 4449/3933/3481
f 4451/3934/3482 4450/3944/3492 4438/3932/3480
f 4452/3935/3483 4451/3934/3482 4439/3921/3469
f 4453/3936/3484 4452/3935/3483 4440/3922/3470
f 4454/3937/3485 4453/3936/3484 4441/3923/3471
f 4455/3938/3486 4454/3937/3485 4442/3924/3472
f 4456/3939/3487 4455/3938/3486 4443/3925/3473
f 4446/3929/3477 4458/3941/3489 4457/3940/3488
f 4447/3930/3478 4459/3942/3490 4458/3941/3489
f 4448/3931/3479 4460/3943/3491 4459/3942/3490
f 4449/3933/3481 4461/3945/3493 4460/3943/3491
f 4450/3944/3492 4462/3956/3504 4461/3945/3493
f 4463/3946/3494 4462/3956/3504 4450/3944/3492
f 4464/3947/3495 4463/3946/3494 4451/3934/3482
f 4465/3948/3496 4464/3947/3495 4452/3935/3483
f 4466/3949/3497 4465/3948/3496 4453/3936/3484
f 4467/3950/3498 4466/3949/3497 4454/3937/3485
f 4468/3951/3499 4467/3950/3498 4455/3938/3486
f 4458/3941/3489 4470/3953/3501 4469/3952/3500
f 4459/3942/3490 4471/3954/3502 4470/3953/3501
f 4460/3943/3491 4472/3955/3503 4471/3954/3502
f 4461/3945/3493 4473/3957/3505 4472/3955/3503
f 4462/3956/3504 4474/3968/3516 4473/3957/3505
f 4475/3958/3506 4474/3968/3516 4462/3956/3504
f 4476/3959/3507 4475/3958/3506 4463/3946/3494
f 4477/3960/3508 4476/3959/3507 4464/3947/3495
f 4478/3961/3509 4477/3960/3508 4465/3948/3496
f 4479/3962/3510 4478/3961/3509 4466/3949/3497
f 4480/3963/3511 4479/3962/3510 4467/3950/3498
f 4470/3953/3501 4482/3965/3513 4481/3964/3512
f 4471/3954/3502 4483/3966/3514 4482/3965/3513
f 4472/3955/3503 4484/3967/3515 4483/3966/3514
f 4473/3957/3505 4485/3969/3517 4484/3967/3515
f 4474/3968/3516 4486/3981/3529 4485/3969/3517
f 4487/3970/3518 4486/3981/3529 4474/3968/3516
f 4488/3971/3519 4487/3970/3518 4475/3958/3506
f 4489/3972/3520 4488/3971/3519 4476/3959/3507
f 4490/3973/3521 4489/3972/3520 4477/3960/3508
f 4491/3974/3522 4490/3973/3521 4478/3961/3509
f 4492/3975/3523 4491/3974/3522 4479/3962/3510
f 4494/3976/3524 4493/3988/3536 4481/3964/3512
f 4495/3977/3525 4494/3976/3524 4482/3965/3513
f 4496/3978/3526 4495/3977/3525 4483/3966/3514
f 4497/3979/3527 4496/3978/3526 4484/3967/3515
f 4498/3980/3528 4497/3979/3527 4485/3969/3517
f 4499/3982/3530 4498/3980/3528 4486/3981/3529
f 4488/3971/3519 4500/3983/3531 4499/3982/3530
f 4489/3972/3520 4501/3984/3532 4500/3983/3531
f 4490/3973/3521 4502/3985/3533 4501/3984/3532
f 4491/3974/3522 4503/3986/3534 4502/3985/3533
f 4492/3975/3523 4504/3997/3545 4503/3986/3534
f 4506/3987/3535 4505/4000/3548 4493/3988/3536
f 4507/3989/3537 4506/3987/3535 4494/3976/3524
f 4508/3990/3538 4507/3989/3537 4495/3977/3525
f 4509/3991/3539 4508/3990/3538 4496/3978/3526
f 4510/3992/3540 4509/3991/3539 4497/3979/3527
f 4511/3993/3541 4510/3992/3540 4498/3980/3528
f 4500/3983/3531 4512/3994/3542 4511/3993/3541
f 4501/3984/3532 4513/3995/3543 4512/3994/3542
f 4502/3985/3533 4514/3996/3544 4513/3995/3543
f 4503/3986/3534 4515/3998/3546 4514/3996/3544
f 4504/3997/3545 4516/4009/3557 4515/3998/3546
f 4518/3999/3547 4517/4012/3560 4505/4000/3548
f 4519/4001/3549 4518/3999/3547 4506/3987/3535
f 4520/4002/3550 4519/4001/3549 4507/3989/3537
f 4521/4003/3551 4520/4002/3550 4508/3990/3538
f 4522/4004/3552 4521/4003/3551 4509/3991/3539
f 4523/4005/3553 4522/4004/3552 4510/3992/3540
f 4512/3994/3542 4524/4006/3554 4523/4005/3553
f 4513/3995/3543 4525/4007/3555 4524/4006/3554
f 4514/3996/3544 4526/4008/3556 4525/4007/3555
f 4515/3998/3546 4527/4010/3558 4526/4008/3556
f 4516/4009/3557 4528/4021/3569 4527/4010/3558
f 4530/4011/3559 4529/4024/3572 4517/4012/3560
f 4531/4013/3561 4530/4011/3559 4518/3999/3547
f 4532/4014/3562 4531/4013/3561 4519/4001/3549
f 4533/4015/3563 4532/4014/3562 4520/4002/3550
f 4534/4016/3564 4533/4015/3563 4521/4003/3551
f 4535/4017/3565 4534/4016/3564 4522/4004/3552
f 4524/4006/3554 4536/4018/3566 4535/4017/3565
f 4525/4007/3555 4537/4019/3567 4536/4018/3566
f 4526/4008/3556 4538/4020/3568 4537/4019/3567
f 4527/4010/3558 4539/4022/3570 4538/4020/3568
f 4528/4021/3569 4540/4033/3581 4539/4022/3570
f 4542/4023/3571 4541/4036/3584 4529/4024/3572
f 4543/4025/3573 4542/4023/3571 4530/4011/3559
f 4544/4026/3574 4543/4025/3573 4531/4013/3561
f 4545/4027/3575 4544/4026/3574 4532/4014/3562
f 4546/4028/3576 4545/4027/3575 4533/4015/3563
f 4547/4029/3577 4546/4028/3576 4534/4016/3564
f 4536/4018/3566 4548/4030/3578 4547/4029/3577
f 4537/4019/3567 4549/4031/3579 4548/4030/3578
f 4538/4020/3568 4550/4032/3580 4549/4031/3579
f 4539/4022/3570 4551/4034/3582 4550/4032/3580
f 4540/4033/3581 4552/4045/3593 4551/4034/3582
f 4554/4035/3583 4553/4048/3596 4541/4036/3584
f 4555/4037/3585 4554/4035/3583 4542/4023/3571
f 4556/4038/3586 4555/4037/3585 4543/4025/3573
f 4557/4039/3587 4556/4038/3586 4544/4026/3574
f 4558/4040/3588 4557/4039/3587 4545/4027/3575
f 4559/4041/3589 4558/4040/3588 4546/4028/3576
f 4548/4030/3578 4560/4042/3590 4559/4041/3589
f 4549/4031/3579 4561/4043/3591 4560/4042/3590
f 4550/4032/3580 4562/4044/3592 4561/4043/3591
f 4551/4034/3582 4563/4046/3594 4562/4044/3592
f 4552/4045/3593 4564/4056/3604 4563/4046/3594
f 4566/4047/3595 4565/4059/3607 4553/4048/3596
f 4555/4037/3585 4567/4049/3597 4566/4047/3595
f 4556/4038/3586 4568/4050/3598 4567/4049/3597
f 4557/4039/3587 4569/4051/3599 4568/4050/3598
f 4558/4040/3588 4570/4064/3612 4569/4051/3599
f 4571/4052/3600 4570/4064/3612 4558/4040/3588
f 4572/4053/3601 4571/4052/3600 4559/4041/3589
f 4573/4054/3602 4572/4053/3601 4560/4042/3590
f 4574/4055/3603 4573/4054/3602 4561/4043/3591
f 4563/4046/3594 4575/4057/3605 4574/4055/3603
f 4564/4056/3604 4576/4070/3618 4575/4057/3605
f 4566/4047/3595 4578/4060/3608 4577/4058/3606
f 4567/4049/3597 4579/4072/3620 4578/4060/3608
f 4580/4061/3609 4579/4072/3620 4567/4049/3597
f 4581/4062/3610 4580/4061/3609 4568/4050/3598
f 4582/4063/3611 4581/4062/3610 4569/4051/3599
f 4583/4065/3613 4582/4063/3611 4570/4064/3612
f 4572/4053/3601 4584/4066/3614 4583/4065/3613
f 4573/4054/3602 4585/4067/3615 4584/4066/3614
f 4574/4055/3603 4586/4068/3616 4585/4067/3615
f 4575/4057/3605 4587/4082/3630 4586/4068/3616
f 4588/4069/3617 4587/4082/3630 4575/4057/3605
f 4578/4060/3608 4590/4073/3621 4589/4071/3619
f 4579/4072/3620 4591/4074/3622 4590/4073/3621
f 4580/4061/3609 4592/4075/3623 4591/4074/3622
f 4581/4062/3610 4593/4076/3624 4592/4075/3623
f 4582/4063/3611 4594/4088/3636 4593/4076/3624
f 4595/4077/3625 4594/4088/3636 4582/4063/3611
f 4596/4078/3626 4595/4077/3625 4583/4065/3613
f 4597/4079/3627 4596/4078/3626 4584/4066/3614
f 4598/4080/3628 4597/4079/3627 4585/4067/3615
f 4599/4081/3629 4598/4080/3628 4586/4068/3616
f 4600/4083/3631 4599/4081/3629 4587/4082/3630
f 4590/4073/3621 4602/4085/3633 4601/4084/3632
f 4591/4074/3622 4603/4086/3634 4602/4085/3633
f 4592/4075/3623 4604/4087/3635 4603/4086/3634
f 4593/4076/3624 4605/4089/3637 4604/4087/3635
f 4594/4088/3636 4606/4100/3648 4605/4089/3637
f 4607/4090/3638 4606/4100/3648 4594/4088/3636
f 4608/4091/3639 4607/4090/3638 4595/4077/3625
f 4609/4092/3640 4608/4091/3639 4596/4078/3626
f 4610/4093/3641 4609/4092/3640 4597/4079/3627
f 4611/4094/3642 4610/4093/3641 4598/4080/3628
f 4612/4095/3643 4611/4094/3642 4599/4081/3629
f 4602/4085/3633 4614/4097/3645 4613/4096/3644
f 4603/4086/3634 4615/4098/3646 4614/4097/3645
f 4604/4087/3635 4616/4099/3647 4615/4098/3646
f 4605/4089/3637 4617/4101/3649 4616/4099/3647
f 4606/4100/3648 4618/4112/3660 4617/4101/3649
f 4619/4102/3650 4618/4112/3660 4606/4100/3648
f 4620/4103/3651 4619/4102/3650 4607/4090/3638
f 4621/4104/3652 4620/4103/3651 4608/4091/3639
f 4622/4105/3653 4621/4104/3652 4609/4092/3640
f 4623/4106/3654 4622/4105/3653 4610/4093/3641
f 4624/4107/3655 4623/4106/3654 4611/4094/3642
f 4614/4097/3645 4626/4109/3657 4625/4108/3656
f 4615/4098/3646 4627/4110/3658 4626/4109/3657
f 4616/4099/3647 4628/4111/3659 4627/4110/3658
f 4617/4101/3649 4629/4113/3661 4628/4111/3659
f 4618/4112/3660 4630/4124/3672 4629/4113/3661
f 4631/4114/3662 4630/4124/3672 4618/4112/3660
f 4632/4115/3663 4631/4114/3662 4619/4102/3650
f 4633/4116/3664 4632/4115/3663 4620/4103/3651
f 4634/4117/3665 4633/4116/3664 4621/4104/3652
f 4635/4118/3666 4634/4117/3665 4622/4105/3653
f 4636/4119/3667 4635/4118/3666 4623/4106/3654
f 4626/4109/3657 4638/4121/3669 4637/4120/3668
f 4627/4110/3658 4639/4122/3670 4638/4121/3669
f 4628/4111/3659 4640/4123/3671 4639/4122/3670
f 4629/4113/3661 4641/4125/3673 4640/4123/3671
f 4630/4124/3672 4642/4136/3684 4641/4125/3673
f 4643/4126/3674 4642/4136/3684 4630/4124/3672
f 4644/4127/3675 4643/4126/3674 4631/4114/3662
f 4645/4128/3676 4644/4127/3675 4632/4115/3663
f 4646/4129/3677 4645/4128/3676 4633/4116/3664
f 4647/4130/3678 4646/4129/3677 4634/4117/3665
f 4648/4131/3679 4647/4130/3678 4635/4118/3666
f 4638/4121/3669 4650/4133/3681 4649/4132/3680
f 4639/4122/3670 4651/4134/3682 4650/4133/3681
f 4640/4123/3671 4652/4135/3683 4651/4134/3682
f 4641/4125/3673 4653/4137/3685 4652/4135/3683
f 4642/4136/3684 4654/4148/3696 4653/4137/3685
f 4655/4138/3686 4654/4148/3696 4642/4136/3684
f 4656/4139/3687 4655/4138/3686 4643/4126/3674
f 4657/4140/3688 4656/4139/3687 4644/4127/3675
f 4658/4141/3689 4657/4140/3688 4645/4128/3676
f 4659/4142/3690 4658/4141/3689 4646/4129/3677
f 4660/4143/3691 4659/4142/3690 4647/4130/3678
f 4650/4133/3681 4662/4145/3693 4661/4144/3692
f 4651/4134/3682 4663/4146/3694 4662/4145/3693
f 4652/4135/3683 4664/4147/3695 4663/4146/3694
f 4653/4137/3685 4665/4149/3697 4664/4147/3695
f 4654/4148/3696 4666/4160/3708 4665/4149/3697
f 4667/4150/3698 4666/4160/3708 4654/4148/3696
f 4668/4151/3699 4667/4150/3698 4655/4138/3686
f 4669/4152/3700 4668/4151/3699 4656/4139/3687
f 4670/4153/3701 4669/4152/3700 4657/4140/3688
f 4671/4154/3702 4670/4153/3701 4658/4141/3689
f 4672/4155/3703 4671/4154/3702 4659/4142/3690
f 4662/4145/3693 4674/4157/3705 4673/4156/3704
f 4663/4146/3694 4675/4158/3706 4674/4157/3705
f 4664/4147/3695 4676/4159/3707 4675/4158/3706
f 4665/4149/3697 4677/4161/3709 4676/4159/3707
f 4666/4160/3708 4678/4172/3720 4677/4161/3709
f 4679/4162/3710 4678/4172/3720 4666/4160/3708
f 4680/4163/3711 4679/4162/3710 4667/4150/3698
f 4681/4164/3712 4680/4163/3711 4668/4151/3699
f 4682/4165/3713 4681/4164/3712 4669/4152/3700
f 4683/4166/3714 4682/4165/3713 4670/4153/3701
f 4684/4167/3715 4683/4166/3714 4671/4154/3702
f 4674/4157/3705 4686/4169/3717 4685/4168/3716
f 4675/4158/3706 4687/4170/3718 4686/4169/3717
f 4676/4159/3707 4688/4171/3719 4687/4170/3718
f 4677/4161/3709 4689/4173/3721 4688/4171/3719
f 4678/4172/3720 4690/4184/3732 4689/4173/3721
f 4691/4174/3722 4690/4184/3732 4678/4172/3720
f 4692/4175/3723 4691/4174/3722 4679/4162/3710
f 4693/4176/3724 4692/4175/3723 4680/4163/3711
f 4694/4177/3725 4693/4176/3724 4681/4164/3712
f 4695/4178/3726 4694/4177/3725 4682/4165/3713
f 4696/4179/3727 4695/4178/3726 4683/4166/3714
f 4686/4169/3717 4698/4181/3729 4697/4180/3728
f 4687/4170/3718 4699/4182/3730 4698/4181/3729
f 4688/4171/3719 4700/4183/3731 4699/4182/3730
f 4689/4173/3721 4701/4185/3733 4700/4183/3731
f 4690/4184/3732 4702/4196/3744 4701/4185/3733
f 4703/4186/3734 4702/4196/3744 4690/4184/3732
f 4704/4187/3735 4703/4186/3734 4691/4174/3722
f 4705/4188/3736 4704/4187/3735 4692/4175/3723
f 4706/4189/3737 4705/4188/3736 4693/4176/3724
f 4707/4190/3738 4706/4189/3737 4694/4177/3725
f 4708/4191/3739 4707/4190/3738 4695/4178/3726
f 4698/4181/3729 4710/4193/3741 4709/4192/3740
f 4699/4182/3730 4711/4194/3742 4710/4193/3741
f 4700/4183/3731 4712/4195/3743 4711/4194/3742
f 4701/4185/3733 4713/4197/3745 4712/4195/3743
f 4702/4196/3744 4714/4208/2416 4713/4197/3745
f 4715/4198/2405 4714/4208/2416 4702/4196/3744
f 4716/4199/3746 4715/4198/2405 4703/4186/3734
f 4717/4200/3747 4716/4199/3746 4704/4187/3735
f 4718/4201/3748 4717/4200/3747 4705/4188/3736
f 4719/4202/3749 4718/4201/3748 4706/4189/3737
f 4720/4203/3750 4719/4202/3749 4707/4190/3738
f 4710/4193/3741 4722/4205/3752 4721/4204/3751
f 4711/4194/3742 4723/4206/3753 4722/4205/3752
f 4712/4195/3743 4724/4207/3754 4723/4206/3753
f 4713/4197/3745 4725/4209/3755 4724/4207/3754
f 4714/4208/2416 4726/4220/3766 4725/4209/3755
f 4727/4210/3756 4726/4220/3766 4714/4208/2416
f 4728/4211/3757 4727/4210/3756 4715/4198/2405
f 4729/4212/3758 4728/4211/3757 4716/4199/3746
f 4730/4213/3759 4729/4212/3758 4717/4200/3747
f 4731/4214/3760 4730/4213/3759 4718/4201/3748
f 4732/4215/3761 4731/4214/3760 4719/4202/3749
f 4722/4205/3752 4734/4217/3763 4733/4216/3762
f 4723/4206/3753 4735/4218/3764 4734/4217/3763
f 4724/4207/3754 4736/4219/3765 4735/4218/3764
f 4725/4209/3755 4737/4221/3767 4736/4219/3765
f 4726/4220/3766 4738/4232/3778 4737/4221/3767
f 4739/4222/3768 4738/4232/3778 4726/4220/3766
f 4740/4223/3769 4739/4222/3768 4727/4210/3756
f 4741/4224/3770 4740/4223/3769 4728/4211/3757
f 4742/4225/3771 4741/4224/3770 4729/4212/3758
f 4743/4226/3772 4742/4225/3771 4730/4213/3759
f 4744/4227/3773 4743/4226/3772 4731/4214/3760
f 4734/4217/3763 4746/4229/3775 4745/4228/3774
f 4735/4218/3764 4747/4230/3776 4746/4229/3775
f 4736/4219/3765 4748/4231/3777 4747/4230/3776
f 4737/4221/3767 4749/4233/3779 4748/4231/3777
f 4738/4232/3778 4750/4244/3790 4749/4233/3779
f 4751/4234/3780 4750/4244/3790 4738/4232/3778
f 4752/4235/3781 4751/4234/3780 4739/4222/3768
f 4753/4236/3782 4752/4235/3781 4740/4223/3769
f 4754/4237/3783 4753/4236/3782 4741/4224/3770
f 4755/4238/3784 4754/4237/3783 4742/4225/3771
f 4756/4239/3785 4755/4238/3784 4743/4226/3772
f 4746/4229/3775 4758/4241/3787 4757/4240/3786
f 4747/4230/3776 4759/4242/3788 4758/4241/3787
f 4748/4231/3777 4760/4243/3789 4759/4242/3788
f 4749/4233/3779 4761/4245/3791 4760/4243/3789
f 4750/4244/3790 4762/4257/3803 4761/4245/3791
f 4763/4246/3792 4762/4257/3803 4750/4244/3790
f 4764/4247/3793 4763/4246/3792 4751/4234/3780
f 4765/4248/3794 4764/4247/3793 4752/4235/3781
f 4766/4249/3795 4765/4248/3794 4753/4236/3782
f 4767/4250/3796 4766/4249/3795 4754/4237/3783
f 4768/4251/3797 4767/4250/3796 4755/4238/3784
f 4770/4252/3798 4769/4264/3810 4757/4240/3786
f 4771/4253/3799 4770/4252/3798 4758/4241/3787
f 4772/4254/3800 4771/4253/3799 4759/4242/3788
f 4773/4255/3801 4772/4254/3800 4760/4243/3789
f 4774/4256/3802 4773/4255/3801 4761/4245/3791
f 4775/4258/3804 4774/4256/3802 4762/4257/3803
f 4764/4247/3793 4776/4259/3805 4775/4258/3804
f 4765/4248/3794 4777/4260/3806 4776/4259/3805
f 4766/4249/3795 4778/4261/3807 4777/4260/3806
f 4767/4250/3796 4779/4262/3808 4778/4261/3807
f 4768/4251/3797 4780/4273/3819 4779/4262/3808
f 4782/4263/3809 4781/4276/3822 4769/4264/3810
f 4783/4265/3811 4782/4263/3809 4770/4252/3798
f 4784/4266/3812 4783/4265/3811 4771/4253/3799
f 4785/4267/3813 4784/4266/3812 4772/4254/3800
f 4786/4268/3814 4785/4267/3813 4773/4255/3801
f 4787/4269/3815 4786/4268/3814 4774/4256/3802
f 4776/4259/3805 4788/4270/3816 4787/4269/3815
f 4777/4260/3806 4789/4271/3817 4788/4270/3816
f 4778/4261/3807 4790/4272/3818 4789/4271/3817
f 4779/4262/3808 4791/4274/3820 4790/4272/3818
f 4780/4273/3819 4792/4285/3831 4791/4274/3820
f 4794/4275/3821 4793/4288/3834 4781/4276/3822
f 4795/4277/3823 4794/4275/3821 4782/4263/3809
f 4796/4278/3824 4795/4277/3823 4783/4265/3811
f 4797/4279/3825 4796/4278/3824 4784/4266/3812
f 4798/4280/3826 4797/4279/3825 4785/4267/3813
f 4799/4281/3827 4798/4280/3826 4786/4268/3814
f 4788/4270/3816 4800/4282/3828 4799/4281/3827
f 4789/4271/3817 4801/4283/3829 4800/4282/3828
f 4790/4272/3818 4802/4284/3830 4801/4283/3829
f 4791/4274/3820 4803/4286/3832 4802/4284/3830
f 4792/4285/3831 4804/4297/3843 4803/4286/3832
f 4806/4287/3833 4805/4300/3846 4793/4288/3834
f 4807/4289/3835 4806/4287/3833 4794/4275/3821
f 4808/4290/3836 4807/4289/3835 4795/4277/3823
f 4809/4291/3837 4808/4290/3836 4796/4278/3824
f 4810/4292/3838 4809/4291/3837 4797/4279/3825
f 4811/4293/3839 4810/4292/3838 4798/4280/3826
f 4800/4282/3828 4812/4294/3840 4811/4293/3839
f 4801/4283/3829 4813/4295/3841 4812/4294/3840
f 4802/4284/3830 4814/4296/3842 4813/4295/3841
f 4803/4286/3832 4815/4298/3844 4814/4296/3842
f 4804/4297/3843 4816/4309/3855 4815/4298/3844
f 4818/4299/3845 4817/4312/3858 4805/4300/3846
f 4819/4301/3847 4818/4299/3845 4806/4287/3833
f 4820/4302/3848 4819/4301/3847 4807/4289/3835
f 4821/4303/3849 4820/4302/3848 4808/4290/3836
f 4822/4304/3850 4821/4303/3849 4809/4291/3837
f 4823/4305/3851 4822/4304/3850 4810/4292/3838
f 4812/4294/3840 4824/4306/3852 4823/4305/3851
f 4813/4295/3841 4825/4307/3853 4824/4306/3852
f 4814/4296/3842 4826/4308/3854 4825/4307/3853
f 4815/4298/3844 4827/4310/3856 4826/4308/3854
f 4816/4309/3855 4828/4321/3867 4827/4310/3856
f 4830/4311/3857 4829/4324/3870 4817/4312/3858
f 4831/4313/3859 4830/4311/3857 4818/4299/3845
f 4832/4314/3860 4831/4313/3859 4819/4301/3847
f 4833/4315/3861 4832/4314/3860 4820/4302/3848
f 4834/4316/3862 4833/4315/3861 4821/4303/3849
f 4835/4317/3863 4834/4316/3862 4822/4304/3850
f 4824/4306/3852 4836/4318/3864 4835/4317/3863
f 4825/4307/3853 4837/4319/3865 4836/4318/3864
f 4826/4308/3854 4838/4320/3866 4837/4319/3865
f 4827/4310/3856 4839/4322/3868 4838/4320/3866
f 4828/4321/3867 4840/4333/3879 4839/4322/3868
f 4842/4323/3869 4841/4336/3882 4829/4324/3870
f 4843/4325/3871 4842/4323/3869 4830/4311/3857
f 4844/4326/3872 4843/4325/3871 4831/4313/3859
f 4845/4327/3873 4844/4326/3872 4832/4314/3860
f 4846/4328/3874 4845/4327/3873 4833/4315/3861
f 4847/4329/3875 4846/4328/3874 4834/4316/3862
f 4836/4318/3864 4848/4330/3876 4847/4329/3875
f 4837/4319/3865 4849/4331/3877 4848/4330/3876
f 4838/4320/3866 4850/4332/3878 4849/4331/3877
f 4839/4322/3868 4851/4334/3880 4850/4332/3878
f 4840/4333/3879 4852/4345/3891 4851/4334/3880
f 4854/4335/3881 4853/4348/3894 4841/4336/3882
f 4855/4337/3883 4854/4335/3881 4842/4323/3869
f 4856/4338/3884 4855/4337/3883 4843/4325/3871
f 4857/4339/3885 4856/4338/3884 4844/4326/3872
f 4858/4340/3886 4857/4339/3885 4845/4327/3873
f 4859/4341/3887 4858/4340/3886 4846/4328/3874
f 4848/4330/3876 4860/4342/3888 4859/4341/3887
f 4849/4331/3877 4861/4343/3889 4860/4342/3888
f 4850/4332/3878 4862/4344/3890 4861/4343/3889
f 4851/4334/3880 4863/4346/3892 4862/4344/3890
f 4852/4345/3891 4864/4359/3905 4863/4346/3892
f 4854/4335/3881 4866/4349/3895 4865/4347/3893
f 4855/4337/3883 4867/4350/3896 4866/4349/3895
f 4856/4338/3884 4868/4351/3897 4867/4350/3896
f 4857/4339/3885 4869/4352/3898 4868/4351/3897
f 4858/4340/3886 4870/4365/3907 4869/4352/3898
f 4871/4353/3899 4870/4365/3907 4858/4340/3886
f 4872/4354/3900 4871/4353/3899 4859/4341/3887
f 4873/4355/3901 4872/4354/3900 4860/4342/3888
f 4874/4356/3902 4873/4355/3901 4861/4343/3889
f 4875/4357/3903 4874/4356/3902 4862/4344/3890
f 4876/4358/3904 4875/4357/3903 4863/4346/3892
f 4878/4360/1178 4877/4372/1177 4865/4347/3893
f 4879/4361/1179 4878/4360/1178 4866/4349/3895
f 4880/4362/1180 4879/4361/1179 4867/4350/3896
f 4881/4363/3906 4880/4362/1180 4868/4351/3897
f 4882/4364/1193 4881/4363/3906 4869/4352/3898
f 4883/4366/1182 4882/4364/1193 4870/4365/3907
f 4884/4367/1183 4883/4366/1182 4871/4353/3899
f 4885/4368/1184 4884/4367/1183 4872/4354/3900
f 4874/4356/3902 4886/4379/1185 4885/4368/1184
f 4887/4369/1186 4886/4379/1185 4874/4356/3902
f 4888/4370/1187 4887/4369/1186 4875/4357/3903
f 4890/4371/3908 4889/4384/3919 4877/4372/1177
f 4891/4373/3909 4890/4371/3908 4878/4360/1178
f 4892/4374/3910 4891/4373/3909 4879/4361/1179
f 4893/4375/3911 4892/4374/3910 4880/4362/1180
f 4894/4376/3912 4893/4375/3911 4881/4363/3906
f 4895/4377/3913 4894/4376/3912 4882/4364/1193
f 4884/4367/1183 4896/4378/3914 4895/4377/3913
f 4885/4368/1184 4897/4380/3915 4896/4378/3914
f 4886/4379/1185 4898/4381/3916 4897/4380/3915
f 4887/4369/1186 4899/4382/3917 4898/4381/3916
f 4888/4370/1187 4900/4393/3928 4899/4382/3917
f 4902/4383/3918 4901/4396/3931 4889/4384/3919
f 4903/4385/3920 4902/4383/3918 4890/4371/3908
f 4904/4386/3921 4903/4385/3920 4891/4373/3909
f 4905/4387/3922 4904/4386/3921 4892/4374/3910
f 4906/4388/3923 4905/4387/3922 4893/4375/3911
f 4907/4389/3924 4906/4388/3923 4894/4376/3912
f 4896/4378/3914 4908/4390/3925 4907/4389/3924
f 4897/4380/3915 4909/4391/3926 4908/4390/3925
f 4898/4381/3916 4910/4392/3927 4909/4391/3926
f 4899/4382/3917 4911/4394/3929 4910/4392/3927
f 4900/4393/3928 4912/4405/3940 4911/4394/3929
f 4914/4395/3930 4913/4408/3943 4901/4396/3931
f 4915/4397/3932 4914/4395/3930 4902/4383/3918
f 4916/4398/3933 4915/4397/3932 4903/4385/3920
f 4917/4399/3934 4916/4398/3933 4904/4386/3921
f 4918/4400/3935 4917/4399/3934 4905/4387/3922
f 4919/4401/3936 4918/4400/3935 4906/4388/3923
f 4908/4390/3925 4920/4402/3937 4919/4401/3936
f 4909/4391/3926 4921/4403/3938 4920/4402/3937
f 4910/4392/3927 4922/4404/3939 4921/4403/3938
f 4911/4394/3929 4923/4406/3941 4922/4404/3939
f 4912/4405/3940 4924/4417/3952 4923/4406/3941
f 4926/4407/3942 4925/4420/3955 4913/4408/3943
f 4927/4409/3944 4926/4407/3942 4914/4395/3930
f 4928/4410/3945 4927/4409/3944 4915/4397/3932
f 4929/4411/3946 4928/4410/3945 4916/4398/3933
f 4930/4412/3947 4929/4411/3946 4917/4399/3934
f 4931/4413/3948 4930/4412/3947 4918/4400/3935
f 4920/4402/3937 4932/4414/3949 4931/4413/3948
f 4921/4403/3938 4933/4415/3950 4932/4414/3949
f 4922/4404/3939 4934/4416/3951 4933/4415/3950
f 4923/4406/3941 4935/4418/3953 4934/4416/3951
f 4924/4417/3952 4936/4429/3964 4935/4418/3953
f 4938/4419/3954 4937/4432/3967 4925/4420/3955
f 4939/4421/3956 4938/4419/3954 4926/4407/3942
f 4940/4422/3957 4939/4421/3956 4927/4409/3944
f 4941/4423/3958 4940/4422/3957 4928/4410/3945
f 4942/4424/3959 4941/4423/3958 4929/4411/3946
f 4943/4425/3960 4942/4424/3959 4930/4412/3947
f 4932/4414/3949 4944/4426/3961 4943/4425/3960
f 4933/4415/3950 4945/4427/3962 4944/4426/3961
f 4934/4416/3951 4946/4428/3963 4945/4427/3962
f 4935/4418/3953 4947/4430/3965 4946/4428/3963
f 4936/4429/3964 4948/4441/3976 4947/4430/3965
f 4950/4431/3966 4949/4444/3979 4937/4432/3967
f 4951/4433/3968 4950/4431/3966 4938/4419/3954
f 4952/4434/3969 4951/4433/3968 4939/4421/3956
f 4953/4435/3970 4952/4434/3969 4940/4422/3957
f 4954/4436/3971 4953/4435/3970 4941/4423/3958
f 4955/4437/3972 4954/4436/3971 4942/4424/3959
f 4944/4426/3961 4956/4438/3973 4955/4437/3972
f 4945/4427/3962 4957/4439/3974 4956/4438/3973
f 4946/4428/3963 4958/4440/3975 4957/4439/3974
f 4947/4430/3965 4959/4442/3977 4958/4440/3975
f 4948/4441/3976 4960/4453/3988 4959/4442/3977
f 4962/4443/3978 4961/4456/3991 4949/4444/3979
f 4963/4445/3980 4962/4443/3978 4950/4431/3966
f 4964/4446/3981 4963/4445/3980 4951/4433/3968
f 4965/4447/3982 4964/4446/3981 4952/4434/3969
f 4966/4448/3983 4965/4447/3982 4953/4435/3970
f 4967/4449/3984 4966/4448/3983 4954/4436/3971
f 4956/4438/3973 4968/4450/3985 4967/4449/3984
f 4957/4439/3974 4969/4451/3986 4968/4450/3985
f 4958/4440/3975 4970/4452/3987 4969/4451/3986
f 4959/4442/3977 4971/4454/3989 4970/4452/3987
f 4960/4453/3988 4972/4465/4000 4971/4454/3989
f 4974/4455/3990 4973/4468/4003 4961/4456/3991
f 4975/4457/3992 4974/4455/3990 4962/4443/3978
f 4976/4458/3993 4975/4457/3992 4963/4445/3980
f 4977/4459/3994 4976/4458/3993 4964/4446/3981
f 4978/4460/3995 4977/4459/3994 4965/4447/3982
f 4979/4461/3996 4978/4460/3995 4966/4448/3983
f 4968/4450/3985 4980/4462/3997 4979/4461/3996
f 4969/4451/3986 4981/4463/3998 4980/4462/3997
f 4970/4452/3987 4982/4464/3999 4981/4463/3998
f 4971/4454/3989 4983/4466/4001 4982/4464/3999
f 4972/4465/4000 4984/4479/4014 4983/4466/4001
f 4974/4455/3990 4986/4469/4004 4985/4467/4002
f 4975/4457/3992 4987/4470/4005 4986/4469/4004
f 4976/4458/3993 4988/4471/4006 4987/4470/4005
f 4977/4459/3994 4989/4472/4007 4988/4471/4006
f 4978/4460/3995 4990/4484/4019 4989/4472/4007
f 4991/4473/4008 4990/4484/4019 4978/4460/3995
f 4992/4474/4009 4991/4473/4008 4979/4461/3996
f 4993/4475/4010 4992/4474/4009 4980/4462/3997
f 4994/4476/4011 4993/4475/4010 4981/4463/3998
f 4995/4477/4012 4994/4476/4011 4982/4464/3999
f 4996/4478/4013 4995/4477/4012 4983/4466/4001
f 4986/4469/4004 4998/4481/4016 4997/4480/4015
f 4987/4470/4005 4999/4482/4017 4998/4481/4016
f 4988/4471/4006 5000/4483/4018 4999/4482/4017
f 4989/4472/4007 5001/4485/4020 5000/4483/4018
f 4990/4484/4019 5002/4496/4031 5001/4485/4020
f 5003/4486/4021 5002/4496/4031 4990/4484/4019
f 5004/4487/4022 5003/4486/4021 4991/4473/4008
f 5005/4488/4023 5004/4487/4022 4992/4474/4009
f 5006/4489/4024 5005/4488/4023 4993/4475/4010
f 5007/4490/4025 5006/4489/4024 4994/4476/4011
f 5008/4491/4026 5007/4490/4025 4995/4477/4012
f 4998/4481/4016 5010/4493/4028 5009/4492/4027
f 4999/4482/4017 5011/4494/4029 5010/4493/4028
f 5000/4483/4018 5012/4495/4030 5011/4494/4029
f 5001/4485/4020 5013/4497/4032 5012/4495/4030
f 5002/4496/4031 5014/4508/4043 5013/4497/4032
f 5015/4498/4033 5014/4508/4043 5002/4496/4031
f 5016/4499/4034 5015/4498/4033 5003/4486/4021
f 5017/4500/4035 5016/4499/4034 5004/4487/4022
f 5018/4501/4036 5017/4500/4035 5005/4488/4023
f 5019/4502/4037 5018/4501/4036 5006/4489/4024
f 5020/4503/4038 5019/4502/4037 5007/4490/4025
f 5010/4493/4028 5022/4505/4040 5021/4504/4039
f 5011/4494/4029 5023/4506/4041 5022/4505/4040
f 5012/4495/4030 5024/4507/4042 5023/4506/4041
f 5013/4497/4032 5025/4509/4044 5024/4507/4042
f 5014/4508/4043 5026/4520/4055 5025/4509/4044
f 5027/4510/4045 5026/4520/4055 5014/4508/4043
f 5028/4511/4046 5027/4510/4045 5015/4498/4033
f 5029/4512/4047 5028/4511/4046 5016/4499/4034
f 5030/4513/4048 5029/4512/4047 5017/4500/4035
f 5031/4514/4049 5030/4513/4048 5018/4501/4036
f 5032/4515/4050 5031/4514/4049 5019/4502/4037
f 5022/4505/4040 5034/4517/4052 5033/4516/4051
f 5023/4506/4041 5035/4518/4053 5034/4517/4052
f 5024/4507/4042 5036/4519/4054 5035/4518/4053
f 5025/4509/4044 5037/4521/4056 5036/4519/4054
f 5026/4520/4055 5038/4533/4068 5037/4521/4056
f 5039/4522/4057 5038/4533/4068 5026/4520/4055
f 5040/4523/4058 5039/4522/4057 5027/4510/4045
f 5041/4524/4059 5040/4523/4058 5028/4511/4046
f 5042/4525/4060 5041/4524/4059 5029/4512/4047
f 5043/4526/4061 5042/4525/4060 5030/4513/4048
f 5044/4527/4062 5043/4526/4061 5031/4514/4049
f 5046/4528/4063 5045/4540/4075 5033/4516/4051
f 5047/4529/4064 5046/4528/4063 5034/4517/4052
f 5048/4530/4065 5047/4529/4064 5035/4518/4053
f 5049/4531/4066 5048/4530/4065 5036/4519/4054
f 5050/4532/4067 5049/4531/4066 5037/4521/4056
f 5051/4534/4069 5050/4532/4067 5038/4533/4068
f 5040/4523/4058 5052/4535/4070 5051/4534/4069
f 5041/4524/4059 5053/4536/4071 5052/4535/4070
f 5042/4525/4060 5054/4537/4072 5053/4536/4071
f 5043/4526/4061 5055/4538/4073 5054/4537/4072
f 5044/4527/4062 5056/4551/4086 5055/4538/4073
f 5046/4528/4063 5058/4541/4076 5057/4539/4074
f 5047/4529/4064 5059/4542/4077 5058/4541/4076
f 5048/4530/4065 5060/4543/4078 5059/4542/4077
f 5049/4531/4066 5061/4544/4079 5060/4543/4078
f 5050/4532/4067 5062/4556/4091 5061/4544/4079
f 5063/4545/4080 5062/4556/4091 5050/4532/4067
f 5064/4546/4081 5063/4545/4080 5051/4534/4069
f 5065/4547/4082 5064/4546/4081 5052/4535/4070
f 5066/4548/4083 5065/4547/4082 5053/4536/4071
f 5067/4549/4084 5066/4548/4083 5054/4537/4072
f 5068/4550/4085 5067/4549/4084 5055/4538/4073
f 5058/4541/4076 5070/4553/4088 5069/4552/4087
f 5059/4542/4077 5071/4554/4089 5070/4553/4088
f 5060/4543/4078 5072/4555/4090 5071/4554/4089
f 5061/4544/4079 5073/4557/4092 5072/4555/4090
f 5062/4556/4091 5074/4568/4103 5073/4557/4092
f 5075/4558/4093 5074/4568/4103 5062/4556/4091
f 5076/4559/4094 5075/4558/4093 5063/4545/4080
f 5077/4560/4095 5076/4559/4094 5064/4546/4081
f 5078/4561/4096 5077/4560/4095 5065/4547/4082
f 5079/4562/4097 5078/4561/4096 5066/4548/4083
f 5080/4563/4098 5079/4562/4097 5067/4549/4084
f 5070/4553/4088 5082/4565/4100 5081/4564/4099
f 5071/4554/4089 5083/4566/4101 5082/4565/4100
f 5072/4555/4090 5084/4567/4102 5083/4566/4101
f 5073/4557/4092 5085/4569/4104 5084/4567/4102
f 5074/4568/4103 5086/4580/4115 5085/4569/4104
f 5087/4570/4105 5086/4580/4115 5074/4568/4103
f 5088/4571/4106 5087/4570/4105 5075/4558/4093
f 5089/4572/4107 5088/4571/4106 5076/4559/4094
f 5090/4573/4108 5089/4572/4107 5077/4560/4095
f 5091/4574/4109 5090/4573/4108 5078/4561/4096
f 5092/4575/4110 5091/4574/4109 5079/4562/4097
f 5082/4565/4100 5094/4577/4112 5093/4576/4111
f 5083/4566/4101 5095/4578/4113 5094/4577/4112
f 5084/4567/4102 5096/4579/4114 5095/4578/4113
f 5085/4569/4104 5097/4581/4116 5096/4579/4114
f 5086/4580/4115 5098/4592/4127 5097/4581/4116
f 5099/4582/4117 5098/4592/4127 5086/4580/4115
f 5100/4583/4118 5099/4582/4117 5087/4570/4105
f 5101/4584/4119 5100/4583/4118 5088/4571/4106
f 5102/4585/4120 5101/4584/4119 5089/4572/4107
f 5103/4586/4121 5102/4585/4120 5090/4573/4108
f 5104/4587/4122 5103/4586/4121 5091/4574/4109
f 5094/4577/4112 5106/4589/4124 5105/4588/4123
f 5095/4578/4113 5107/4590/4125 5106/4589/4124
f 5096/4579/4114 5108/4591/4126 5107/4590/4125
f 5097/4581/4116 5109/4593/4128 5108/4591/4126
f 5098/4592/4127 5110/4604/4139 5109/4593/4128
f 5111/4594/4129 5110/4604/4139 5098/4592/4127
f 5112/4595/4130 5111/4594/4129 5099/4582/4117
f 5113/4596/4131 5112/4595/4130 5100/4583/4118
f 5114/4597/4132 5113/4596/4131 5101/4584/4119
f 5115/4598/4133 5114/4597/4132 5102/4585/4120
f 5116/4599/4134 5115/4598/4133 5103/4586/4121
f 5106/4589/4124 5118/4601/4136 5117/4600/4135
f 5107/4590/4125 5119/4602/4137 5118/4601/4136
f 5108/4591/4126 5120/4603/4138 5119/4602/4137
f 5109/4593/4128 5121/4605/4140 5120/4603/4138
f 5110/4604/4139 5122/4616/4151 5121/4605/4140
f 5123/4606/4141 5122/4616/4151 5110/4604/4139
f 5124/4607/4142 5123/4606/4141 5111/4594/4129
f 5125/4608/4143 5124/4607/4142 5112/4595/4130
f 5126/4609/4144 5125/4608/4143 5113/4596/4131
f 5127/4610/4145 5126/4609/4144 5114/4597/4132
f 5128/4611/4146 5127/4610/4145 5115/4598/4133
f 5118/4601/4136 5130/4613/4148 5129/4612/4147
f 5119/4602/4137 5131/4614/4149 5130/4613/4148
f 5120/4603/4138 5132/4615/4150 5131/4614/4149
f 5121/4605/4140 5133/4617/4152 5132/4615/4150
f 5122/4616/4151 5134/4628/4163 5133/4617/4152
f 5135/4618/4153 5134/4628/4163 5122/4616/4151
f 5136/4619/4154 5135/4618/4153 5123/4606/4141
f 5137/4620/4155 5136/4619/4154 5124/4607/4142
f 5138/4621/4156 5137/4620/4155 5125/4608/4143
f 5139/4622/4157 5138/4621/4156 5126/4609/4144
f 5140/4623/4158 5139/4622/4157 5127/4610/4145
f 5130/4613/4148 5142/4625/4160 5141/4624/4159
f 5131/4614/4149 5143/4626/4161 5142/4625/4160
f 5132/4615/4150 5144/4627/4162 5143/4626/4161
f 5133/4617/4152 5145/4629/4164 5144/4627/4162
f 5134/4628/4163 5146/4640/4175 5145/4629/4164
f 5147/4630/4165 5146/4640/4175 5134/4628/4163
f 5148/4631/4166 5147/4630/4165 5135/4618/4153
f 5149/4632/4167 5148/4631/4166 5136/4619/4154
f 5150/4633/4168 5149/4632/4167 5137/4620/4155
f 5151/4634/4169 5150/4633/4168 5138/4621/4156
f 5152/4635/4170 5151/4634/4169 5139/4622/4157
f 5142/4625/4160 5154/4637/4172 5153/4636/4171
f 5143/4626/4161 5155/4638/4173 5154/4637/4172
f 5144/4627/4162 5156/4639/4174 5155/4638/4173
f 5145/4629/4164 5157/4641/4176 5156/4639/4174
f 5146/4640/4175 5158/4652/4187 5157/4641/4176
f 5159/4642/4177 5158/4652/4187 5146/4640/4175
f 5160/4643/4178 5159/4642/4177 5147/4630/4165
f 5161/4644/4179 5160/4643/4178 5148/4631/4166
f 5162/4645/4180 5161/4644/4179 5149/4632/4167
f 5163/4646/4181 5162/4645/4180 5150/4633/4168
f 5164/4647/4182 5163/4646/4181 5151/4634/4169
f 5154/4637/4172 5166/4649/4184 5165/4648/4183
f 5155/4638/4173 5167/4650/4185 5166/4649/4184
f 5156/4639/4174 5168/4651/4186 5167/4650/4185
f 5157/4641/4176 5169/4653/4188 5168/4651/4186
f 5158/4652/4187 5170/4663/4198 5169/4653/4188
f 5171/4654/4189 5170/4663/4198 5158/4652/4187
f 5172/4655/4190 5171/4654/4189 5159/4642/4177
f 5173/4656/4191 5172/4655/4190 5160/4643/4178
f 5174/4657/4192 5173/4656/4191 5161/4644/4179
f 5175/4658/4193 5174/4657/4192 5162/4645/4180
f 5176/4659/4194 5175/4658/4193 5163/4646/4181
f 5178/4660/4195 5177/4671/4205 5165/4648/4183
f 5179/4661/4196 5178/4660/4195 5166/4649/4184
f 5180/4662/4197 5179/4661/4196 5167/4650/4185
f 5169/4653/4188 5181/4664/4199 5180/4662/4197
f 5170/4663/4198 5182/4675/4206 5181/4664/4199
f 5183/4665/4200 5182/4675/4206 5170/4663/4198
f 5184/4666/4201 5183/4665/4200 5171/4654/4189
f 5173/4656/4191 5185/4667/4202 5184/4666/4201
f 5174/4657/4192 5186/4668/4203 5185/4667/4202
f 5175/4658/4193 5187/4669/4204 5186/4668/4203
f 5176/4659/4194 5188/4683/4207 5187/4669/4204
f 5178/4660/4195 5190/4672/3895 5189/4670/3893
f 5179/4661/4196 5191/4673/3896 5190/4672/3895
f 5180/4662/4197 5192/4674/3897 5191/4673/3896
f 5181/4664/4199 5193/4676/3898 5192/4674/3897
f 5182/4675/4206 5194/4689/3907 5193/4676/3898
f 5195/4677/3899 5194/4689/3907 5182/4675/4206
f 5196/4678/3900 5195/4677/3899 5183/4665/4200
f 5197/4679/3901 5196/4678/3900 5184/4666/4201
f 5198/4680/3902 5197/4679/3901 5185/4667/4202
f 5199/4681/3903 5198/4680/3902 5186/4668/4203
f 5200/4682/3904 5199/4681/3903 5187/4669/4204
f 5202/4684/1178 5201/4696/1177 5189/4670/3893
f 5203/4685/1179 5202/4684/1178 5190/4672/3895
f 5204/4686/1180 5203/4685/1179 5191/4673/3896
f 5205/4687/3906 5204/4686/1180 5192/4674/3897
f 5206/4688/1193 5205/4687/3906 5193/4676/3898
f 5207/4690/1182 5206/4688/1193 5194/4689/3907
f 5208/4691/1183 5207/4690/1182 5195/4677/3899
f 5209/4692/1184 5208/4691/1183 5196/4678/3900
f 5198/4680/3902 5210/4703/1185 5209/4692/1184
f 5211/4693/1186 5210/4703/1185 5198/4680/3902
f 5212/4694/1187 5211/4693/1186 5199/4681/3903
f 5214/4695/4208 5213/4708/4219 5201/4696/1177
f 5215/4697/4209 5214/4695/4208 5202/4684/1178
f 5216/4698/4210 5215/4697/4209 5203/4685/1179
f 5217/4699/4211 5216/4698/4210 5204/4686/1180
f 5218/4700/4212 5217/4699/4211 5205/4687/3906
f 5219/4701/4213 5218/4700/4212 5206/4688/1193
f 5208/4691/1183 5220/4702/4214 5219/4701/4213
f 5209/4692/1184 5221/4704/4215 5220/4702/4214
f 5210/4703/1185 5222/4705/4216 5221/4704/4215
f 5211/4693/1186 5223/4706/4217 5222/4705/4216
f 5212/4694/1187 5224/4717/4224 5223/4706/4217
f 5226/4707/4218 5225/4720/1980 5213/4708/4219
f 5227/4709/4220 5226/4707/4218 5214/4695/4208
f 5228/4710/1970 5227/4709/4220 5215/4697/4209
f 5229/4711/4221 5228/4710/1970 5216/4698/4210
f 5230/4712/1972 5229/4711/4221 5217/4699/4211
f 5231/4713/1974 5230/4712/1972 5218/4700/4212
f 5220/4702/4214 5232/4714/4222 5231/4713/1974
f 5221/4704/4215 5233/4715/1976 5232/4714/4222
f 5222/4705/4216 5234/4716/4223 5233/4715/1976
f 5223/4706/4217 5235/4718/4225 5234/4716/4223
f 5224/4717/4224 5236/4729/1989 5235/4718/4225
f 5238/4719/4226 5237/4732/4237 5225/4720/1980
f 5239/4721/4227 5238/4719/4226 5226/4707/4218
f 5240/4722/4228 5239/4721/4227 5227/4709/4220
f 5241/4723/4229 5240/4722/4228 5228/4710/1970
f 5242/4724/4230 5241/4723/4229 5229/4711/4221
f 5243/4725/4231 5242/4724/4230 5230/4712/1972
f 5232/4714/4222 5244/4726/4232 5243/4725/4231
f 5233/4715/1976 5245/4727/4233 5244/4726/4232
f 5234/4716/4223 5246/4728/4234 5245/4727/4233
f 5235/4718/4225 5247/4730/4235 5246/4728/4234
f 5236/4729/1989 5248/4741/4246 5247/4730/4235
f 5250/4731/4236 5249/4744/4249 5237/4732/4237
f 5251/4733/4238 5250/4731/4236 5238/4719/4226
f 5252/4734/4239 5251/4733/4238 5239/4721/4227
f 5253/4735/4240 5252/4734/4239 5240/4722/4228
f 5254/4736/4241 5253/4735/4240 5241/4723/4229
f 5255/4737/4242 5254/4736/4241 5242/4724/4230
f 5244/4726/4232 5256/4738/4243 5255/4737/4242
f 5245/4727/4233 5257/4739/4244 5256/4738/4243
f 5246/4728/4234 5258/4740/4245 5257/4739/4244
f 5247/4730/4235 5259/4742/4247 5258/4740/4245
f 5248/4741/4246 5260/4753/4258 5259/4742/4247
f 5262/4743/4248 5261/4756/4261 5249/4744/4249
f 5263/4745/4250 5262/4743/4248 5250/4731/4236
f 5264/4746/4251 5263/4745/4250 5251/4733/4238
f 5265/4747/4252 5264/4746/4251 5252/4734/4239
f 5266/4748/4253 5265/4747/4252 5253/4735/4240
f 5267/4749/4254 5266/4748/4253 5254/4736/4241
f 5256/4738/4243 5268/4750/4255 5267/4749/4254
f 5257/4739/4244 5269/4751/4256 5268/4750/4255
f 5258/4740/4245 5270/4752/4257 5269/4751/4256
f 5259/4742/4247 5271/4754/4259 5270/4752/4257
f 5260/4753/4258 5272/4765/4270 5271/4754/4259
f 5274/4755/4260 5273/4768/4273 5261/4756/4261
f 5275/4757/4262 5274/4755/4260 5262/4743/4248
f 5276/4758/4263 5275/4757/4262 5263/4745/4250
f 5277/4759/4264 5276/4758/4263 5264/4746/4251
f 5278/4760/4265 5277/4759/4264 5265/4747/4252
f 5279/4761/4266 5278/4760/4265 5266/4748/4253
f 5268/4750/4255 5280/4762/4267 5279/4761/4266
f 5269/4751/4256 5281/4763/4268 5280/4762/4267
f 5270/4752/4257 5282/4764/4269 5281/4763/4268
f 5271/4754/4259 5283/4766/4271 5282/4764/4269
f 5272/4765/4270 5284/4777/4282 5283/4766/4271
f 5286/4767/4272 5285/4780/4285 5273/4768/4273
f 5287/4769/4274 5286/4767/4272 5274/4755/4260
f 5288/4770/4275 5287/4769/4274 5275/4757/4262
f 5289/4771/4276 5288/4770/4275 5276/4758/4263
f 5290/4772/4277 5289/4771/4276 5277/4759/4264
f 5291/4773/4278 5290/4772/4277 5278/4760/4265
f 5280/4762/4267 5292/4774/4279 5291/4773/4278
f 5281/4763/4268 5293/4775/4280 5292/4774/4279
f 5282/4764/4269 5294/4776/4281 5293/4775/4280
f 5283/4766/4271 5295/4778/4283 5294/4776/4281
f 5284/4777/4282 5296/4789/4294 5295/4778/4283
f 5298/4779/4284 5297/4792/4297 5285/4780/4285
f 5299/4781/4286 5298/4779/4284 5286/4767/4272
f 5300/4782/4287 5299/4781/4286 5287/4769/4274
f 5301/4783/4288 5300/4782/4287 5288/4770/4275
f 5302/4784/4289 5301/4783/4288 5289/4771/4276
f 5303/4785/4290 5302/4784/4289 5290/4772/4277
f 5292/4774/4279 5304/4786/4291 5303/4785/4290
f 5293/4775/4280 5305/4787/4292 5304/4786/4291
f 5294/4776/4281 5306/4788/4293 5305/4787/4292
f 5295/4778/4283 5307/4790/4295 5306/4788/4293
f 5296/4789/4294 5308/4803/4308 5307/4790/4295
f 5298/4779/4284 5310/4793/4298 5309/4791/4296
f 5299/4781/4286 5311/4794/4299 5310/4793/4298
f 5300/4782/4287 5312/4795/4300 5311/4794/4299
f 5301/4783/4288 5313/4796/4301 5312/4795/4300
f 5302/4784/4289 5314/4808/4313 5313/4796/4301
f 5315/4797/4302 5314/4808/4313 5302/4784/4289
f 5316/4798/4303 5315/4797/4302 5303/4785/4290
f 5317/4799/4304 5316/4798/4303 5304/4786/4291
f 5318/4800/4305 5317/4799/4304 5305/4787/4292
f 5319/4801/4306 5318/4800/4305 5306/4788/4293
f 5320/4802/4307 5319/4801/4306 5307/4790/4295
f 5310/4793/4298 5322/4805/4310 5321/4804/4309
f 5311/4794/4299 5323/4806/4311 5322/4805/4310
f 5312/4795/4300 5324/4807/4312 5323/4806/4311
f 5313/4796/4301 5325/4809/4314 5324/4807/4312
f 5314/4808/4313 5326/4820/4325 5325/4809/4314
f 5327/4810/4315 5326/4820/4325 5314/4808/4313
f 5328/4811/4316 5327/4810/4315 5315/4797/4302
f 5329/4812/4317 5328/4811/4316 5316/4798/4303
f 5330/4813/4318 5329/4812/4317 5317/4799/4304
f 5331/4814/4319 5330/4813/4318 5318/4800/4305
f 5332/4815/4320 5331/4814/4319 5319/4801/4306
f 5322/4805/4310 5334/4817/4322 5333/4816/4321
f 5323/4806/4311 5335/4818/4323 5334/4817/4322
f 5324/4807/4312 5336/4819/4324 5335/4818/4323
f 5325/4809/4314 5337/4821/4326 5336/4819/4324
f 5326/4820/4325 5338/4832/4337 5337/4821/4326
f 5339/4822/4327 5338/4832/4337 5326/4820/4325
f 5340/4823/4328 5339/4822/4327 5327/4810/4315
f 5341/4824/4329 5340/4823/4328 5328/4811/4316
f 5342/4825/4330 5341/4824/4329 5329/4812/4317
f 5343/4826/4331 5342/4825/4330 5330/4813/4318
f 5344/4827/4332 5343/4826/4331 5331/4814/4319
f 5334/4817/4322 5346/4829/4334 5345/4828/4333
f 5335/4818/4323 5347/4830/4335 5346/4829/4334
f 5336/4819/4324 5348/4831/4336 5347/4830/4335
f 5337/4821/4326 5349/4833/4338 5348/4831/4336
f 5338/4832/4337 5350/4844/4349 5349/4833/4338
f 5351/4834/4339 5350/4844/4349 5338/4832/4337
f 5352/4835/4340 5351/4834/4339 5339/4822/4327
f 5353/4836/4341 5352/4835/4340 5340/4823/4328
f 5354/4837/4342 5353/4836/4341 5341/4824/4329
f 5355/4838/4343 5354/4837/4342 5342/4825/4330
f 5356/4839/4344 5355/4838/4343 5343/4826/4331
f 5346/4829/4334 5358/4841/4346 5357/4840/4345
f 5347/4830/4335 5359/4842/4347 5358/4841/4346
f 5348/4831/4336 5360/4843/4348 5359/4842/4347
f 5349/4833/4338 5361/4845/4350 5360/4843/4348
f 5350/4844/4349 5362/4856/4361 5361/4845/4350
f 5363/4846/4351 5362/4856/4361 5350/4844/4349
f 5364/4847/4352 5363/4846/4351 5351/4834/4339
f 5365/4848/4353 5364/4847/4352 5352/4835/4340
f 5366/4849/4354 5365/4848/4353 5353/4836/4341
f 5367/4850/4355 5366/4849/4354 5354/4837/4342
f 5368/4851/4356 5367/4850/4355 5355/4838/4343
f 5358/4841/4346 5370/4853/4358 5369/4852/4357
f 5359/4842/4347 5371/4854/4359 5370/4853/4358
f 5360/4843/4348 5372/4855/4360 5371/4854/4359
f 5361/4845/4350 5373/4857/4362 5372/4855/4360
f 5362/4856/4361 5374/4869/4374 5373/4857/4362
f 5375/4858/4363 5374/4869/4374 5362/4856/4361
f 5376/4859/4364 5375/4858/4363 5363/4846/4351
f 5377/4860/4365 5376/4859/4364 5364/4847/4352
f 5378/4861/4366 5377/4860/4365 5365/4848/4353
f 5379/4862/4367 5378/4861/4366 5366/4849/4354
f 5380/4863/4368 5379/4862/4367 5367/4850/4355
f 5382/4864/4369 5381/4876/4381 5369/4852/4357
f 5383/4865/4370 5382/4864/4369 5370/4853/4358
f 5384/4866/4371 5383/4865/4370 5371/4854/4359
f 5385/4867/4372 5384/4866/4371 5372/4855/4360
f 5386/4868/4373 5385/4867/4372 5373/4857/4362
f 5387/4870/4375 5386/4868/4373 5374/4869/4374
f 5376/4859/4364 5388/4871/4376 5387/4870/4375
f 5377/4860/4365 5389/4872/4377 5388/4871/4376
f 5378/4861/4366 5390/4873/4378 5389/4872/4377
f 5379/4862/4367 5391/4874/4379 5390/4873/4378
f 5380/4863/4368 5392/4885/4390 5391/4874/4379
f 5394/4875/4380 5393/4888/4393 5381/4876/4381
f 5395/4877/4382 5394/4875/4380 5382/4864/4369
f 5396/4878/4383 5395/4877/4382 5383/4865/4370
f 5397/4879/4384 5396/4878/4383 5384/4866/4371
f 5398/4880/4385 5397/4879/4384 5385/4867/4372
f 5399/4881/4386 5398/4880/4385 5386/4868/4373
f 5388/4871/4376 5400/4882/4387 5399/4881/4386
f 5389/4872/4377 5401/4883/4388 5400/4882/4387
f 5390/4873/4378 5402/4884/4389 5401/4883/4388
f 5391/4874/4379 5403/4886/4391 5402/4884/4389
f 5392/4885/4390 5404/4897/4402 5403/4886/4391
f 5406/4887/4392 5405/4900/4405 5393/4888/4393
f 5407/4889/4394 5406/4887/4392 5394/4875/4380
f 5408/4890/4395 5407/4889/4394 5395/4877/4382
f 5409/4891/4396 5408/4890/4395 5396/4878/4383
f 5410/4892/4397 5409/4891/4396 5397/4879/4384
f 5411/4893/4398 5410/4892/4397 5398/4880/4385
f 5400/4882/4387 5412/4894/4399 5411/4893/4398
f 5401/4883/4388 5413/4895/4400 5412/4894/4399
f 5402/4884/4389 5414/4896/4401 5413/4895/4400
f 5403/4886/4391 5415/4898/4403 5414/4896/4401
f 5404/4897/4402 5416/4909/4414 5415/4898/4403
f 5418/4899/4404 5417/4912/4417 5405/4900/4405
f 5419/4901/4406 5418/4899/4404 5406/4887/4392
f 5420/4902/4407 5419/4901/4406 5407/4889/4394
f 5421/4903/4408 5420/4902/4407 5408/4890/4395
f 5422/4904/4409 5421/4903/4408 5409/4891/4396
f 5423/4905/4410 5422/4904/4409 5410/4892/4397
f 5412/4894/4399 5424/4906/4411 5423/4905/4410
f 5413/4895/4400 5425/4907/4412 5424/4906/4411
f 5414/4896/4401 5426/4908/4413 5425/4907/4412
f 5415/4898/4403 5427/4910/4415 5426/4908/4413
f 5416/4909/4414 5428/4923/4428 5427/4910/4415
f 5418/4899/4404 5430/4913/4418 5429/4911/4416
f 5419/4901/4406 5431/4914/4419 5430/4913/4418
f 5420/4902/4407 5432/4915/4420 5431/4914/4419
f 5421/4903/4408 5433/4916/4421 5432/4915/4420
f 5422/4904/4409 5434/4928/4433 5433/4916/4421
f 5435/4917/4422 5434/4928/4433 5422/4904/4409
f 5436/4918/4423 5435/4917/4422 5423/4905/4410
f 5437/4919/4424 5436/4918/4423 5424/4906/4411
f 5438/4920/4425 5437/4919/4424 5425/4907/4412
f 5439/4921/4426 5438/4920/4425 5426/4908/4413
f 5440/4922/4427 5439/4921/4426 5427/4910/4415
f 5430/4913/4418 5442/4925/4430 5441/4924/4429
f 5431/4914/4419 5443/4926/4431 5442/4925/4430
f 5432/4915/4420 5444/4927/4432 5443/4926/4431
f 5433/4916/4421 5445/4929/4434 5444/4927/4432
f 5434/4928/4433 5446/4940/4445 5445/4929/4434
f 5447/4930/4435 5446/4940/4445 5434/4928/4433
f 5448/4931/4436 5447/4930/4435 5435/4917/4422
f 5449/4932/4437 5448/4931/4436 5436/4918/4423
f 5450/4933/4438 5449/4932/4437 5437/4919/4424
f 5451/4934/4439 5450/4933/4438 5438/4920/4425
f 5452/4935/4440 5451/4934/4439 5439/4921/4426
f 5442/4925/4430 5454/4937/4442 5453/4936/4441
f 5443/4926/4431 5455/4938/4443 5454/4937/4442
f 5444/4927/4432 5456/4939/4444 5455/4938/4443
f 5445/4929/4434 5457/4941/4446 5456/4939/4444
f 5446/4940/4445 5458/4952/4457 5457/4941/4446
f 5459/4942/4447 5458/4952/4457 5446/4940/4445
f 5460/4943/4448 5459/4942/4447 5447/4930/4435
f 5461/4944/4449 5460/4943/4448 5448/4931/4436
f 5462/4945/4450 5461/4944/4449 5449/4932/4437
f 5463/4946/4451 5462/4945/4450 5450/4933/4438
f 5464/4947/4452 5463/4946/4451 5451/4934/4439
f 5454/4937/4442 5466/4949/4454 5465/4948/4453
f 5455/4938/4443 5467/4950/4455 5466/4949/4454
f 5456/4939/4444 5468/4951/4456 5467/4950/4455
f 5457/4941/4446 5469/4953/4458 5468/4951/4456
f 5458/4952/4457 5470/4964/4469 5469/4953/4458
f 5471/4954/4459 5470/4964/4469 5458/4952/4457
f 5472/4955/4460 5471/4954/4459 5459/4942/4447
f 5473/4956/4461 5472/4955/4460 5460/4943/4448
f 5474/4957/4462 5473/4956/4461 5461/4944/4449
f 5475/4958/4463 5474/4957/4462 5462/4945/4450
f 5476/4959/4464 5475/4958/4463 5463/4946/4451
f 5466/4949/4454 5478/4961/4466 5477/4960/4465
f 5467/4950/4455 5479/4962/4467 5478/4961/4466
f 5468/4951/4456 5480/4963/4468 5479/4962/4467
f 5469/4953/4458 5481/4965/4470 5480/4963/4468
f 5470/4964/4469 5482/4976/4481 5481/4965/4470
f 5483/4966/4471 5482/4976/4481 5470/4964/4469
f 5484/4967/4472 5483/4966/4471 5471/4954/4459
f 5485/4968/4473 5484/4967/4472 5472/4955/4460
f 5486/4969/4474 5485/4968/4473 5473/4956/4461
f 5487/4970/4475 5486/4969/4474 5474/4957/4462
f 5488/4971/4476 5487/4970/4475 5475/4958/4463
f 5478/4961/4466 5490/4973/4478 5489/4972/4477
f 5479/4962/4467 5491/4974/4479 5490/4973/4478
f 5480/4963/4468 5492/4975/4480 5491/4974/4479
f 5481/4965/4470 5493/4977/4482 5492/4975/4480
f 5482/4976/4481 5494/4989/4494 5493/4977/4482
f 5495/4978/4483 5494/4989/4494 5482/4976/4481
f 5496/4979/4484 5495/4978/4483 5483/4966/4471
f 5497/4980/4485 5496/4979/4484 5484/4967/4472
f 5498/4981/4486 5497/4980/4485 5485/4968/4473
f 5499/4982/4487 5498/4981/4486 5486/4969/4474
f 5500/4983/4488 5499/4982/4487 5487/4970/4475
f 5502/4984/4489 5501/4996/4500 5489/4972/4477
f 5503/4985/4490 5502/4984/4489 5490/4973/4478
f 5504/4986/4491 5503/4985/4490 5491/4974/4479
f 5505/4987/4492 5504/4986/4491 5492/4975/4480
f 5506/4988/4493 5505/4987/4492 5493/4977/4482
f 5507/4990/4495 5506/4988/4493 5494/4989/4494
f 5496/4979/4484 5508/4991/4496 5507/4990/4495
f 5497/4980/4485 5509/4992/4497 5508/4991/4496
f 5498/4981/4486 5510/4993/4498 5509/4992/4497
f 5499/4982/4487 5511/4994/4499 5510/4993/4498
f 5500/4983/4488 5512/5007/4501 5511/4994/4499
f 5502/4984/4489 5514/4997/3895 5513/4995/3893
f 5503/4985/4490 5515/4998/3896 5514/4997/3895
f 5504/4986/4491 5516/4999/3897 5515/4998/3896
f 5505/4987/4492 5517/5000/3898 5516/4999/3897
f 5506/4988/4493 5518/5013/3907 5517/5000/3898
f 5519/5001/3899 5518/5013/3907 5506/4988/4493
f 5520/5002/3900 5519/5001/3899 5507/4990/4495
f 5521/5003/3901 5520/5002/3900 5508/4991/4496
f 5522/5004/3902 5521/5003/3901 5509/4992/4497
f 5523/5005/3903 5522/5004/3902 5510/4993/4498
f 5524/5006/3904 5523/5005/3903 5511/4994/4499
f 5526/5008/1178 5525/5020/1177 5513/4995/3893
f 5527/5009/1179 5526/5008/1178 5514/4997/3895
f 5528/5010/1180 5527/5009/1179 5515/4998/3896
f 5529/5011/3906 5528/5010/1180 5516/4999/3897
f 5530/5012/1193 5529/5011/3906 5517/5000/3898
f 5531/5014/1182 5530/5012/1193 5518/5013/3907
f 5532/5015/1183 5531/5014/1182 5519/5001/3899
f 5533/5016/1184 5532/5015/1183 5520/5002/3900
f 5522/5004/3902 5534/5029/1185 5533/5016/1184
f 5535/5017/1186 5534/5029/1185 5522/5004/3902
f 5536/5018/1187 5535/5017/1186 5523/5005/3903
f 5538/5019/1201 5537/5033/1188 5525/5020/1177
f 5539/5021/1189 5538/5019/1201 5526/5008/1178
f 5540/5022/1190 5539/5021/1189 5527/5009/1179
f 5541/5023/1191 5540/5022/1190 5528/5010/1180
f 5542/5024/1192 5541/5023/1191 5529/5011/3906
f 5543/5025/1194 5542/5024/1192 5530/5012/1193
f 5544/5026/4502 5543/5025/1194 5531/5014/1182
f 5545/5027/1196 5544/5026/4502 5532/5015/1183
f 5546/5028/1197 5545/5027/1196 5533/5016/1184
f 5547/5030/1198 5546/5028/1197 5534/5029/1185
f 5548/5031/1199 5547/5030/1198 5535/5017/1186
f 5550/5032/1200 5549/5043/1211 5537/5033/1188
f 5551/5034/1213 5550/5032/1200 5538/5019/1201
f 5552/5035/1202 5551/5034/1213 5539/5021/1189
f 5553/5036/1203 5552/5035/1202 5540/5022/1190
f 5554/5037/1204 5553/5036/1203 5541/5023/1191
f 5555/5038/1205 5554/5037/1204 5542/5024/1192
f 5556/5039/1206 5555/5038/1205 5543/5025/1194
f 5557/5040/1218 5556/5039/1206 5544/5026/4502
f 5546/5028/1197 5558/5044/1207 5557/5040/1218
f 5559/5041/1208 5558/5044/1207 5546/5028/1197
f 5560/5042/1209 5559/5041/1208 5547/5030/1198
f 4278/1696/3309 4277/48/3311 5549/5043/1211
f 4279/1698/3313 4278/1696/3309 5550/5032/1200
f 4280/1699/3315 4279/1698/3313 5551/5034/1213
f 4281/1700/3317 4280/1699/3315 5552/5035/1202
f 4282/1701/3319 4281/1700/3317 5553/5036/1203
f 4283/1702/3321 4282/1701/3319 5554/5037/1204
f 5556/5039/1206 4284/1703/3322 4283/1702/3321
f 5557/5040/1218 4285/1704/3323 4284/1703/3322
f 5558/5044/1207 4286/1705/3325 4285/1704/3323
f 5559/5041/1208 4287/1707/3327 4286/1705/3325
f 5560/5042/1209 4288/3771/3329 4287/1707/3327
f 5562/476/4503 5574/5046/4507 5573/5045/4504
f 5563/478/4506 5575/5047/4509 5574/5046/4507
f 5564/480/4508 5576/5048/4511 5575/5047/4509
f 5565/482/4510 5577/5049/4513 5576/5048/4511
f 5566/484/4512 5578/5056/4530 5577/5049/4513
f 5579/5050/4514 5578/5056/4530 5566/484/4512
f 5580/5051/4516 5579/5050/4514 5567/487/4515
f 5581/5052/4518 5580/5051/4516 5568/489/4517
f 5582/5053/4520 5581/5052/4518 5569/491/4519
f 5583/5054/4522 5582/5053/4520 5570/493/4521
f 5584/5055/4524 5583/5054/4522 5571/495/4523
f 5574/5046/4507 5586/3340/4527 5585/3351/4526
f 5575/5047/4509 5587/3341/4528 5586/3340/4527
f 5576/5048/4511 5588/3342/4529 5587/3341/4528
f 5577/5049/4513 5589/3343/4531 5588/3342/4529
f 5578/5056/4530 5590/3344/4542 5589/3343/4531
f 5591/3345/4532 5590/3344/4542 5578/5056/4530
f 5592/3346/4533 5591/3345/4532 5579/5050/4514
f 5593/3347/4534 5592/3346/4533 5580/5051/4516
f 5594/3348/4535 5593/3347/4534 5581/5052/4518
f 5595/3349/4536 5594/3348/4535 5582/5053/4520
f 5596/3360/4537 5595/3349/4536 5583/5054/4522
f 5586/3340/4527 5598/5058/4539 5597/5057/4538
f 5587/3341/4528 5599/5059/4540 5598/5058/4539
f 5588/3342/4529 5600/5060/4541 5599/5059/4540
f 5589/3343/4531 5601/5061/4543 5600/5060/4541
f 5590/3344/4542 5602/5068/4554 5601/5061/4543
f 5603/5062/4544 5602/5068/4554 5590/3344/4542
f 5604/5063/4545 5603/5062/4544 5591/3345/4532
f 5605/5064/4546 5604/5063/4545 5592/3346/4533
f 5606/5065/4547 5605/5064/4546 5593/3347/4534
f 5607/5066/4548 5606/5065/4547 5594/3348/4535
f 5608/5067/4549 5607/5066/4548 5595/3349/4536
f 5598/5058/4539 5610/3350/4551 5609/3363/4550
f 5599/5059/4540 5611/3352/4552 5610/3350/4551
f 5600/5060/4541 5612/3353/4553 5611/3352/4552
f 5601/5061/4543 5613/3354/4555 5612/3353/4553
f 5602/5068/4554 5614/3355/4566 5613/3354/4555
f 5615/3356/4556 5614/3355/4566 5602/5068/4554
f 5616/3357/4557 5615/3356/4556 5603/5062/4544
f 5617/3358/4558 5616/3357/4557 5604/5063/4545
f 5618/3359/4559 5617/3358/4558 5605/5064/4546
f 5619/3361/4560 5618/3359/4559 5606/5065/4547
f 5620/3372/4561 5619/3361/4560 5607/5066/4548
f 5610/3350/4551 5622/5070/4563 5621/5069/4562
f 5611/3352/4552 5623/5071/4564 5622/5070/4563
f 5612/3353/4553 5624/5072/4565 5623/5071/4564
f 5613/3354/4555 5625/5073/4567 5624/5072/4565
f 5614/3355/4566 5626/5080/4579 5625/5073/4567
f 5627/5074/4568 5626/5080/4579 5614/3355/4566
f 5628/5075/4569 5627/5074/4568 5615/3356/4556
f 5629/5076/4570 5628/5075/4569 5616/3357/4557
f 5630/5077/4571 5629/5076/4570 5617/3358/4558
f 5631/5078/4572 5630/5077/4571 5618/3359/4559
f 5632/5079/4573 5631/5078/4572 5619/3361/4560
f 5634/3362/4574 5633/3375/4586 5621/5069/4562
f 5635/3364/4575 5634/3362/4574 5622/5070/4563
f 5636/3365/4576 5635/3364/4575 5623/5071/4564
f 5637/3366/4577 5636/3365/4576 5624/5072/4565
f 5638/3367/4578 5637/3366/4577 5625/5073/4567
f 5639/3368/4580 5638/3367/4578 5626/5080/4579
f 5628/5075/4569 5640/3369/4581 5639/3368/4580
f 5629/5076/4570 5641/3370/4582 5640/3369/4581
f 5630/5077/4571 5642/3371/4583 5641/3370/4582
f 5631/5078/4572 5643/3373/4584 5642/3371/4583
f 5632/5079/4573 5644/3384/4595 5643/3373/4584
f 5646/5081/4585 5645/5091/4598 5633/3375/4586
f 5647/5082/4587 5646/5081/4585 5634/3362/4574
f 5648/5083/4588 5647/5082/4587 5635/3364/4575
f 5649/5084/4589 5648/5083/4588 5636/3365/4576
f 5650/5085/4590 5649/5084/4589 5637/3366/4577
f 5651/5086/4591 5650/5085/4590 5638/3367/4578
f 5640/3369/4581 5652/5087/4592 5651/5086/4591
f 5641/3370/4582 5653/5088/4593 5652/5087/4592
f 5642/3371/4583 5654/5089/4594 5653/5088/4593
f 5643/3373/4584 5655/5090/4596 5654/5089/4594
f 5644/3384/4595 5656/5092/4607 5655/5090/4596
f 5658/3374/4597 5657/3387/4610 5645/5091/4598
f 5659/3376/4599 5658/3374/4597 5646/5081/4585
f 5660/3377/4600 5659/3376/4599 5647/5082/4587
f 5661/3378/4601 5660/3377/4600 5648/5083/4588
f 5662/3379/4602 5661/3378/4601 5649/5084/4589
f 5663/3380/4603 5662/3379/4602 5650/5085/4590
f 5652/5087/4592 5664/3381/4604 5663/3380/4603
f 5653/5088/4593 5665/3382/4605 5664/3381/4604
f 5654/5089/4594 5666/3383/4606 5665/3382/4605
f 5655/5090/4596 5667/3385/4608 5666/3383/4606
f 5656/5092/4607 5668/3396/4619 5667/3385/4608
f 5670/5093/4609 5669/5103/4622 5657/3387/4610
f 5671/5094/4611 5670/5093/4609 5658/3374/4597
f 5672/5095/4612 5671/5094/4611 5659/3376/4599
f 5673/5096/4613 5672/5095/4612 5660/3377/4600
f 5674/5097/4614 5673/5096/4613 5661/3378/4601
f 5675/5098/4615 5674/5097/4614 5662/3379/4602
f 5664/3381/4604 5676/5099/4616 5675/5098/4615
f 5665/3382/4605 5677/5100/4617 5676/5099/4616
f 5666/3383/4606 5678/5101/4618 5677/5100/4617
f 5667/3385/4608 5679/5102/4620 5678/5101/4618
f 5668/3396/4619 5680/5104/4631 5679/5102/4620
f 5682/3386/4621 5681/3399/4634 5669/5103/4622
f 5683/3388/4623 5682/3386/4621 5670/5093/4609
f 5684/3389/4624 5683/3388/4623 5671/5094/4611
f 5685/3390/4625 5684/3389/4624 5672/5095/4612
f 5686/3391/4626 5685/3390/4625 5673/5096/4613
f 5687/3392/4627 5686/3391/4626 5674/5097/4614
f 5676/5099/4616 5688/3393/4628 5687/3392/4627
f 5677/5100/4617 5689/3394/4629 5688/3393/4628
f 5678/5101/4618 5690/3395/4630 5689/3394/4629
f 5679/5102/4620 5691/3397/4632 5690/3395/4630
f 5680/5104/4631 5692/3408/4645 5691/3397/4632
f 5682/3386/4621 5694/5106/4635 5693/5105/4633
f 5683/3388/4623 5695/5107/4636 5694/5106/4635
f 5684/3389/4624 5696/5108/4637 5695/5107/4636
f 5685/3390/4625 5697/5109/4638 5696/5108/4637
f 5686/3391/4626 5698/5116/4650 5697/5109/4638
f 5699/5110/4639 5698/5116/4650 5686/3391/4626
f 5700/5111/4640 5699/5110/4639 5687/3392/4627
f 5701/5112/4641 5700/5111/4640 5688/3393/4628
f 5702/5113/4642 5701/5112/4641 5689/3394/4629
f 5703/5114/4643 5702/5113/4642 5690/3395/4630
f 5704/5115/4644 5703/5114/4643 5691/3397/4632
f 5694/5106/4635 5706/3398/4647 5705/3411/4646
f 5695/5107/4636 5707/3400/4648 5706/3398/4647
f 5696/5108/4637 5708/3401/4649 5707/3400/4648
f 5697/5109/4638 5709/3402/4651 5708/3401/4649
f 5698/5116/4650 5710/3403/4662 5709/3402/4651
f 5711/3404/4652 5710/3403/4662 5698/5116/4650
f 5712/3405/4653 5711/3404/4652 5699/5110/4639
f 5713/3406/4654 5712/3405/4653 5700/5111/4640
f 5714/3407/4655 5713/3406/4654 5701/5112/4641
f 5715/3409/4656 5714/3407/4655 5702/5113/4642
f 5716/3420/4657 5715/3409/4656 5703/5114/4643
f 5706/3398/4647 5718/5118/4659 5717/5117/4658
f 5707/3400/4648 5719/5119/4660 5718/5118/4659
f 5708/3401/4649 5720/5120/4661 5719/5119/4660
f 5709/3402/4651 5721/5121/4663 5720/5120/4661
f 5710/3403/4662 5722/5128/4674 5721/5121/4663
f 5723/5122/4664 5722/5128/4674 5710/3403/4662
f 5724/5123/4665 5723/5122/4664 5711/3404/4652
f 5725/5124/4666 5724/5123/4665 5712/3405/4653
f 5726/5125/4667 5725/5124/4666 5713/3406/4654
f 5727/5126/4668 5726/5125/4667 5714/3407/4655
f 5728/5127/4669 5727/5126/4668 5715/3409/4656
f 5718/5118/4659 5730/3410/4671 5729/3423/4670
f 5719/5119/4660 5731/3412/4672 5730/3410/4671
f 5720/5120/4661 5732/3413/4673 5731/3412/4672
f 5721/5121/4663 5733/3414/4675 5732/3413/4673
f 5722/5128/4674 5734/3415/4687 5733/3414/4675
f 5735/3416/4676 5734/3415/4687 5722/5128/4674
f 5736/3417/4677 5735/3416/4676 5723/5122/4664
f 5737/3418/4678 5736/3417/4677 5724/5123/4665
f 5738/3419/4679 5737/3418/4678 5725/5124/4666
f 5739/3421/4680 5738/3419/4679 5726/5125/4667
f 5740/3432/4681 5739/3421/4680 5727/5126/4668
f 5742/5129/4682 5741/5139/4694 5729/3423/4670
f 5743/5130/4683 5742/5129/4682 5730/3410/4671
f 5744/5131/4684 5743/5130/4683 5731/3412/4672
f 5745/5132/4685 5744/5131/4684 5732/3413/4673
f 5746/5133/4686 5745/5132/4685 5733/3414/4675
f 5747/5134/4688 5746/5133/4686 5734/3415/4687
f 5736/3417/4677 5748/5135/4689 5747/5134/4688
f 5737/3418/4678 5749/5136/4690 5748/5135/4689
f 5738/3419/4679 5750/5137/4691 5749/5136/4690
f 5739/3421/4680 5751/5138/4692 5750/5137/4691
f 5740/3432/4681 5752/5140/4703 5751/5138/4692
f 5754/3422/4693 5753/3435/4706 5741/5139/4694
f 5755/3424/4695 5754/3422/4693 5742/5129/4682
f 5756/3425/4696 5755/3424/4695 5743/5130/4683
f 5757/3426/4697 5756/3425/4696 5744/5131/4684
f 5758/3427/4698 5757/3426/4697 5745/5132/4685
f 5759/3428/4699 5758/3427/4698 5746/5133/4686
f 5748/5135/4689 5760/3429/4700 5759/3428/4699
f 5749/5136/4690 5761/3430/4701 5760/3429/4700
f 5750/5137/4691 5762/3431/4702 5761/3430/4701
f 5751/5138/4692 5763/3433/4704 5762/3431/4702
f 5752/5140/4703 5764/3444/4715 5763/3433/4704
f 5766/5141/4705 5765/5151/4718 5753/3435/4706
f 5767/5142/4707 5766/5141/4705 5754/3422/4693
f 5768/5143/4708 5767/5142/4707 5755/3424/4695
f 5769/5144/4709 5768/5143/4708 5756/3425/4696
f 5770/5145/4710 5769/5144/4709 5757/3426/4697
f 5771/5146/4711 5770/5145/4710 5758/3427/4698
f 5760/3429/4700 5772/5147/4712 5771/5146/4711
f 5761/3430/4701 5773/5148/4713 5772/5147/4712
f 5762/3431/4702 5774/5149/4714 5773/5148/4713
f 5763/3433/4704 5775/5150/4716 5774/5149/4714
f 5764/3444/4715 5776/5152/4727 5775/5150/4716
f 5778/3434/4717 5777/3447/4730 5765/5151/4718
f 5779/3436/4719 5778/3434/4717 5766/5141/4705
f 5780/3437/4720 5779/3436/4719 5767/5142/4707
f 5781/3438/4721 5780/3437/4720 5768/5143/4708
f 5782/3439/4722 5781/3438/4721 5769/5144/4709
f 5783/3440/4723 5782/3439/4722 5770/5145/4710
f 5772/5147/4712 5784/3441/4724 5783/3440/4723
f 5773/5148/4713 5785/3442/4725 5784/3441/4724
f 5774/5149/4714 5786/3443/4726 5785/3442/4725
f 5775/5150/4716 5787/3445/4728 5786/3443/4726
f 5776/5152/4727 5788/3456/4739 5787/3445/4728
f 5790/5153/4729 5789/5163/4742 5777/3447/4730
f 5791/5154/4731 5790/5153/4729 5778/3434/4717
f 5792/5155/4732 5791/5154/4731 5779/3436/4719
f 5793/5156/4733 5792/5155/4732 5780/3437/4720
f 5794/5157/4734 5793/5156/4733 5781/3438/4721
f 5795/5158/4735 5794/5157/4734 5782/3439/4722
f 5784/3441/4724 5796/5159/4736 5795/5158/4735
f 5785/3442/4725 5797/5160/4737 5796/5159/4736
f 5786/3443/4726 5798/5161/4738 5797/5160/4737
f 5787/3445/4728 5799/5162/4740 5798/5161/4738
f 5788/3456/4739 5800/5164/4751 5799/5162/4740
f 5802/3446/4741 5801/3459/4754 5789/5163/4742
f 5803/3448/4743 5802/3446/4741 5790/5153/4729
f 5804/3449/4744 5803/3448/4743 5791/5154/4731
f 5805/3450/4745 5804/3449/4744 5792/5155/4732
f 5806/3451/4746 5805/3450/4745 5793/5156/4733
f 5807/3452/4747 5806/3451/4746 5794/5157/4734
f 5796/5159/4736 5808/3453/4748 5807/3452/4747
f 5797/5160/4737 5809/3454/4749 5808/3453/4748
f 5798/5161/4738 5810/3455/4750 5809/3454/4749
f 5799/5162/4740 5811/3457/4752 5810/3455/4750
f 5800/5164/4751 5812/3470/4763 5811/3457/4752
f 5814/5165/4753 5813/5175/4766 5801/3459/4754
f 5815/5166/4755 5814/5165/4753 5802/3446/4741
f 5816/5167/4756 5815/5166/4755 5803/3448/4743
f 5817/5168/4757 5816/5167/4756 5804/3449/4744
f 5818/5169/4758 5817/5168/4757 5805/3450/4745
f 5819/5170/4759 5818/5169/4758 5806/3451/4746
f 5808/3453/4748 5820/5171/4760 5819/5170/4759
f 5809/3454/4749 5821/5172/4761 5820/5171/4760
f 5810/3455/4750 5822/5173/4762 5821/5172/4761
f 5811/3457/4752 5823/5174/4764 5822/5173/4762
f 5812/3470/4763 5824/5176/4775 5823/5174/4764
f 5826/3460/4765 5825/3458/4778 5813/5175/4766
f 5827/3461/4767 5826/3460/4765 5814/5165/4753
f 5828/3462/4768 5827/3461/4767 5815/5166/4755
f 5829/3463/4769 5828/3462/4768 5816/5167/4756
f 5830/3475/4770 5829/3463/4769 5817/5168/4757
f 5831/3464/4771 5830/3475/4770 5818/5169/4758
f 5820/5171/4760 5832/3465/4772 5831/3464/4771
f 5821/5172/4761 5833/3466/4773 5832/3465/4772
f 5822/5173/4762 5834/3467/4774 5833/3466/4773
f 5823/5174/4764 5835/3468/4776 5834/3467/4774
f 5824/5176/4775 5836/3469/4787 5835/3468/4776
f 5838/5177/4777 5837/5187/4790 5825/3458/4778
f 5839/5178/4779 5838/5177/4777 5826/3460/4765
f 5840/5179/4780 5839/5178/4779 5827/3461/4767
f 5841/5180/4781 5840/5179/4780 5828/3462/4768
f 5842/5181/4782 5841/5180/4781 5829/3463/4769
f 5843/5182/4783 5842/5181/4782 5830/3475/4770
f 5832/3465/4772 5844/5183/4784 5843/5182/4783
f 5833/3466/4773 5845/5184/4785 5844/5183/4784
f 5834/3467/4774 5846/5185/4786 5845/5184/4785
f 5835/3468/4776 5847/5186/4788 5846/5185/4786
f 5836/3469/4787 5848/5188/4801 5847/5186/4788
f 5838/5177/4777 5850/3472/4791 5849/3471/4789
f 5839/5178/4779 5851/3473/4792 5850/3472/4791
f 5840/5179/4780 5852/3474/4793 5851/3473/4792
f 5841/5180/4781 5853/3476/4794 5852/3474/4793
f 5842/5181/4782 5854/3488/4806 5853/3476/4794
f 5855/3477/4795 5854/3488/4806 5842/5181/4782
f 5856/3478/4796 5855/3477/4795 5843/5182/4783
f 5857/3479/4797 5856/3478/4796 5844/5183/4784
f 5858/3480/4798 5857/3479/4797 5845/5184/4785
f 5859/3481/4799 5858/3480/4798 5846/5185/4786
f 5860/3482/4800 5859/3481/4799 5847/5186/4788
f 5850/3472/4791 5862/5190/4803 5861/5189/4802
f 5851/3473/4792 5863/5191/4804 5862/5190/4803
f 5852/3474/4793 5864/5192/4805 5863/5191/4804
f 5853/3476/4794 5865/5193/4807 5864/5192/4805
f 5854/3488/4806 5866/5200/4818 5865/5193/4807
f 5867/5194/4808 5866/5200/4818 5854/3488/4806
f 5868/5195/4809 5867/5194/4808 5855/3477/4795
f 5869/5196/4810 5868/5195/4809 5856/3478/4796
f 5870/5197/4811 5869/5196/4810 5857/3479/4797
f 5871/5198/4812 5870/5197/4811 5858/3480/4798
f 5872/5199/4813 5871/5198/4812 5859/3481/4799
f 5862/5190/4803 5874/3483/4815 5873/3495/4814
f 5863/5191/4804 5875/3484/4816 5874/3483/4815
f 5864/5192/4805 5876/3485/4817 5875/3484/4816
f 5865/5193/4807 5877/3486/4819 5876/3485/4817
f 5866/5200/4818 5878/3487/4830 5877/3486/4819
f 5879/3489/4820 5878/3487/4830 5866/5200/4818
f 5880/3490/4821 5879/3489/4820 5867/5194/4808
f 5881/3491/4822 5880/3490/4821 5868/5195/4809
f 5882/3492/4823 5881/3491/4822 5869/5196/4810
f 5883/3493/4824 5882/3492/4823 5870/5197/4811
f 5884/3504/4825 5883/3493/4824 5871/5198/4812
f 5874/3483/4815 5886/5202/4827 5885/5201/4826
f 5875/3484/4816 5887/5203/4828 5886/5202/4827
f 5876/3485/4817 5888/5204/4829 5887/5203/4828
f 5877/3486/4819 5889/5205/4831 5888/5204/4829
f 5878/3487/4830 5890/5212/4842 5889/5205/4831
f 5891/5206/4832 5890/5212/4842 5878/3487/4830
f 5892/5207/4833 5891/5206/4832 5879/3489/4820
f 5893/5208/4834 5892/5207/4833 5880/3490/4821
f 5894/5209/4835 5893/5208/4834 5881/3491/4822
f 5895/5210/4836 5894/5209/4835 5882/3492/4823
f 5896/5211/4837 5895/5210/4836 5883/3493/4824
f 5886/5202/4827 5898/3494/4839 5897/3507/4838
f 5887/5203/4828 5899/3496/4840 5898/3494/4839
f 5888/5204/4829 5900/3497/4841 5899/3496/4840
f 5889/5205/4831 5901/3498/4843 5900/3497/4841
f 5890/5212/4842 5902/3499/4854 5901/3498/4843
f 5903/3500/4844 5902/3499/4854 5890/5212/4842
f 5904/3501/4845 5903/3500/4844 5891/5206/4832
f 5905/3502/4846 5904/3501/4845 5892/5207/4833
f 5906/3503/4847 5905/3502/4846 5893/5208/4834
f 5907/3505/4848 5906/3503/4847 5894/5209/4835
f 5908/3516/4849 5907/3505/4848 5895/5210/4836
f 5898/3494/4839 5910/5214/4851 5909/5213/4850
f 5899/3496/4840 5911/5215/4852 5910/5214/4851
f 5900/3497/4841 5912/5216/4853 5911/5215/4852
f 5901/3498/4843 5913/5217/4855 5912/5216/4853
f 5902/3499/4854 5914/5224/4866 5913/5217/4855
f 5915/5218/4856 5914/5224/4866 5902/3499/4854
f 5916/5219/4857 5915/5218/4856 5903/3500/4844
f 5917/5220/4858 5916/5219/4857 5904/3501/4845
f 5918/5221/4859 5917/5220/4858 5905/3502/4846
f 5919/5222/4860 5918/5221/4859 5906/3503/4847
f 5920/5223/4861 5919/5222/4860 5907/3505/4848
f 5910/5214/4851 5922/3506/4863 5921/3519/4862
f 5911/5215/4852 5923/3508/4864 5922/3506/4863
f 5912/5216/4853 5924/3509/4865 5923/3508/4864
f 5913/5217/4855 5925/3510/4867 5924/3509/4865
f 5914/5224/4866 5926/3511/4877 5925/3510/4867
f 5927/3512/4868 5926/3511/4877 5914/5224/4866
f 5928/3513/4869 5927/3512/4868 5915/5218/4856
f 5929/3514/4870 5928/3513/4869 5916/5219/4857
f 5930/3515/4871 5929/3514/4870 5917/5220/4858
f 5931/3517/4872 5930/3515/4871 5918/5221/4859
f 5932/3528/4873 5931/3517/4872 5919/5222/4860
f 5922/3506/4863 5934/5233/4884 5933/5225/4874
f 5935/5226/4875 5934/5233/4884 5922/3506/4863
f 5924/3509/4865 5936/5234/4887 5935/5226/4875
f 5937/5227/4876 5936/5234/4887 5924/3509/4865
f 5926/3511/4877 5938/5235/4890 5937/5227/4876
f 5939/5228/4878 5938/5235/4890 5926/3511/4877
f 5940/5229/4879 5939/5228/4878 5927/3512/4868
f 5941/5230/4880 5940/5229/4879 5928/3513/4869
f 5942/5231/4881 5941/5230/4880 5929/3514/4870
f 5931/3517/4872 5943/5236/4894 5942/5231/4881
f 5944/5232/4882 5943/5236/4894 5931/3517/4872
f 5946/3518/4883 5945/3531/4898 5933/5225/4874
f 5947/3520/4885 5946/3518/4883 5934/5233/4884
f 5948/3521/4886 5947/3520/4885 5935/5226/4875
f 5949/3522/4888 5948/3521/4886 5936/5234/4887
f 5950/3523/4889 5949/3522/4888 5937/5227/4876
f 5951/3524/4891 5950/3523/4889 5938/5235/4890
f 5940/5229/4879 5952/3525/4892 5951/3524/4891
f 5941/5230/4880 5953/3526/4893 5952/3525/4892
f 5942/5231/4881 5954/3527/4895 5953/3526/4893
f 5943/5236/4894 5955/3529/4896 5954/3527/4895
f 5944/5232/4882 5956/3542/4907 5955/3529/4896
f 5958/5237/4897 5957/5247/4910 5945/3531/4898
f 5959/5238/4899 5958/5237/4897 5946/3518/4883
f 5960/5239/4900 5959/5238/4899 5947/3520/4885
f 5961/5240/4901 5960/5239/4900 5948/3521/4886
f 5962/5241/4902 5961/5240/4901 5949/3522/4888
f 5963/5242/4903 5962/5241/4902 5950/3523/4889
f 5952/3525/4892 5964/5243/4904 5963/5242/4903
f 5953/3526/4893 5965/5244/4905 5964/5243/4904
f 5954/3527/4895 5966/5245/4906 5965/5244/4905
f 5955/3529/4896 5967/5246/4908 5966/5245/4906
f 5956/3542/4907 5968/5248/4919 5967/5246/4908
f 5970/3532/4909 5969/3530/4922 5957/5247/4910
f 5971/3533/4911 5970/3532/4909 5958/5237/4897
f 5972/3534/4912 5971/3533/4911 5959/5238/4899
f 5973/3535/4913 5972/3534/4912 5960/5239/4900
f 5974/3547/4914 5973/3535/4913 5961/5240/4901
f 5975/3536/4915 5974/3547/4914 5962/5241/4902
f 5964/5243/4904 5976/3537/4916 5975/3536/4915
f 5965/5244/4905 5977/3538/4917 5976/3537/4916
f 5966/5245/4906 5978/3539/4918 5977/3538/4917
f 5967/5246/4908 5979/3540/4920 5978/3539/4918
f 5968/5248/4919 5980/3541/4931 5979/3540/4920
f 5982/5249/4921 5981/5259/4934 5969/3530/4922
f 5983/5250/4923 5982/5249/4921 5970/3532/4909
f 5984/5251/4924 5983/5250/4923 5971/3533/4911
f 5985/5252/4925 5984/5251/4924 5972/3534/4912
f 5986/5253/4926 5985/5252/4925 5973/3535/4913
f 5987/5254/4927 5986/5253/4926 5974/3547/4914
f 5976/3537/4916 5988/5255/4928 5987/5254/4927
f 5977/3538/4917 5989/5256/4929 5988/5255/4928
f 5978/3539/4918 5990/5257/4930 5989/5256/4929
f 5979/3540/4920 5991/5258/4932 5990/5257/4930
f 5980/3541/4931 5992/5260/4945 5991/5258/4932
f 5982/5249/4921 5994/3544/4935 5993/3543/4933
f 5983/5250/4923 5995/3545/4936 5994/3544/4935
f 5984/5251/4924 5996/3546/4937 5995/3545/4936
f 5985/5252/4925 5997/3548/4938 5996/3546/4937
f 5986/5253/4926 5998/3559/4950 5997/3548/4938
f 5999/3549/4939 5998/3559/4950 5986/5253/4926
f 6000/3550/4940 5999/3549/4939 5987/5254/4927
f 6001/3551/4941 6000/3550/4940 5988/5255/4928
f 6002/3552/4942 6001/3551/4941 5989/5256/4929
f 6003/3553/4943 6002/3552/4942 5990/5257/4930
f 6004/3554/4944 6003/3553/4943 5991/5258/4932
f 5994/3544/4935 6006/1085/4947 6005/53/4946
f 5995/3545/4936 6007/1087/4948 6006/1085/4947
f 5996/3546/4937 6008/1088/4949 6007/1087/4948
f 5997/3548/4938 6009/1089/4951 6008/1088/4949
f 5998/3559/4950 6010/1090/4962 6009/1089/4951
f 6011/1091/4952 6010/1090/4962 5998/3559/4950
f 6012/1092/4953 6011/1091/4952 5999/3549/4939
f 6013/1093/4954 6012/1092/4953 6000/3550/4940
f 6014/1094/4955 6013/1093/4954 6001/3551/4941
f 6015/1096/4956 6014/1094/4955 6002/3552/4942
f 6016/1106/4957 6015/1096/4956 6003/3553/4943
f 6006/1085/4947 6018/3556/4959 6017/3555/4958
f 6007/1087/4948 6019/3557/4960 6018/3556/4959
f 6008/1088/4949 6020/3558/4961 6019/3557/4960
f 6009/1089/4951 6021/3560/4963 6020/3558/4961
f 6010/1090/4962 6022/3571/4974 6021/3560/4963
f 6023/3561/4964 6022/3571/4974 6010/1090/4962
f 6024/3562/4965 6023/3561/4964 6011/1091/4952
f 6025/3563/4966 6024/3562/4965 6012/1092/4953
f 6026/3564/4967 6025/3563/4966 6013/1093/4954
f 6027/3565/4968 6026/3564/4967 6014/1094/4955
f 6028/3566/4969 6027/3565/4968 6015/1096/4956
f 6018/3556/4959 6030/5262/4971 6029/5261/4970
f 6019/3557/4960 6031/5263/4972 6030/5262/4971
f 6020/3558/4961 6032/5264/4973 6031/5263/4972
f 6021/3560/4963 6033/5265/4975 6032/5264/4973
f 6022/3571/4974 6034/5272/4986 6033/5265/4975
f 6035/5266/4976 6034/5272/4986 6022/3571/4974
f 6036/5267/4977 6035/5266/4976 6023/3561/4964
f 6037/5268/4978 6036/5267/4977 6024/3562/4965
f 6038/5269/4979 6037/5268/4978 6025/3563/4966
f 6039/5270/4980 6038/5269/4979 6026/3564/4967
f 6040/5271/4981 6039/5270/4980 6027/3565/4968
f 6030/5262/4971 6042/3568/4983 6041/3567/4982
f 6031/5263/4972 6043/3569/4984 6042/3568/4983
f 6032/5264/4973 6044/3570/4985 6043/3569/4984
f 6033/5265/4975 6045/3572/4987 6044/3570/4985
f 6034/5272/4986 6046/3583/4999 6045/3572/4987
f 6047/3573/4988 6046/3583/4999 6034/5272/4986
f 6048/3574/4989 6047/3573/4988 6035/5266/4976
f 6049/3575/4990 6048/3574/4989 6036/5267/4977
f 6050/3576/4991 6049/3575/4990 6037/5268/4978
f 6051/3577/4992 6050/3576/4991 6038/5269/4979
f 6052/3578/4993 6051/3577/4992 6039/5270/4980
f 6054/5273/4994 6053/5283/5006 6041/3567/4982
f 6055/5274/4995 6054/5273/4994 6042/3568/4983
f 6056/5275/4996 6055/5274/4995 6043/3569/4984
f 6057/5276/4997 6056/5275/4996 6044/3570/4985
f 6058/5277/4998 6057/5276/4997 6045/3572/4987
f 6059/5278/5000 6058/5277/4998 6046/3583/4999
f 6048/3574/4989 6060/5279/5001 6059/5278/5000
f 6049/3575/4990 6061/5280/5002 6060/5279/5001
f 6050/3576/4991 6062/5281/5003 6061/5280/5002
f 6051/3577/4992 6063/5282/5004 6062/5281/5003
f 6052/3578/4993 6064/5284/5015 6063/5282/5004
f 6066/3580/5005 6065/3579/5018 6053/5283/5006
f 6067/3581/5007 6066/3580/5005 6054/5273/4994
f 6068/3582/5008 6067/3581/5007 6055/5274/4995
f 6069/3584/5009 6068/3582/5008 6056/5275/4996
f 6070/3595/5010 6069/3584/5009 6057/5276/4997
f 6071/3585/5011 6070/3595/5010 6058/5277/4998
f 6060/5279/5001 6072/3586/5012 6071/3585/5011
f 6061/5280/5002 6073/3587/5013 6072/3586/5012
f 6062/5281/5003 6074/3588/5014 6073/3587/5013
f 6063/5282/5004 6075/3589/5016 6074/3588/5014
f 6064/5284/5015 6076/3590/5027 6075/3589/5016
f 6078/5285/5017 6077/5295/5030 6065/3579/5018
f 6079/5286/5019 6078/5285/5017 6066/3580/5005
f 6080/5287/5020 6079/5286/5019 6067/3581/5007
f 6081/5288/5021 6080/5287/5020 6068/3582/5008
f 6082/5289/5022 6081/5288/5021 6069/3584/5009
f 6083/5290/5023 6082/5289/5022 6070/3595/5010
f 6072/3586/5012 6084/5291/5024 6083/5290/5023
f 6073/3587/5013 6085/5292/5025 6084/5291/5024
f 6074/3588/5014 6086/5293/5026 6085/5292/5025
f 6075/3589/5016 6087/5294/5028 6086/5293/5026
f 6076/3590/5027 6088/5296/5039 6087/5294/5028
f 6090/3592/5029 6089/3591/5042 6077/5295/5030
f 6091/3593/5031 6090/3592/5029 6078/5285/5017
f 6092/3594/5032 6091/3593/5031 6079/5286/5019
f 6093/3596/5033 6092/3594/5032 6080/5287/5020
f 6094/3607/5034 6093/3596/5033 6081/5288/5021
f 6095/3597/5035 6094/3607/5034 6082/5289/5022
f 6084/5291/5024 6096/3598/5036 6095/3597/5035
f 6085/5292/5025 6097/3599/5037 6096/3598/5036
f 6086/5293/5026 6098/3600/5038 6097/3599/5037
f 6087/5294/5028 6099/3601/5040 6098/3600/5038
f 6088/5296/5039 6100/3602/5051 6099/3601/5040
f 6102/5297/5041 6101/5307/5054 6089/3591/5042
f 6103/5298/5043 6102/5297/5041 6090/3592/5029
f 6104/5299/5044 6103/5298/5043 6091/3593/5031
f 6105/5300/5045 6104/5299/5044 6092/3594/5032
f 6106/5301/5046 6105/5300/5045 6093/3596/5033
f 6107/5302/5047 6106/5301/5046 6094/3607/5034
f 6096/3598/5036 6108/5303/5048 6107/5302/5047
f 6097/3599/5037 6109/5304/5049 6108/5303/5048
f 6098/3600/5038 6110/5305/5050 6109/5304/5049
f 6099/3601/5040 6111/5306/5052 6110/5305/5050
f 6100/3602/5051 6112/5308/5063 6111/5306/5052
f 6114/3604/5053 6113/3603/5066 6101/5307/5054
f 6115/3605/5055 6114/3604/5053 6102/5297/5041
f 6116/3606/5056 6115/3605/5055 6103/5298/5043
f 6117/3608/5057 6116/3606/5056 6104/5299/5044
f 6118/3619/5058 6117/3608/5057 6105/5300/5045
f 6119/3609/5059 6118/3619/5058 6106/5301/5046
f 6108/5303/5048 6120/3610/5060 6119/3609/5059
f 6109/5304/5049 6121/3611/5061 6120/3610/5060
f 6110/5305/5050 6122/3612/5062 6121/3611/5061
f 6111/5306/5052 6123/3613/5064 6122/3612/5062
f 6112/5308/5063 6124/3614/5077 6123/3613/5064
f 6114/3604/5053 6126/5310/5067 6125/5309/5065
f 6115/3605/5055 6127/5311/5068 6126/5310/5067
f 6116/3606/5056 6128/5312/5069 6127/5311/5068
f 6117/3608/5057 6129/5313/5070 6128/5312/5069
f 6118/3619/5058 6130/5320/5083 6129/5313/5070
f 6131/5314/5071 6130/5320/5083 6118/3619/5058
f 6132/5315/5072 6131/5314/5071 6119/3609/5059
f 6133/5316/5073 6132/5315/5072 6120/3610/5060
f 6134/5317/5074 6133/5316/5073 6121/3611/5061
f 6135/5318/5075 6134/5317/5074 6122/3612/5062
f 6136/5319/5076 6135/5318/5075 6123/3613/5064
f 6138/3616/5078 6137/3615/5090 6125/5309/5065
f 6139/3617/5079 6138/3616/5078 6126/5310/5067
f 6140/3618/5080 6139/3617/5079 6127/5311/5068
f 6141/3620/5081 6140/3618/5080 6128/5312/5069
f 6142/3631/5082 6141/3620/5081 6129/5313/5070
f 6143/3621/5084 6142/3631/5082 6130/5320/5083
f 6132/5315/5072 6144/3622/5085 6143/3621/5084
f 6133/5316/5073 6145/3623/5086 6144/3622/5085
f 6134/5317/5074 6146/3624/5087 6145/3623/5086
f 6135/5318/5075 6147/3625/5088 6146/3624/5087
f 6136/5319/5076 6148/3626/5100 6147/3625/5088
f 6138/3616/5078 6150/5322/5091 6149/5321/5089
f 6139/3617/5079 6151/5331/5103 6150/5322/5091
f 6152/5323/5092 6151/5331/5103 6139/3617/5079
f 6153/5324/5093 6152/5323/5092 6140/3618/5080
f 6154/5325/5094 6153/5324/5093 6141/3620/5081
f 6155/5326/5095 6154/5325/5094 6142/3631/5082
f 6144/3622/5085 6156/5327/5096 6155/5326/5095
f 6145/3623/5086 6157/5328/5097 6156/5327/5096
f 6146/3624/5087 6158/5329/5098 6157/5328/5097
f 6147/3625/5088 6159/5332/5110 6158/5329/5098
f 6160/5330/5099 6159/5332/5110 6147/3625/5088
f 6162/3628/5101 6161/3627/5114 6149/5321/5089
f 6163/3629/5102 6162/3628/5101 6150/5322/5091
f 6164/3630/5104 6163/3629/5102 6151/5331/5103
f 6165/3632/5105 6164/3630/5104 6152/5323/5092
f 6166/3643/5106 6165/3632/5105 6153/5324/5093
f 6167/3633/5107 6166/3643/5106 6154/5325/5094
f 6156/5327/5096 6168/3634/5108 6167/3633/5107
f 6157/5328/5097 6169/3635/5109 6168/3634/5108
f 6158/5329/5098 6170/3636/5111 6169/3635/5109
f 6159/5332/5110 6171/3637/5112 6170/3636/5111
f 6160/5330/5099 6172/3638/5123 6171/3637/5112
f 6174/5333/5113 6173/5343/5126 6161/3627/5114
f 6175/5334/5115 6174/5333/5113 6162/3628/5101
f 6176/5335/5116 6175/5334/5115 6163/3629/5102
f 6177/5336/5117 6176/5335/5116 6164/3630/5104
f 6178/5337/5118 6177/5336/5117 6165/3632/5105
f 6179/5338/5119 6178/5337/5118 6166/3643/5106
f 6168/3634/5108 6180/5339/5120 6179/5338/5119
f 6169/3635/5109 6181/5340/5121 6180/5339/5120
f 6170/3636/5111 6182/5341/5122 6181/5340/5121
f 6171/3637/5112 6183/5342/5124 6182/5341/5122
f 6172/3638/5123 6184/5344/5135 6183/5342/5124
f 6186/3640/5125 6185/3639/5138 6173/5343/5126
f 6187/3641/5127 6186/3640/5125 6174/5333/5113
f 6188/3642/5128 6187/3641/5127 6175/5334/5115
f 6189/3644/5129 6188/3642/5128 6176/5335/5116
f 6190/3655/5130 6189/3644/5129 6177/5336/5117
f 6191/3645/5131 6190/3655/5130 6178/5337/5118
f 6180/5339/5120 6192/3646/5132 6191/3645/5131
f 6181/5340/5121 6193/3647/5133 6192/3646/5132
f 6182/5341/5122 6194/3648/5134 6193/3647/5133
f 6183/5342/5124 6195/3649/5136 6194/3648/5134
f 6184/5344/5135 6196/3650/5147 6195/3649/5136
f 6198/5345/5137 6197/5355/5150 6185/3639/5138
f 6199/5346/5139 6198/5345/5137 6186/3640/5125
f 6200/5347/5140 6199/5346/5139 6187/3641/5127
f 6201/5348/5141 6200/5347/5140 6188/3642/5128
f 6202/5349/5142 6201/5348/5141 6189/3644/5129
f 6203/5350/5143 6202/5349/5142 6190/3655/5130
f 6192/3646/5132 6204/5351/5144 6203/5350/5143
f 6193/3647/5133 6205/5352/5145 6204/5351/5144
f 6194/3648/5134 6206/5353/5146 6205/5352/5145
f 6195/3649/5136 6207/5354/5148 6206/5353/5146
f 6196/3650/5147 6208/5356/5159 6207/5354/5148
f 6210/3652/5149 6209/3651/5162 6197/5355/5150
f 6211/3653/5151 6210/3652/5149 6198/5345/5137
f 6212/3654/5152 6211/3653/5151 6199/5346/5139
f 6213/3656/5153 6212/3654/5152 6200/5347/5140
f 6214/3667/5154 6213/3656/5153 6201/5348/5141
f 6215/3657/5155 6214/3667/5154 6202/5349/5142
f 6204/5351/5144 6216/3658/5156 6215/3657/5155
f 6205/5352/5145 6217/3659/5157 6216/3658/5156
f 6206/5353/5146 6218/3660/5158 6217/3659/5157
f 6207/5354/5148 6219/3661/5160 6218/3660/5158
f 6208/5356/5159 6220/3662/5173 6219/3661/5160
f 6210/3652/5149 6222/5358/5163 6221/5357/5161
f 6211/3653/5151 6223/5359/5164 6222/5358/5163
f 6212/3654/5152 6224/5360/5165 6223/5359/5164
f 6213/3656/5153 6225/5361/5166 6224/5360/5165
f 6214/3667/5154 6226/5368/5178 6225/5361/5166
f 6227/5362/5167 6226/5368/5178 6214/3667/5154
f 6228/5363/5168 6227/5362/5167 6215/3657/5155
f 6229/5364/5169 6228/5363/5168 6216/3658/5156
f 6230/5365/5170 6229/5364/5169 6217/3659/5157
f 6231/5366/5171 6230/5365/5170 6218/3660/5158
f 6232/5367/5172 6231/5366/5171 6219/3661/5160
f 6222/5358/5163 6234/3664/5175 6233/3663/5174
f 6223/5359/5164 6235/3665/5176 6234/3664/5175
f 6224/5360/5165 6236/3666/5177 6235/3665/5176
f 6225/5361/5166 6237/3668/5179 6236/3666/5177
f 6226/5368/5178 6238/3679/5190 6237/3668/5179
f 6239/3669/5180 6238/3679/5190 6226/5368/5178
f 6240/3670/5181 6239/3669/5180 6227/5362/5167
f 6241/3671/5182 6240/3670/5181 6228/5363/5168
f 6242/3672/5183 6241/3671/5182 6229/5364/5169
f 6243/3673/5184 6242/3672/5183 6230/5365/5170
f 6244/3674/5185 6243/3673/5184 6231/5366/5171
f 6234/3664/5175 6246/5370/5187 6245/5369/5186
f 6235/3665/5176 6247/5371/5188 6246/5370/5187
f 6236/3666/5177 6248/5372/5189 6247/5371/5188
f 6237/3668/5179 6249/5373/5191 6248/5372/5189
f 6238/3679/5190 6250/5380/5202 6249/5373/5191
f 6251/5374/5192 6250/5380/5202 6238/3679/5190
f 6252/5375/5193 6251/5374/5192 6239/3669/5180
f 6253/5376/5194 6252/5375/5193 6240/3670/5181
f 6254/5377/5195 6253/5376/5194 6241/3671/5182
f 6255/5378/5196 6254/5377/5195 6242/3672/5183
f 6256/5379/5197 6255/5378/5196 6243/3673/5184
f 6246/5370/5187 6258/3676/5199 6257/3675/5198
f 6247/5371/5188 6259/3677/5200 6258/3676/5199
f 6248/5372/5189 6260/3678/5201 6259/3677/5200
f 6249/5373/5191 6261/3680/5203 6260/3678/5201
f 6250/5380/5202 6262/3691/5214 6261/3680/5203
f 6263/3681/5204 6262/3691/5214 6250/5380/5202
f 6264/3682/5205 6263/3681/5204 6251/5374/5192
f 6265/3683/5206 6264/3682/5205 6252/5375/5193
f 6266/3684/5207 6265/3683/5206 6253/5376/5194
f 6267/3685/5208 6266/3684/5207 6254/5377/5195
f 6268/3686/5209 6267/3685/5208 6255/5378/5196
f 6258/3676/5199 6270/5382/5211 6269/5381/5210
f 6259/3677/5200 6271/5383/5212 6270/5382/5211
f 6260/3678/5201 6272/5384/5213 6271/5383/5212
f 6261/3680/5203 6273/5385/5215 6272/5384/5213
f 6262/3691/5214 6274/5392/5226 6273/5385/5215
f 6275/5386/5216 6274/5392/5226 6262/3691/5214
f 6276/5387/5217 6275/5386/5216 6263/3681/5204
f 6277/5388/5218 6276/5387/5217 6264/3682/5205
f 6278/5389/5219 6277/5388/5218 6265/3683/5206
f 6279/5390/5220 6278/5389/5219 6266/3684/5207
f 6280/5391/5221 6279/5390/5220 6267/3685/5208
f 6270/5382/5211 6282/3688/5223 6281/3687/5222
f 6271/5383/5212 6283/3689/5224 6282/3688/5223
f 6272/5384/5213 6284/3690/5225 6283/3689/5224
f 6273/5385/5215 6285/3692/5227 6284/3690/5225
f 6274/5392/5226 6286/3703/5238 6285/3692/5227
f 6287/3693/5228 6286/3703/5238 6274/5392/5226
f 6288/3694/5229 6287/3693/5228 6275/5386/5216
f 6289/3695/5230 6288/3694/5229 6276/5387/5217
f 6290/3696/5231 6289/3695/5230 6277/5388/5218
f 6291/3697/5232 6290/3696/5231 6278/5389/5219
f 6292/3698/5233 6291/3697/5232 6279/5390/5220
f 6282/3688/5223 6294/5394/5235 6293/5393/5234
f 6283/3689/5224 6295/5395/5236 6294/5394/5235
f 6284/3690/5225 6296/5396/5237 6295/5395/5236
f 6285/3692/5227 6297/5397/5239 6296/5396/5237
f 6286/3703/5238 6298/5404/5250 6297/5397/5239
f 6299/5398/5240 6298/5404/5250 6286/3703/5238
f 6300/5399/5241 6299/5398/5240 6287/3693/5228
f 6301/5400/5242 6300/5399/5241 6288/3694/5229
f 6302/5401/5243 6301/5400/5242 6289/3695/5230
f 6303/5402/5244 6302/5401/5243 6290/3696/5231
f 6304/5403/5245 6303/5402/5244 6291/3697/5232
f 6294/5394/5235 6306/3700/5247 6305/3699/5246
f 6295/5395/5236 6307/3701/5248 6306/3700/5247
f 6296/5396/5237 6308/3702/5249 6307/3701/5248
f 6297/5397/5239 6309/3704/5251 6308/3702/5249
f 6298/5404/5250 6310/3715/5262 6309/3704/5251
f 6311/3705/5252 6310/3715/5262 6298/5404/5250
f 6312/3706/5253 6311/3705/5252 6299/5398/5240
f 6313/3707/5254 6312/3706/5253 6300/5399/5241
f 6314/3708/5255 6313/3707/5254 6301/5400/5242
f 6315/3709/5256 6314/3708/5255 6302/5401/5243
f 6316/3710/5257 6315/3709/5256 6303/5402/5244
f 6306/3700/5247 6318/5406/5259 6317/5405/5258
f 6307/3701/5248 6319/5407/5260 6318/5406/5259
f 6308/3702/5249 6320/5408/5261 6319/5407/5260
f 6309/3704/5251 6321/5409/5263 6320/5408/5261
f 6310/3715/5262 6322/5416/5274 6321/5409/5263
f 6323/5410/5264 6322/5416/5274 6310/3715/5262
f 6324/5411/5265 6323/5410/5264 6311/3705/5252
f 6325/5412/5266 6324/5411/5265 6312/3706/5253
f 6326/5413/5267 6325/5412/5266 6313/3707/5254
f 6327/5414/5268 6326/5413/5267 6314/3708/5255
f 6328/5415/5269 6327/5414/5268 6315/3709/5256
f 6318/5406/5259 6330/3712/5271 6329/3711/5270
f 6319/5407/5260 6331/3713/5272 6330/3712/5271
f 6320/5408/5261 6332/3714/5273 6331/3713/5272
f 6321/5409/5263 6333/3716/5275 6332/3714/5273
f 6322/5416/5274 6334/3727/5286 6333/3716/5275
f 6335/3717/5276 6334/3727/5286 6322/5416/5274
f 6336/3718/5277 6335/3717/5276 6323/5410/5264
f 6337/3719/5278 6336/3718/5277 6324/5411/5265
f 6338/3720/5279 6337/3719/5278 6325/5412/5266
f 6339/3721/5280 6338/3720/5279 6326/5413/5267
f 6340/3722/5281 6339/3721/5280 6327/5414/5268
f 6330/3712/5271 6342/5418/5283 6341/5417/5282
f 6331/3713/5272 6343/5419/5284 6342/5418/5283
f 6332/3714/5273 6344/5420/5285 6343/5419/5284
f 6333/3716/5275 6345/5421/5287 6344/5420/5285
f 6334/3727/5286 6346/5428/5298 6345/5421/5287
f 6347/5422/5288 6346/5428/5298 6334/3727/5286
f 6348/5423/5289 6347/5422/5288 6335/3717/5276
f 6349/5424/5290 6348/5423/5289 6336/3718/5277
f 6350/5425/5291 6349/5424/5290 6337/3719/5278
f 6351/5426/5292 6350/5425/5291 6338/3720/5279
f 6352/5427/5293 6351/5426/5292 6339/3721/5280
f 6342/5418/5283 6354/3724/5295 6353/3723/5294
f 6343/5419/5284 6355/3725/5296 6354/3724/5295
f 6344/5420/5285 6356/3726/5297 6355/3725/5296
f 6345/5421/5287 6357/3728/5299 6356/3726/5297
f 6346/5428/5298 6358/3739/5310 6357/3728/5299
f 6359/3729/5300 6358/3739/5310 6346/5428/5298
f 6360/3730/5301 6359/3729/5300 6347/5422/5288
f 6361/3731/5302 6360/3730/5301 6348/5423/5289
f 6362/3732/5303 6361/3731/5302 6349/5424/5290
f 6363/3733/5304 6362/3732/5303 6350/5425/5291
f 6364/3734/5305 6363/3733/5304 6351/5426/5292
f 6354/3724/5295 6366/5430/5307 6365/5429/5306
f 6355/3725/5296 6367/5431/5308 6366/5430/5307
f 6356/3726/5297 6368/5432/5309 6367/5431/5308
f 6357/3728/5299 6369/5433/5311 6368/5432/5309
f 6358/3739/5310 6370/5440/5322 6369/5433/5311
f 6371/5434/5312 6370/5440/5322 6358/3739/5310
f 6372/5435/5313 6371/5434/5312 6359/3729/5300
f 6373/5436/5314 6372/5435/5313 6360/3730/5301
f 6374/5437/5315 6373/5436/5314 6361/3731/5302
f 6375/5438/5316 6374/5437/5315 6362/3732/5303
f 6376/5439/5317 6375/5438/5316 6363/3733/5304
f 6366/5430/5307 6378/3736/5319 6377/3735/5318
f 6367/5431/5308 6379/3737/5320 6378/3736/5319
f 6368/5432/5309 6380/3738/5321 6379/3737/5320
f 6369/5433/5311 6381/3740/5323 6380/3738/5321
f 6370/5440/5322 6382/3750/5334 6381/3740/5323
f 6383/3741/5324 6382/3750/5334 6370/5440/5322
f 6384/3742/5325 6383/3741/5324 6371/5434/5312
f 6385/3743/5326 6384/3742/5325 6372/5435/5313
f 6386/3744/5327 6385/3743/5326 6373/5436/5314
f 6387/3745/5328 6386/3744/5327 6374/5437/5315
f 6388/3746/5329 6387/3745/5328 6375/5438/5316
f 6378/3736/5319 6390/5442/5331 6389/5441/5330
f 6379/3737/5320 6391/5443/5332 6390/5442/5331
f 6380/3738/5321 6392/5444/5333 6391/5443/5332
f 6381/3740/5323 6393/5445/5335 6392/5444/5333
f 6382/3750/5334 6394/5452/5346 6393/5445/5335
f 6395/5446/5336 6394/5452/5346 6382/3750/5334
f 6396/5447/5337 6395/5446/5336 6383/3741/5324
f 6397/5448/5338 6396/5447/5337 6384/3742/5325
f 6398/5449/5339 6397/5448/5338 6385/3743/5326
f 6399/5450/5340 6398/5449/5339 6386/3744/5327
f 6400/5451/5341 6399/5450/5340 6387/3745/5328
f 6390/5442/5331 6402/3747/5343 6401/3758/5342
f 6391/5443/5332 6403/3748/5344 6402/3747/5343
f 6392/5444/5333 6404/3749/5345 6403/3748/5344
f 6393/5445/5335 6405/3751/5347 6404/3749/5345
f 6394/5452/5346 6406/3763/5358 6405/3751/5347
f 6407/3752/5348 6406/3763/5358 6394/5452/5346
f 6408/3753/5349 6407/3752/5348 6395/5446/5336
f 6409/3754/5350 6408/3753/5349 6396/5447/5337
f 6410/3755/5351 6409/3754/5350 6397/5448/5338
f 6411/3756/5352 6410/3755/5351 6398/5449/5339
f 6412/3768/5353 6411/3756/5352 6399/5450/5340
f 6402/3747/5343 6414/5454/5355 6413/5453/5354
f 6403/3748/5344 6415/5455/5356 6414/5454/5355
f 6404/3749/5345 6416/5456/5357 6415/5455/5356
f 6405/3751/5347 6417/5457/5359 6416/5456/5357
f 6406/3763/5358 6418/5464/5370 6417/5457/5359
f 6419/5458/5360 6418/5464/5370 6406/3763/5358
f 6420/5459/5361 6419/5458/5360 6407/3752/5348
f 6421/5460/5362 6420/5459/5361 6408/3753/5349
f 6422/5461/5363 6421/5460/5362 6409/3754/5350
f 6423/5462/5364 6422/5461/5363 6410/3755/5351
f 6424/5463/5365 6423/5462/5364 6411/3756/5352
f 6414/5454/5355 6426/3757/5367 6425/3770/5366
f 6415/5455/5356 6427/3759/5368 6426/3757/5367
f 6416/5456/5357 6428/3760/5369 6427/3759/5368
f 6417/5457/5359 6429/3761/5371 6428/3760/5369
f 6418/5464/5370 6430/3762/5383 6429/3761/5371
f 6431/3764/5372 6430/3762/5383 6418/5464/5370
f 6432/3765/5373 6431/3764/5372 6419/5458/5360
f 6433/3766/5374 6432/3765/5373 6420/5459/5361
f 6434/3767/5375 6433/3766/5374 6421/5460/5362
f 6435/3769/5376 6434/3767/5375 6422/5461/5363
f 6436/3772/5377 6435/3769/5376 6423/5462/5364
f 6438/5465/5378 6437/5475/5389 6425/3770/5366
f 6439/5466/5379 6438/5465/5378 6426/3757/5367
f 6440/5467/5380 6439/5466/5379 6427/3759/5368
f 6441/5468/5381 6440/5467/5380 6428/3760/5369
f 6442/5469/5382 6441/5468/5381 6429/3761/5371
f 6443/5470/5384 6442/5469/5382 6430/3762/5383
f 6432/3765/5373 6444/5471/5385 6443/5470/5384
f 6433/3766/5374 6445/5472/5386 6444/5471/5385
f 6434/3767/5375 6446/5473/5387 6445/5472/5386
f 6435/3769/5376 6447/5474/5388 6446/5473/5387
f 6436/3772/5377 6448/5476/5390 6447/5474/5388
f 5562/1696/4503 5561/48/4505 6437/5475/5389
f 5563/1698/4506 5562/1696/4503 6438/5465/5378
f 5564/1699/4508 5563/1698/4506 6439/5466/5379
f 5565/1700/4510 5564/1699/4508 6440/5467/5380
f 5566/1701/4512 5565/1700/4510 6441/5468/5381
f 5567/1702/4515 5566/1701/4512 6442/5469/5382
f 6444/5471/5385 5568/1703/4517 5567/1702/4515
f 6445/5472/5386 5569/1704/4519 5568/1703/4517
f 6446/5473/5387 5570/1705/4521 5569/1704/4519
f 6447/5474/5388 5571/1707/4523 5570/1705/4521
f 6448/5476/5390 5572/3771/4525 5571/1707/4523
f 6462/5477/5391 6461/5488/5414 6449/84/5392
f 6463/5478/5394 6462/5477/5391 6450/476/5393
f 6464/5479/5396 6463/5478/5394 6451/478/5395
f 6465/5480/5398 6464/5479/5396 6452/480/5397
f 6466/5481/5400 6465/5480/5398 6453/482/5399
f 6467/5482/5402 6466/5481/5400 6454/484/5401
f 6456/489/5404 6468/5483/5406 6467/5482/5402
f 6457/491/5405 6469/5484/5408 6468/5483/5406
f 6458/493/5407 6470/5485/5410 6469/5484/5408
f 6459/495/5409 6471/5486/5412 6470/5485/5410
f 6460/497/5411 6472/5497/5423 6471/5486/5412
f 6474/5487/5413 6473/5500/5426 6461/5488/5414
f 6475/5489/5415 6474/5487/5413 6462/5477/5391
f 6476/5490/5416 6475/5489/5415 6463/5478/5394
f 6477/5491/5417 6476/5490/5416 6464/5479/5396
f 6478/5492/5418 6477/5491/5417 6465/5480/5398
f 6479/5493/5419 6478/5492/5418 6466/5481/5400
f 6468/5483/5406 6480/5494/5420 6479/5493/5419
f 6469/5484/5408 6481/5495/5421 6480/5494/5420
f 6470/5485/5410 6482/5496/5422 6481/5495/5421
f 6471/5486/5412 6483/5498/5424 6482/5496/5422
f 6472/5497/5423 6484/5509/5435 6483/5498/5424
f 6486/5499/5425 6485/5512/3967 6473/5500/5426
f 6487/5501/5427 6486/5499/5425 6474/5487/5413
f 6488/5502/5428 6487/5501/5427 6475/5489/5415
f 6489/5503/5429 6488/5502/5428 6476/5490/5416
f 6490/5504/5430 6489/5503/5429 6477/5491/5417
f 6491/5505/5431 6490/5504/5430 6478/5492/5418
f 6480/5494/5420 6492/5506/5432 6491/5505/5431
f 6481/5495/5421 6493/5507/5433 6492/5506/5432
f 6482/5496/5422 6494/5508/5434 6493/5507/5433
f 6483/5498/5424 6495/5510/5436 6494/5508/5434
f 6484/5509/5435 6496/5521/3976 6495/5510/5436
f 6498/5511/5437 6497/5524/5448 6485/5512/3967
f 6499/5513/5438 6498/5511/5437 6486/5499/5425
f 6500/5514/5439 6499/5513/5438 6487/5501/5427
f 6501/5515/5440 6500/5514/5439 6488/5502/5428
f 6502/5516/5441 6501/5515/5440 6489/5503/5429
f 6503/5517/5442 6502/5516/5441 6490/5504/5430
f 6492/5506/5432 6504/5518/5443 6503/5517/5442
f 6493/5507/5433 6505/5519/5444 6504/5518/5443
f 6494/5508/5434 6506/5520/5445 6505/5519/5444
f 6495/5510/5436 6507/5522/5446 6506/5520/5445
f 6496/5521/3976 6508/5533/5457 6507/5522/5446
f 6510/5523/5447 6509/5536/5460 6497/5524/5448
f 6511/5525/5449 6510/5523/5447 6498/5511/5437
f 6512/5526/5450 6511/5525/5449 6499/5513/5438
f 6513/5527/5451 6512/5526/5450 6500/5514/5439
f 6514/5528/5452 6513/5527/5451 6501/5515/5440
f 6515/5529/5453 6514/5528/5452 6502/5516/5441
f 6504/5518/5443 6516/5530/5454 6515/5529/5453
f 6505/5519/5444 6517/5531/5455 6516/5530/5454
f 6506/5520/5445 6518/5532/5456 6517/5531/5455
f 6507/5522/5446 6519/5534/5458 6518/5532/5456
f 6508/5533/5457 6520/5545/5469 6519/5534/5458
f 6522/5535/5459 6521/5548/5472 6509/5536/5460
f 6523/5537/5461 6522/5535/5459 6510/5523/5447
f 6524/5538/5462 6523/5537/5461 6511/5525/5449
f 6525/5539/5463 6524/5538/5462 6512/5526/5450
f 6526/5540/5464 6525/5539/5463 6513/5527/5451
f 6527/5541/5465 6526/5540/5464 6514/5528/5452
f 6516/5530/5454 6528/5542/5466 6527/5541/5465
f 6517/5531/5455 6529/5543/5467 6528/5542/5466
f 6518/5532/5456 6530/5544/5468 6529/5543/5467
f 6519/5534/5458 6531/5546/5470 6530/5544/5468
f 6520/5545/5469 6532/5559/5483 6531/5546/5470
f 6522/5535/5459 6534/5549/5473 6533/5547/5471
f 6523/5537/5461 6535/5550/5474 6534/5549/5473
f 6524/5538/5462 6536/5551/5475 6535/5550/5474
f 6525/5539/5463 6537/5552/5476 6536/5551/5475
f 6526/5540/5464 6538/5564/5488 6537/5552/5476
f 6539/5553/5477 6538/5564/5488 6526/5540/5464
f 6540/5554/5478 6539/5553/5477 6527/5541/5465
f 6541/5555/5479 6540/5554/5478 6528/5542/5466
f 6542/5556/5480 6541/5555/5479 6529/5543/5467
f 6543/5557/5481 6542/5556/5480 6530/5544/5468
f 6544/5558/5482 6543/5557/5481 6531/5546/5470
f 6534/5549/5473 6546/5561/5485 6545/5560/5484
f 6535/5550/5474 6547/5562/5486 6546/5561/5485
f 6536/5551/5475 6548/5563/5487 6547/5562/5486
f 6537/5552/5476 6549/5565/5489 6548/5563/5487
f 6538/5564/5488 6550/5576/5500 6549/5565/5489
f 6551/5566/5490 6550/5576/5500 6538/5564/5488
f 6552/5567/5491 6551/5566/5490 6539/5553/5477
f 6553/5568/5492 6552/5567/5491 6540/5554/5478
f 6554/5569/5493 6553/5568/5492 6541/5555/5479
f 6555/5570/5494 6554/5569/5493 6542/5556/5480
f 6556/5571/5495 6555/5570/5494 6543/5557/5481
f 6546/5561/5485 6558/5573/5497 6557/5572/5496
f 6547/5562/5486 6559/5574/5498 6558/5573/5497
f 6548/5563/5487 6560/5575/5499 6559/5574/5498
f 6549/5565/5489 6561/5577/5501 6560/5575/5499
f 6550/5576/5500 6562/5588/5512 6561/5577/5501
f 6563/5578/5502 6562/5588/5512 6550/5576/5500
f 6564/5579/5503 6563/5578/5502 6551/5566/5490
f 6565/5580/5504 6564/5579/5503 6552/5567/5491
f 6566/5581/5505 6565/5580/5504 6553/5568/5492
f 6567/5582/5506 6566/5581/5505 6554/5569/5493
f 6568/5583/5507 6567/5582/5506 6555/5570/5494
f 6558/5573/5497 6570/5585/5509 6569/5584/5508
f 6559/5574/5498 6571/5586/5510 6570/5585/5509
f 6560/5575/5499 6572/5587/5511 6571/5586/5510
f 6561/5577/5501 6573/5589/5513 6572/5587/5511
f 6562/5588/5512 6574/5600/5524 6573/5589/5513
f 6575/5590/5514 6574/5600/5524 6562/5588/5512
f 6576/5591/5515 6575/5590/5514 6563/5578/5502
f 6577/5592/5516 6576/5591/5515 6564/5579/5503
f 6578/5593/5517 6577/5592/5516 6565/5580/5504
f 6579/5594/5518 6578/5593/5517 6566/5581/5505
f 6580/5595/5519 6579/5594/5518 6567/5582/5506
f 6570/5585/5509 6582/5597/5521 6581/5596/5520
f 6571/5586/5510 6583/5598/5522 6582/5597/5521
f 6572/5587/5511 6584/5599/5523 6583/5598/5522
f 6573/5589/5513 6585/5601/5525 6584/5599/5523
f 6574/5600/5524 6586/5613/5537 6585/5601/5525
f 6587/5602/5526 6586/5613/5537 6574/5600/5524
f 6588/5603/5527 6587/5602/5526 6575/5590/5514
f 6589/5604/5528 6588/5603/5527 6576/5591/5515
f 6590/5605/5529 6589/5604/5528 6577/5592/5516
f 6591/5606/5530 6590/5605/5529 6578/5593/5517
f 6592/5607/5531 6591/5606/5530 6579/5594/5518
f 6594/5608/5532 6593/5620/5544 6581/5596/5520
f 6595/5609/5533 6594/5608/5532 6582/5597/5521
f 6596/5610/5534 6595/5609/5533 6583/5598/5522
f 6597/5611/5535 6596/5610/5534 6584/5599/5523
f 6598/5612/5536 6597/5611/5535 6585/5601/5525
f 6599/5614/5538 6598/5612/5536 6586/5613/5537
f 6588/5603/5527 6600/5615/5539 6599/5614/5538
f 6589/5604/5528 6601/5616/5540 6600/5615/5539
f 6590/5605/5529 6602/5617/5541 6601/5616/5540
f 6591/5606/5530 6603/5618/5542 6602/5617/5541
f 6592/5607/5531 6604/5629/5553 6603/5618/5542
f 6606/5619/5543 6605/5632/5556 6593/5620/5544
f 6607/5621/5545 6606/5619/5543 6594/5608/5532
f 6608/5622/5546 6607/5621/5545 6595/5609/5533
f 6609/5623/5547 6608/5622/5546 6596/5610/5534
f 6610/5624/5548 6609/5623/5547 6597/5611/5535
f 6611/5625/5549 6610/5624/5548 6598/5612/5536
f 6600/5615/5539 6612/5626/5550 6611/5625/5549
f 6601/5616/5540 6613/5627/5551 6612/5626/5550
f 6602/5617/5541 6614/5628/5552 6613/5627/5551
f 6603/5618/5542 6615/5630/5554 6614/5628/5552
f 6604/5629/5553 6616/5641/5565 6615/5630/5554
f 6618/5631/5555 6617/5644/5568 6605/5632/5556
f 6619/5633/5557 6618/5631/5555 6606/5619/5543
f 6620/5634/5558 6619/5633/5557 6607/5621/5545
f 6621/5635/5559 6620/5634/5558 6608/5622/5546
f 6622/5636/5560 6621/5635/5559 6609/5623/5547
f 6623/5637/5561 6622/5636/5560 6610/5624/5548
f 6612/5626/5550 6624/5638/5562 6623/5637/5561
f 6613/5627/5551 6625/5639/5563 6624/5638/5562
f 6614/5628/5552 6626/5640/5564 6625/5639/5563
f 6615/5630/5554 6627/5642/5566 6626/5640/5564
f 6616/5641/5565 6628/5653/5577 6627/5642/5566
f 6630/5643/5567 6629/5656/5580 6617/5644/5568
f 6631/5645/5569 6630/5643/5567 6618/5631/5555
f 6632/5646/5570 6631/5645/5569 6619/5633/5557
f 6633/5647/5571 6632/5646/5570 6620/5634/5558
f 6634/5648/5572 6633/5647/5571 6621/5635/5559
f 6635/5649/5573 6634/5648/5572 6622/5636/5560
f 6624/5638/5562 6636/5650/5574 6635/5649/5573
f 6625/5639/5563 6637/5651/5575 6636/5650/5574
f 6626/5640/5564 6638/5652/5576 6637/5651/5575
f 6627/5642/5566 6639/5654/5578 6638/5652/5576
f 6628/5653/5577 6640/5665/5589 6639/5654/5578
f 6642/5655/5579 6641/5668/5592 6629/5656/5580
f 6643/5657/5581 6642/5655/5579 6630/5643/5567
f 6644/5658/5582 6643/5657/5581 6631/5645/5569
f 6645/5659/5583 6644/5658/5582 6632/5646/5570
f 6646/5660/5584 6645/5659/5583 6633/5647/5571
f 6647/5661/5585 6646/5660/5584 6634/5648/5572
f 6636/5650/5574 6648/5662/5586 6647/5661/5585
f 6637/5651/5575 6649/5663/5587 6648/5662/5586
f 6638/5652/5576 6650/5664/5588 6649/5663/5587
f 6639/5654/5578 6651/5666/5590 6650/5664/5588
f 6640/5665/5589 6652/5679/5603 6651/5666/5590
f 6642/5655/5579 6654/5669/5593 6653/5667/5591
f 6643/5657/5581 6655/5670/5594 6654/5669/5593
f 6644/5658/5582 6656/5671/5595 6655/5670/5594
f 6645/5659/5583 6657/5672/5596 6656/5671/5595
f 6646/5660/5584 6658/5684/5608 6657/5672/5596
f 6659/5673/5597 6658/5684/5608 6646/5660/5584
f 6660/5674/5598 6659/5673/5597 6647/5661/5585
f 6661/5675/5599 6660/5674/5598 6648/5662/5586
f 6662/5676/5600 6661/5675/5599 6649/5663/5587
f 6663/5677/5601 6662/5676/5600 6650/5664/5588
f 6664/5678/5602 6663/5677/5601 6651/5666/5590
f 6654/5669/5593 6666/5681/5605 6665/5680/5604
f 6655/5670/5594 6667/5682/5606 6666/5681/5605
f 6656/5671/5595 6668/5683/5607 6667/5682/5606
f 6657/5672/5596 6669/5685/5609 6668/5683/5607
f 6658/5684/5608 6670/5696/5620 6669/5685/5609
f 6671/5686/5610 6670/5696/5620 6658/5684/5608
f 6672/5687/5611 6671/5686/5610 6659/5673/5597
f 6673/5688/5612 6672/5687/5611 6660/5674/5598
f 6674/5689/5613 6673/5688/5612 6661/5675/5599
f 6675/5690/5614 6674/5689/5613 6662/5676/5600
f 6676/5691/5615 6675/5690/5614 6663/5677/5601
f 6666/5681/5605 6678/5693/5617 6677/5692/5616
f 6667/5682/5606 6679/5694/5618 6678/5693/5617
f 6668/5683/5607 6680/5695/5619 6679/5694/5618
f 6669/5685/5609 6681/5697/5621 6680/5695/5619
f 6670/5696/5620 6682/5708/5632 6681/5697/5621
f 6683/5698/5622 6682/5708/5632 6670/5696/5620
f 6684/5699/5623 6683/5698/5622 6671/5686/5610
f 6685/5700/5624 6684/5699/5623 6672/5687/5611
f 6686/5701/5625 6685/5700/5624 6673/5688/5612
f 6687/5702/5626 6686/5701/5625 6674/5689/5613
f 6688/5703/5627 6687/5702/5626 6675/5690/5614
f 6678/5693/5617 6690/5705/5629 6689/5704/5628
f 6679/5694/5618 6691/5706/5630 6690/5705/5629
f 6680/5695/5619 6692/5707/5631 6691/5706/5630
f 6681/5697/5621 6693/5709/5633 6692/5707/5631
f 6682/5708/5632 6694/5720/5644 6693/5709/5633
f 6695/5710/5634 6694/5720/5644 6682/5708/5632
f 6696/5711/5635 6695/5710/5634 6683/5698/5622
f 6697/5712/5636 6696/5711/5635 6684/5699/5623
f 6698/5713/5637 6697/5712/5636 6685/5700/5624
f 6699/5714/5638 6698/5713/5637 6686/5701/5625
f 6700/5715/5639 6699/5714/5638 6687/5702/5626
f 6690/5705/5629 6702/5717/5641 6701/5716/5640
f 6691/5706/5630 6703/5718/5642 6702/5717/5641
f 6692/5707/5631 6704/5719/5643 6703/5718/5642
f 6693/5709/5633 6705/5721/5645 6704/5719/5643
f 6694/5720/5644 6706/5732/5656 6705/5721/5645
f 6707/5722/5646 6706/5732/5656 6694/5720/5644
f 6708/5723/5647 6707/5722/5646 6695/5710/5634
f 6709/5724/5648 6708/5723/5647 6696/5711/5635
f 6710/5725/5649 6709/5724/5648 6697/5712/5636
f 6711/5726/5650 6710/5725/5649 6698/5713/5637
f 6712/5727/5651 6711/5726/5650 6699/5714/5638
f 6702/5717/5641 6714/5729/5653 6713/5728/5652
f 6703/5718/5642 6715/5730/5654 6714/5729/5653
f 6704/5719/5643 6716/5731/5655 6715/5730/5654
f 6705/5721/5645 6717/5733/5657 6716/5731/5655
f 6706/5732/5656 6718/5743/5667 6717/5733/5657
f 6719/5734/5658 6718/5743/5667 6706/5732/5656
f 6720/5735/5659 6719/5734/5658 6707/5722/5646
f 6721/5736/5660 6720/5735/5659 6708/5723/5647
f 6722/5737/5661 6721/5736/5660 6709/5724/5648
f 6723/5738/5662 6722/5737/5661 6710/5725/5649
f 6724/5739/5663 6723/5738/5662 6711/5726/5650
f 6726/5740/5664 6725/5751/5675 6713/5728/5652
f 6715/5730/5654 6727/5741/5665 6726/5740/5664
f 6716/5731/5655 6728/5742/5666 6727/5741/5665
f 6717/5733/5657 6729/5744/5668 6728/5742/5666
f 6718/5743/5667 6730/5755/5679 6729/5744/5668
f 6731/5745/5669 6730/5755/5679 6718/5743/5667
f 6732/5746/5670 6731/5745/5669 6719/5734/5658
f 6733/5747/5671 6732/5746/5670 6720/5735/5659
f 6734/5748/5672 6733/5747/5671 6721/5736/5660
f 6723/5738/5662 6735/5749/5673 6734/5748/5672
f 6724/5739/5663 6736/5763/5687 6735/5749/5673
f 6726/5740/5664 6738/5752/5676 6737/5750/5674
f 6727/5741/5665 6739/5753/5677 6738/5752/5676
f 6728/5742/5666 6740/5754/5678 6739/5753/5677
f 6729/5744/5668 6741/5756/5680 6740/5754/5678
f 6730/5755/5679 6742/5764/5688 6741/5756/5680
f 6743/5757/5681 6742/5764/5688 6730/5755/5679
f 6744/5758/5682 6743/5757/5681 6731/5745/5669
f 6745/5759/5683 6744/5758/5682 6732/5746/5670
f 6746/5760/5684 6745/5759/5683 6733/5747/5671
f 6747/5761/5685 6746/5760/5684 6734/5748/5672
f 6748/5762/5686 6747/5761/5685 6735/5749/5673
f 6738/5752/5676 6450/1696/5393 6449/48/5392
f 6739/5753/5677 6451/1698/5395 6450/1696/5393
f 6452/1699/5397 6451/1698/5395 6739/5753/5677
f 6453/1700/5399 6452/1699/5397 6740/5754/5678
f 6454/1701/5401 6453/1700/5399 6741/5756/5680
f 6455/1702/5403 6454/1701/5401 6742/5764/5688
f 6744/5758/5682 6456/1703/5404 6455/1702/5403
f 6745/5759/5683 6457/1704/5405 6456/1703/5404
f 6746/5760/5684 6458/1705/5407 6457/1704/5405
f 6747/5761/5685 6459/1707/5409 6458/1705/5407
f 6460/3771/5411 6459/1707/5409 6747/5761/5685
