# Blender 4.1.1
# www.blender.org
mtllib GameOverText2.mtl
o テキスト
v -4.400000 0.346000 -0.110000
v -4.402000 0.346000 -0.110000
v -4.413209 0.364799 -0.110000
v -4.424338 0.381727 -0.110000
v -4.435390 0.396828 -0.110000
v -4.446370 0.410148 -0.110000
v -4.457281 0.421732 -0.110000
v -4.468125 0.431625 -0.110000
v -4.478907 0.439872 -0.110000
v -4.489629 0.446519 -0.110000
v -4.500297 0.451609 -0.110000
v -4.510912 0.455190 -0.110000
v -4.521479 0.457305 -0.110000
v -4.532000 0.458000 -0.110000
v -4.540961 0.457645 -0.110000
v -4.549857 0.456579 -0.110000
v -4.558703 0.454797 -0.110000
v -4.567519 0.452296 -0.110000
v -4.576320 0.449074 -0.110000
v -4.585125 0.445125 -0.110000
v -4.593951 0.440447 -0.110000
v -4.602815 0.435037 -0.110000
v -4.611734 0.428891 -0.110000
v -4.620727 0.422005 -0.110000
v -4.629809 0.414376 -0.110000
v -4.639000 0.406000 -0.110000
v -4.592000 0.329000 -0.110000
v -4.585096 0.335328 -0.110000
v -4.577936 0.341287 -0.110000
v -4.570594 0.346844 -0.110000
v -4.563148 0.351963 -0.110000
v -4.555675 0.356610 -0.110000
v -4.548250 0.360750 -0.110000
v -4.540950 0.364348 -0.110000
v -4.533852 0.367370 -0.110000
v -4.527031 0.369781 -0.110000
v -4.520565 0.371546 -0.110000
v -4.514529 0.372631 -0.110000
v -4.509000 0.373000 -0.110000
v -4.494041 0.371755 -0.110000
v -4.479745 0.368125 -0.110000
v -4.466234 0.362266 -0.110000
v -4.453629 0.354333 -0.110000
v -4.442052 0.344484 -0.110000
v -4.431625 0.332875 -0.110000
v -4.422468 0.319661 -0.110000
v -4.414704 0.305000 -0.110000
v -4.408453 0.289047 -0.110000
v -4.403838 0.271958 -0.110000
v -4.400980 0.253891 -0.110000
v -4.400000 0.235000 -0.110000
v -4.400000 -0.000000 -0.110000
v -4.311000 -0.000000 -0.110000
v -4.311000 0.449000 -0.110000
v -4.400000 0.449000 -0.110000
v -4.187586 0.035395 -0.110000
v -4.174269 0.027574 -0.110000
v -4.160938 0.020531 -0.110000
v -4.147482 0.014259 -0.110000
v -4.133790 0.008751 -0.110000
v -4.119750 0.004000 -0.110000
v -4.105252 -0.000001 -0.110000
v -4.090185 -0.003259 -0.110000
v -4.074438 -0.005781 -0.110000
v -4.057899 -0.007574 -0.110000
v -4.040456 -0.008645 -0.110000
v -4.022000 -0.009000 -0.110000
v -3.988301 -0.006665 -0.110000
v -3.957241 0.000093 -0.110000
v -3.928875 0.010906 -0.110000
v -3.903260 0.025407 -0.110000
v -3.880449 0.043228 -0.110000
v -3.860500 0.064000 -0.110000
v -3.843468 0.087355 -0.110000
v -3.829407 0.112926 -0.110000
v -3.818375 0.140344 -0.110000
v -3.810426 0.169241 -0.110000
v -3.805616 0.199249 -0.110000
v -3.804000 0.230000 -0.110000
v -3.805764 0.263056 -0.110000
v -3.810945 0.294111 -0.110000
v -3.819375 0.323000 -0.110000
v -3.830889 0.349556 -0.110000
v -3.845320 0.373611 -0.110000
v -3.862500 0.395000 -0.110000
v -3.882264 0.413556 -0.110000
v -3.904445 0.429111 -0.110000
v -3.928875 0.441500 -0.110000
v -3.955389 0.450556 -0.110000
v -3.983820 0.456111 -0.110000
v -4.014000 0.458000 -0.110000
v -4.042836 0.456310 -0.110000
v -4.069765 0.451232 -0.110000
v -4.094673 0.442750 -0.110000
v -4.117445 0.430852 -0.110000
v -4.137968 0.415523 -0.110000
v -4.156126 0.396750 -0.110000
v -4.171804 0.374519 -0.110000
v -4.184889 0.348815 -0.110000
v -4.195266 0.319625 -0.110000
v -4.202820 0.286935 -0.110000
v -4.207436 0.250731 -0.110000
v -4.209000 0.211000 -0.110000
v -3.893000 0.211000 -0.110000
v -3.897270 0.189648 -0.110000
v -3.903075 0.170097 -0.110000
v -3.910407 0.152359 -0.110000
v -3.919260 0.136444 -0.110000
v -3.929627 0.122363 -0.110000
v -3.941500 0.110125 -0.110000
v -3.954874 0.099741 -0.110000
v -3.969741 0.091222 -0.110000
v -3.986094 0.084578 -0.110000
v -4.003926 0.079819 -0.110000
v -4.023231 0.076957 -0.110000
v -4.044000 0.076000 -0.110000
v -4.057440 0.076413 -0.110000
v -4.070768 0.077639 -0.110000
v -4.084000 0.079656 -0.110000
v -4.097148 0.082444 -0.110000
v -4.110227 0.085983 -0.110000
v -4.123250 0.090250 -0.110000
v -4.136231 0.095226 -0.110000
v -4.149185 0.100889 -0.110000
v -4.162125 0.107219 -0.110000
v -4.175065 0.114194 -0.110000
v -4.188019 0.121795 -0.110000
v -4.201000 0.130000 -0.110000
v -4.201000 0.044000 -0.110000
v -4.119507 0.286469 -0.110000
v -4.116556 0.301833 -0.110000
v -4.112188 0.316031 -0.110000
v -4.106445 0.329000 -0.110000
v -4.099369 0.340677 -0.110000
v -4.091001 0.351000 -0.110000
v -4.081383 0.359906 -0.110000
v -4.070556 0.367333 -0.110000
v -4.058563 0.373219 -0.110000
v -4.045445 0.377500 -0.110000
v -4.031243 0.380115 -0.110000
v -4.016000 0.381000 -0.110000
v -3.999563 0.380172 -0.110000
v -3.984259 0.377708 -0.110000
v -3.970094 0.373641 -0.110000
v -3.957074 0.368000 -0.110000
v -3.945207 0.360818 -0.110000
v -3.934500 0.352125 -0.110000
v -3.924960 0.341953 -0.110000
v -3.916593 0.330333 -0.110000
v -3.909406 0.317297 -0.110000
v -3.903408 0.302875 -0.110000
v -3.898603 0.287099 -0.110000
v -3.895000 0.270000 -0.110000
v -4.121000 0.270000 -0.110000
v -3.425000 0.449000 -0.110000
v -3.546000 0.173000 -0.110000
v -3.664000 0.449000 -0.110000
v -3.759000 0.449000 -0.110000
v -3.561000 -0.009000 -0.110000
v -3.531000 -0.009000 -0.110000
v -3.328000 0.449000 -0.110000
v -2.967487 0.687742 -0.110000
v -3.018311 0.678269 -0.110000
v -3.065266 0.663031 -0.110000
v -3.108148 0.642482 -0.110000
v -3.146753 0.617071 -0.110000
v -3.180875 0.587250 -0.110000
v -3.210310 0.553471 -0.110000
v -3.234852 0.516185 -0.110000
v -3.254297 0.475844 -0.110000
v -3.268440 0.432898 -0.110000
v -3.277076 0.387800 -0.110000
v -3.280000 0.341000 -0.110000
v -3.277152 0.295461 -0.110000
v -3.268709 0.251185 -0.110000
v -3.254829 0.208688 -0.110000
v -3.235667 0.168481 -0.110000
v -3.211381 0.131081 -0.110000
v -3.182126 0.097000 -0.110000
v -3.148058 0.066752 -0.110000
v -3.109334 0.040852 -0.110000
v -3.066110 0.019812 -0.110000
v -3.018542 0.004148 -0.110000
v -2.966787 -0.005627 -0.110000
v -2.911000 -0.009000 -0.110000
v -2.856993 -0.005646 -0.110000
v -2.806607 0.004079 -0.110000
v -2.760047 0.019672 -0.110000
v -2.717519 0.040630 -0.110000
v -2.679227 0.066448 -0.110000
v -2.645375 0.096625 -0.110000
v -2.616170 0.130656 -0.110000
v -2.591815 0.168037 -0.110000
v -2.572516 0.208266 -0.110000
v -2.558477 0.250838 -0.110000
v -2.549904 0.295251 -0.110000
v -2.547000 0.341000 -0.110000
v -2.549981 0.387590 -0.110000
v -2.558764 0.432551 -0.110000
v -2.573110 0.475422 -0.110000
v -2.592778 0.515741 -0.110000
v -2.617530 0.553046 -0.110000
v -2.647125 0.586875 -0.110000
v -2.681325 0.616767 -0.110000
v -2.719889 0.642259 -0.110000
v -2.762578 0.662891 -0.110000
v -2.809153 0.678199 -0.110000
v -2.859374 0.687723 -0.110000
v -2.913000 0.691000 -0.110000
v -2.950375 0.083270 -0.110000
v -2.985829 0.089912 -0.110000
v -3.019110 0.100672 -0.110000
v -3.049963 0.115296 -0.110000
v -3.078136 0.133532 -0.110000
v -3.103375 0.155125 -0.110000
v -3.125427 0.179822 -0.110000
v -3.144037 0.207370 -0.110000
v -3.158953 0.237516 -0.110000
v -3.169922 0.270005 -0.110000
v -3.176688 0.304584 -0.110000
v -3.179000 0.341000 -0.110000
v -3.176688 0.377626 -0.110000
v -3.169922 0.412343 -0.110000
v -3.158953 0.444906 -0.110000
v -3.144037 0.475074 -0.110000
v -3.125427 0.502603 -0.110000
v -3.103375 0.527250 -0.110000
v -3.078136 0.548772 -0.110000
v -3.049963 0.566926 -0.110000
v -3.019110 0.581469 -0.110000
v -2.985829 0.592157 -0.110000
v -2.950375 0.598749 -0.110000
v -2.913000 0.601000 -0.110000
v -2.875856 0.598749 -0.110000
v -2.840593 0.592157 -0.110000
v -2.807469 0.581469 -0.110000
v -2.776741 0.566926 -0.110000
v -2.748666 0.548772 -0.110000
v -2.723500 0.527250 -0.110000
v -2.701501 0.502603 -0.110000
v -2.682926 0.475074 -0.110000
v -2.668031 0.444906 -0.110000
v -2.657074 0.412343 -0.110000
v -2.650311 0.377626 -0.110000
v -2.648000 0.341000 -0.110000
v -2.650311 0.304584 -0.110000
v -2.657074 0.270005 -0.110000
v -2.668031 0.237516 -0.110000
v -2.682926 0.207370 -0.110000
v -2.701501 0.179822 -0.110000
v -2.723500 0.155125 -0.110000
v -2.748666 0.133532 -0.110000
v -2.776741 0.115296 -0.110000
v -2.807469 0.100672 -0.110000
v -2.840593 0.089912 -0.110000
v -2.875856 0.083270 -0.110000
v -2.913000 0.081000 -0.110000
v -4.400000 0.346000 0.110000
v -4.402000 0.346000 0.110000
v -4.413209 0.364799 0.110000
v -4.424338 0.381727 0.110000
v -4.435390 0.396828 0.110000
v -4.446370 0.410148 0.110000
v -4.457281 0.421732 0.110000
v -4.468125 0.431625 0.110000
v -4.478907 0.439872 0.110000
v -4.489629 0.446519 0.110000
v -4.500297 0.451609 0.110000
v -4.510912 0.455190 0.110000
v -4.521479 0.457305 0.110000
v -4.532000 0.458000 0.110000
v -4.540961 0.457645 0.110000
v -4.549857 0.456579 0.110000
v -4.558703 0.454797 0.110000
v -4.567519 0.452296 0.110000
v -4.576320 0.449074 0.110000
v -4.585125 0.445125 0.110000
v -4.593951 0.440447 0.110000
v -4.602815 0.435037 0.110000
v -4.611734 0.428891 0.110000
v -4.620727 0.422005 0.110000
v -4.629809 0.414376 0.110000
v -4.639000 0.406000 0.110000
v -4.592000 0.329000 0.110000
v -4.585096 0.335328 0.110000
v -4.577936 0.341287 0.110000
v -4.570594 0.346844 0.110000
v -4.563148 0.351963 0.110000
v -4.555675 0.356610 0.110000
v -4.548250 0.360750 0.110000
v -4.540950 0.364348 0.110000
v -4.533852 0.367370 0.110000
v -4.527031 0.369781 0.110000
v -4.520565 0.371546 0.110000
v -4.514529 0.372631 0.110000
v -4.509000 0.373000 0.110000
v -4.494041 0.371755 0.110000
v -4.479745 0.368125 0.110000
v -4.466234 0.362266 0.110000
v -4.453629 0.354333 0.110000
v -4.442052 0.344484 0.110000
v -4.431625 0.332875 0.110000
v -4.422468 0.319661 0.110000
v -4.414704 0.305000 0.110000
v -4.408453 0.289047 0.110000
v -4.403838 0.271958 0.110000
v -4.400980 0.253891 0.110000
v -4.400000 0.235000 0.110000
v -4.400000 0.000000 0.110000
v -4.311000 0.000000 0.110000
v -4.311000 0.449000 0.110000
v -4.400000 0.449000 0.110000
v -4.187586 0.035395 0.110000
v -4.174269 0.027574 0.110000
v -4.160938 0.020531 0.110000
v -4.147482 0.014259 0.110000
v -4.133790 0.008751 0.110000
v -4.119750 0.004000 0.110000
v -4.105252 -0.000001 0.110000
v -4.090185 -0.003259 0.110000
v -4.074438 -0.005781 0.110000
v -4.057899 -0.007574 0.110000
v -4.040456 -0.008645 0.110000
v -4.022000 -0.009000 0.110000
v -3.988301 -0.006665 0.110000
v -3.957241 0.000093 0.110000
v -3.928875 0.010906 0.110000
v -3.903260 0.025407 0.110000
v -3.880449 0.043228 0.110000
v -3.860500 0.064000 0.110000
v -3.843468 0.087355 0.110000
v -3.829407 0.112926 0.110000
v -3.818375 0.140344 0.110000
v -3.810426 0.169241 0.110000
v -3.805616 0.199249 0.110000
v -3.804000 0.230000 0.110000
v -3.805764 0.263056 0.110000
v -3.810945 0.294111 0.110000
v -3.819375 0.323000 0.110000
v -3.830889 0.349556 0.110000
v -3.845320 0.373611 0.110000
v -3.862500 0.395000 0.110000
v -3.882264 0.413556 0.110000
v -3.904445 0.429111 0.110000
v -3.928875 0.441500 0.110000
v -3.955389 0.450556 0.110000
v -3.983820 0.456111 0.110000
v -4.014000 0.458000 0.110000
v -4.042836 0.456310 0.110000
v -4.069765 0.451232 0.110000
v -4.094673 0.442750 0.110000
v -4.117445 0.430852 0.110000
v -4.137968 0.415523 0.110000
v -4.156126 0.396750 0.110000
v -4.171804 0.374519 0.110000
v -4.184889 0.348815 0.110000
v -4.195266 0.319625 0.110000
v -4.202820 0.286935 0.110000
v -4.207436 0.250731 0.110000
v -4.209000 0.211000 0.110000
v -3.893000 0.211000 0.110000
v -3.897270 0.189648 0.110000
v -3.903075 0.170097 0.110000
v -3.910407 0.152359 0.110000
v -3.919260 0.136444 0.110000
v -3.929627 0.122363 0.110000
v -3.941500 0.110125 0.110000
v -3.954874 0.099741 0.110000
v -3.969741 0.091222 0.110000
v -3.986094 0.084578 0.110000
v -4.003926 0.079819 0.110000
v -4.023231 0.076957 0.110000
v -4.044000 0.076000 0.110000
v -4.057440 0.076413 0.110000
v -4.070768 0.077639 0.110000
v -4.084000 0.079656 0.110000
v -4.097148 0.082444 0.110000
v -4.110227 0.085983 0.110000
v -4.123250 0.090250 0.110000
v -4.136231 0.095226 0.110000
v -4.149185 0.100889 0.110000
v -4.162125 0.107219 0.110000
v -4.175065 0.114194 0.110000
v -4.188019 0.121795 0.110000
v -4.201000 0.130000 0.110000
v -4.201000 0.044000 0.110000
v -4.119507 0.286469 0.110000
v -4.116556 0.301833 0.110000
v -4.112188 0.316031 0.110000
v -4.106445 0.329000 0.110000
v -4.099369 0.340677 0.110000
v -4.091001 0.351000 0.110000
v -4.081383 0.359906 0.110000
v -4.070556 0.367333 0.110000
v -4.058563 0.373219 0.110000
v -4.045445 0.377500 0.110000
v -4.031243 0.380115 0.110000
v -4.016000 0.381000 0.110000
v -3.999563 0.380172 0.110000
v -3.984259 0.377708 0.110000
v -3.970094 0.373641 0.110000
v -3.957074 0.368000 0.110000
v -3.945207 0.360818 0.110000
v -3.934500 0.352125 0.110000
v -3.924960 0.341953 0.110000
v -3.916593 0.330333 0.110000
v -3.909406 0.317297 0.110000
v -3.903408 0.302875 0.110000
v -3.898603 0.287099 0.110000
v -3.895000 0.270000 0.110000
v -4.121000 0.270000 0.110000
v -3.425000 0.449000 0.110000
v -3.546000 0.173000 0.110000
v -3.664000 0.449000 0.110000
v -3.759000 0.449000 0.110000
v -3.561000 -0.009000 0.110000
v -3.531000 -0.009000 0.110000
v -3.328000 0.449000 0.110000
v -2.967487 0.687742 0.110000
v -3.018311 0.678269 0.110000
v -3.065266 0.663031 0.110000
v -3.108148 0.642482 0.110000
v -3.146753 0.617071 0.110000
v -3.180875 0.587250 0.110000
v -3.210310 0.553471 0.110000
v -3.234852 0.516185 0.110000
v -3.254297 0.475844 0.110000
v -3.268440 0.432898 0.110000
v -3.277076 0.387800 0.110000
v -3.280000 0.341000 0.110000
v -3.277152 0.295461 0.110000
v -3.268709 0.251185 0.110000
v -3.254829 0.208688 0.110000
v -3.235667 0.168481 0.110000
v -3.211381 0.131081 0.110000
v -3.182126 0.097000 0.110000
v -3.148058 0.066752 0.110000
v -3.109334 0.040852 0.110000
v -3.066110 0.019813 0.110000
v -3.018542 0.004148 0.110000
v -2.966787 -0.005627 0.110000
v -2.911000 -0.009000 0.110000
v -2.856993 -0.005646 0.110000
v -2.806607 0.004079 0.110000
v -2.760047 0.019672 0.110000
v -2.717519 0.040630 0.110000
v -2.679227 0.066449 0.110000
v -2.645375 0.096625 0.110000
v -2.616170 0.130656 0.110000
v -2.591815 0.168037 0.110000
v -2.572516 0.208266 0.110000
v -2.558477 0.250838 0.110000
v -2.549904 0.295251 0.110000
v -2.547000 0.341000 0.110000
v -2.549981 0.387590 0.110000
v -2.558764 0.432551 0.110000
v -2.573110 0.475422 0.110000
v -2.592778 0.515741 0.110000
v -2.617530 0.553046 0.110000
v -2.647125 0.586875 0.110000
v -2.681325 0.616767 0.110000
v -2.719889 0.642259 0.110000
v -2.762578 0.662891 0.110000
v -2.809153 0.678199 0.110000
v -2.859374 0.687723 0.110000
v -2.913000 0.691000 0.110000
v -2.950375 0.083270 0.110000
v -2.985829 0.089912 0.110000
v -3.019110 0.100672 0.110000
v -3.049963 0.115296 0.110000
v -3.078136 0.133532 0.110000
v -3.103375 0.155125 0.110000
v -3.125427 0.179822 0.110000
v -3.144037 0.207370 0.110000
v -3.158953 0.237516 0.110000
v -3.169922 0.270005 0.110000
v -3.176688 0.304584 0.110000
v -3.179000 0.341000 0.110000
v -3.176688 0.377626 0.110000
v -3.169922 0.412343 0.110000
v -3.158953 0.444906 0.110000
v -3.144037 0.475074 0.110000
v -3.125427 0.502603 0.110000
v -3.103375 0.527250 0.110000
v -3.078136 0.548772 0.110000
v -3.049963 0.566926 0.110000
v -3.019110 0.581469 0.110000
v -2.985829 0.592157 0.110000
v -2.950375 0.598749 0.110000
v -2.913000 0.601000 0.110000
v -2.875856 0.598749 0.110000
v -2.840593 0.592157 0.110000
v -2.807469 0.581469 0.110000
v -2.776741 0.566926 0.110000
v -2.748666 0.548772 0.110000
v -2.723500 0.527250 0.110000
v -2.701501 0.502603 0.110000
v -2.682926 0.475074 0.110000
v -2.668031 0.444906 0.110000
v -2.657074 0.412343 0.110000
v -2.650311 0.377626 0.110000
v -2.648000 0.341000 0.110000
v -2.650311 0.304584 0.110000
v -2.657074 0.270005 0.110000
v -2.668031 0.237516 0.110000
v -2.682926 0.207370 0.110000
v -2.701501 0.179822 0.110000
v -2.723500 0.155125 0.110000
v -2.748666 0.133532 0.110000
v -2.776741 0.115296 0.110000
v -2.807469 0.100672 0.110000
v -2.840593 0.089912 0.110000
v -2.875856 0.083270 0.110000
v -2.913000 0.081000 0.110000
v -2.967487 0.687742 0.110000
v -2.968617 0.696961 0.108532
v -2.969637 0.705278 0.104270
v -2.970447 0.711879 0.097634
v -2.970966 0.716117 0.089270
v -2.971145 0.717577 0.080000
v -2.971145 0.717577 -0.080000
v -2.970966 0.716117 -0.089271
v -2.970447 0.711879 -0.097634
v -2.969637 0.705278 -0.104271
v -2.968617 0.696961 -0.108532
v -2.967487 0.687742 -0.110000
v -3.018311 0.678269 0.110000
v -3.020600 0.687272 0.108532
v -3.022666 0.695394 0.104270
v -3.024305 0.701840 0.097634
v -3.025357 0.705978 0.089270
v -3.025720 0.707404 0.080000
v -3.025720 0.707404 -0.080000
v -3.025357 0.705978 -0.089271
v -3.024305 0.701840 -0.097634
v -3.022666 0.695394 -0.104271
v -3.020600 0.687272 -0.108532
v -3.018311 0.678269 -0.110000
v -3.065266 0.663031 0.110000
v -3.068715 0.671658 0.108532
v -3.071826 0.679441 0.104270
v -3.074296 0.685617 0.097634
v -3.075881 0.689583 0.089270
v -3.076427 0.690949 0.080000
v -3.076427 0.690949 -0.080000
v -3.075881 0.689583 -0.089271
v -3.074296 0.685617 -0.097634
v -3.071826 0.679441 -0.104271
v -3.068715 0.671658 -0.108532
v -3.065266 0.663031 -0.110000
v -3.108148 0.642482 0.110000
v -3.112721 0.650570 0.108532
v -3.116846 0.657867 0.104270
v -3.120119 0.663658 0.097634
v -3.122221 0.667376 0.089270
v -3.122945 0.668657 0.080000
v -3.122945 0.668657 -0.080000
v -3.122221 0.667376 -0.089271
v -3.120119 0.663658 -0.097634
v -3.116846 0.657867 -0.104271
v -3.112721 0.650570 -0.108532
v -3.108148 0.642482 -0.110000
v -3.146753 0.617071 0.110000
v -3.152378 0.624467 0.108532
v -3.157452 0.631139 0.104270
v -3.161479 0.636434 0.097634
v -3.164064 0.639834 0.089270
v -3.164955 0.641005 0.080000
v -3.164955 0.641005 -0.080000
v -3.164064 0.639834 -0.089271
v -3.161479 0.636434 -0.097634
v -3.157452 0.631139 -0.104271
v -3.152378 0.624467 -0.108532
v -3.146753 0.617071 -0.110000
v -3.180875 0.587250 0.110000
v -3.187450 0.593816 0.108532
v -3.193382 0.599739 0.104270
v -3.198089 0.604439 0.097634
v -3.201112 0.607457 0.089270
v -3.202153 0.608497 0.080000
v -3.202153 0.608497 -0.080000
v -3.201112 0.607457 -0.089271
v -3.198089 0.604439 -0.097634
v -3.193382 0.599739 -0.104271
v -3.187450 0.593816 -0.108532
v -3.180875 0.587250 -0.110000
v -3.210310 0.553471 0.110000
v -3.217710 0.559090 0.108532
v -3.224385 0.564159 0.104270
v -3.229683 0.568182 0.097634
v -3.233085 0.570765 0.089270
v -3.234257 0.571655 0.080000
v -3.234257 0.571655 -0.080000
v -3.233085 0.570765 -0.089271
v -3.229683 0.568182 -0.097634
v -3.224385 0.564159 -0.104271
v -3.217710 0.559090 -0.108532
v -3.210310 0.553471 -0.110000
v -3.234852 0.516185 0.110000
v -3.242935 0.520766 0.108532
v -3.250227 0.524899 0.104270
v -3.256014 0.528179 0.097634
v -3.259729 0.530285 0.089270
v -3.261009 0.531011 0.080000
v -3.261009 0.531011 -0.080000
v -3.259729 0.530285 -0.089271
v -3.256014 0.528179 -0.097634
v -3.250227 0.524899 -0.104271
v -3.242935 0.520766 -0.108532
v -3.234852 0.516185 -0.110000
v -3.254297 0.475844 0.110000
v -3.262912 0.479321 0.108532
v -3.270684 0.482458 0.104270
v -3.276852 0.484948 0.097634
v -3.280812 0.486546 0.089270
v -3.282176 0.487097 0.080000
v -3.282176 0.487097 -0.080000
v -3.280812 0.486546 -0.089271
v -3.276852 0.484948 -0.097634
v -3.270684 0.482458 -0.104271
v -3.262912 0.479321 -0.108532
v -3.254297 0.475844 -0.110000
v -3.268440 0.432898 0.110000
v -3.277433 0.435230 0.108532
v -3.285545 0.437333 0.104270
v -3.291983 0.439002 0.097634
v -3.296116 0.440073 0.089270
v -3.297541 0.440443 0.080000
v -3.297541 0.440443 -0.080000
v -3.296116 0.440073 -0.089271
v -3.291983 0.439002 -0.097634
v -3.285545 0.437333 -0.104271
v -3.277433 0.435230 -0.108532
v -3.268440 0.432898 -0.110000
v -3.277076 0.387800 0.110000
v -3.286292 0.388965 0.108532
v -3.294606 0.390017 0.104270
v -3.301203 0.390851 0.097634
v -3.305439 0.391387 0.089270
v -3.306899 0.391571 0.080000
v -3.306899 0.391571 -0.080000
v -3.305439 0.391387 -0.089271
v -3.301203 0.390851 -0.097634
v -3.294606 0.390017 -0.104271
v -3.286292 0.388965 -0.108532
v -3.277076 0.387800 -0.110000
v -3.280000 0.341000 0.110000
v -3.289289 0.341000 0.108532
v -3.297668 0.340999 0.104270
v -3.304318 0.340999 0.097634
v -3.308588 0.340999 0.089270
v -3.310059 0.340999 0.080000
v -3.310059 0.340999 -0.080000
v -3.308588 0.340999 -0.089271
v -3.304318 0.340999 -0.097634
v -3.297668 0.340999 -0.104271
v -3.289289 0.341000 -0.108532
v -3.280000 0.341000 -0.110000
v -3.277152 0.295461 0.110000
v -3.286367 0.294298 0.108532
v -3.294681 0.293250 0.104270
v -3.301279 0.292418 0.097634
v -3.305515 0.291884 0.089270
v -3.306975 0.291700 0.080000
v -3.306975 0.291700 -0.080000
v -3.305515 0.291884 -0.089271
v -3.301279 0.292418 -0.097634
v -3.294681 0.293250 -0.104271
v -3.286367 0.294298 -0.108532
v -3.277152 0.295461 -0.110000
v -3.268709 0.251185 0.110000
v -3.277705 0.248868 0.108532
v -3.285820 0.246779 0.104271
v -3.292260 0.245120 0.097634
v -3.296395 0.244055 0.089271
v -3.297820 0.243688 0.080000
v -3.297820 0.243688 -0.080000
v -3.296395 0.244055 -0.089271
v -3.292260 0.245120 -0.097634
v -3.285820 0.246779 -0.104271
v -3.277705 0.248868 -0.108532
v -3.268709 0.251185 -0.110000
v -3.254829 0.208688 0.110000
v -3.263455 0.205240 0.108532
v -3.271237 0.202130 0.104271
v -3.277413 0.199661 0.097634
v -3.281378 0.198077 0.089271
v -3.282744 0.197531 0.080000
v -3.282744 0.197531 -0.080000
v -3.281378 0.198077 -0.089271
v -3.277413 0.199661 -0.097634
v -3.271237 0.202130 -0.104271
v -3.263455 0.205240 -0.108532
v -3.254829 0.208688 -0.110000
v -3.235667 0.168481 0.110000
v -3.243774 0.163943 0.108532
v -3.251087 0.159849 0.104271
v -3.256891 0.156601 0.097634
v -3.260617 0.154515 0.089271
v -3.261901 0.153796 0.080000
v -3.261901 0.153796 -0.080000
v -3.260617 0.154515 -0.089271
v -3.256891 0.156601 -0.097634
v -3.251087 0.159849 -0.104271
v -3.243774 0.163943 -0.108532
v -3.235667 0.168481 -0.110000
v -3.211381 0.131081 0.110000
v -3.218818 0.125513 0.108532
v -3.225528 0.120489 0.104271
v -3.230853 0.116503 0.097634
v -3.234272 0.113944 0.089271
v -3.235450 0.113062 0.080000
v -3.235450 0.113062 -0.080000
v -3.234272 0.113944 -0.089271
v -3.230853 0.116503 -0.097634
v -3.225528 0.120489 -0.104271
v -3.218818 0.125513 -0.108532
v -3.211381 0.131081 -0.110000
v -3.182126 0.097000 0.110000
v -3.188751 0.090485 0.108532
v -3.194727 0.084608 0.104271
v -3.199470 0.079943 0.097634
v -3.202515 0.076949 0.089271
v -3.203564 0.075917 0.080000
v -3.203564 0.075917 -0.080000
v -3.202515 0.076949 -0.089271
v -3.199470 0.079943 -0.097634
v -3.194727 0.084608 -0.104271
v -3.188751 0.090485 -0.108532
v -3.182126 0.097000 -0.110000
v -3.148058 0.066752 0.110000
v -3.153739 0.059399 0.108532
v -3.158864 0.052766 0.104271
v -3.162931 0.047501 0.097634
v -3.165542 0.044121 0.089271
v -3.166442 0.042957 0.080000
v -3.166442 0.042957 -0.080000
v -3.165542 0.044121 -0.089271
v -3.162931 0.047501 -0.097634
v -3.158864 0.052766 -0.104271
v -3.153739 0.059399 -0.108532
v -3.148058 0.066752 -0.110000
v -3.109334 0.040852 0.110000
v -3.113961 0.032794 0.108532
v -3.118135 0.025524 0.104271
v -3.121448 0.019755 0.097634
v -3.123575 0.016052 0.089271
v -3.124308 0.014775 0.080000
v -3.124308 0.014775 -0.080000
v -3.123575 0.016052 -0.089271
v -3.121448 0.019755 -0.097634
v -3.118135 0.025524 -0.104271
v -3.113961 0.032794 -0.108532
v -3.109334 0.040852 -0.110000
v -3.066110 0.019813 0.110000
v -3.069604 0.011203 0.108532
v -3.072757 0.003436 0.104271
v -3.075258 -0.002728 0.097634
v -3.076864 -0.006685 0.089271
v -3.077418 -0.008048 0.080000
v -3.077418 -0.008049 -0.080000
v -3.076864 -0.006685 -0.089271
v -3.075258 -0.002728 -0.097634
v -3.072757 0.003436 -0.104271
v -3.069604 0.011203 -0.108532
v -3.066110 0.019812 -0.110000
v -3.018542 0.004148 0.110000
v -3.020862 -0.004848 0.108532
v -3.022955 -0.012964 0.104271
v -3.024616 -0.019404 0.097634
v -3.025683 -0.023539 0.089271
v -3.026050 -0.024964 0.080000
v -3.026050 -0.024964 -0.080000
v -3.025683 -0.023539 -0.089271
v -3.024616 -0.019404 -0.097634
v -3.022955 -0.012964 -0.104271
v -3.020862 -0.004848 -0.108532
v -3.018542 0.004148 -0.110000
v -2.966787 -0.005627 0.110000
v -2.967932 -0.014846 0.108532
v -2.968964 -0.023161 0.104271
v -2.969783 -0.029761 0.097634
v -2.970309 -0.033998 0.089271
v -2.970491 -0.035458 0.080000
v -2.970491 -0.035458 -0.080000
v -2.970309 -0.033998 -0.089271
v -2.969783 -0.029761 -0.097634
v -2.968964 -0.023161 -0.104271
v -2.967932 -0.014846 -0.108532
v -2.966787 -0.005627 -0.110000
v -2.911000 -0.009000 0.110000
v -2.910993 -0.018288 0.108532
v -2.910986 -0.026667 0.104271
v -2.910980 -0.033316 0.097634
v -2.910977 -0.037585 0.089271
v -2.910976 -0.039056 0.080000
v -2.910976 -0.039056 -0.080000
v -2.910977 -0.037585 -0.089271
v -2.910980 -0.033316 -0.097634
v -2.910986 -0.026667 -0.104271
v -2.910993 -0.018288 -0.108532
v -2.911000 -0.009000 -0.110000
v -2.856993 -0.005646 0.110000
v -2.855822 -0.014862 0.108532
v -2.854766 -0.023176 0.104271
v -2.853928 -0.029773 0.097634
v -2.853390 -0.034009 0.089271
v -2.853205 -0.035469 0.080000
v -2.853205 -0.035469 -0.080000
v -2.853390 -0.034009 -0.089271
v -2.853928 -0.029773 -0.097634
v -2.854766 -0.023176 -0.104271
v -2.855822 -0.014862 -0.108532
v -2.856993 -0.005646 -0.110000
v -2.806607 0.004079 0.110000
v -2.804246 -0.004907 0.108532
v -2.802116 -0.013014 0.104271
v -2.800426 -0.019447 0.097634
v -2.799341 -0.023577 0.089271
v -2.798967 -0.025000 0.080000
v -2.798967 -0.025000 -0.080000
v -2.799341 -0.023577 -0.089271
v -2.800426 -0.019447 -0.097634
v -2.802116 -0.013014 -0.104271
v -2.804246 -0.004907 -0.108532
v -2.806607 0.004079 -0.110000
v -2.760047 0.019672 0.110000
v -2.756510 0.011080 0.108532
v -2.753320 0.003329 0.104271
v -2.750787 -0.002822 0.097634
v -2.749161 -0.006772 0.089271
v -2.748601 -0.008133 0.080000
v -2.748601 -0.008133 -0.080000
v -2.749161 -0.006772 -0.089271
v -2.750787 -0.002822 -0.097634
v -2.753320 0.003329 -0.104271
v -2.756510 0.011080 -0.108532
v -2.760047 0.019672 -0.110000
v -2.717519 0.040630 0.110000
v -2.712857 0.032592 0.108532
v -2.708652 0.025341 0.104271
v -2.705315 0.019586 0.097634
v -2.703172 0.015892 0.089271
v -2.702434 0.014619 0.080000
v -2.702434 0.014619 -0.080000
v -2.703172 0.015892 -0.089271
v -2.705315 0.019586 -0.097634
v -2.708652 0.025341 -0.104271
v -2.712857 0.032592 -0.108532
v -2.717519 0.040630 -0.110000
v -2.679227 0.066449 0.110000
v -2.673525 0.059112 0.108532
v -2.668381 0.052494 0.104271
v -2.664299 0.047241 0.097634
v -2.661679 0.043869 0.089271
v -2.660776 0.042707 0.080000
v -2.660776 0.042707 -0.080000
v -2.661679 0.043869 -0.089271
v -2.664299 0.047241 -0.097634
v -2.668381 0.052494 -0.104271
v -2.673525 0.059112 -0.108532
v -2.679227 0.066448 -0.110000
v -2.645375 0.096625 0.110000
v -2.638744 0.090117 0.108532
v -2.632762 0.084247 0.104271
v -2.628014 0.079588 0.097634
v -2.624966 0.076596 0.089271
v -2.623916 0.075566 0.080000
v -2.623916 0.075566 -0.080000
v -2.624966 0.076596 -0.089271
v -2.628014 0.079588 -0.097634
v -2.632762 0.084247 -0.104271
v -2.638744 0.090117 -0.108532
v -2.645375 0.096625 -0.110000
v -2.616170 0.130656 0.110000
v -2.608737 0.125082 0.108532
v -2.602031 0.120055 0.104271
v -2.596709 0.116065 0.097634
v -2.593292 0.113503 0.089271
v -2.592115 0.112620 0.080000
v -2.592115 0.112620 -0.080000
v -2.593292 0.113503 -0.089271
v -2.596709 0.116065 -0.097634
v -2.602031 0.120055 -0.104271
v -2.608737 0.125082 -0.108532
v -2.616170 0.130656 -0.110000
v -2.591815 0.168037 0.110000
v -2.583718 0.163483 0.108532
v -2.576414 0.159374 0.104271
v -2.570617 0.156113 0.097634
v -2.566895 0.154020 0.089271
v -2.565613 0.153298 0.080000
v -2.565613 0.153298 -0.080000
v -2.566895 0.154020 -0.089271
v -2.570617 0.156113 -0.097634
v -2.576414 0.159374 -0.104271
v -2.583718 0.163483 -0.108532
v -2.591815 0.168037 -0.110000
v -2.572516 0.208266 0.110000
v -2.563899 0.204795 0.108532
v -2.556126 0.201663 0.104271
v -2.549957 0.199179 0.097634
v -2.545996 0.197583 0.089271
v -2.544631 0.197033 0.080000
v -2.544631 0.197033 -0.080000
v -2.545996 0.197583 -0.089271
v -2.549957 0.199179 -0.097634
v -2.556126 0.201663 -0.104271
v -2.563899 0.204795 -0.108532
v -2.572516 0.208266 -0.110000
v -2.558477 0.250838 0.110000
v -2.549487 0.248498 0.108532
v -2.541378 0.246387 0.104271
v -2.534941 0.244712 0.097634
v -2.530809 0.243637 0.089271
v -2.529385 0.243266 0.080000
v -2.529385 0.243266 -0.080000
v -2.530809 0.243637 -0.089271
v -2.534941 0.244712 -0.097634
v -2.541378 0.246387 -0.104271
v -2.549487 0.248498 -0.108532
v -2.558477 0.250838 -0.110000
v -2.549904 0.295251 0.110000
v -2.540689 0.294074 0.108532
v -2.532377 0.293012 0.104270
v -2.525780 0.292169 0.097634
v -2.521545 0.291628 0.089270
v -2.520085 0.291442 0.080000
v -2.520085 0.291442 -0.080000
v -2.521545 0.291628 -0.089271
v -2.525780 0.292169 -0.097634
v -2.532377 0.293012 -0.104271
v -2.540689 0.294074 -0.108532
v -2.549904 0.295251 -0.110000
v -2.547000 0.341000 0.110000
v -2.537711 0.341002 0.108532
v -2.529331 0.341005 0.104270
v -2.522681 0.341006 0.097634
v -2.518411 0.341007 0.089270
v -2.516940 0.341008 0.080000
v -2.516940 0.341008 -0.080000
v -2.518411 0.341007 -0.089271
v -2.522681 0.341006 -0.097634
v -2.529331 0.341005 -0.104271
v -2.537711 0.341002 -0.108532
v -2.547000 0.341000 -0.110000
v -2.549981 0.387590 0.110000
v -2.540768 0.388779 0.108532
v -2.532457 0.389852 0.104270
v -2.525861 0.390704 0.097634
v -2.521626 0.391251 0.089270
v -2.520166 0.391439 0.080000
v -2.520166 0.391439 -0.080000
v -2.521626 0.391251 -0.089271
v -2.525861 0.390704 -0.097634
v -2.532457 0.389852 -0.104271
v -2.540768 0.388779 -0.108532
v -2.549981 0.387590 -0.110000
v -2.558764 0.432551 0.110000
v -2.549782 0.434920 0.108532
v -2.541678 0.437058 0.104270
v -2.535247 0.438754 0.097634
v -2.531118 0.439844 0.089270
v -2.529695 0.440219 0.080000
v -2.529695 0.440219 -0.080000
v -2.531118 0.439844 -0.089271
v -2.535247 0.438754 -0.097634
v -2.541678 0.437058 -0.104271
v -2.549782 0.434920 -0.108532
v -2.558764 0.432551 -0.110000
v -2.573110 0.475422 0.110000
v -2.564511 0.478940 0.108532
v -2.556755 0.482114 0.104270
v -2.550599 0.484633 0.097634
v -2.546646 0.486250 0.089270
v -2.545285 0.486807 0.080000
v -2.545285 0.486807 -0.080000
v -2.546646 0.486250 -0.089271
v -2.550599 0.484633 -0.097634
v -2.556755 0.482114 -0.104271
v -2.564511 0.478940 -0.108532
v -2.573110 0.475422 -0.110000
v -2.592778 0.515741 0.110000
v -2.584715 0.520356 0.108532
v -2.577441 0.524519 0.104270
v -2.571668 0.527823 0.097634
v -2.567961 0.529944 0.089270
v -2.566684 0.530675 0.080000
v -2.566684 0.530675 -0.080000
v -2.567961 0.529944 -0.089271
v -2.571668 0.527823 -0.097634
v -2.577441 0.524519 -0.104271
v -2.584715 0.520356 -0.108532
v -2.592778 0.515741 -0.110000
v -2.617530 0.553046 0.110000
v -2.610146 0.558685 0.108532
v -2.603485 0.563773 0.104270
v -2.598199 0.567810 0.097634
v -2.594805 0.570403 0.089270
v -2.593636 0.571296 0.080000
v -2.593636 0.571296 -0.080000
v -2.594805 0.570403 -0.089271
v -2.598199 0.567810 -0.097634
v -2.603485 0.563773 -0.104271
v -2.610146 0.558685 -0.108532
v -2.617530 0.553046 -0.110000
v -2.647125 0.586875 0.110000
v -2.640557 0.593446 0.108532
v -2.634631 0.599375 0.104270
v -2.629929 0.604079 0.097634
v -2.626910 0.607100 0.089270
v -2.625869 0.608141 0.080000
v -2.625869 0.608141 -0.080000
v -2.626910 0.607100 -0.089271
v -2.629929 0.604079 -0.097634
v -2.634631 0.599375 -0.104271
v -2.640557 0.593446 -0.108532
v -2.647125 0.586875 -0.110000
v -2.681325 0.616767 0.110000
v -2.675693 0.624157 0.108532
v -2.670613 0.630823 0.104270
v -2.666581 0.636114 0.097634
v -2.663992 0.639511 0.089270
v -2.663100 0.640682 0.080000
v -2.663100 0.640682 -0.080000
v -2.663992 0.639511 -0.089271
v -2.666581 0.636114 -0.097634
v -2.670613 0.630823 -0.104271
v -2.675693 0.624157 -0.108532
v -2.681325 0.616767 -0.110000
v -2.719889 0.642259 0.110000
v -2.715296 0.650336 0.108532
v -2.711152 0.657621 0.104270
v -2.707863 0.663403 0.097634
v -2.705751 0.667116 0.089270
v -2.705024 0.668395 0.080000
v -2.705024 0.668395 -0.080000
v -2.705751 0.667116 -0.089271
v -2.707863 0.663403 -0.097634
v -2.711152 0.657621 -0.104271
v -2.715296 0.650336 -0.108532
v -2.719889 0.642259 -0.110000
v -2.762578 0.662891 0.110000
v -2.759099 0.671505 0.108532
v -2.755960 0.679277 0.104270
v -2.753469 0.685444 0.097634
v -2.751869 0.689404 0.089270
v -2.751318 0.690769 0.080000
v -2.751318 0.690769 -0.080000
v -2.751869 0.689404 -0.089271
v -2.753469 0.685444 -0.097634
v -2.755960 0.679277 -0.104271
v -2.759099 0.671505 -0.108532
v -2.762578 0.662891 -0.110000
v -2.809153 0.678199 0.110000
v -2.806832 0.687195 0.108532
v -2.804739 0.695310 0.104270
v -2.803077 0.701750 0.097634
v -2.802010 0.705885 0.089270
v -2.801643 0.707310 0.080000
v -2.801643 0.707310 -0.080000
v -2.802010 0.705885 -0.089271
v -2.803077 0.701750 -0.097634
v -2.804739 0.695310 -0.104271
v -2.806832 0.687195 -0.108532
v -2.809153 0.678199 -0.110000
v -2.859374 0.687723 0.110000
v -2.858223 0.696940 0.108532
v -2.857184 0.705256 0.104270
v -2.856360 0.711855 0.097634
v -2.855831 0.716091 0.089270
v -2.855649 0.717551 0.080000
v -2.855649 0.717551 -0.080000
v -2.855831 0.716091 -0.089271
v -2.856360 0.711855 -0.097634
v -2.857184 0.705256 -0.104271
v -2.858223 0.696940 -0.108532
v -2.859374 0.687723 -0.110000
v -2.913000 0.691000 0.110000
v -2.912994 0.700287 0.108532
v -2.912989 0.708666 0.104270
v -2.912984 0.715315 0.097634
v -2.912982 0.719584 0.089270
v -2.912981 0.721055 0.080000
v -2.912981 0.721055 -0.080000
v -2.912982 0.719584 -0.089271
v -2.912984 0.715315 -0.097634
v -2.912989 0.708666 -0.104271
v -2.912994 0.700287 -0.108532
v -2.913000 0.691000 -0.110000
v -2.950375 0.083270 0.110000
v -2.949236 0.092489 0.108532
v -2.948208 0.100805 0.104271
v -2.947393 0.107404 0.097634
v -2.946870 0.111642 0.089271
v -2.946689 0.113102 0.080000
v -2.946689 0.113102 -0.080000
v -2.946870 0.111642 -0.089271
v -2.947393 0.107404 -0.097634
v -2.948208 0.100805 -0.104271
v -2.949236 0.092489 -0.108532
v -2.950375 0.083270 -0.110000
v -2.985829 0.089912 0.110000
v -2.983540 0.098915 0.108532
v -2.981476 0.107037 0.104271
v -2.979837 0.113482 0.097634
v -2.978785 0.117621 0.089271
v -2.978423 0.119046 0.080000
v -2.978423 0.119046 -0.080000
v -2.978785 0.117621 -0.089271
v -2.979837 0.113482 -0.097634
v -2.981476 0.107037 -0.104271
v -2.983540 0.098915 -0.108532
v -2.985829 0.089912 -0.110000
v -3.019110 0.100672 0.110000
v -3.015684 0.109307 0.108532
v -3.012594 0.117097 0.104271
v -3.010141 0.123280 0.097634
v -3.008566 0.127249 0.089271
v -3.008024 0.128617 0.080000
v -3.008024 0.128617 -0.080000
v -3.008566 0.127249 -0.089271
v -3.010141 0.123280 -0.097634
v -3.012594 0.117097 -0.104271
v -3.015684 0.109307 -0.108532
v -3.019110 0.100672 -0.110000
v -3.049963 0.115296 0.110000
v -3.045439 0.123411 0.108532
v -3.041359 0.130732 0.104271
v -3.038120 0.136542 0.097634
v -3.036041 0.140272 0.089271
v -3.035324 0.141557 0.080000
v -3.035324 0.141557 -0.080000
v -3.036041 0.140272 -0.089271
v -3.038120 0.136542 -0.097634
v -3.041359 0.130732 -0.104271
v -3.045439 0.123411 -0.108532
v -3.049963 0.115296 -0.110000
v -3.078136 0.133532 0.110000
v -3.072580 0.140978 0.108532
v -3.067567 0.147696 0.104271
v -3.063589 0.153027 0.097634
v -3.061034 0.156449 0.089271
v -3.060154 0.157629 0.080000
v -3.060154 0.157629 -0.080000
v -3.061034 0.156449 -0.089271
v -3.063589 0.153027 -0.097634
v -3.067567 0.147696 -0.104271
v -3.072580 0.140978 -0.108532
v -3.078136 0.133532 -0.110000
v -3.103375 0.155125 0.110000
v -3.096875 0.161764 0.108532
v -3.091011 0.167753 0.104271
v -3.086358 0.172507 0.097634
v -3.083370 0.175558 0.089271
v -3.082340 0.176610 0.080000
v -3.082340 0.176610 -0.080000
v -3.083370 0.175558 -0.089271
v -3.086358 0.172507 -0.097634
v -3.091011 0.167753 -0.104271
v -3.096875 0.161764 -0.108532
v -3.103375 0.155125 -0.110000
v -3.125427 0.179822 0.110000
v -3.118095 0.185530 0.108532
v -3.111481 0.190679 0.104271
v -3.106232 0.194766 0.097634
v -3.102862 0.197389 0.089271
v -3.101701 0.198293 0.080000
v -3.101701 0.198293 -0.080000
v -3.102862 0.197389 -0.089271
v -3.106232 0.194766 -0.097634
v -3.111481 0.190679 -0.104271
v -3.118095 0.185530 -0.108532
v -3.125427 0.179822 -0.110000
v -3.144037 0.207370 0.110000
v -3.136005 0.212042 0.108532
v -3.128760 0.216256 0.104271
v -3.123010 0.219601 0.097634
v -3.119318 0.221748 0.089271
v -3.118046 0.222488 0.080000
v -3.118046 0.222488 -0.080000
v -3.119318 0.221748 -0.089271
v -3.123010 0.219601 -0.097634
v -3.128760 0.216256 -0.104271
v -3.136005 0.212042 -0.108532
v -3.144037 0.207370 -0.110000
v -3.158953 0.237516 0.110000
v -3.150369 0.241070 0.108532
v -3.142624 0.244276 0.104271
v -3.136478 0.246821 0.097634
v -3.132533 0.248454 0.089271
v -3.131173 0.249017 0.080000
v -3.131173 0.249017 -0.080000
v -3.132533 0.248454 -0.089271
v -3.136478 0.246821 -0.097634
v -3.142624 0.244276 -0.104271
v -3.150369 0.241070 -0.108532
v -3.158953 0.237516 -0.110000
v -3.169922 0.270005 0.110000
v -3.160942 0.272388 0.108532
v -3.152841 0.274538 0.104270
v -3.146412 0.276244 0.097634
v -3.142284 0.277340 0.089270
v -3.140862 0.277717 0.080000
v -3.140862 0.277717 -0.080000
v -3.142284 0.277340 -0.089271
v -3.146412 0.276244 -0.097634
v -3.152841 0.274538 -0.104271
v -3.160942 0.272388 -0.108532
v -3.169922 0.270005 -0.110000
v -3.176688 0.304584 0.110000
v -3.167475 0.305773 0.108532
v -3.159163 0.306845 0.104270
v -3.152567 0.307696 0.097634
v -3.148332 0.308243 0.089270
v -3.146872 0.308431 0.080000
v -3.146872 0.308431 -0.080000
v -3.148332 0.308243 -0.089271
v -3.152567 0.307696 -0.097634
v -3.159163 0.306845 -0.104271
v -3.167475 0.305773 -0.108532
v -3.176688 0.304584 -0.110000
v -3.179000 0.341000 0.110000
v -3.169711 0.341002 0.108532
v -3.161331 0.341003 0.104270
v -3.154681 0.341004 0.097634
v -3.150412 0.341005 0.089270
v -3.148940 0.341005 0.080000
v -3.148940 0.341005 -0.080000
v -3.150412 0.341005 -0.089271
v -3.154681 0.341004 -0.097634
v -3.161331 0.341003 -0.104271
v -3.169711 0.341002 -0.108532
v -3.179000 0.341000 -0.110000
v -3.176688 0.377626 0.110000
v -3.167474 0.376442 0.108532
v -3.159162 0.375375 0.104270
v -3.152565 0.374527 0.097634
v -3.148330 0.373983 0.089270
v -3.146871 0.373795 0.080000
v -3.146871 0.373795 -0.080000
v -3.148330 0.373983 -0.089271
v -3.152565 0.374527 -0.097634
v -3.159162 0.375375 -0.104271
v -3.167474 0.376442 -0.108532
v -3.176688 0.377626 -0.110000
v -3.169922 0.412343 0.110000
v -3.160940 0.409966 0.108532
v -3.152838 0.407822 0.104270
v -3.146407 0.406120 0.097634
v -3.142279 0.405028 0.089270
v -3.140856 0.404651 0.080000
v -3.140856 0.404651 -0.080000
v -3.142279 0.405028 -0.089271
v -3.146407 0.406120 -0.097634
v -3.152838 0.407822 -0.104271
v -3.160940 0.409966 -0.108532
v -3.169922 0.412343 -0.110000
v -3.158953 0.444906 0.110000
v -3.150367 0.441356 0.108532
v -3.142621 0.438154 0.104270
v -3.136474 0.435612 0.097634
v -3.132527 0.433980 0.089270
v -3.131167 0.433418 0.080000
v -3.131167 0.433418 -0.080000
v -3.132527 0.433980 -0.089271
v -3.136474 0.435612 -0.097634
v -3.142621 0.438154 -0.104271
v -3.150367 0.441356 -0.108532
v -3.158953 0.444906 -0.110000
v -3.144037 0.475074 0.110000
v -3.136005 0.470402 0.108532
v -3.128760 0.466188 0.104270
v -3.123009 0.462843 0.097634
v -3.119318 0.460696 0.089270
v -3.118046 0.459956 0.080000
v -3.118046 0.459956 -0.080000
v -3.119318 0.460696 -0.089271
v -3.123009 0.462843 -0.097634
v -3.128760 0.466188 -0.104271
v -3.136005 0.470402 -0.108532
v -3.144037 0.475074 -0.110000
v -3.125427 0.502603 0.110000
v -3.118099 0.496890 0.108532
v -3.111488 0.491737 0.104270
v -3.106242 0.487647 0.097634
v -3.102873 0.485021 0.089270
v -3.101713 0.484116 0.080000
v -3.101713 0.484116 -0.080000
v -3.102873 0.485021 -0.089271
v -3.106242 0.487647 -0.097634
v -3.111488 0.491737 -0.104271
v -3.118099 0.496890 -0.108532
v -3.125427 0.502603 -0.110000
v -3.103375 0.527250 0.110000
v -3.096884 0.520602 0.108532
v -3.091027 0.514605 0.104270
v -3.086380 0.509846 0.097634
v -3.083396 0.506790 0.089270
v -3.082368 0.505737 0.080000
v -3.082368 0.505737 -0.080000
v -3.083396 0.506790 -0.089271
v -3.086380 0.509846 -0.097634
v -3.091027 0.514605 -0.104271
v -3.096884 0.520602 -0.108532
v -3.103375 0.527250 -0.110000
v -3.078136 0.548772 0.110000
v -3.072593 0.541315 0.108532
v -3.067593 0.534589 0.104270
v -3.063624 0.529250 0.097634
v -3.061076 0.525823 0.089270
v -3.060199 0.524642 0.080000
v -3.060199 0.524642 -0.080000
v -3.061076 0.525823 -0.089271
v -3.063624 0.529250 -0.097634
v -3.067593 0.534589 -0.104271
v -3.072593 0.541315 -0.108532
v -3.078136 0.548772 -0.110000
v -3.049963 0.566926 0.110000
v -3.045457 0.558801 0.108532
v -3.041391 0.551472 0.104270
v -3.038165 0.545656 0.097634
v -3.036093 0.541921 0.089270
v -3.035380 0.540634 0.080000
v -3.035380 0.540634 -0.080000
v -3.036093 0.541921 -0.089271
v -3.038165 0.545656 -0.097634
v -3.041391 0.551472 -0.104271
v -3.045457 0.558801 -0.108532
v -3.049963 0.566926 -0.110000
v -3.019110 0.581469 0.110000
v -3.015702 0.572826 0.108532
v -3.012627 0.565030 0.104270
v -3.010187 0.558843 0.097634
v -3.008621 0.554870 0.089270
v -3.008081 0.553501 0.080000
v -3.008081 0.553501 -0.080000
v -3.008621 0.554870 -0.089271
v -3.010187 0.558843 -0.097634
v -3.012627 0.565030 -0.104271
v -3.015702 0.572826 -0.108532
v -3.019110 0.581469 -0.110000
v -2.985829 0.592157 0.110000
v -2.983555 0.583151 0.108532
v -2.981504 0.575026 0.104270
v -2.979876 0.568578 0.097634
v -2.978831 0.564438 0.089270
v -2.978471 0.563011 0.080000
v -2.978471 0.563011 -0.080000
v -2.978831 0.564438 -0.089271
v -2.979876 0.568578 -0.097634
v -2.981504 0.575026 -0.104271
v -2.983555 0.583151 -0.108532
v -2.985829 0.592157 -0.110000
v -2.950375 0.598749 0.110000
v -2.949244 0.589530 0.108532
v -2.948225 0.581213 0.104270
v -2.947416 0.574613 0.097634
v -2.946896 0.570375 0.089270
v -2.946717 0.568915 0.080000
v -2.946717 0.568915 -0.080000
v -2.946896 0.570375 -0.089271
v -2.947416 0.574613 -0.097634
v -2.948225 0.581213 -0.104271
v -2.949244 0.589530 -0.108532
v -2.950375 0.598749 -0.110000
v -2.913000 0.601000 0.110000
v -2.913002 0.591713 0.108532
v -2.913004 0.583334 0.104270
v -2.913005 0.576685 0.097634
v -2.913006 0.572416 0.089270
v -2.913006 0.570945 0.080000
v -2.913006 0.570945 -0.080000
v -2.913006 0.572416 -0.089271
v -2.913005 0.576685 -0.097634
v -2.913004 0.583334 -0.104271
v -2.913002 0.591713 -0.108532
v -2.913000 0.601000 -0.110000
v -2.875856 0.598749 0.110000
v -2.876992 0.589530 0.108532
v -2.878017 0.581214 0.104270
v -2.878831 0.574614 0.097634
v -2.879354 0.570377 0.089270
v -2.879533 0.568917 0.080000
v -2.879533 0.568917 -0.080000
v -2.879354 0.570377 -0.089271
v -2.878831 0.574614 -0.097634
v -2.878017 0.581214 -0.104271
v -2.876992 0.589530 -0.108532
v -2.875856 0.598749 -0.110000
v -2.840593 0.592157 0.110000
v -2.842877 0.583153 0.108532
v -2.844938 0.575031 0.104270
v -2.846574 0.568584 0.097634
v -2.847624 0.564446 0.089270
v -2.847985 0.563020 0.080000
v -2.847985 0.563020 -0.080000
v -2.847624 0.564446 -0.089271
v -2.846574 0.568584 -0.097634
v -2.844938 0.575031 -0.104271
v -2.842877 0.583153 -0.108532
v -2.840593 0.592157 -0.110000
v -2.807469 0.581469 0.110000
v -2.810890 0.572831 0.108532
v -2.813976 0.565039 0.104270
v -2.816425 0.558856 0.097634
v -2.817997 0.554886 0.089270
v -2.818539 0.553518 0.080000
v -2.818539 0.553518 -0.080000
v -2.817997 0.554886 -0.089271
v -2.816425 0.558856 -0.097634
v -2.813976 0.565039 -0.104271
v -2.810890 0.572831 -0.108532
v -2.807469 0.581469 -0.110000
v -2.776741 0.566926 0.110000
v -2.781260 0.558808 0.108532
v -2.785337 0.551486 0.104270
v -2.788573 0.545674 0.097634
v -2.790650 0.541943 0.089270
v -2.791366 0.540657 0.080000
v -2.791366 0.540657 -0.080000
v -2.790650 0.541943 -0.089271
v -2.788573 0.545674 -0.097634
v -2.785337 0.551486 -0.104271
v -2.781260 0.558808 -0.108532
v -2.776741 0.566926 -0.110000
v -2.748666 0.548772 0.110000
v -2.754220 0.541324 0.108532
v -2.759231 0.534605 0.104270
v -2.763207 0.529272 0.097634
v -2.765760 0.525849 0.089270
v -2.766640 0.524669 0.080000
v -2.766640 0.524669 -0.080000
v -2.765760 0.525849 -0.089271
v -2.763207 0.529272 -0.097634
v -2.759231 0.534605 -0.104271
v -2.754220 0.541324 -0.108532
v -2.748666 0.548772 -0.110000
v -2.723500 0.527250 0.110000
v -2.730000 0.520611 0.108532
v -2.735864 0.514621 0.104270
v -2.740518 0.509868 0.097634
v -2.743506 0.506816 0.089270
v -2.744535 0.505765 0.080000
v -2.744535 0.505765 -0.080000
v -2.743506 0.506816 -0.089271
v -2.740518 0.509868 -0.097634
v -2.735864 0.514621 -0.104271
v -2.730000 0.520611 -0.108532
v -2.723500 0.527250 -0.110000
v -2.701501 0.502603 0.110000
v -2.708835 0.496898 0.108532
v -2.715451 0.491751 0.104270
v -2.720702 0.487667 0.097634
v -2.724073 0.485044 0.089270
v -2.725235 0.484141 0.080000
v -2.725235 0.484141 -0.080000
v -2.724073 0.485044 -0.089271
v -2.720702 0.487667 -0.097634
v -2.715451 0.491751 -0.104271
v -2.708835 0.496898 -0.108532
v -2.701501 0.502603 -0.110000
v -2.682926 0.475074 0.110000
v -2.690961 0.470408 0.108532
v -2.698210 0.466199 0.104270
v -2.703963 0.462859 0.097634
v -2.707656 0.460714 0.089270
v -2.708929 0.459975 0.080000
v -2.708929 0.459975 -0.080000
v -2.707656 0.460714 -0.089271
v -2.703963 0.462859 -0.097634
v -2.698210 0.466199 -0.104271
v -2.690961 0.470408 -0.108532
v -2.682926 0.475074 -0.110000
v -2.668031 0.444906 0.110000
v -2.676620 0.441360 0.108532
v -2.684367 0.438161 0.104270
v -2.690515 0.435622 0.097634
v -2.694463 0.433992 0.089270
v -2.695823 0.433430 0.080000
v -2.695823 0.433430 -0.080000
v -2.694463 0.433992 -0.089271
v -2.690515 0.435622 -0.097634
v -2.684367 0.438161 -0.104271
v -2.676620 0.441360 -0.108532
v -2.668031 0.444906 -0.110000
v -2.657074 0.412343 0.110000
v -2.666056 0.409968 0.108532
v -2.674159 0.407825 0.104270
v -2.680590 0.406125 0.097634
v -2.684718 0.405033 0.089270
v -2.686141 0.404657 0.080000
v -2.686141 0.404657 -0.080000
v -2.684718 0.405033 -0.089271
v -2.680590 0.406125 -0.097634
v -2.674159 0.407825 -0.104271
v -2.666056 0.409968 -0.108532
v -2.657074 0.412343 -0.110000
v -2.650311 0.377626 0.110000
v -2.659526 0.376443 0.108532
v -2.667838 0.375376 0.104270
v -2.674435 0.374529 0.097634
v -2.678670 0.373985 0.089270
v -2.680130 0.373797 0.080000
v -2.680130 0.373797 -0.080000
v -2.678670 0.373985 -0.089271
v -2.674435 0.374529 -0.097634
v -2.667838 0.375376 -0.104271
v -2.659526 0.376443 -0.108532
v -2.650311 0.377626 -0.110000
v -2.648000 0.341000 0.110000
v -2.657289 0.341002 0.108532
v -2.665669 0.341003 0.104270
v -2.672319 0.341004 0.097634
v -2.676589 0.341005 0.089270
v -2.678060 0.341005 0.080000
v -2.678060 0.341005 -0.080000
v -2.676589 0.341005 -0.089271
v -2.672319 0.341004 -0.097634
v -2.665669 0.341003 -0.104271
v -2.657289 0.341002 -0.108532
v -2.648000 0.341000 -0.110000
v -2.650311 0.304584 0.110000
v -2.659525 0.305772 0.108532
v -2.667837 0.306844 0.104270
v -2.674433 0.307695 0.097634
v -2.678668 0.308241 0.089270
v -2.680128 0.308429 0.080000
v -2.680128 0.308429 -0.080000
v -2.678668 0.308241 -0.089271
v -2.674433 0.307695 -0.097634
v -2.667837 0.306844 -0.104271
v -2.659525 0.305772 -0.108532
v -2.650311 0.304584 -0.110000
v -2.657074 0.270005 0.110000
v -2.666055 0.272386 0.108532
v -2.674156 0.274534 0.104270
v -2.680585 0.276239 0.097634
v -2.684713 0.277334 0.089270
v -2.686136 0.277711 0.080000
v -2.686136 0.277711 -0.080000
v -2.684713 0.277334 -0.089271
v -2.680585 0.276239 -0.097634
v -2.674156 0.274534 -0.104271
v -2.666055 0.272386 -0.108532
v -2.657074 0.270005 -0.110000
v -2.668031 0.237516 0.110000
v -2.676618 0.241066 0.108532
v -2.684363 0.244269 0.104271
v -2.690510 0.246811 0.097634
v -2.694457 0.248443 0.089271
v -2.695817 0.249005 0.080000
v -2.695817 0.249005 -0.080000
v -2.694457 0.248443 -0.089271
v -2.690510 0.246811 -0.097634
v -2.684363 0.244269 -0.104271
v -2.676618 0.241066 -0.108532
v -2.668031 0.237516 -0.110000
v -2.682926 0.207370 0.110000
v -2.690961 0.212036 0.108532
v -2.698210 0.216245 0.104271
v -2.703962 0.219585 0.097634
v -2.707656 0.221730 0.089271
v -2.708928 0.222469 0.080000
v -2.708928 0.222469 -0.080000
v -2.707656 0.221730 -0.089271
v -2.703962 0.219585 -0.097634
v -2.698210 0.216245 -0.104271
v -2.690961 0.212036 -0.108532
v -2.682926 0.207370 -0.110000
v -2.701501 0.179822 0.110000
v -2.708839 0.185523 0.108532
v -2.715458 0.190665 0.104271
v -2.720711 0.194746 0.097634
v -2.724084 0.197366 0.089271
v -2.725246 0.198269 0.080000
v -2.725246 0.198269 -0.080000
v -2.724084 0.197366 -0.089271
v -2.720711 0.194746 -0.097634
v -2.715458 0.190665 -0.104271
v -2.708839 0.185523 -0.108532
v -2.701501 0.179822 -0.110000
v -2.723500 0.155125 0.110000
v -2.730009 0.161756 0.108532
v -2.735881 0.167737 0.104271
v -2.740541 0.172484 0.097634
v -2.743532 0.175532 0.089271
v -2.744563 0.176582 0.080000
v -2.744563 0.176582 -0.080000
v -2.743532 0.175532 -0.089271
v -2.740541 0.172484 -0.097634
v -2.735881 0.167737 -0.104271
v -2.730009 0.161756 -0.108532
v -2.723500 0.155125 -0.110000
v -2.748666 0.133532 0.110000
v -2.754234 0.140970 0.108532
v -2.759257 0.147680 0.104271
v -2.763243 0.153005 0.097634
v -2.765802 0.156423 0.089271
v -2.766684 0.157601 0.080000
v -2.766684 0.157601 -0.080000
v -2.765802 0.156423 -0.089271
v -2.763243 0.153005 -0.097634
v -2.759257 0.147680 -0.104271
v -2.754234 0.140970 -0.108532
v -2.748666 0.133532 -0.110000
v -2.776741 0.115296 0.110000
v -2.781277 0.123404 0.108532
v -2.785370 0.130718 0.104271
v -2.788618 0.136523 0.097634
v -2.790703 0.140250 0.089271
v -2.791421 0.141534 0.080000
v -2.791421 0.141534 -0.080000
v -2.790703 0.140250 -0.089271
v -2.788618 0.136523 -0.097634
v -2.785370 0.130718 -0.104271
v -2.781277 0.123404 -0.108532
v -2.776741 0.115296 -0.110000
v -2.807469 0.100672 0.110000
v -2.810908 0.109302 0.108532
v -2.814010 0.117088 0.104271
v -2.816471 0.123267 0.097634
v -2.818052 0.127233 0.089271
v -2.818597 0.128600 0.080000
v -2.818597 0.128600 -0.080000
v -2.818052 0.127233 -0.089271
v -2.816471 0.123267 -0.097634
v -2.814010 0.117088 -0.104271
v -2.810908 0.109302 -0.108532
v -2.807469 0.100672 -0.110000
v -2.840593 0.089912 0.110000
v -2.842892 0.098912 0.108532
v -2.844967 0.107032 0.104271
v -2.846613 0.113475 0.097634
v -2.847670 0.117612 0.089271
v -2.848034 0.119038 0.080000
v -2.848034 0.119038 -0.080000
v -2.847670 0.117612 -0.089271
v -2.846613 0.113475 -0.097634
v -2.844967 0.107032 -0.104271
v -2.842892 0.098912 -0.108532
v -2.840593 0.089912 -0.110000
v -2.875856 0.083270 0.110000
v -2.877001 0.092488 0.108532
v -2.878034 0.100804 0.104271
v -2.878854 0.107403 0.097634
v -2.879380 0.111640 0.089271
v -2.879562 0.113100 0.080000
v -2.879562 0.113100 -0.080000
v -2.879380 0.111640 -0.089271
v -2.878854 0.107403 -0.097634
v -2.878034 0.100804 -0.104271
v -2.877001 0.092488 -0.108532
v -2.875856 0.083270 -0.110000
v -2.913000 0.081000 0.110000
v -2.913002 0.090288 0.108532
v -2.913004 0.098666 0.104271
v -2.913005 0.105316 0.097634
v -2.913006 0.109585 0.089271
v -2.913006 0.111056 0.080000
v -2.913006 0.111056 -0.080000
v -2.913006 0.109585 -0.089271
v -2.913005 0.105316 -0.097634
v -2.913004 0.098666 -0.104271
v -2.913002 0.090288 -0.108532
v -2.913000 0.081000 -0.110000
v -3.425000 0.449000 0.110000
v -3.431058 0.458271 0.108532
v -3.436523 0.466634 0.104270
v -3.440860 0.473271 0.097634
v -3.443645 0.477532 0.089270
v -3.444604 0.479000 0.080000
v -3.444604 0.479000 -0.080000
v -3.443645 0.477532 -0.089271
v -3.440860 0.473271 -0.097634
v -3.436523 0.466634 -0.104271
v -3.431058 0.458271 -0.108532
v -3.425000 0.449000 -0.110000
v -3.546000 0.173000 0.110000
v -3.545893 0.196332 0.108532
v -3.545797 0.217381 0.104271
v -3.545721 0.234085 0.097634
v -3.545672 0.244810 0.089271
v -3.545655 0.248505 0.080000
v -3.545655 0.248505 -0.080000
v -3.545672 0.244810 -0.089271
v -3.545721 0.234085 -0.097634
v -3.545797 0.217381 -0.104271
v -3.545893 0.196332 -0.108532
v -3.546000 0.173000 -0.110000
v -3.664000 0.449000 0.110000
v -3.657881 0.458271 0.108532
v -3.652362 0.466634 0.104270
v -3.647981 0.473271 0.097634
v -3.645169 0.477532 0.089270
v -3.644200 0.479000 0.080000
v -3.644200 0.479000 -0.080000
v -3.645169 0.477532 -0.089271
v -3.647981 0.473271 -0.097634
v -3.652362 0.466634 -0.104271
v -3.657881 0.458271 -0.108532
v -3.664000 0.449000 -0.110000
v -3.759000 0.449000 0.110000
v -3.773108 0.458271 0.108532
v -3.785834 0.466634 0.104270
v -3.795934 0.473271 0.097634
v -3.802419 0.477532 0.089270
v -3.804653 0.479000 0.080000
v -3.804653 0.479000 -0.080000
v -3.802419 0.477532 -0.089271
v -3.795934 0.473271 -0.097634
v -3.785834 0.466634 -0.104271
v -3.773108 0.458271 -0.108532
v -3.759000 0.449000 -0.110000
v -3.561000 -0.009000 0.110000
v -3.567092 -0.018271 0.108532
v -3.572588 -0.026634 0.104271
v -3.576949 -0.033271 0.097634
v -3.579750 -0.037532 0.089271
v -3.580714 -0.039000 0.080000
v -3.580714 -0.039000 -0.080000
v -3.579750 -0.037532 -0.089271
v -3.576949 -0.033271 -0.097634
v -3.572588 -0.026634 -0.104271
v -3.567092 -0.018271 -0.108532
v -3.561000 -0.009000 -0.110000
v -3.531000 -0.009000 0.110000
v -3.524969 -0.018271 0.108532
v -3.519528 -0.026634 0.104271
v -3.515210 -0.033271 0.097634
v -3.512438 -0.037532 0.089271
v -3.511482 -0.039000 0.080000
v -3.511482 -0.039000 -0.080000
v -3.512438 -0.037532 -0.089271
v -3.515210 -0.033271 -0.097634
v -3.519528 -0.026634 -0.104271
v -3.524969 -0.018271 -0.108532
v -3.531000 -0.009000 -0.110000
v -3.328000 0.449000 0.110000
v -3.313751 0.458271 0.108532
v -3.300896 0.466634 0.104270
v -3.290695 0.473271 0.097634
v -3.284145 0.477532 0.089270
v -3.281888 0.479000 0.080000
v -3.281888 0.479000 -0.080000
v -3.284145 0.477532 -0.089271
v -3.290695 0.473271 -0.097634
v -3.300896 0.466634 -0.104271
v -3.313751 0.458271 -0.108532
v -3.328000 0.449000 -0.110000
v -4.187586 0.035395 0.110000
v -4.192438 0.027493 0.108532
v -4.196815 0.020365 0.104271
v -4.200288 0.014708 0.097634
v -4.202518 0.011076 0.089271
v -4.203287 0.009825 0.080000
v -4.203287 0.009825 -0.080000
v -4.202518 0.011076 -0.089271
v -4.200288 0.014708 -0.097634
v -4.196815 0.020365 -0.104271
v -4.192438 0.027493 -0.108532
v -4.187586 0.035395 -0.110000
v -4.174269 0.027574 0.110000
v -4.178783 0.019475 0.108532
v -4.182857 0.012168 0.104271
v -4.186089 0.006369 0.097634
v -4.188164 0.002646 0.089271
v -4.188879 0.001363 0.080000
v -4.188879 0.001363 -0.080000
v -4.188164 0.002646 -0.089271
v -4.186089 0.006369 -0.097634
v -4.182857 0.012168 -0.104271
v -4.178783 0.019475 -0.108532
v -4.174269 0.027574 -0.110000
v -4.160938 0.020531 0.110000
v -4.165064 0.012226 0.108532
v -4.168786 0.004734 0.104271
v -4.171740 -0.001211 0.097634
v -4.173636 -0.005029 0.089271
v -4.174290 -0.006344 0.080000
v -4.174290 -0.006344 -0.080000
v -4.173636 -0.005029 -0.089271
v -4.171740 -0.001211 -0.097634
v -4.168786 0.004734 -0.104271
v -4.165064 0.012226 -0.108532
v -4.160938 0.020531 -0.110000
v -4.147482 0.014259 0.110000
v -4.151173 0.005752 0.108532
v -4.154502 -0.001923 0.104271
v -4.157145 -0.008014 0.097634
v -4.158841 -0.011925 0.089271
v -4.159426 -0.013272 0.080000
v -4.159426 -0.013272 -0.080000
v -4.158841 -0.011925 -0.089271
v -4.157145 -0.008014 -0.097634
v -4.154502 -0.001923 -0.104271
v -4.151173 0.005752 -0.108532
v -4.147482 0.014259 -0.110000
v -4.133790 0.008751 0.110000
v -4.137008 0.000053 0.108532
v -4.139911 -0.007793 0.104271
v -4.142215 -0.014020 0.097634
v -4.143694 -0.018018 0.089271
v -4.144204 -0.019396 0.080000
v -4.144204 -0.019396 -0.080000
v -4.143694 -0.018018 -0.089271
v -4.142215 -0.014020 -0.097634
v -4.139911 -0.007793 -0.104271
v -4.137008 0.000053 -0.108532
v -4.133790 0.008751 -0.110000
v -4.119750 0.004000 0.110000
v -4.122471 -0.004866 0.108532
v -4.124926 -0.012864 0.104271
v -4.126874 -0.019212 0.097634
v -4.128125 -0.023287 0.089271
v -4.128556 -0.024691 0.080000
v -4.128556 -0.024691 -0.080000
v -4.128125 -0.023287 -0.089271
v -4.126874 -0.019212 -0.097634
v -4.124926 -0.012864 -0.104271
v -4.122471 -0.004866 -0.108532
v -4.119750 0.004000 -0.110000
v -4.105252 -0.000001 0.110000
v -4.107467 -0.009007 0.108532
v -4.109465 -0.017131 0.104271
v -4.111050 -0.023579 0.097634
v -4.112068 -0.027718 0.089271
v -4.112419 -0.029145 0.080000
v -4.112419 -0.029145 -0.080000
v -4.112068 -0.027718 -0.089271
v -4.111050 -0.023579 -0.097634
v -4.109465 -0.017131 -0.104271
v -4.107467 -0.009007 -0.108532
v -4.105252 -0.000001 -0.110000
v -4.090185 -0.003259 0.110000
v -4.091899 -0.012373 0.108532
v -4.093445 -0.020595 0.104271
v -4.094672 -0.027120 0.097634
v -4.095460 -0.031310 0.089271
v -4.095732 -0.032753 0.080000
v -4.095732 -0.032753 -0.080000
v -4.095460 -0.031310 -0.089271
v -4.094672 -0.027120 -0.097634
v -4.093445 -0.020595 -0.104271
v -4.091899 -0.012373 -0.108532
v -4.090185 -0.003259 -0.110000
v -4.074438 -0.005781 0.110000
v -4.075671 -0.014972 0.108532
v -4.076784 -0.023264 0.104271
v -4.077666 -0.029844 0.097634
v -4.078233 -0.034069 0.089271
v -4.078429 -0.035524 0.080000
v -4.078429 -0.035524 -0.080000
v -4.078233 -0.034069 -0.089271
v -4.077666 -0.029844 -0.097634
v -4.076784 -0.023264 -0.104271
v -4.075671 -0.014972 -0.108532
v -4.074438 -0.005781 -0.110000
v -4.057899 -0.007574 0.110000
v -4.058682 -0.016814 0.108532
v -4.059390 -0.025149 0.104271
v -4.059951 -0.031764 0.097634
v -4.060311 -0.036011 0.089271
v -4.060435 -0.037475 0.080000
v -4.060435 -0.037475 -0.080000
v -4.060311 -0.036011 -0.089271
v -4.059951 -0.031764 -0.097634
v -4.059390 -0.025149 -0.104271
v -4.058682 -0.016814 -0.108532
v -4.057899 -0.007574 -0.110000
v -4.040456 -0.008645 0.110000
v -4.040830 -0.017910 0.108532
v -4.041166 -0.026268 0.104271
v -4.041434 -0.032901 0.097634
v -4.041605 -0.037160 0.089271
v -4.041665 -0.038627 0.080000
v -4.041665 -0.038627 -0.080000
v -4.041605 -0.037160 -0.089271
v -4.041434 -0.032901 -0.097634
v -4.041166 -0.026268 -0.104271
v -4.040830 -0.017910 -0.108532
v -4.040456 -0.008645 -0.110000
v -4.022000 -0.009000 0.110000
v -4.021769 -0.018277 0.108532
v -4.021560 -0.026645 0.104271
v -4.021394 -0.033287 0.097634
v -4.021287 -0.037551 0.089271
v -4.021251 -0.039020 0.080000
v -4.021251 -0.039020 -0.080000
v -4.021287 -0.037551 -0.089271
v -4.021394 -0.033287 -0.097634
v -4.021560 -0.026645 -0.104271
v -4.021769 -0.018277 -0.108532
v -4.022000 -0.009000 -0.110000
v -3.988301 -0.006665 0.110000
v -3.986989 -0.015867 0.108532
v -3.985804 -0.024168 0.104271
v -3.984864 -0.030756 0.097634
v -3.984261 -0.034986 0.089271
v -3.984053 -0.036443 0.080000
v -3.984053 -0.036443 -0.080000
v -3.984261 -0.034986 -0.089271
v -3.984864 -0.030756 -0.097634
v -3.985804 -0.024168 -0.104271
v -3.986989 -0.015867 -0.108532
v -3.988301 -0.006665 -0.110000
v -3.957241 0.000093 0.110000
v -3.954590 -0.008818 0.108532
v -3.952198 -0.016856 0.104271
v -3.950299 -0.023235 0.097634
v -3.949080 -0.027331 0.089271
v -3.948661 -0.028742 0.080000
v -3.948661 -0.028742 -0.080000
v -3.949080 -0.027331 -0.089271
v -3.950299 -0.023235 -0.097634
v -3.952198 -0.016856 -0.104271
v -3.954590 -0.008818 -0.108532
v -3.957241 0.000093 -0.110000
v -3.928875 0.010906 0.110000
v -3.924918 0.002494 0.108532
v -3.921348 -0.005096 0.104271
v -3.918515 -0.011119 0.097634
v -3.916696 -0.014986 0.089271
v -3.916070 -0.016318 0.080000
v -3.916070 -0.016318 -0.080000
v -3.916696 -0.014986 -0.089271
v -3.918515 -0.011119 -0.097634
v -3.921348 -0.005096 -0.104271
v -3.924918 0.002494 -0.108532
v -3.928875 0.010906 -0.110000
v -3.903260 0.025407 0.110000
v -3.898094 0.017679 0.108532
v -3.893434 0.010707 0.104271
v -3.889736 0.005173 0.097634
v -3.887362 0.001621 0.089271
v -3.886544 0.000397 0.080000
v -3.886544 0.000397 -0.080000
v -3.887362 0.001621 -0.089271
v -3.889736 0.005173 -0.097634
v -3.893434 0.010707 -0.104271
v -3.898094 0.017679 -0.108532
v -3.903260 0.025407 -0.110000
v -3.880449 0.043228 0.110000
v -3.874221 0.036330 0.108532
v -3.868602 0.030107 0.104271
v -3.864143 0.025168 0.097634
v -3.861280 0.021997 0.089271
v -3.860294 0.020905 0.080000
v -3.860294 0.020905 -0.080000
v -3.861280 0.021997 -0.089271
v -3.864143 0.025168 -0.097634
v -3.868602 0.030107 -0.104271
v -3.874221 0.036330 -0.108532
v -3.880449 0.043228 -0.110000
v -3.860500 0.064000 0.110000
v -3.853379 0.058031 0.108532
v -3.846956 0.052646 0.104271
v -3.841858 0.048373 0.097634
v -3.838585 0.045629 0.089271
v -3.837457 0.044683 0.080000
v -3.837457 0.044683 -0.080000
v -3.838585 0.045629 -0.089271
v -3.841858 0.048373 -0.097634
v -3.846956 0.052646 -0.104271
v -3.853379 0.058031 -0.108532
v -3.860500 0.064000 -0.110000
v -3.843468 0.087355 0.110000
v -3.835629 0.082371 0.108532
v -3.828558 0.077874 0.104271
v -3.822946 0.074305 0.097634
v -3.819343 0.072014 0.089271
v -3.818101 0.071224 0.080000
v -3.818101 0.071224 -0.080000
v -3.819343 0.072014 -0.089271
v -3.822946 0.074305 -0.097634
v -3.828558 0.077874 -0.104271
v -3.835629 0.082371 -0.108532
v -3.843468 0.087355 -0.110000
v -3.829407 0.112926 0.110000
v -3.821015 0.108948 0.108532
v -3.813445 0.105359 0.104271
v -3.807436 0.102511 0.097634
v -3.803579 0.100683 0.089271
v -3.802250 0.100053 0.080000
v -3.802250 0.100053 -0.080000
v -3.803579 0.100683 -0.089271
v -3.807436 0.102511 -0.097634
v -3.813445 0.105359 -0.104271
v -3.821015 0.108948 -0.108532
v -3.829407 0.112926 -0.110000
v -3.818375 0.140344 0.110000
v -3.809577 0.137374 0.108532
v -3.801640 0.134696 0.104271
v -3.795341 0.132570 0.097634
v -3.791297 0.131205 0.089271
v -3.789904 0.130735 0.080000
v -3.789904 0.130735 -0.080000
v -3.791297 0.131205 -0.089271
v -3.795341 0.132570 -0.097634
v -3.801640 0.134696 -0.104271
v -3.809577 0.137374 -0.108532
v -3.818375 0.140344 -0.110000
v -3.810426 0.169241 0.110000
v -3.801353 0.167272 0.108532
v -3.793168 0.165496 0.104271
v -3.786672 0.164086 0.097634
v -3.782501 0.163181 0.089271
v -3.781064 0.162869 0.080000
v -3.781064 0.162869 -0.080000
v -3.782501 0.163181 -0.089271
v -3.786672 0.164086 -0.097634
v -3.793168 0.165496 -0.104271
v -3.801353 0.167272 -0.108532
v -3.810426 0.169241 -0.110000
v -3.805616 0.199249 0.110000
v -3.796384 0.198269 0.108532
v -3.788056 0.197386 0.104271
v -3.781447 0.196684 0.097634
v -3.777203 0.196234 0.089271
v -3.775741 0.196079 0.080000
v -3.775741 0.196079 -0.080000
v -3.777203 0.196234 -0.089271
v -3.781447 0.196684 -0.097634
v -3.788056 0.197386 -0.104271
v -3.796384 0.198269 -0.108532
v -3.805616 0.199249 -0.110000
v -3.804000 0.230000 0.110000
v -3.794717 0.230004 0.108532
v -3.786342 0.230007 0.104271
v -3.779696 0.230010 0.097634
v -3.775429 0.230012 0.089271
v -3.773958 0.230012 0.080000
v -3.773958 0.230012 -0.080000
v -3.775429 0.230012 -0.089271
v -3.779696 0.230010 -0.097634
v -3.786342 0.230007 -0.104271
v -3.794717 0.230004 -0.108532
v -3.804000 0.230000 -0.110000
v -3.805764 0.263056 0.110000
v -3.796534 0.264068 0.108532
v -3.788208 0.264982 0.104270
v -3.781600 0.265707 0.097634
v -3.777358 0.266173 0.089270
v -3.775896 0.266333 0.080000
v -3.775896 0.266333 -0.080000
v -3.777358 0.266173 -0.089271
v -3.781600 0.265707 -0.097634
v -3.788208 0.264982 -0.104271
v -3.796534 0.264068 -0.108532
v -3.805764 0.263056 -0.110000
v -3.810945 0.294111 0.110000
v -3.801891 0.296180 0.108532
v -3.793724 0.298046 0.104270
v -3.787242 0.299526 0.097634
v -3.783081 0.300477 0.089270
v -3.781647 0.300805 0.080000
v -3.781647 0.300805 -0.080000
v -3.783081 0.300477 -0.089271
v -3.787242 0.299526 -0.097634
v -3.793724 0.298046 -0.104271
v -3.801891 0.296180 -0.108532
v -3.810945 0.294111 -0.110000
v -3.819375 0.323000 0.110000
v -3.810638 0.326155 0.108532
v -3.802757 0.329001 0.104270
v -3.796502 0.331259 0.097634
v -3.792487 0.332709 0.089270
v -3.791103 0.333209 0.080000
v -3.791103 0.333209 -0.080000
v -3.792487 0.332709 -0.089271
v -3.796502 0.331259 -0.097634
v -3.802757 0.329001 -0.104271
v -3.810638 0.326155 -0.108532
v -3.819375 0.323000 -0.110000
v -3.830889 0.349556 0.110000
v -3.822626 0.353802 0.108532
v -3.815171 0.357633 0.104270
v -3.809256 0.360673 0.097634
v -3.805458 0.362625 0.089270
v -3.804149 0.363298 0.080000
v -3.804149 0.363298 -0.080000
v -3.805458 0.362625 -0.089271
v -3.809256 0.360673 -0.097634
v -3.815171 0.357633 -0.104271
v -3.822626 0.353802 -0.108532
v -3.830889 0.349556 -0.110000
v -3.845320 0.373611 0.110000
v -3.837695 0.378923 0.108532
v -3.830818 0.383715 0.104270
v -3.825359 0.387518 0.097634
v -3.821855 0.389960 0.089270
v -3.820647 0.390801 0.080000
v -3.820647 0.390801 -0.080000
v -3.821855 0.389960 -0.089271
v -3.825359 0.387518 -0.097634
v -3.830818 0.383715 -0.104271
v -3.837695 0.378923 -0.108532
v -3.845320 0.373611 -0.110000
v -3.862500 0.395000 0.110000
v -3.855680 0.401313 0.108532
v -3.849528 0.407008 0.104270
v -3.844646 0.411528 0.097634
v -3.841511 0.414430 0.089270
v -3.840430 0.415429 0.080000
v -3.840430 0.415429 -0.080000
v -3.841511 0.414430 -0.089271
v -3.844646 0.411528 -0.097634
v -3.849528 0.407008 -0.104271
v -3.855680 0.401313 -0.108532
v -3.862500 0.395000 -0.110000
v -3.882264 0.413556 0.110000
v -3.876400 0.420766 0.108532
v -3.871110 0.427271 0.104270
v -3.866913 0.432433 0.097634
v -3.864217 0.435748 0.089270
v -3.863288 0.436890 0.080000
v -3.863288 0.436890 -0.080000
v -3.864217 0.435748 -0.089271
v -3.866913 0.432433 -0.097634
v -3.871110 0.427271 -0.104271
v -3.876400 0.420766 -0.108532
v -3.882264 0.413556 -0.110000
v -3.904445 0.429111 0.110000
v -3.899663 0.437080 0.108532
v -3.895349 0.444270 0.104270
v -3.891925 0.449975 0.097634
v -3.889727 0.453638 0.089270
v -3.888970 0.454900 0.080000
v -3.888970 0.454900 -0.080000
v -3.889727 0.453638 -0.089271
v -3.891925 0.449975 -0.097634
v -3.895349 0.444270 -0.104271
v -3.899663 0.437080 -0.108532
v -3.904445 0.429111 -0.110000
v -3.928875 0.441500 0.110000
v -3.925263 0.450063 0.108532
v -3.922004 0.457787 0.104270
v -3.919418 0.463917 0.097634
v -3.917758 0.467853 0.089270
v -3.917186 0.469209 0.080000
v -3.917186 0.469209 -0.080000
v -3.917758 0.467853 -0.089271
v -3.919418 0.463917 -0.097634
v -3.922004 0.457787 -0.104271
v -3.925263 0.450063 -0.108532
v -3.928875 0.441500 -0.110000
v -3.955389 0.450556 0.110000
v -3.952991 0.459533 0.108532
v -3.950827 0.467631 0.104270
v -3.949111 0.474058 0.097634
v -3.948008 0.478185 0.089270
v -3.947628 0.479606 0.080000
v -3.947628 0.479606 -0.080000
v -3.948008 0.478185 -0.089271
v -3.949111 0.474058 -0.097634
v -3.950827 0.467631 -0.104271
v -3.952991 0.459533 -0.108532
v -3.955389 0.450556 -0.110000
v -3.983820 0.456111 0.110000
v -3.982636 0.465326 0.108532
v -3.981569 0.473638 0.104270
v -3.980721 0.480235 0.097634
v -3.980177 0.484471 0.089270
v -3.979990 0.485930 0.080000
v -3.979990 0.485930 -0.080000
v -3.980177 0.484471 -0.089271
v -3.980721 0.480235 -0.097634
v -3.981569 0.473638 -0.104271
v -3.982636 0.465326 -0.108532
v -3.983820 0.456111 -0.110000
v -4.014000 0.458000 0.110000
v -4.013982 0.467288 0.108532
v -4.013965 0.475666 0.104270
v -4.013952 0.482315 0.097634
v -4.013944 0.486584 0.089270
v -4.013941 0.488055 0.080000
v -4.013941 0.488055 -0.080000
v -4.013944 0.486584 -0.089271
v -4.013952 0.482315 -0.097634
v -4.013965 0.475666 -0.104271
v -4.013982 0.467288 -0.108532
v -4.014000 0.458000 -0.110000
v -4.042836 0.456310 0.110000
v -4.043971 0.465530 0.108532
v -4.044994 0.473848 0.104270
v -4.045807 0.480448 0.097634
v -4.046329 0.484686 0.089270
v -4.046508 0.486146 0.080000
v -4.046508 0.486146 -0.080000
v -4.046329 0.484686 -0.089271
v -4.045807 0.480448 -0.097634
v -4.044994 0.473848 -0.104271
v -4.043971 0.465530 -0.108532
v -4.042836 0.456310 -0.110000
v -4.069765 0.451232 0.110000
v -4.072130 0.460219 0.108532
v -4.074263 0.468328 0.104270
v -4.075956 0.474762 0.097634
v -4.077044 0.478893 0.089270
v -4.077418 0.480317 0.080000
v -4.077418 0.480317 -0.080000
v -4.077044 0.478893 -0.089271
v -4.075956 0.474762 -0.097634
v -4.074263 0.468328 -0.104271
v -4.072130 0.460219 -0.108532
v -4.069765 0.451232 -0.110000
v -4.094673 0.442750 0.110000
v -4.098335 0.451296 0.108532
v -4.101638 0.459006 0.104270
v -4.104260 0.465124 0.097634
v -4.105944 0.469053 0.089270
v -4.106524 0.470406 0.080000
v -4.106524 0.470406 -0.080000
v -4.105944 0.469053 -0.089271
v -4.104260 0.465124 -0.097634
v -4.101638 0.459006 -0.104271
v -4.098335 0.451296 -0.108532
v -4.094673 0.442750 -0.110000
v -4.117445 0.430852 0.110000
v -4.122397 0.438724 0.108532
v -4.126864 0.445826 0.104270
v -4.130409 0.451462 0.097634
v -4.132686 0.455080 0.089270
v -4.133470 0.456327 0.080000
v -4.133470 0.456327 -0.080000
v -4.132686 0.455080 -0.089271
v -4.130409 0.451462 -0.097634
v -4.126864 0.445826 -0.104271
v -4.122397 0.438724 -0.108532
v -4.117445 0.430852 -0.110000
v -4.137968 0.415523 0.110000
v -4.144113 0.422504 0.108532
v -4.149656 0.428802 0.104270
v -4.154056 0.433800 0.097634
v -4.156880 0.437009 0.089270
v -4.157854 0.438115 0.080000
v -4.157854 0.438115 -0.080000
v -4.156880 0.437009 -0.089271
v -4.154056 0.433800 -0.097634
v -4.149656 0.428802 -0.104271
v -4.144113 0.422504 -0.108532
v -4.137968 0.415523 -0.110000
v -4.156126 0.396750 0.110000
v -4.163288 0.402679 0.108532
v -4.169749 0.408028 0.104270
v -4.174877 0.412273 0.097634
v -4.178169 0.414999 0.089270
v -4.179304 0.415938 0.080000
v -4.179304 0.415938 -0.080000
v -4.178169 0.414999 -0.089271
v -4.174877 0.412273 -0.097634
v -4.169749 0.408028 -0.104271
v -4.163288 0.402679 -0.108532
v -4.156126 0.396750 -0.110000
v -4.171804 0.374519 0.110000
v -4.179764 0.379317 0.108532
v -4.186944 0.383647 0.104270
v -4.192643 0.387082 0.097634
v -4.196301 0.389288 0.089270
v -4.197562 0.390048 0.080000
v -4.197562 0.390048 -0.080000
v -4.196301 0.389288 -0.089271
v -4.192643 0.387082 -0.097634
v -4.186944 0.383647 -0.104271
v -4.179764 0.379317 -0.108532
v -4.171804 0.374519 -0.110000
v -4.184889 0.348815 0.110000
v -4.193423 0.352486 0.108532
v -4.201122 0.355797 0.104270
v -4.207232 0.358425 0.097634
v -4.211154 0.360112 0.089270
v -4.212506 0.360694 0.080000
v -4.212506 0.360694 -0.080000
v -4.211154 0.360112 -0.089271
v -4.207232 0.358425 -0.097634
v -4.201122 0.355797 -0.104271
v -4.193423 0.352486 -0.108532
v -4.184889 0.348815 -0.110000
v -4.195266 0.319625 0.110000
v -4.204179 0.322230 0.108532
v -4.212220 0.324580 0.104270
v -4.218601 0.326444 0.097634
v -4.222697 0.327642 0.089270
v -4.224109 0.328054 0.080000
v -4.224109 0.328054 -0.080000
v -4.222697 0.327642 -0.089271
v -4.218601 0.326444 -0.097634
v -4.212220 0.324580 -0.104271
v -4.204179 0.322230 -0.108532
v -4.195266 0.319625 -0.110000
v -4.202820 0.286935 0.110000
v -4.211957 0.288569 0.108532
v -4.220200 0.290043 0.104270
v -4.226741 0.291213 0.097634
v -4.230941 0.291964 0.089270
v -4.232388 0.292223 0.080000
v -4.232388 0.292223 -0.080000
v -4.230941 0.291964 -0.089271
v -4.226741 0.291213 -0.097634
v -4.220200 0.290043 -0.104271
v -4.211957 0.288569 -0.108532
v -4.202820 0.286935 -0.110000
v -4.207436 0.250731 0.110000
v -4.216683 0.251502 0.108532
v -4.225026 0.252196 0.104271
v -4.231646 0.252748 0.097634
v -4.235897 0.253102 0.089271
v -4.237361 0.253224 0.080000
v -4.237361 0.253224 -0.080000
v -4.235897 0.253102 -0.089271
v -4.231646 0.252748 -0.097634
v -4.225026 0.252196 -0.104271
v -4.216683 0.251502 -0.108532
v -4.207436 0.250731 -0.110000
v -4.209000 0.211000 0.110000
v -4.218643 0.201730 0.108532
v -4.227342 0.193366 0.104271
v -4.234245 0.186730 0.097634
v -4.238677 0.182468 0.089271
v -4.240204 0.181000 0.080000
v -4.240204 0.181000 -0.080000
v -4.238677 0.182468 -0.089271
v -4.234245 0.186730 -0.097634
v -4.227342 0.193366 -0.104271
v -4.218643 0.201730 -0.108532
v -4.209000 0.211000 -0.110000
v -3.893000 0.211000 0.110000
v -3.904308 0.201730 0.108532
v -3.914510 0.193366 0.104271
v -3.922605 0.186730 0.097634
v -3.927803 0.182468 0.089271
v -3.929594 0.181000 0.080000
v -3.929594 0.181000 -0.080000
v -3.927803 0.182468 -0.089271
v -3.922605 0.186730 -0.097634
v -3.914510 0.193366 -0.104271
v -3.904308 0.201730 -0.108532
v -3.893000 0.211000 -0.110000
v -3.897270 0.189648 0.110000
v -3.906278 0.191880 0.108532
v -3.914404 0.193895 0.104271
v -3.920852 0.195493 0.097634
v -3.924993 0.196520 0.089271
v -3.926419 0.196873 0.080000
v -3.926419 0.196873 -0.080000
v -3.924993 0.196520 -0.089271
v -3.920852 0.195493 -0.097634
v -3.914404 0.193895 -0.104271
v -3.906278 0.191880 -0.108532
v -3.897270 0.189648 -0.110000
v -3.903075 0.170097 0.110000
v -3.911825 0.173195 0.108532
v -3.919719 0.175990 0.104271
v -3.925984 0.178208 0.097634
v -3.930006 0.179633 0.089271
v -3.931392 0.180123 0.080000
v -3.931392 0.180123 -0.080000
v -3.930006 0.179633 -0.089271
v -3.925984 0.178208 -0.097634
v -3.919719 0.175990 -0.104271
v -3.911825 0.173195 -0.108532
v -3.903075 0.170097 -0.110000
v -3.910407 0.152359 0.110000
v -3.918769 0.156397 0.108532
v -3.926313 0.160039 0.104271
v -3.932300 0.162930 0.097634
v -3.936144 0.164785 0.089271
v -3.937468 0.165425 0.080000
v -3.937468 0.165425 -0.080000
v -3.936144 0.164785 -0.089271
v -3.932300 0.162930 -0.097634
v -3.926313 0.160039 -0.104271
v -3.918769 0.156397 -0.108532
v -3.910407 0.152359 -0.110000
v -3.919260 0.136444 0.110000
v -3.927075 0.141466 0.108532
v -3.934125 0.145996 0.104271
v -3.939720 0.149591 0.097634
v -3.943312 0.151899 0.089271
v -3.944550 0.152695 0.080000
v -3.944550 0.152695 -0.080000
v -3.943312 0.151899 -0.089271
v -3.939720 0.149591 -0.097634
v -3.934125 0.145996 -0.104271
v -3.927075 0.141466 -0.108532
v -3.919260 0.136444 -0.110000
v -3.929627 0.122363 0.110000
v -3.936719 0.128366 0.108532
v -3.943117 0.133782 0.104271
v -3.948194 0.138080 0.097634
v -3.951454 0.140840 0.089271
v -3.952577 0.141790 0.080000
v -3.952577 0.141790 -0.080000
v -3.951454 0.140840 -0.089271
v -3.948194 0.138080 -0.097634
v -3.943117 0.133782 -0.104271
v -3.936719 0.128366 -0.108532
v -3.929627 0.122363 -0.110000
v -3.941500 0.110125 0.110000
v -3.947700 0.117048 0.108532
v -3.953293 0.123293 0.104271
v -3.957732 0.128250 0.097634
v -3.960582 0.131432 0.089271
v -3.961564 0.132528 0.080000
v -3.961564 0.132528 -0.080000
v -3.960582 0.131432 -0.089271
v -3.957732 0.128250 -0.097634
v -3.953293 0.123293 -0.104271
v -3.947700 0.117048 -0.108532
v -3.941500 0.110125 -0.110000
v -3.954874 0.099741 0.110000
v -3.960047 0.107462 0.108532
v -3.964713 0.114427 0.104271
v -3.968416 0.119954 0.097634
v -3.970793 0.123503 0.089271
v -3.971613 0.124726 0.080000
v -3.971613 0.124726 -0.080000
v -3.970793 0.123503 -0.089271
v -3.968416 0.119954 -0.097634
v -3.964713 0.114427 -0.104271
v -3.960047 0.107462 -0.108532
v -3.954874 0.099741 -0.110000
v -3.969741 0.091222 0.110000
v -3.973809 0.099576 0.108532
v -3.977478 0.107112 0.104271
v -3.980391 0.113093 0.097634
v -3.982260 0.116933 0.089271
v -3.982904 0.118256 0.080000
v -3.982904 0.118256 -0.080000
v -3.982260 0.116933 -0.089271
v -3.980391 0.113093 -0.097634
v -3.977478 0.107112 -0.104271
v -3.973809 0.099576 -0.108532
v -3.969741 0.091222 -0.110000
v -3.986094 0.084578 0.110000
v -3.989045 0.093385 0.108532
v -3.991708 0.101331 0.104271
v -3.993821 0.107636 0.097634
v -3.995178 0.111684 0.089271
v -3.995645 0.113079 0.080000
v -3.995645 0.113079 -0.080000
v -3.995178 0.111684 -0.089271
v -3.993821 0.107636 -0.097634
v -3.991708 0.101331 -0.104271
v -3.989045 0.093385 -0.108532
v -3.986094 0.084578 -0.110000
v -4.003926 0.079819 0.110000
v -4.005807 0.088912 0.108532
v -4.007504 0.097115 0.104271
v -4.008851 0.103625 0.097634
v -4.009716 0.107805 0.089271
v -4.010014 0.109245 0.080000
v -4.010014 0.109245 -0.080000
v -4.009716 0.107805 -0.089271
v -4.008851 0.103625 -0.097634
v -4.007504 0.097115 -0.104271
v -4.005807 0.088912 -0.108532
v -4.003926 0.079819 -0.110000
v -4.023231 0.076957 0.110000
v -4.024126 0.086196 0.108532
v -4.024934 0.094530 0.104271
v -4.025575 0.101145 0.097634
v -4.025987 0.105392 0.089271
v -4.026129 0.106855 0.080000
v -4.026129 0.106855 -0.080000
v -4.025987 0.105392 -0.089271
v -4.025575 0.101145 -0.097634
v -4.024934 0.094530 -0.104271
v -4.024126 0.086196 -0.108532
v -4.023231 0.076957 -0.110000
v -4.044000 0.076000 0.110000
v -4.044071 0.085277 0.108532
v -4.044135 0.093646 0.104271
v -4.044186 0.100288 0.097634
v -4.044219 0.104552 0.089271
v -4.044230 0.106021 0.080000
v -4.044230 0.106021 -0.080000
v -4.044219 0.104552 -0.089271
v -4.044186 0.100288 -0.097634
v -4.044135 0.093646 -0.104271
v -4.044071 0.085277 -0.108532
v -4.044000 0.076000 -0.110000
v -4.057440 0.076413 0.110000
v -4.056872 0.085671 0.108532
v -4.056360 0.094022 0.104271
v -4.055954 0.100650 0.097634
v -4.055694 0.104905 0.089271
v -4.055604 0.106371 0.080000
v -4.055604 0.106371 -0.080000
v -4.055694 0.104905 -0.089271
v -4.055954 0.100649 -0.097634
v -4.056360 0.094022 -0.104271
v -4.056872 0.085671 -0.108532
v -4.057440 0.076413 -0.110000
v -4.070768 0.077639 0.110000
v -4.069644 0.086845 0.108532
v -4.068630 0.095150 0.104271
v -4.067825 0.101741 0.097634
v -4.067308 0.105973 0.089271
v -4.067131 0.107431 0.080000
v -4.067131 0.107431 -0.080000
v -4.067308 0.105973 -0.089271
v -4.067825 0.101741 -0.097634
v -4.068630 0.095150 -0.104271
v -4.069644 0.086845 -0.108532
v -4.070768 0.077639 -0.110000
v -4.084000 0.079656 0.110000
v -4.082338 0.088781 0.108532
v -4.080839 0.097012 0.104271
v -4.079649 0.103544 0.097634
v -4.078886 0.107738 0.089271
v -4.078623 0.109183 0.080000
v -4.078623 0.109183 -0.080000
v -4.078886 0.107738 -0.089271
v -4.079649 0.103544 -0.097634
v -4.080839 0.097012 -0.104271
v -4.082338 0.088781 -0.108532
v -4.084000 0.079656 -0.110000
v -4.097148 0.082444 0.110000
v -4.094974 0.091460 0.108532
v -4.093013 0.099593 0.104271
v -4.091457 0.106048 0.097634
v -4.090458 0.110192 0.089271
v -4.090114 0.111620 0.080000
v -4.090114 0.111620 -0.080000
v -4.090458 0.110192 -0.089271
v -4.091457 0.106048 -0.097634
v -4.093013 0.099593 -0.104271
v -4.094974 0.091460 -0.108532
v -4.097148 0.082444 -0.110000
v -4.110227 0.085983 0.110000
v -4.107571 0.094868 0.108532
v -4.105175 0.102884 0.104271
v -4.103274 0.109245 0.097634
v -4.102054 0.113329 0.089271
v -4.101633 0.114736 0.080000
v -4.101633 0.114736 -0.080000
v -4.102054 0.113329 -0.089271
v -4.103274 0.109245 -0.097634
v -4.105175 0.102884 -0.104271
v -4.107571 0.094868 -0.108532
v -4.110227 0.085983 -0.110000
v -4.123250 0.090250 0.110000
v -4.120146 0.098988 0.108532
v -4.117345 0.106871 0.104271
v -4.115123 0.113127 0.097634
v -4.113696 0.117144 0.089271
v -4.113204 0.118528 0.080000
v -4.113204 0.118528 -0.080000
v -4.113696 0.117144 -0.089271
v -4.115123 0.113127 -0.097634
v -4.117345 0.106871 -0.104271
v -4.120146 0.098988 -0.108532
v -4.123250 0.090250 -0.110000
v -4.136231 0.095226 0.110000
v -4.132714 0.103806 0.108532
v -4.129540 0.111546 0.104271
v -4.127022 0.117688 0.097634
v -4.125405 0.121632 0.089271
v -4.124848 0.122991 0.080000
v -4.124848 0.122991 -0.080000
v -4.125405 0.121632 -0.089271
v -4.127022 0.117688 -0.097634
v -4.129540 0.111546 -0.104271
v -4.132714 0.103806 -0.108532
v -4.136231 0.095226 -0.110000
v -4.149185 0.100889 0.110000
v -4.145290 0.109304 0.108532
v -4.141776 0.116895 0.104271
v -4.138987 0.122919 0.097634
v -4.137197 0.126787 0.089271
v -4.136580 0.128120 0.080000
v -4.136580 0.128120 -0.080000
v -4.137197 0.126787 -0.089271
v -4.138987 0.122919 -0.097634
v -4.141776 0.116895 -0.104271
v -4.145290 0.109304 -0.108532
v -4.149185 0.100889 -0.110000
v -4.162125 0.107219 0.110000
v -4.157887 0.115466 0.108532
v -4.154064 0.122906 0.104271
v -4.151030 0.128810 0.097634
v -4.149082 0.132601 0.089271
v -4.148411 0.133907 0.080000
v -4.148411 0.133907 -0.080000
v -4.149082 0.132601 -0.089271
v -4.151030 0.128810 -0.097634
v -4.154064 0.122906 -0.104271
v -4.157887 0.115466 -0.108532
v -4.162125 0.107219 -0.110000
v -4.175065 0.114194 0.110000
v -4.170518 0.122275 0.108532
v -4.166417 0.129565 0.104271
v -4.163161 0.135350 0.097634
v -4.161071 0.139064 0.089271
v -4.160351 0.140344 0.080000
v -4.160351 0.140344 -0.080000
v -4.161071 0.139064 -0.089271
v -4.163161 0.135350 -0.097634
v -4.166417 0.129565 -0.104271
v -4.170518 0.122275 -0.108532
v -4.175065 0.114194 -0.110000
v -4.188019 0.121795 0.110000
v -4.183195 0.129713 0.108532
v -4.178844 0.136857 0.104271
v -4.175390 0.142525 0.097634
v -4.173173 0.146165 0.089271
v -4.172410 0.147419 0.080000
v -4.172410 0.147419 -0.080000
v -4.173173 0.146165 -0.089271
v -4.175390 0.142525 -0.097634
v -4.178844 0.136857 -0.104271
v -4.183195 0.129713 -0.108532
v -4.188019 0.121795 -0.110000
v -4.201000 0.130000 0.110000
v -4.210271 0.146826 0.108532
v -4.218634 0.162006 0.104271
v -4.225271 0.174052 0.097634
v -4.229532 0.181786 0.089271
v -4.231000 0.184451 0.080000
v -4.231000 0.184451 -0.080000
v -4.229532 0.181786 -0.089271
v -4.225271 0.174052 -0.097634
v -4.218634 0.162006 -0.104271
v -4.210271 0.146826 -0.108532
v -4.201000 0.130000 -0.110000
v -4.201000 0.044000 0.110000
v -4.210271 0.038933 0.108532
v -4.218634 0.034362 0.104271
v -4.225271 0.030734 0.097634
v -4.229532 0.028405 0.089271
v -4.231000 0.027603 0.080000
v -4.231000 0.027603 -0.080000
v -4.229532 0.028405 -0.089271
v -4.225271 0.030734 -0.097634
v -4.218634 0.034362 -0.104271
v -4.210271 0.038933 -0.108532
v -4.201000 0.044000 -0.110000
v -4.119507 0.286469 0.110000
v -4.110316 0.285173 0.108532
v -4.102025 0.284003 0.104270
v -4.095445 0.283075 0.097634
v -4.091220 0.282480 0.089270
v -4.089765 0.282274 0.080000
v -4.089765 0.282274 -0.080000
v -4.091220 0.282480 -0.089271
v -4.095445 0.283075 -0.097634
v -4.102025 0.284003 -0.104271
v -4.110316 0.285173 -0.108532
v -4.119507 0.286469 -0.110000
v -4.116556 0.301833 0.110000
v -4.107547 0.299589 0.108532
v -4.099420 0.297565 0.104270
v -4.092970 0.295958 0.097634
v -4.088829 0.294927 0.089270
v -4.087402 0.294571 0.080000
v -4.087402 0.294571 -0.080000
v -4.088829 0.294927 -0.089271
v -4.092970 0.295958 -0.097634
v -4.099420 0.297565 -0.104271
v -4.107547 0.299589 -0.108532
v -4.116556 0.301833 -0.110000
v -4.112188 0.316031 0.110000
v -4.103489 0.312780 0.108532
v -4.095641 0.309847 0.104270
v -4.089413 0.307519 0.097634
v -4.085415 0.306025 0.089270
v -4.084037 0.305510 0.080000
v -4.084037 0.305510 -0.080000
v -4.085415 0.306025 -0.089271
v -4.089413 0.307519 -0.097634
v -4.095641 0.309847 -0.104271
v -4.103489 0.312780 -0.108532
v -4.112188 0.316031 -0.110000
v -4.106445 0.329000 0.110000
v -4.098209 0.324703 0.108532
v -4.090779 0.320827 0.104270
v -4.084882 0.317751 0.097634
v -4.081097 0.315776 0.089270
v -4.079792 0.315096 0.080000
v -4.079792 0.315096 -0.080000
v -4.081097 0.315776 -0.089271
v -4.084882 0.317751 -0.097634
v -4.090779 0.320827 -0.104271
v -4.098209 0.324703 -0.108532
v -4.106445 0.329000 -0.110000
v -4.099369 0.340677 0.110000
v -4.091768 0.335331 0.108532
v -4.084912 0.330508 0.104270
v -4.079471 0.326681 0.097634
v -4.075977 0.324224 0.089270
v -4.074774 0.323377 0.080000
v -4.074774 0.323377 -0.080000
v -4.075977 0.324224 -0.089271
v -4.079471 0.326681 -0.097634
v -4.084912 0.330508 -0.104271
v -4.091768 0.335331 -0.108532
v -4.099369 0.340677 -0.110000
v -4.091001 0.351000 0.110000
v -4.084216 0.344648 0.108532
v -4.078095 0.338917 0.104270
v -4.073238 0.334370 0.097634
v -4.070120 0.331450 0.089270
v -4.069045 0.330444 0.080000
v -4.069045 0.330444 -0.080000
v -4.070120 0.331450 -0.089271
v -4.073238 0.334370 -0.097634
v -4.078095 0.338917 -0.104271
v -4.084216 0.344648 -0.108532
v -4.091001 0.351000 -0.110000
v -4.081383 0.359906 0.110000
v -4.075581 0.352644 0.108532
v -4.070346 0.346093 0.104270
v -4.066192 0.340895 0.097634
v -4.063525 0.337557 0.089270
v -4.062606 0.336406 0.080000
v -4.062606 0.336406 -0.080000
v -4.063525 0.337557 -0.089271
v -4.066192 0.340895 -0.097634
v -4.070346 0.346093 -0.104271
v -4.075581 0.352644 -0.108532
v -4.081383 0.359906 -0.110000
v -4.070556 0.367333 0.110000
v -4.065867 0.359308 0.108532
v -4.061637 0.352068 0.104270
v -4.058280 0.346322 0.097634
v -4.056126 0.342633 0.089270
v -4.055383 0.341362 0.080000
v -4.055383 0.341362 -0.080000
v -4.056126 0.342633 -0.089271
v -4.058280 0.346322 -0.097634
v -4.061637 0.352068 -0.104271
v -4.065867 0.359308 -0.108532
v -4.070556 0.367333 -0.110000
v -4.058563 0.373219 0.110000
v -4.055066 0.364608 0.108532
v -4.051911 0.356841 0.104270
v -4.049407 0.350677 0.097634
v -4.047799 0.346719 0.089270
v -4.047245 0.345355 0.080000
v -4.047245 0.345355 -0.080000
v -4.047799 0.346719 -0.089271
v -4.049407 0.350677 -0.097634
v -4.051911 0.356841 -0.104271
v -4.055066 0.364608 -0.108532
v -4.058563 0.373219 -0.110000
v -4.045445 0.377500 0.110000
v -4.043158 0.368495 0.108532
v -4.041094 0.360371 0.104270
v -4.039456 0.353924 0.097634
v -4.038404 0.349785 0.089270
v -4.038043 0.348359 0.080000
v -4.038043 0.348359 -0.080000
v -4.038404 0.349785 -0.089271
v -4.039456 0.353924 -0.097634
v -4.041094 0.360371 -0.104271
v -4.043158 0.368495 -0.108532
v -4.045445 0.377500 -0.110000
v -4.031243 0.380115 0.110000
v -4.030131 0.370893 0.108532
v -4.029128 0.362574 0.104270
v -4.028331 0.355972 0.097634
v -4.027820 0.351734 0.089270
v -4.027644 0.350273 0.080000
v -4.027644 0.350273 -0.080000
v -4.027820 0.351734 -0.089271
v -4.028331 0.355972 -0.097634
v -4.029128 0.362574 -0.104271
v -4.030131 0.370893 -0.108532
v -4.031243 0.380115 -0.110000
v -4.016000 0.381000 0.110000
v -4.015965 0.371716 0.108532
v -4.015933 0.363341 0.104270
v -4.015907 0.356694 0.097634
v -4.015891 0.352427 0.089270
v -4.015885 0.350956 0.080000
v -4.015885 0.350956 -0.080000
v -4.015891 0.352427 -0.089271
v -4.015907 0.356694 -0.097634
v -4.015933 0.363341 -0.104271
v -4.015965 0.371716 -0.108532
v -4.016000 0.381000 -0.110000
v -3.999563 0.380172 0.110000
v -4.000536 0.370939 0.108532
v -4.001414 0.362609 0.104270
v -4.002110 0.355999 0.097634
v -4.002557 0.351755 0.089270
v -4.002711 0.350293 0.080000
v -4.002711 0.350293 -0.080000
v -4.002557 0.351755 -0.089271
v -4.002110 0.355999 -0.097634
v -4.001414 0.362609 -0.104271
v -4.000536 0.370939 -0.108532
v -3.999563 0.380172 -0.110000
v -3.984259 0.377708 0.110000
v -3.986282 0.368644 0.108532
v -3.988108 0.360467 0.104270
v -3.989556 0.353978 0.097634
v -3.990486 0.349812 0.089270
v -3.990807 0.348376 0.080000
v -3.990807 0.348376 -0.080000
v -3.990486 0.349812 -0.089271
v -3.989556 0.353978 -0.097634
v -3.988108 0.360467 -0.104271
v -3.986282 0.368644 -0.108532
v -3.984259 0.377708 -0.110000
v -3.970094 0.373641 0.110000
v -3.973229 0.364896 0.108532
v -3.976057 0.357007 0.104270
v -3.978302 0.350746 0.097634
v -3.979743 0.346727 0.089270
v -3.980239 0.345342 0.080000
v -3.980239 0.345342 -0.080000
v -3.979743 0.346727 -0.089271
v -3.978302 0.350746 -0.097634
v -3.976057 0.357007 -0.104271
v -3.973229 0.364896 -0.108532
v -3.970094 0.373641 -0.110000
v -3.957074 0.368000 0.110000
v -3.961336 0.359744 0.108532
v -3.965182 0.352295 0.104270
v -3.968233 0.346384 0.097634
v -3.970192 0.342589 0.089270
v -3.970867 0.341281 0.080000
v -3.970867 0.341281 -0.080000
v -3.970192 0.342589 -0.089271
v -3.968233 0.346384 -0.097634
v -3.965182 0.352295 -0.104271
v -3.961336 0.359744 -0.108532
v -3.957074 0.368000 -0.110000
v -3.945207 0.360818 0.110000
v -3.950554 0.353218 0.108532
v -3.955378 0.346362 0.104270
v -3.959206 0.340921 0.097634
v -3.961663 0.337427 0.089270
v -3.962511 0.336223 0.080000
v -3.962511 0.336223 -0.080000
v -3.961663 0.337427 -0.089271
v -3.959206 0.340921 -0.097634
v -3.955378 0.346362 -0.104271
v -3.950554 0.353218 -0.108532
v -3.945207 0.360818 -0.110000
v -3.934500 0.352125 0.110000
v -3.940832 0.345324 0.108532
v -3.946543 0.339189 0.104270
v -3.951076 0.334320 0.097634
v -3.953986 0.331194 0.089270
v -3.954989 0.330117 0.080000
v -3.954989 0.330117 -0.080000
v -3.953986 0.331194 -0.089271
v -3.951076 0.334320 -0.097634
v -3.946543 0.339189 -0.104271
v -3.940832 0.345324 -0.108532
v -3.934500 0.352125 -0.110000
v -3.924960 0.341953 0.110000
v -3.932132 0.336049 0.108532
v -3.938602 0.330723 0.104270
v -3.943737 0.326496 0.097634
v -3.947034 0.323782 0.089270
v -3.948170 0.322847 0.080000
v -3.948170 0.322847 -0.080000
v -3.947034 0.323782 -0.089271
v -3.943737 0.326496 -0.097634
v -3.938602 0.330723 -0.104271
v -3.932132 0.336049 -0.108532
v -3.924960 0.341953 -0.110000
v -3.916593 0.330333 0.110000
v -3.924442 0.325369 0.108532
v -3.931523 0.320891 0.104270
v -3.937142 0.317337 0.097634
v -3.940750 0.315055 0.089270
v -3.941993 0.314269 0.080000
v -3.941993 0.314269 -0.080000
v -3.940750 0.315055 -0.089271
v -3.937142 0.317337 -0.097634
v -3.931523 0.320891 -0.104271
v -3.924442 0.325369 -0.108532
v -3.916593 0.330333 -0.110000
v -3.909406 0.317297 0.110000
v -3.917771 0.313267 0.108532
v -3.925316 0.309631 0.104270
v -3.931304 0.306746 0.097634
v -3.935149 0.304894 0.089270
v -3.936474 0.304255 0.080000
v -3.936474 0.304255 -0.080000
v -3.935149 0.304894 -0.089271
v -3.931304 0.306746 -0.097634
v -3.925316 0.309631 -0.104271
v -3.917771 0.313267 -0.108532
v -3.909406 0.317297 -0.110000
v -3.903408 0.302875 0.110000
v -3.912143 0.299737 0.108532
v -3.920023 0.296906 0.104270
v -3.926276 0.294659 0.097634
v -3.930292 0.293217 0.089270
v -3.931675 0.292720 0.080000
v -3.931675 0.292720 -0.080000
v -3.930292 0.293217 -0.089271
v -3.926276 0.294659 -0.097634
v -3.920023 0.296906 -0.104271
v -3.912143 0.299737 -0.108532
v -3.903408 0.302875 -0.110000
v -3.898603 0.287099 0.110000
v -3.907590 0.284788 0.108532
v -3.915698 0.282704 0.104270
v -3.922132 0.281050 0.097634
v -3.926263 0.279988 0.089270
v -3.927686 0.279622 0.080000
v -3.927686 0.279622 -0.080000
v -3.926263 0.279988 -0.089271
v -3.922132 0.281050 -0.097634
v -3.915698 0.282704 -0.104271
v -3.907590 0.284788 -0.108532
v -3.898603 0.287099 -0.110000
v -3.895000 0.270000 0.110000
v -3.906428 0.279271 0.108532
v -3.916737 0.287634 0.104270
v -3.924918 0.294271 0.097634
v -3.930171 0.298532 0.089270
v -3.931980 0.300000 0.080000
v -3.931980 0.300000 -0.080000
v -3.930171 0.298532 -0.089271
v -3.924918 0.294271 -0.097634
v -3.916737 0.287634 -0.104271
v -3.906428 0.279271 -0.108532
v -3.895000 0.270000 -0.110000
v -4.121000 0.270000 0.110000
v -4.110851 0.279271 0.108532
v -4.101696 0.287634 0.104270
v -4.094430 0.294271 0.097634
v -4.089765 0.298532 0.089270
v -4.088158 0.300000 0.080000
v -4.088158 0.300000 -0.080000
v -4.089765 0.298532 -0.089271
v -4.094430 0.294271 -0.097634
v -4.101696 0.287634 -0.104271
v -4.110851 0.279271 -0.108532
v -4.121000 0.270000 -0.110000
v -4.400000 0.346000 0.110000
v -4.409271 0.355271 0.108532
v -4.417634 0.363634 0.104270
v -4.424271 0.370271 0.097634
v -4.428532 0.374532 0.089270
v -4.430000 0.376000 0.080000
v -4.430000 0.376000 -0.080000
v -4.428532 0.374532 -0.089271
v -4.424271 0.370271 -0.097634
v -4.417634 0.363634 -0.104271
v -4.409271 0.355271 -0.108532
v -4.400000 0.346000 -0.110000
v -4.402000 0.346000 0.110000
v -4.396734 0.355271 0.108532
v -4.391984 0.363634 0.104270
v -4.388214 0.370271 0.097634
v -4.385794 0.374532 0.089270
v -4.384960 0.376000 0.080000
v -4.384960 0.376000 -0.080000
v -4.385794 0.374532 -0.089271
v -4.388214 0.370271 -0.097634
v -4.391984 0.363634 -0.104271
v -4.396734 0.355271 -0.108532
v -4.402000 0.346000 -0.110000
v -4.413209 0.364799 0.110000
v -4.405351 0.369722 0.108532
v -4.398262 0.374162 0.104270
v -4.392636 0.377687 0.097634
v -4.389024 0.379949 0.089270
v -4.387779 0.380729 0.080000
v -4.387779 0.380729 -0.080000
v -4.389024 0.379949 -0.089271
v -4.392636 0.377687 -0.097634
v -4.398262 0.374162 -0.104271
v -4.405351 0.369722 -0.108532
v -4.413209 0.364799 -0.110000
v -4.424338 0.381727 0.110000
v -4.416719 0.387014 0.108532
v -4.409847 0.391784 0.104270
v -4.404393 0.395569 0.097634
v -4.400891 0.398000 0.089270
v -4.399684 0.398837 0.080000
v -4.399684 0.398837 -0.080000
v -4.400891 0.398000 -0.089271
v -4.404393 0.395569 -0.097634
v -4.409847 0.391784 -0.104271
v -4.416719 0.387014 -0.108532
v -4.424338 0.381727 -0.110000
v -4.435390 0.396828 0.110000
v -4.428067 0.402519 0.108532
v -4.421461 0.407652 0.104270
v -4.416218 0.411726 0.097634
v -4.412852 0.414342 0.089270
v -4.411692 0.415243 0.080000
v -4.411692 0.415243 -0.080000
v -4.412852 0.414342 -0.089271
v -4.416218 0.411726 -0.097634
v -4.421461 0.407652 -0.104271
v -4.428067 0.402519 -0.108532
v -4.435390 0.396828 -0.110000
v -4.446370 0.410148 0.110000
v -4.439412 0.416281 0.108532
v -4.433134 0.421814 0.104270
v -4.428153 0.426205 0.097634
v -4.424954 0.429024 0.089270
v -4.423851 0.429995 0.080000
v -4.423851 0.429995 -0.080000
v -4.424954 0.429024 -0.089271
v -4.428153 0.426205 -0.097634
v -4.433134 0.421814 -0.104271
v -4.439412 0.416281 -0.108532
v -4.446370 0.410148 -0.110000
v -4.457281 0.421732 0.110000
v -4.450773 0.428344 0.108532
v -4.444902 0.434309 0.104270
v -4.440244 0.439042 0.097634
v -4.437253 0.442082 0.089270
v -4.436222 0.443129 0.080000
v -4.436222 0.443129 -0.080000
v -4.437253 0.442082 -0.089271
v -4.440244 0.439042 -0.097634
v -4.444902 0.434309 -0.104271
v -4.450773 0.428344 -0.108532
v -4.457281 0.421732 -0.110000
v -4.468125 0.431625 0.110000
v -4.462173 0.438744 0.108532
v -4.456805 0.445167 0.104270
v -4.452544 0.450264 0.097634
v -4.449809 0.453536 0.089270
v -4.448866 0.454664 0.080000
v -4.448866 0.454664 -0.080000
v -4.449809 0.453536 -0.089271
v -4.452544 0.450264 -0.097634
v -4.456805 0.445167 -0.104271
v -4.462173 0.438744 -0.108532
v -4.468125 0.431625 -0.110000
v -4.478907 0.439872 0.110000
v -4.473636 0.447512 0.108532
v -4.468881 0.454404 0.104270
v -4.465107 0.459873 0.097634
v -4.462685 0.463385 0.089270
v -4.461850 0.464595 0.080000
v -4.461850 0.464595 -0.080000
v -4.462685 0.463385 -0.089271
v -4.465107 0.459873 -0.097634
v -4.468881 0.454404 -0.104271
v -4.473636 0.447512 -0.108532
v -4.478907 0.439872 -0.110000
v -4.489629 0.446519 0.110000
v -4.485178 0.454666 0.108532
v -4.481161 0.462016 0.104270
v -4.477974 0.467849 0.097634
v -4.475928 0.471594 0.089270
v -4.475223 0.472884 0.080000
v -4.475223 0.472884 -0.080000
v -4.475928 0.471594 -0.089271
v -4.477974 0.467849 -0.097634
v -4.481161 0.462016 -0.104271
v -4.485178 0.454666 -0.108532
v -4.489629 0.446519 -0.110000
v -4.500297 0.451609 0.110000
v -4.496806 0.460216 0.108532
v -4.493658 0.467980 0.104270
v -4.491158 0.474141 0.097634
v -4.489554 0.478097 0.089270
v -4.489001 0.479460 0.080000
v -4.489001 0.479460 -0.080000
v -4.489554 0.478097 -0.089271
v -4.491158 0.474141 -0.097634
v -4.493658 0.467980 -0.104271
v -4.496806 0.460216 -0.108532
v -4.500297 0.451609 -0.110000
v -4.510912 0.455190 0.110000
v -4.508511 0.464164 0.108532
v -4.506345 0.472259 0.104270
v -4.504626 0.478684 0.097634
v -4.503522 0.482808 0.089270
v -4.503142 0.484230 0.080000
v -4.503142 0.484230 -0.080000
v -4.503522 0.482808 -0.089271
v -4.504626 0.478684 -0.097634
v -4.506345 0.472259 -0.104271
v -4.508511 0.464164 -0.108532
v -4.510912 0.455190 -0.110000
v -4.521479 0.457305 0.110000
v -4.520258 0.466515 0.108532
v -4.519157 0.474824 0.104270
v -4.518283 0.481417 0.097634
v -4.517722 0.485651 0.089270
v -4.517529 0.487109 0.080000
v -4.517529 0.487109 -0.080000
v -4.517722 0.485651 -0.089271
v -4.518283 0.481417 -0.097634
v -4.519157 0.474824 -0.104271
v -4.520258 0.466515 -0.108532
v -4.521479 0.457305 -0.110000
v -4.532000 0.458000 0.110000
v -4.531878 0.467283 0.108532
v -4.531767 0.475657 0.104270
v -4.531679 0.482302 0.097634
v -4.531623 0.486569 0.089270
v -4.531604 0.488039 0.080000
v -4.531604 0.488039 -0.080000
v -4.531623 0.486569 -0.089271
v -4.531679 0.482302 -0.097634
v -4.531767 0.475657 -0.104271
v -4.531878 0.467283 -0.108532
v -4.532000 0.458000 -0.110000
v -4.540961 0.457645 0.110000
v -4.541698 0.466894 0.108532
v -4.542362 0.475237 0.104270
v -4.542889 0.481858 0.097634
v -4.543228 0.486110 0.089270
v -4.543344 0.487574 0.080000
v -4.543344 0.487574 -0.080000
v -4.543228 0.486110 -0.089271
v -4.542889 0.481858 -0.097634
v -4.542362 0.475237 -0.104271
v -4.541698 0.466894 -0.108532
v -4.540961 0.457645 -0.110000
v -4.549857 0.456579 0.110000
v -4.551326 0.465739 0.108532
v -4.552651 0.474003 0.104270
v -4.553703 0.480562 0.097634
v -4.554379 0.484773 0.089270
v -4.554612 0.486223 0.080000
v -4.554612 0.486223 -0.080000
v -4.554379 0.484773 -0.089271
v -4.553703 0.480562 -0.097634
v -4.552651 0.474003 -0.104271
v -4.551326 0.465739 -0.108532
v -4.549857 0.456579 -0.110000
v -4.558703 0.454797 0.110000
v -4.560887 0.463814 0.108532
v -4.562857 0.471948 0.104270
v -4.564420 0.478403 0.097634
v -4.565423 0.482548 0.089270
v -4.565769 0.483976 0.080000
v -4.565769 0.483976 -0.080000
v -4.565423 0.482548 -0.089271
v -4.564420 0.478403 -0.097634
v -4.562857 0.471948 -0.104271
v -4.560887 0.463814 -0.108532
v -4.558703 0.454797 -0.110000
v -4.567519 0.452296 0.110000
v -4.570382 0.461121 0.108532
v -4.572964 0.469081 0.104270
v -4.575014 0.475398 0.097634
v -4.576329 0.479454 0.089270
v -4.576783 0.480852 0.080000
v -4.576783 0.480852 -0.080000
v -4.576329 0.479454 -0.089271
v -4.575014 0.475398 -0.097634
v -4.572964 0.469081 -0.104271
v -4.570382 0.461121 -0.108532
v -4.567519 0.452296 -0.110000
v -4.576320 0.449074 0.110000
v -4.579815 0.457666 0.108532
v -4.582968 0.465418 0.104270
v -4.585470 0.471570 0.097634
v -4.587076 0.475519 0.089270
v -4.587630 0.476880 0.080000
v -4.587630 0.476880 -0.080000
v -4.587076 0.475519 -0.089271
v -4.585470 0.471570 -0.097634
v -4.582968 0.465418 -0.104271
v -4.579815 0.457666 -0.108532
v -4.576320 0.449074 -0.110000
v -4.585125 0.445125 0.110000
v -4.589197 0.453459 0.108532
v -4.592870 0.460977 0.104270
v -4.595785 0.466944 0.097634
v -4.597657 0.470775 0.089270
v -4.598301 0.472095 0.080000
v -4.598301 0.472095 -0.080000
v -4.597657 0.470775 -0.089271
v -4.595785 0.466944 -0.097634
v -4.592870 0.460977 -0.104271
v -4.589197 0.453459 -0.108532
v -4.585125 0.445125 -0.110000
v -4.593951 0.440447 0.110000
v -4.598541 0.448507 0.108532
v -4.602681 0.455777 0.104270
v -4.605967 0.461547 0.097634
v -4.608077 0.465252 0.089270
v -4.608804 0.466528 0.080000
v -4.608804 0.466528 -0.080000
v -4.608077 0.465252 -0.089271
v -4.605967 0.461547 -0.097634
v -4.602681 0.455777 -0.104271
v -4.598541 0.448507 -0.108532
v -4.593951 0.440447 -0.110000
v -4.602815 0.435037 0.110000
v -4.607863 0.442816 0.108532
v -4.612418 0.449834 0.104270
v -4.616033 0.455403 0.097634
v -4.618353 0.458979 0.089270
v -4.619153 0.460211 0.080000
v -4.619153 0.460211 -0.080000
v -4.618353 0.458979 -0.089271
v -4.616033 0.455403 -0.097634
v -4.612418 0.449834 -0.104271
v -4.607863 0.442816 -0.108532
v -4.602815 0.435037 -0.110000
v -4.611734 0.428891 0.110000
v -4.617186 0.436392 0.108532
v -4.622104 0.443160 0.104270
v -4.626007 0.448530 0.097634
v -4.628513 0.451978 0.089270
v -4.629376 0.453167 0.080000
v -4.629376 0.453167 -0.080000
v -4.628513 0.451978 -0.089271
v -4.626007 0.448530 -0.097634
v -4.622104 0.443160 -0.104271
v -4.617186 0.436392 -0.108532
v -4.611734 0.428891 -0.110000
v -4.620727 0.422005 0.110000
v -4.626529 0.429238 0.108532
v -4.631763 0.435763 0.104270
v -4.635917 0.440941 0.097634
v -4.638585 0.444266 0.089270
v -4.639503 0.445412 0.080000
v -4.639503 0.445412 -0.080000
v -4.638585 0.444266 -0.089271
v -4.635917 0.440941 -0.097634
v -4.631763 0.435763 -0.104271
v -4.626529 0.429238 -0.108532
v -4.620727 0.422005 -0.110000
v -4.629809 0.414376 0.110000
v -4.635915 0.421354 0.108532
v -4.641424 0.427649 0.104270
v -4.645795 0.432645 0.097634
v -4.648602 0.435852 0.089270
v -4.649569 0.436957 0.080000
v -4.649569 0.436957 -0.080000
v -4.648602 0.435852 -0.089271
v -4.645795 0.432645 -0.097634
v -4.641424 0.427649 -0.104271
v -4.635915 0.421354 -0.108532
v -4.629809 0.414376 -0.110000
v -4.639000 0.406000 0.110000
v -4.650898 0.407699 0.108532
v -4.661632 0.409232 0.104270
v -4.670150 0.410449 0.097634
v -4.675619 0.411230 0.089270
v -4.677504 0.411499 0.080000
v -4.677504 0.411499 -0.080000
v -4.675619 0.411230 -0.089271
v -4.670150 0.410449 -0.097634
v -4.661632 0.409232 -0.104271
v -4.650898 0.407699 -0.108532
v -4.639000 0.406000 -0.110000
v -4.592000 0.329000 0.110000
v -4.594042 0.314553 0.108532
v -4.595885 0.301519 0.104270
v -4.597347 0.291176 0.097634
v -4.598286 0.284535 0.089270
v -4.598609 0.282247 0.080000
v -4.598609 0.282247 -0.080000
v -4.598286 0.284535 -0.089271
v -4.597347 0.291176 -0.097634
v -4.595885 0.301519 -0.104271
v -4.594042 0.314553 -0.108532
v -4.592000 0.329000 -0.110000
v -4.585096 0.335328 0.110000
v -4.578996 0.328344 0.108532
v -4.573493 0.322043 0.104270
v -4.569125 0.317044 0.097634
v -4.566321 0.313833 0.089270
v -4.565354 0.312727 0.080000
v -4.565354 0.312727 -0.080000
v -4.566321 0.313833 -0.089271
v -4.569125 0.317044 -0.097634
v -4.573493 0.322043 -0.104271
v -4.578996 0.328344 -0.108532
v -4.585096 0.335328 -0.110000
v -4.577936 0.341287 0.110000
v -4.572170 0.334024 0.108532
v -4.566969 0.327473 0.104270
v -4.562841 0.322273 0.097634
v -4.560191 0.318935 0.089270
v -4.559278 0.317785 0.080000
v -4.559278 0.317785 -0.080000
v -4.560191 0.318935 -0.089271
v -4.562841 0.322273 -0.097634
v -4.566969 0.327473 -0.104271
v -4.572170 0.334024 -0.108532
v -4.577936 0.341287 -0.110000
v -4.570594 0.346844 0.110000
v -4.565168 0.339324 0.108532
v -4.560273 0.332541 0.104270
v -4.556388 0.327158 0.097634
v -4.553894 0.323701 0.089270
v -4.553034 0.322510 0.080000
v -4.553034 0.322510 -0.080000
v -4.553894 0.323701 -0.089271
v -4.556388 0.327158 -0.097634
v -4.560273 0.332541 -0.104271
v -4.565168 0.339324 -0.108532
v -4.570594 0.346844 -0.110000
v -4.563148 0.351963 0.110000
v -4.558072 0.344203 0.108532
v -4.553493 0.337202 0.104270
v -4.549859 0.331647 0.097634
v -4.547525 0.328080 0.089270
v -4.546721 0.326851 0.080000
v -4.546721 0.326851 -0.080000
v -4.547525 0.328080 -0.089271
v -4.549859 0.331647 -0.097634
v -4.553493 0.337202 -0.104271
v -4.558072 0.344203 -0.108532
v -4.563148 0.351963 -0.110000
v -4.555675 0.356610 0.110000
v -4.550967 0.348621 0.108532
v -4.546721 0.341413 0.104270
v -4.543350 0.335694 0.097634
v -4.541186 0.332021 0.089270
v -4.540441 0.330756 0.080000
v -4.540441 0.330756 -0.080000
v -4.541186 0.332021 -0.089271
v -4.543350 0.335694 -0.097634
v -4.546721 0.341413 -0.104271
v -4.550967 0.348621 -0.108532
v -4.555675 0.356610 -0.110000
v -4.548250 0.360750 0.110000
v -4.543941 0.352539 0.108532
v -4.540053 0.345131 0.104270
v -4.536968 0.339253 0.097634
v -4.534986 0.335478 0.089270
v -4.534304 0.334178 0.080000
v -4.534304 0.334178 -0.080000
v -4.534986 0.335478 -0.089271
v -4.536968 0.339253 -0.097634
v -4.540053 0.345131 -0.104271
v -4.543941 0.352539 -0.108532
v -4.548250 0.360750 -0.110000
v -4.540950 0.364348 0.110000
v -4.537082 0.355920 0.108532
v -4.533593 0.348316 0.104270
v -4.530823 0.342281 0.097634
v -4.529046 0.338407 0.089270
v -4.528433 0.337072 0.080000
v -4.528433 0.337072 -0.080000
v -4.529046 0.338407 -0.089271
v -4.530823 0.342281 -0.097634
v -4.533593 0.348316 -0.104271
v -4.537082 0.355920 -0.108532
v -4.540950 0.364348 -0.110000
v -4.533852 0.367370 0.110000
v -4.530488 0.358727 0.108532
v -4.527454 0.350929 0.104270
v -4.525046 0.344741 0.097634
v -4.523499 0.340768 0.089270
v -4.522967 0.339399 0.080000
v -4.522967 0.339399 -0.080000
v -4.523499 0.340768 -0.089271
v -4.525046 0.344741 -0.097634
v -4.527454 0.350929 -0.104271
v -4.530488 0.358727 -0.108532
v -4.533852 0.367370 -0.110000
v -4.527031 0.369781 0.110000
v -4.524262 0.360927 0.108532
v -4.521764 0.352940 0.104270
v -4.519782 0.346602 0.097634
v -4.518509 0.342532 0.089270
v -4.518071 0.341130 0.080000
v -4.518071 0.341130 -0.080000
v -4.518509 0.342532 -0.089271
v -4.519782 0.346602 -0.097634
v -4.521764 0.352940 -0.104271
v -4.524262 0.360927 -0.108532
v -4.527031 0.369781 -0.110000
v -4.520565 0.371546 0.110000
v -4.518521 0.362495 0.108532
v -4.516676 0.354329 0.104270
v -4.515213 0.347849 0.097634
v -4.514273 0.343688 0.089270
v -4.513949 0.342255 0.080000
v -4.513949 0.342255 -0.080000
v -4.514273 0.343688 -0.089271
v -4.515213 0.347849 -0.097634
v -4.516676 0.354329 -0.104271
v -4.518521 0.362495 -0.108532
v -4.520565 0.371546 -0.110000
v -4.514529 0.372631 0.110000
v -4.513397 0.363415 0.108532
v -4.512376 0.355102 0.104270
v -4.511566 0.348504 0.097634
v -4.511045 0.344268 0.089270
v -4.510866 0.342809 0.080000
v -4.510866 0.342809 -0.080000
v -4.511045 0.344268 -0.089271
v -4.511566 0.348504 -0.097634
v -4.512376 0.355102 -0.104271
v -4.513397 0.363415 -0.108532
v -4.514529 0.372631 -0.110000
v -4.509000 0.373000 0.110000
v -4.509076 0.363704 0.108532
v -4.509145 0.355318 0.104270
v -4.509199 0.348662 0.097634
v -4.509234 0.344389 0.089270
v -4.509246 0.342917 0.080000
v -4.509246 0.342917 -0.080000
v -4.509234 0.344389 -0.089271
v -4.509199 0.348662 -0.097634
v -4.509145 0.355318 -0.104271
v -4.509076 0.363704 -0.108532
v -4.509000 0.373000 -0.110000
v -4.494041 0.371755 0.110000
v -4.495577 0.362580 0.108532
v -4.496962 0.354304 0.104270
v -4.498062 0.347735 0.097634
v -4.498767 0.343518 0.089270
v -4.499011 0.342065 0.080000
v -4.499011 0.342065 -0.080000
v -4.498767 0.343518 -0.089271
v -4.498062 0.347735 -0.097634
v -4.496962 0.354304 -0.104271
v -4.495577 0.362580 -0.108532
v -4.494041 0.371755 -0.110000
v -4.479745 0.368125 0.110000
v -4.482750 0.359323 0.108532
v -4.485460 0.351383 0.104270
v -4.487611 0.345082 0.097634
v -4.488992 0.341036 0.089270
v -4.489468 0.339642 0.080000
v -4.489468 0.339642 -0.080000
v -4.488992 0.341036 -0.089271
v -4.487611 0.345082 -0.097634
v -4.485460 0.351383 -0.104271
v -4.482750 0.359323 -0.108532
v -4.479745 0.368125 -0.110000
v -4.466234 0.362266 0.110000
v -4.470572 0.354042 0.108532
v -4.474486 0.346624 0.104270
v -4.477592 0.340737 0.097634
v -4.479586 0.336957 0.089270
v -4.480273 0.335654 0.080000
v -4.480273 0.335654 -0.080000
v -4.479586 0.336957 -0.089271
v -4.477592 0.340737 -0.097634
v -4.474486 0.346624 -0.104271
v -4.470572 0.354042 -0.108532
v -4.466234 0.362266 -0.110000
v -4.453629 0.354333 0.110000
v -4.459130 0.346841 0.108532
v -4.464092 0.340083 0.104270
v -4.468030 0.334719 0.097634
v -4.470558 0.331276 0.089270
v -4.471429 0.330089 0.080000
v -4.471429 0.330089 -0.080000
v -4.470558 0.331276 -0.089271
v -4.468030 0.334719 -0.097634
v -4.464092 0.340083 -0.104271
v -4.459130 0.346841 -0.108532
v -4.453629 0.354333 -0.110000
v -4.442052 0.344484 0.110000
v -4.448534 0.337827 0.108532
v -4.454380 0.331821 0.104270
v -4.459020 0.327054 0.097634
v -4.461999 0.323994 0.089270
v -4.463026 0.322939 0.080000
v -4.463026 0.322939 -0.080000
v -4.461999 0.323994 -0.089271
v -4.459020 0.327054 -0.097634
v -4.454380 0.331821 -0.104271
v -4.448534 0.337827 -0.108532
v -4.442052 0.344484 -0.110000
v -4.431625 0.332875 0.110000
v -4.438912 0.327115 0.108532
v -4.445486 0.321918 0.104270
v -4.450703 0.317794 0.097634
v -4.454052 0.315147 0.089270
v -4.455206 0.314234 0.080000
v -4.455206 0.314234 -0.080000
v -4.454052 0.315147 -0.089271
v -4.450703 0.317794 -0.097634
v -4.445486 0.321918 -0.104271
v -4.438912 0.327115 -0.108532
v -4.431625 0.332875 -0.110000
v -4.422468 0.319661 0.110000
v -4.430402 0.314835 0.108532
v -4.437560 0.310481 0.104270
v -4.443240 0.307025 0.097634
v -4.446887 0.304807 0.089270
v -4.448144 0.304043 0.080000
v -4.448144 0.304043 -0.080000
v -4.446887 0.304807 -0.089271
v -4.443240 0.307025 -0.097634
v -4.437560 0.310481 -0.104271
v -4.430402 0.314835 -0.108532
v -4.422468 0.319661 -0.110000
v -4.414704 0.305000 0.110000
v -4.423143 0.301127 0.108532
v -4.430757 0.297634 0.104270
v -4.436798 0.294861 0.097634
v -4.440678 0.293081 0.089270
v -4.442014 0.292468 0.080000
v -4.442014 0.292468 -0.080000
v -4.440678 0.293081 -0.089271
v -4.436798 0.294861 -0.097634
v -4.430757 0.297634 -0.104271
v -4.423143 0.301127 -0.108532
v -4.414704 0.305000 -0.110000
v -4.408453 0.289047 0.110000
v -4.417271 0.286139 0.108532
v -4.425225 0.283515 0.104270
v -4.431537 0.281433 0.097634
v -4.435590 0.280096 0.089270
v -4.436986 0.279636 0.080000
v -4.436986 0.279636 -0.080000
v -4.435590 0.280096 -0.089271
v -4.431537 0.281433 -0.097634
v -4.425225 0.283515 -0.104271
v -4.417271 0.286139 -0.108532
v -4.408453 0.289047 -0.110000
v -4.403838 0.271958 0.110000
v -4.412917 0.270020 0.108532
v -4.421108 0.268271 0.104270
v -4.427608 0.266884 0.097634
v -4.431781 0.265993 0.089270
v -4.433219 0.265686 0.080000
v -4.433219 0.265686 -0.080000
v -4.431781 0.265993 -0.089271
v -4.427608 0.266884 -0.097634
v -4.421108 0.268271 -0.104271
v -4.412917 0.270020 -0.108532
v -4.403838 0.271958 -0.110000
v -4.400980 0.253891 0.110000
v -4.410213 0.252924 0.108532
v -4.418542 0.252051 0.104271
v -4.425152 0.251359 0.097634
v -4.429396 0.250914 0.089271
v -4.430858 0.250761 0.080000
v -4.430858 0.250761 -0.080000
v -4.429396 0.250914 -0.089271
v -4.425152 0.251359 -0.097634
v -4.418542 0.252051 -0.104271
v -4.410213 0.252924 -0.108532
v -4.400980 0.253891 -0.110000
v -4.400000 0.235000 0.110000
v -4.409271 0.234760 0.108532
v -4.417634 0.234543 0.104271
v -4.424271 0.234371 0.097634
v -4.428532 0.234261 0.089271
v -4.430000 0.234222 0.080000
v -4.430000 0.234222 -0.080000
v -4.428532 0.234261 -0.089271
v -4.424271 0.234371 -0.097634
v -4.417634 0.234543 -0.104271
v -4.409271 0.234760 -0.108532
v -4.400000 0.235000 -0.110000
v -4.400000 0.000000 0.110000
v -4.409271 -0.009271 0.108532
v -4.417634 -0.017634 0.104271
v -4.424271 -0.024271 0.097634
v -4.428532 -0.028532 0.089271
v -4.430000 -0.030000 0.080000
v -4.430000 -0.030000 -0.080000
v -4.428532 -0.028532 -0.089271
v -4.424271 -0.024271 -0.097634
v -4.417634 -0.017634 -0.104271
v -4.409271 -0.009271 -0.108532
v -4.400000 -0.000000 -0.110000
v -4.311000 0.000000 0.110000
v -4.301729 -0.009271 0.108532
v -4.293366 -0.017634 0.104271
v -4.286729 -0.024271 0.097634
v -4.282468 -0.028532 0.089271
v -4.281000 -0.030000 0.080000
v -4.281000 -0.030000 -0.080000
v -4.282468 -0.028532 -0.089271
v -4.286729 -0.024271 -0.097634
v -4.293366 -0.017634 -0.104271
v -4.301729 -0.009271 -0.108532
v -4.311000 -0.000000 -0.110000
v -4.311000 0.449000 0.110000
v -4.301729 0.458271 0.108532
v -4.293366 0.466634 0.104270
v -4.286729 0.473271 0.097634
v -4.282468 0.477532 0.089270
v -4.281000 0.479000 0.080000
v -4.281000 0.479000 -0.080000
v -4.282468 0.477532 -0.089271
v -4.286729 0.473271 -0.097634
v -4.293366 0.466634 -0.104271
v -4.301729 0.458271 -0.108532
v -4.311000 0.449000 -0.110000
v -4.400000 0.449000 0.110000
v -4.409271 0.458271 0.108532
v -4.417634 0.466634 0.104270
v -4.424271 0.473271 0.097634
v -4.428532 0.477532 0.089270
v -4.430000 0.479000 0.080000
v -4.430000 0.479000 -0.080000
v -4.428532 0.477532 -0.089271
v -4.424271 0.473271 -0.097634
v -4.417634 0.466634 -0.104271
v -4.409271 0.458271 -0.108532
v -4.400000 0.449000 -0.110000
vn -0.0000 -0.0000 -1.0000
vn -0.0000 -0.0000 1.0000
vn -0.0382 0.3117 0.9494
vn -0.0385 0.1513 0.9877
vn -0.0190 0.1550 0.9877
vn -0.0719 0.5867 0.8066
vn -0.0775 0.3046 0.9493
vn -0.0987 0.8046 0.5856
vn -0.1457 0.5730 0.8065
vn -0.1158 0.9444 0.3077
vn -0.1998 0.7857 0.5855
vn -0.1213 0.9895 0.0784
vn -0.2345 0.9221 0.3077
vn -0.2457 0.9662 -0.0784
vn -0.1213 0.9895 -0.0784
vn -0.2345 0.9221 -0.3077
vn -0.1158 0.9444 -0.3077
vn -0.1998 0.7857 -0.5855
vn -0.0987 0.8046 -0.5856
vn -0.1457 0.5730 -0.8065
vn -0.0719 0.5867 -0.8066
vn -0.0775 0.3046 -0.9493
vn -0.0382 0.3117 -0.9494
vn -0.0385 0.1513 -0.9877
vn -0.0190 0.1550 -0.9877
vn -0.0579 0.1449 0.9877
vn -0.1167 0.2919 0.9493
vn -0.2195 0.5490 0.8065
vn -0.3010 0.7528 0.5855
vn -0.2457 0.9662 0.0784
vn -0.3532 0.8835 0.3077
vn -0.3701 0.9257 -0.0784
vn -0.3532 0.8835 -0.3077
vn -0.3010 0.7528 -0.5855
vn -0.2195 0.5490 -0.8065
vn -0.1167 0.2919 -0.9493
vn -0.0579 0.1449 -0.9877
vn -0.0768 0.1359 0.9877
vn -0.1548 0.2738 0.9493
vn -0.2910 0.5148 0.8064
vn -0.3990 0.7058 0.5854
vn -0.3701 0.9257 0.0784
vn -0.4682 0.8283 0.3077
vn -0.4906 0.8679 -0.0784
vn -0.4682 0.8283 -0.3077
vn -0.3990 0.7058 -0.5854
vn -0.2910 0.5148 -0.8064
vn -0.1548 0.2738 -0.9493
vn -0.0768 0.1359 -0.9877
vn -0.0945 0.1242 0.9877
vn -0.1904 0.2503 0.9493
vn -0.3580 0.4707 0.8064
vn -0.4908 0.6453 0.5854
vn -0.4906 0.8679 0.0784
vn -0.5760 0.7574 0.3076
vn -0.6035 0.7935 -0.0784
vn -0.5760 0.7574 -0.3076
vn -0.4908 0.6453 -0.5854
vn -0.3580 0.4707 -0.8064
vn -0.1904 0.2503 -0.9493
vn -0.0945 0.1242 -0.9877
vn -0.2225 0.2222 0.9493
vn -0.4184 0.4178 0.8064
vn -0.5737 0.5728 0.5854
vn -0.6733 0.6723 0.3077
vn -0.7054 0.7044 0.0784
vn -0.6035 0.7935 0.0784
vn -0.7054 0.7044 -0.0784
vn -0.6733 0.6723 -0.3077
vn -0.5737 0.5728 -0.5854
vn -0.4184 0.4178 -0.8064
vn -0.2225 0.2222 -0.9493
vn -0.2504 0.1902 0.9493
vn -0.1104 0.1103 0.9877
vn -0.4709 0.3576 0.8064
vn -0.6457 0.4903 0.5854
vn -0.7578 0.5754 0.3077
vn -0.7940 0.6029 0.0784
vn -0.7940 0.6029 -0.0784
vn -0.7578 0.5754 -0.3077
vn -0.6457 0.4903 -0.5854
vn -0.4709 0.3576 -0.8064
vn -0.1104 0.1103 -0.9877
vn -0.2504 0.1902 -0.9493
vn -0.2735 0.1550 0.9493
vn -0.1243 0.0944 0.9877
vn -0.5144 0.2916 0.8065
vn -0.7053 0.3997 0.5855
vn -0.8278 0.4692 0.3077
vn -0.8673 0.4916 0.0784
vn -0.8673 0.4916 -0.0784
vn -0.8278 0.4692 -0.3077
vn -0.7053 0.3998 -0.5855
vn -0.5144 0.2916 -0.8065
vn -0.1243 0.0944 -0.9877
vn -0.2735 0.1550 -0.9493
vn -0.2915 0.1176 0.9493
vn -0.1358 0.0770 0.9877
vn -0.5483 0.2213 0.8065
vn -0.7517 0.3034 0.5855
vn -0.8823 0.3561 0.3077
vn -0.9245 0.3732 0.0784
vn -0.9245 0.3731 -0.0784
vn -0.8823 0.3561 -0.3077
vn -0.7517 0.3034 -0.5855
vn -0.5483 0.2213 -0.8065
vn -0.1358 0.0770 -0.9877
vn -0.2915 0.1176 -0.9493
vn -0.3042 0.0789 0.9493
vn -0.1448 0.0584 0.9877
vn -0.5723 0.1484 0.8065
vn -0.7847 0.2034 0.5855
vn -0.9210 0.2388 0.3077
vn -0.9650 0.2502 0.0784
vn -0.9650 0.2502 -0.0784
vn -0.9210 0.2388 -0.3077
vn -0.7847 0.2034 -0.5855
vn -0.5723 0.1484 -0.8065
vn -0.1448 0.0584 -0.9877
vn -0.3042 0.0789 -0.9493
vn -0.3117 0.0394 0.9494
vn -0.1511 0.0392 0.9877
vn -0.5865 0.0742 0.8066
vn -0.8042 0.1017 0.5855
vn -0.9440 0.1194 0.3077
vn -0.9890 0.1251 0.0784
vn -0.9890 0.1251 -0.0784
vn -0.9440 0.1194 -0.3077
vn -0.8042 0.1017 -0.5855
vn -0.5865 0.0742 -0.8066
vn -0.1511 0.0392 -0.9877
vn -0.3117 0.0394 -0.9494
vn -0.3141 -0.0000 0.9494
vn -0.1549 0.0196 0.9877
vn -0.5911 -0.0000 0.8066
vn -0.8106 -0.0000 0.5856
vn -0.9515 -0.0000 0.3077
vn -0.9969 -0.0000 0.0784
vn -0.9969 -0.0000 -0.0784
vn -0.9515 -0.0000 -0.3077
vn -0.8106 -0.0000 -0.5856
vn -0.5911 -0.0000 -0.8066
vn -0.1549 0.0196 -0.9877
vn -0.3141 -0.0000 -0.9494
vn -0.1549 -0.0195 0.9877
vn -0.1561 -0.0000 0.9877
vn -0.3117 -0.0393 0.9494
vn -0.5865 -0.0740 0.8066
vn -0.8043 -0.1014 0.5855
vn -0.9440 -0.1191 0.3077
vn -0.9891 -0.1247 -0.0784
vn -0.9440 -0.1191 -0.3077
vn -0.8043 -0.1014 -0.5855
vn -0.5865 -0.0740 -0.8066
vn -0.3117 -0.0393 -0.9494
vn -0.1549 -0.0195 -0.9877
vn -0.1561 -0.0000 -0.9877
vn -0.1512 -0.0389 0.9877
vn -0.3043 -0.0784 0.9494
vn -0.5725 -0.1474 0.8066
vn -0.7850 -0.2022 0.5855
vn -0.9891 -0.1247 0.0784
vn -0.9214 -0.2373 0.3077
vn -0.9654 -0.2486 -0.0784
vn -0.9214 -0.2373 -0.3077
vn -0.7850 -0.2022 -0.5855
vn -0.5725 -0.1474 -0.8066
vn -0.3043 -0.0784 -0.9494
vn -0.1512 -0.0389 -0.9877
vn -0.1450 -0.0579 0.9877
vn -0.2918 -0.1166 0.9493
vn -0.5490 -0.2194 0.8065
vn -0.7528 -0.3009 0.5855
vn -0.9654 -0.2486 0.0784
vn -0.8835 -0.3531 0.3077
vn -0.9257 -0.3700 -0.0784
vn -0.8835 -0.3531 -0.3077
vn -0.7528 -0.3009 -0.5855
vn -0.5490 -0.2194 -0.8065
vn -0.2918 -0.1166 -0.9493
vn -0.1450 -0.0579 -0.9877
vn -0.1362 -0.0763 0.9877
vn -0.2743 -0.1535 0.9493
vn -0.5159 -0.2888 0.8065
vn -0.7074 -0.3960 0.5855
vn -0.9257 -0.3700 0.0784
vn -0.8302 -0.4648 0.3077
vn -0.8699 -0.4870 -0.0784
vn -0.8302 -0.4648 -0.3077
vn -0.7074 -0.3960 -0.5855
vn -0.5159 -0.2888 -0.8065
vn -0.2743 -0.1535 -0.9493
vn -0.1362 -0.0763 -0.9877
vn -0.1250 -0.0935 0.9877
vn -0.2517 -0.1884 0.9493
vn -0.4733 -0.3544 0.8065
vn -0.6490 -0.4859 0.5855
vn -0.8699 -0.4870 0.0784
vn -0.7617 -0.5702 0.3077
vn -0.7981 -0.5975 -0.0784
vn -0.7617 -0.5702 -0.3077
vn -0.6490 -0.4859 -0.5855
vn -0.4733 -0.3544 -0.8065
vn -0.2517 -0.1884 -0.9493
vn -0.1250 -0.0935 -0.9877
vn -0.1113 -0.1094 0.9877
vn -0.2242 -0.2205 0.9493
vn -0.4216 -0.4146 0.8064
vn -0.5780 -0.5685 0.5854
vn -0.7981 -0.5975 0.0784
vn -0.6784 -0.6672 0.3077
vn -0.7108 -0.6990 -0.0784
vn -0.6784 -0.6672 -0.3077
vn -0.5780 -0.5684 -0.5854
vn -0.4216 -0.4146 -0.8064
vn -0.2242 -0.2205 -0.9493
vn -0.1113 -0.1094 -0.9877
vn -0.0954 -0.1235 0.9877
vn -0.1923 -0.2489 0.9493
vn -0.3615 -0.4680 0.8064
vn -0.4957 -0.6416 0.5854
vn -0.7108 -0.6990 0.0784
vn -0.5817 -0.7530 0.3077
vn -0.6095 -0.7889 -0.0784
vn -0.5817 -0.7530 -0.3077
vn -0.4957 -0.6416 -0.5854
vn -0.3615 -0.4680 -0.8064
vn -0.1923 -0.2489 -0.9493
vn -0.0954 -0.1235 -0.9877
vn -0.1566 -0.2727 0.9493
vn -0.2945 -0.5128 0.8064
vn -0.4037 -0.7031 0.5854
vn -0.4738 -0.8251 0.3077
vn -0.4964 -0.8645 0.0784
vn -0.6095 -0.7889 0.0784
vn -0.4964 -0.8645 -0.0784
vn -0.4738 -0.8251 -0.3077
vn -0.4037 -0.7031 -0.5854
vn -0.2945 -0.5128 -0.8064
vn -0.1566 -0.2727 -0.9493
vn -0.1183 -0.2914 0.9493
vn -0.0777 -0.1354 0.9877
vn -0.2224 -0.5479 0.8064
vn -0.3049 -0.7512 0.5854
vn -0.3578 -0.8816 0.3077
vn -0.3749 -0.9237 0.0784
vn -0.3749 -0.9237 -0.0784
vn -0.3578 -0.8816 -0.3077
vn -0.3049 -0.7512 -0.5854
vn -0.2224 -0.5479 -0.8064
vn -0.0777 -0.1354 -0.9877
vn -0.1183 -0.2914 -0.9493
vn -0.0785 -0.3044 0.9493
vn -0.0587 -0.1446 0.9877
vn -0.1477 -0.5725 0.8065
vn -0.2025 -0.7850 0.5855
vn -0.2376 -0.9213 0.3077
vn -0.2490 -0.9653 0.0784
vn -0.2490 -0.9653 -0.0784
vn -0.2376 -0.9213 -0.3077
vn -0.2025 -0.7850 -0.5855
vn -0.1477 -0.5725 -0.8065
vn -0.0587 -0.1446 -0.9877
vn -0.0785 -0.3044 -0.9493
vn -0.0387 -0.3118 0.9494
vn -0.0390 -0.1512 0.9877
vn -0.0728 -0.5866 0.8066
vn -0.0999 -0.8045 0.5855
vn -0.1172 -0.9442 0.3077
vn -0.1228 -0.9893 0.0784
vn -0.1228 -0.9893 -0.0784
vn -0.1172 -0.9442 -0.3077
vn -0.0999 -0.8045 -0.5855
vn -0.0728 -0.5866 -0.8066
vn -0.0390 -0.1512 -0.9877
vn -0.0387 -0.3118 -0.9494
vn 0.0003 -0.3140 0.9494
vn -0.0192 -0.1549 0.9877
vn 0.0005 -0.5911 0.8066
vn 0.0007 -0.8106 0.5856
vn 0.0008 -0.9515 0.3077
vn 0.0008 -0.9969 0.0784
vn 0.0008 -0.9969 -0.0784
vn 0.0008 -0.9515 -0.3077
vn 0.0007 -0.8106 -0.5856
vn 0.0005 -0.5911 -0.8066
vn -0.0192 -0.1549 -0.9877
vn 0.0003 -0.3140 -0.9494
vn 0.0197 -0.1549 0.9877
vn 0.0001 -0.1561 0.9877
vn 0.0396 -0.3117 0.9493
vn 0.0745 -0.5865 0.8065
vn 0.1021 -0.8042 0.5855
vn 0.1199 -0.9439 0.3077
vn 0.1256 -0.9890 -0.0784
vn 0.1199 -0.9439 -0.3077
vn 0.1021 -0.8042 -0.5855
vn 0.0745 -0.5865 -0.8065
vn 0.0396 -0.3117 -0.9493
vn 0.0197 -0.1549 -0.9877
vn 0.0001 -0.1561 -0.9877
vn 0.0397 -0.1510 0.9877
vn 0.0799 -0.3041 0.9493
vn 0.1502 -0.5719 0.8065
vn 0.2060 -0.7841 0.5855
vn 0.1256 -0.9890 0.0784
vn 0.2418 -0.9203 0.3077
vn 0.2533 -0.9642 -0.0784
vn 0.2418 -0.9203 -0.3077
vn 0.2060 -0.7841 -0.5855
vn 0.1502 -0.5719 -0.8065
vn 0.0799 -0.3041 -0.9493
vn 0.0397 -0.1510 -0.9877
vn 0.0594 -0.1443 0.9877
vn 0.1197 -0.2908 0.9493
vn 0.2251 -0.5468 0.8064
vn 0.3086 -0.7497 0.5854
vn 0.2533 -0.9642 0.0784
vn 0.3622 -0.8799 0.3077
vn 0.3795 -0.9219 -0.0784
vn 0.3622 -0.8799 -0.3077
vn 0.3086 -0.7497 -0.5854
vn 0.2251 -0.5468 -0.8064
vn 0.1197 -0.2908 -0.9493
vn 0.0594 -0.1443 -0.9877
vn 0.0783 -0.1350 0.9877
vn 0.1578 -0.2720 0.9493
vn 0.2967 -0.5115 0.8064
vn 0.4067 -0.7013 0.5854
vn 0.3795 -0.9219 0.0784
vn 0.4774 -0.8231 0.3077
vn 0.5001 -0.8624 -0.0784
vn 0.4774 -0.8231 -0.3077
vn 0.4067 -0.7013 -0.5854
vn 0.2967 -0.5115 -0.8064
vn 0.1578 -0.2720 -0.9493
vn 0.0783 -0.1350 -0.9877
vn 0.1930 -0.2483 0.9493
vn 0.3629 -0.4669 0.8064
vn 0.4975 -0.6401 0.5854
vn 0.5839 -0.7513 0.3077
vn 0.6117 -0.7872 0.0784
vn 0.5001 -0.8624 0.0784
vn 0.6117 -0.7872 -0.0784
vn 0.5839 -0.7513 -0.3077
vn 0.4975 -0.6401 -0.5854
vn 0.3629 -0.4669 -0.8064
vn 0.1930 -0.2483 -0.9493
vn 0.2244 -0.2202 0.9493
vn 0.0958 -0.1232 0.9877
vn 0.4220 -0.4141 0.8065
vn 0.5786 -0.5678 0.5855
vn 0.6791 -0.6664 0.3077
vn 0.7115 -0.6983 0.0784
vn 0.7115 -0.6983 -0.0784
vn 0.6791 -0.6664 -0.3077
vn 0.5786 -0.5678 -0.5855
vn 0.4220 -0.4141 -0.8065
vn 0.0958 -0.1232 -0.9877
vn 0.2244 -0.2202 -0.9493
vn 0.2515 -0.1886 0.9493
vn 0.1114 -0.1093 0.9877
vn 0.4731 -0.3547 0.8065
vn 0.6486 -0.4863 0.5855
vn 0.7613 -0.5708 0.3077
vn 0.7976 -0.5980 0.0784
vn 0.7976 -0.5980 -0.0784
vn 0.7613 -0.5708 -0.3077
vn 0.6486 -0.4863 -0.5855
vn 0.4731 -0.3547 -0.8065
vn 0.1114 -0.1093 -0.9877
vn 0.2515 -0.1886 -0.9493
vn 0.2739 -0.1541 0.9493
vn 0.1249 -0.0936 0.9877
vn 0.5153 -0.2898 0.8065
vn 0.7066 -0.3974 0.5855
vn 0.8293 -0.4665 0.3077
vn 0.8689 -0.4887 0.0784
vn 0.8689 -0.4887 -0.0784
vn 0.8293 -0.4665 -0.3077
vn 0.7066 -0.3974 -0.5855
vn 0.5153 -0.2898 -0.8065
vn 0.1249 -0.0936 -0.9877
vn 0.2739 -0.1541 -0.9493
vn 0.2915 -0.1174 0.9493
vn 0.1361 -0.0765 0.9877
vn 0.5484 -0.2209 0.8065
vn 0.7520 -0.3029 0.5855
vn 0.8826 -0.3555 0.3077
vn 0.9247 -0.3725 0.0784
vn 0.9247 -0.3725 -0.0784
vn 0.8826 -0.3555 -0.3077
vn 0.7520 -0.3029 -0.5855
vn 0.5484 -0.2209 -0.8065
vn 0.1361 -0.0765 -0.9877
vn 0.2915 -0.1174 -0.9493
vn 0.3041 -0.0791 0.9494
vn 0.1448 -0.0583 0.9877
vn 0.5721 -0.1489 0.8065
vn 0.7845 -0.2042 0.5855
vn 0.9208 -0.2397 0.3077
vn 0.9648 -0.2511 0.0784
vn 0.9648 -0.2511 -0.0784
vn 0.9208 -0.2397 -0.3077
vn 0.7845 -0.2042 -0.5855
vn 0.5721 -0.1489 -0.8065
vn 0.1448 -0.0583 -0.9877
vn 0.3041 -0.0791 -0.9494
vn 0.3117 -0.0398 0.9494
vn 0.1511 -0.0393 0.9877
vn 0.5864 -0.0749 0.8066
vn 0.8041 -0.1027 0.5855
vn 0.9438 -0.1206 0.3077
vn 0.9889 -0.1263 0.0784
vn 0.9889 -0.1263 -0.0784
vn 0.9438 -0.1206 -0.3077
vn 0.8041 -0.1027 -0.5855
vn 0.5864 -0.0749 -0.8066
vn 0.1511 -0.0393 -0.9877
vn 0.3117 -0.0398 -0.9494
vn 0.3142 0.0001 0.9494
vn 0.1549 -0.0198 0.9877
vn 0.5912 0.0002 0.8065
vn 0.8107 0.0002 0.5855
vn 0.9515 0.0002 0.3077
vn 0.9969 0.0003 0.0784
vn 0.9969 0.0003 -0.0784
vn 0.9515 0.0002 -0.3077
vn 0.8107 0.0002 -0.5855
vn 0.5912 0.0002 -0.8065
vn 0.1549 -0.0198 -0.9877
vn 0.3142 0.0001 -0.9494
vn 0.1548 0.0200 0.9877
vn 0.1561 -0.0000 0.9877
vn 0.3117 0.0402 0.9493
vn 0.5863 0.0757 0.8065
vn 0.8040 0.1038 0.5855
vn 0.9437 0.1218 0.3077
vn 0.9887 0.1277 -0.0784
vn 0.9437 0.1218 -0.3077
vn 0.8040 0.1038 -0.5855
vn 0.5863 0.0757 -0.8065
vn 0.3117 0.0402 -0.9493
vn 0.1548 0.0200 -0.9877
vn 0.1561 -0.0000 -0.9877
vn 0.1509 0.0398 0.9877
vn 0.3039 0.0802 0.9493
vn 0.5717 0.1508 0.8065
vn 0.7839 0.2068 0.5855
vn 0.9887 0.1277 0.0784
vn 0.9200 0.2427 0.3077
vn 0.9640 0.2543 -0.0784
vn 0.9200 0.2427 -0.3077
vn 0.7839 0.2068 -0.5855
vn 0.5717 0.1508 -0.8065
vn 0.3039 0.0802 -0.9493
vn 0.1509 0.0398 -0.9877
vn 0.1445 0.0591 0.9877
vn 0.2909 0.1190 0.9493
vn 0.5472 0.2239 0.8065
vn 0.7503 0.3070 0.5855
vn 0.9640 0.2543 0.0784
vn 0.8806 0.3603 0.3077
vn 0.9227 0.3775 -0.0784
vn 0.8806 0.3603 -0.3077
vn 0.7503 0.3070 -0.5855
vn 0.5472 0.2239 -0.8065
vn 0.2909 0.1190 -0.9493
vn 0.1445 0.0591 -0.9877
vn 0.1355 0.0775 0.9877
vn 0.2728 0.1561 0.9493
vn 0.5132 0.2937 0.8065
vn 0.7036 0.4027 0.5855
vn 0.9227 0.3775 0.0784
vn 0.8258 0.4726 0.3077
vn 0.8652 0.4952 -0.0784
vn 0.8258 0.4726 -0.3077
vn 0.7036 0.4027 -0.5855
vn 0.5132 0.2937 -0.8065
vn 0.2728 0.1561 -0.9493
vn 0.1355 0.0775 -0.9877
vn 0.1241 0.0948 0.9877
vn 0.2498 0.1908 0.9493
vn 0.4699 0.3589 0.8065
vn 0.6443 0.4921 0.5855
vn 0.8652 0.4952 0.0784
vn 0.7562 0.5776 0.3077
vn 0.7923 0.6051 -0.0784
vn 0.7562 0.5776 -0.3077
vn 0.6443 0.4921 -0.5855
vn 0.4699 0.3589 -0.8065
vn 0.2498 0.1908 -0.9493
vn 0.1241 0.0948 -0.9877
vn 0.1104 0.1104 0.9877
vn 0.2223 0.2224 0.9493
vn 0.4180 0.4182 0.8065
vn 0.5731 0.5734 0.5855
vn 0.7923 0.6051 0.0784
vn 0.6727 0.6730 0.3077
vn 0.7048 0.7051 -0.0784
vn 0.6727 0.6730 -0.3077
vn 0.5731 0.5734 -0.5855
vn 0.4180 0.4182 -0.8065
vn 0.2223 0.2224 -0.9493
vn 0.1104 0.1104 -0.9877
vn 0.0946 0.1241 0.9877
vn 0.1906 0.2501 0.9493
vn 0.3584 0.4703 0.8065
vn 0.4914 0.6448 0.5855
vn 0.7048 0.7051 0.0784
vn 0.5767 0.7568 0.3077
vn 0.6043 0.7929 -0.0784
vn 0.5767 0.7568 -0.3077
vn 0.4914 0.6448 -0.5855
vn 0.3584 0.4703 -0.8065
vn 0.1906 0.2501 -0.9493
vn 0.0946 0.1241 -0.9877
vn 0.1554 0.2733 0.9493
vn 0.2923 0.5140 0.8065
vn 0.4008 0.7047 0.5855
vn 0.4704 0.8271 0.3077
vn 0.6043 0.7929 0.0784
vn 0.4929 0.8666 -0.0784
vn 0.4704 0.8271 -0.3077
vn 0.4008 0.7047 -0.5855
vn 0.2923 0.5140 -0.8065
vn 0.1554 0.2733 -0.9493
vn 0.1177 0.2915 0.9493
vn 0.0772 0.1357 0.9877
vn 0.2214 0.5482 0.8065
vn 0.3036 0.7517 0.5855
vn 0.3564 0.8822 0.3077
vn 0.3734 0.9244 0.0784
vn 0.4929 0.8666 0.0784
vn 0.3734 0.9244 -0.0784
vn 0.3564 0.8822 -0.3077
vn 0.3036 0.7517 -0.5855
vn 0.2214 0.5482 -0.8065
vn 0.0772 0.1357 -0.9877
vn 0.1177 0.2915 -0.9493
vn 0.0785 0.3043 0.9493
vn 0.0585 0.1447 0.9877
vn 0.1477 0.5725 0.8065
vn 0.2025 0.7850 0.5855
vn 0.2377 0.9213 0.3077
vn 0.2490 0.9653 0.0784
vn 0.2490 0.9653 -0.0784
vn 0.2377 0.9213 -0.3077
vn 0.2025 0.7850 -0.5855
vn 0.1477 0.5725 -0.8065
vn 0.0585 0.1447 -0.9877
vn 0.0785 0.3043 -0.9493
vn 0.0389 0.3117 0.9494
vn 0.0390 0.1512 0.9877
vn 0.0732 0.5866 0.8066
vn 0.1004 0.8044 0.5855
vn 0.1179 0.9441 0.3077
vn 0.1235 0.9892 0.0784
vn 0.1235 0.9892 -0.0784
vn 0.1179 0.9441 -0.3077
vn 0.1004 0.8044 -0.5855
vn 0.0732 0.5866 -0.8066
vn 0.0390 0.1512 -0.9877
vn 0.0389 0.3117 -0.9494
vn 0.0002 0.3139 0.9494
vn 0.0193 0.1549 0.9877
vn 0.0004 0.5910 0.8066
vn 0.0005 0.8106 0.5856
vn 0.0006 0.9515 0.3077
vn 0.0007 0.9969 0.0784
vn 0.0007 0.9969 -0.0784
vn 0.0006 0.9515 -0.3077
vn 0.0005 0.8106 -0.5856
vn 0.0004 0.5910 -0.8066
vn 0.0193 0.1549 -0.9877
vn 0.0002 0.3139 -0.9494
vn 0.0001 0.1562 0.9877
vn 0.0001 0.1562 -0.9877
vn 0.0746 0.2934 0.9531
vn 0.0191 0.1550 0.9877
vn 0.0371 0.3006 0.9530
vn 0.1436 0.5649 0.8126
vn 0.0715 0.5786 0.8125
vn 0.1986 0.7814 0.5916
vn 0.0989 0.8002 0.5915
vn 0.2341 0.9210 0.3114
vn 0.1165 0.9431 0.3114
vn 0.2456 0.9662 0.0789
vn 0.1222 0.9894 0.0789
vn 0.2456 0.9662 -0.0789
vn 0.1222 0.9894 -0.0789
vn 0.1165 0.9431 -0.3114
vn 0.0989 0.8002 -0.5915
vn 0.2341 0.9210 -0.3114
vn 0.0715 0.5786 -0.8125
vn 0.1986 0.7814 -0.5916
vn 0.0371 0.3006 -0.9530
vn 0.1436 0.5649 -0.8126
vn 0.0191 0.1550 -0.9877
vn 0.0746 0.2934 -0.9531
vn 0.1116 0.2813 0.9531
vn 0.0385 0.1513 0.9877
vn 0.2149 0.5417 0.8127
vn 0.2973 0.7494 0.5917
vn 0.3504 0.8833 0.3115
vn 0.3676 0.9266 0.0789
vn 0.3676 0.9266 -0.0789
vn 0.3504 0.8833 -0.3115
vn 0.2973 0.7494 -0.5917
vn 0.2149 0.5417 -0.8127
vn 0.0385 0.1513 -0.9877
vn 0.1116 0.2813 -0.9531
vn 0.1473 0.2642 0.9532
vn 0.0576 0.1451 0.9877
vn 0.2837 0.5089 0.8127
vn 0.3925 0.7041 0.5917
vn 0.4627 0.8300 0.3115
vn 0.4854 0.8707 0.0789
vn 0.4854 0.8707 -0.0789
vn 0.4627 0.8300 -0.3115
vn 0.3925 0.7041 -0.5917
vn 0.2837 0.5089 -0.8127
vn 0.0576 0.1451 -0.9877
vn 0.1473 0.2642 -0.9532
vn 0.1809 0.2424 0.9532
vn 0.0760 0.1363 0.9877
vn 0.3484 0.4669 0.8128
vn 0.4821 0.6461 0.5918
vn 0.5683 0.7616 0.3116
vn 0.5962 0.7990 0.0789
vn 0.5962 0.7990 -0.0789
vn 0.5683 0.7616 -0.3116
vn 0.4821 0.6461 -0.5918
vn 0.3484 0.4669 -0.8128
vn 0.0760 0.1363 -0.9877
vn 0.1809 0.2424 -0.9532
vn 0.2115 0.2161 0.9532
vn 0.0934 0.1251 0.9877
vn 0.4075 0.4163 0.8128
vn 0.5639 0.5760 0.5918
vn 0.6648 0.6790 0.3116
vn 0.6974 0.7123 0.0789
vn 0.6974 0.7123 -0.0789
vn 0.6648 0.6790 -0.3116
vn 0.5639 0.5760 -0.5918
vn 0.4075 0.4163 -0.8128
vn 0.0934 0.1251 -0.9877
vn 0.2115 0.2161 -0.9532
vn 0.2386 0.1857 0.9532
vn 0.1092 0.1115 0.9877
vn 0.4597 0.3578 0.8128
vn 0.6360 0.4952 0.5918
vn 0.7498 0.5837 0.3116
vn 0.7866 0.6124 0.0789
vn 0.7866 0.6124 -0.0789
vn 0.7498 0.5837 -0.3116
vn 0.6360 0.4952 -0.5918
vn 0.4597 0.3578 -0.8128
vn 0.1092 0.1115 -0.9877
vn 0.2386 0.1857 -0.9532
vn 0.1349 0.0785 0.9877
vn 0.1232 0.0959 0.9877
vn 0.2613 0.1520 0.9532
vn 0.5036 0.2929 0.8128
vn 0.8214 0.4777 0.3116
vn 0.8617 0.5012 -0.0789
vn 0.8214 0.4777 -0.3116
vn 0.5036 0.2929 -0.8128
vn 0.2613 0.1520 -0.9532
vn 0.1349 0.0785 -0.9877
vn 0.1232 0.0959 -0.9877
vn 0.1442 0.0597 0.9877
vn 0.2794 0.1157 0.9532
vn 0.6968 0.4053 0.5918
vn 0.5383 0.2228 0.8128
vn 0.7448 0.3083 0.5918
vn 0.8617 0.5012 0.0789
vn 0.8779 0.3635 0.3116
vn 0.9211 0.3813 -0.0789
vn 0.8779 0.3635 -0.3116
vn 0.7448 0.3083 -0.5918
vn 0.6968 0.4053 -0.5918
vn 0.5383 0.2228 -0.8128
vn 0.2794 0.1157 -0.9532
vn 0.1442 0.0597 -0.9877
vn 0.1509 0.0400 0.9877
vn 0.2923 0.0776 0.9532
vn 0.5631 0.1495 0.8127
vn 0.7792 0.2068 0.5917
vn 0.9211 0.3813 0.0789
vn 0.9184 0.2437 0.3116
vn 0.9635 0.2557 -0.0789
vn 0.9184 0.2437 -0.3116
vn 0.7792 0.2068 -0.5917
vn 0.5631 0.1495 -0.8127
vn 0.2923 0.0776 -0.9532
vn 0.1509 0.0400 -0.9877
vn 0.3001 0.0387 0.9531
vn 0.5780 0.0746 0.8127
vn 0.7996 0.1032 0.5917
vn 0.9635 0.2557 0.0789
vn 0.9424 0.1216 0.3115
vn 0.9887 0.1276 -0.0789
vn 0.9424 0.1216 -0.3115
vn 0.7996 0.1032 -0.5917
vn 0.5780 0.0746 -0.8127
vn 0.3001 0.0387 -0.9531
vn 0.3028 0.0001 0.9531
vn 0.5829 0.0001 0.8125
vn 0.8063 0.0001 0.5915
vn 0.9887 0.1276 0.0789
vn 0.9503 0.0002 0.3114
vn 0.9969 0.0002 -0.0789
vn 0.9503 0.0002 -0.3114
vn 0.8063 0.0001 -0.5915
vn 0.5829 0.0001 -0.8125
vn 0.3028 0.0001 -0.9531
vn 0.3001 -0.0386 0.9531
vn 0.5780 -0.0743 0.8126
vn 0.7996 -0.1027 0.5916
vn 0.9425 -0.1211 0.3115
vn 0.9888 -0.1270 0.0789
vn 0.9969 0.0002 0.0789
vn 0.9888 -0.1270 -0.0789
vn 0.9425 -0.1211 -0.3115
vn 0.7996 -0.1027 -0.5916
vn 0.5780 -0.0743 -0.8126
vn 0.3001 -0.0386 -0.9531
vn 0.2924 -0.0774 0.9532
vn 0.1548 -0.0199 0.9877
vn 0.5632 -0.1490 0.8127
vn 0.7793 -0.2062 0.5917
vn 0.9186 -0.2431 0.3116
vn 0.9637 -0.2550 0.0789
vn 0.9637 -0.2550 -0.0789
vn 0.9186 -0.2431 -0.3116
vn 0.7793 -0.2062 -0.5917
vn 0.5632 -0.1490 -0.8127
vn 0.1548 -0.0199 -0.9877
vn 0.2924 -0.0774 -0.9532
vn 0.2794 -0.1155 0.9532
vn 0.1509 -0.0399 0.9877
vn 0.5383 -0.2226 0.8128
vn 0.7449 -0.3080 0.5918
vn 0.8781 -0.3631 0.3116
vn 0.9212 -0.3809 0.0789
vn 0.9212 -0.3809 -0.0789
vn 0.8781 -0.3631 -0.3116
vn 0.7449 -0.3080 -0.5918
vn 0.5383 -0.2226 -0.8128
vn 0.1509 -0.0399 -0.9877
vn 0.2794 -0.1155 -0.9532
vn 0.2613 -0.1520 0.9532
vn 0.1442 -0.0596 0.9877
vn 0.5035 -0.2929 0.8128
vn 0.6968 -0.4053 0.5918
vn 0.8214 -0.4778 0.3116
vn 0.8617 -0.5012 0.0789
vn 0.8617 -0.5012 -0.0789
vn 0.8214 -0.4778 -0.3116
vn 0.6968 -0.4053 -0.5918
vn 0.5035 -0.2929 -0.8128
vn 0.1442 -0.0596 -0.9877
vn 0.2613 -0.1520 -0.9532
vn 0.2384 -0.1859 0.9532
vn 0.1349 -0.0785 0.9877
vn 0.4594 -0.3581 0.8128
vn 0.6357 -0.4956 0.5919
vn 0.7494 -0.5842 0.3116
vn 0.7862 -0.6129 0.0789
vn 0.7862 -0.6129 -0.0789
vn 0.7494 -0.5842 -0.3116
vn 0.6357 -0.4956 -0.5919
vn 0.4594 -0.3581 -0.8128
vn 0.1349 -0.0785 -0.9877
vn 0.2384 -0.1859 -0.9532
vn 0.1090 -0.1117 0.9877
vn 0.1231 -0.0960 0.9877
vn 0.2112 -0.2163 0.9532
vn 0.4070 -0.4168 0.8128
vn 0.5631 -0.5767 0.5918
vn 0.6639 -0.6798 0.3116
vn 0.6965 -0.7132 -0.0789
vn 0.6639 -0.6798 -0.3116
vn 0.5631 -0.5767 -0.5918
vn 0.4070 -0.4168 -0.8128
vn 0.2112 -0.2163 -0.9532
vn 0.1090 -0.1117 -0.9877
vn 0.1231 -0.0960 -0.9877
vn 0.0931 -0.1253 0.9877
vn 0.1804 -0.2427 0.9532
vn 0.3476 -0.4675 0.8128
vn 0.4809 -0.6469 0.5918
vn 0.6965 -0.7132 0.0789
vn 0.5669 -0.7626 0.3116
vn 0.5947 -0.8000 -0.0789
vn 0.5669 -0.7626 -0.3116
vn 0.4809 -0.6469 -0.5918
vn 0.3476 -0.4675 -0.8128
vn 0.1804 -0.2427 -0.9532
vn 0.0931 -0.1253 -0.9877
vn 0.0757 -0.1365 0.9877
vn 0.1467 -0.2645 0.9532
vn 0.2826 -0.5095 0.8127
vn 0.3910 -0.7049 0.5917
vn 0.5947 -0.8000 0.0789
vn 0.4609 -0.8310 0.3115
vn 0.4836 -0.8718 -0.0789
vn 0.4609 -0.8310 -0.3115
vn 0.3910 -0.7049 -0.5917
vn 0.2826 -0.5095 -0.8127
vn 0.1467 -0.2645 -0.9532
vn 0.0757 -0.1365 -0.9877
vn 0.0573 -0.1452 0.9877
vn 0.1110 -0.2815 0.9531
vn 0.2138 -0.5421 0.8126
vn 0.2957 -0.7500 0.5916
vn 0.4836 -0.8718 0.0789
vn 0.3486 -0.8840 0.3115
vn 0.3657 -0.9274 -0.0789
vn 0.3486 -0.8840 -0.3115
vn 0.2957 -0.7500 -0.5916
vn 0.2138 -0.5421 -0.8126
vn 0.1110 -0.2815 -0.9531
vn 0.0573 -0.1452 -0.9877
vn 0.0382 -0.1514 0.9877
vn 0.0741 -0.2935 0.9531
vn 0.1427 -0.5651 0.8126
vn 0.1974 -0.7817 0.5915
vn 0.3657 -0.9274 0.0789
vn 0.2326 -0.9214 0.3114
vn 0.2440 -0.9666 -0.0789
vn 0.2326 -0.9214 -0.3114
vn 0.1974 -0.7817 -0.5916
vn 0.1427 -0.5651 -0.8126
vn 0.0741 -0.2935 -0.9531
vn 0.0382 -0.1514 -0.9877
vn 0.0190 -0.1550 0.9877
vn 0.0369 -0.3007 0.9530
vn 0.0709 -0.5787 0.8125
vn 0.0981 -0.8004 0.5914
vn 0.2440 -0.9666 0.0789
vn 0.1156 -0.9432 0.3114
vn 0.1213 -0.9895 -0.0789
vn 0.1156 -0.9432 -0.3114
vn 0.0981 -0.8004 -0.5914
vn 0.0709 -0.5787 -0.8125
vn 0.0369 -0.3007 -0.9530
vn 0.0190 -0.1550 -0.9877
vn -0.0000 -0.1562 0.9877
vn -0.0001 -0.3031 0.9530
vn -0.0001 -0.5832 0.8124
vn -0.0001 -0.8064 0.5913
vn 0.1213 -0.9895 0.0789
vn -0.0002 -0.9503 0.3113
vn -0.0002 -0.9969 -0.0788
vn -0.0002 -0.9503 -0.3113
vn -0.0001 -0.8064 -0.5913
vn -0.0001 -0.5832 -0.8124
vn -0.0001 -0.3031 -0.9530
vn -0.0000 -0.1562 -0.9877
vn -0.0371 -0.3006 0.9530
vn -0.0713 -0.5786 0.8125
vn -0.0987 -0.8003 0.5915
vn -0.1163 -0.9431 0.3114
vn -0.1220 -0.9894 0.0789
vn -0.0002 -0.9969 0.0788
vn -0.1220 -0.9894 -0.0789
vn -0.1163 -0.9431 -0.3114
vn -0.0987 -0.8003 -0.5915
vn -0.0713 -0.5786 -0.8125
vn -0.0371 -0.3006 -0.9530
vn -0.0744 -0.2934 0.9531
vn -0.0191 -0.1550 0.9877
vn -0.1433 -0.5650 0.8126
vn -0.1983 -0.7815 0.5916
vn -0.2337 -0.9211 0.3114
vn -0.2452 -0.9663 0.0789
vn -0.2452 -0.9663 -0.0789
vn -0.2337 -0.9211 -0.3114
vn -0.1983 -0.7815 -0.5916
vn -0.1433 -0.5650 -0.8126
vn -0.0191 -0.1550 -0.9877
vn -0.0744 -0.2934 -0.9531
vn -0.1114 -0.2813 0.9531
vn -0.0384 -0.1513 0.9877
vn -0.2146 -0.5418 0.8127
vn -0.2969 -0.7495 0.5917
vn -0.3499 -0.8835 0.3115
vn -0.3671 -0.9268 0.0789
vn -0.3671 -0.9268 -0.0789
vn -0.3499 -0.8835 -0.3115
vn -0.2969 -0.7495 -0.5917
vn -0.2146 -0.5418 -0.8127
vn -0.0384 -0.1513 -0.9877
vn -0.1114 -0.2813 -0.9531
vn -0.1471 -0.2643 0.9532
vn -0.0575 -0.1451 0.9877
vn -0.2834 -0.5091 0.8127
vn -0.3921 -0.7043 0.5917
vn -0.4622 -0.8302 0.3116
vn -0.4849 -0.8710 0.0789
vn -0.4849 -0.8710 -0.0789
vn -0.4622 -0.8302 -0.3115
vn -0.3921 -0.7043 -0.5917
vn -0.2834 -0.5091 -0.8127
vn -0.0575 -0.1451 -0.9877
vn -0.1471 -0.2643 -0.9532
vn -0.1808 -0.2424 0.9532
vn -0.0759 -0.1364 0.9877
vn -0.3483 -0.4670 0.8128
vn -0.4819 -0.6462 0.5918
vn -0.5680 -0.7617 0.3116
vn -0.5959 -0.7991 0.0789
vn -0.5959 -0.7991 -0.0789
vn -0.5680 -0.7617 -0.3116
vn -0.4819 -0.6462 -0.5918
vn -0.3483 -0.4670 -0.8128
vn -0.0759 -0.1364 -0.9877
vn -0.1808 -0.2424 -0.9532
vn -0.2115 -0.2160 0.9532
vn -0.0933 -0.1251 0.9877
vn -0.4075 -0.4163 0.8128
vn -0.5639 -0.5760 0.5918
vn -0.6648 -0.6790 0.3116
vn -0.6974 -0.7123 0.0789
vn -0.6974 -0.7123 -0.0789
vn -0.6648 -0.6790 -0.3116
vn -0.5639 -0.5760 -0.5918
vn -0.4075 -0.4163 -0.8128
vn -0.0933 -0.1251 -0.9877
vn -0.2115 -0.2160 -0.9532
vn -0.2386 -0.1856 0.9532
vn -0.1092 -0.1115 0.9877
vn -0.4598 -0.3577 0.8128
vn -0.6362 -0.4949 0.5918
vn -0.7500 -0.5834 0.3116
vn -0.7868 -0.6121 0.0789
vn -0.7868 -0.6121 -0.0789
vn -0.7500 -0.5834 -0.3116
vn -0.6362 -0.4949 -0.5918
vn -0.4598 -0.3577 -0.8128
vn -0.1092 -0.1115 -0.9877
vn -0.2386 -0.1856 -0.9532
vn -0.1350 -0.0784 0.9877
vn -0.1232 -0.0958 0.9877
vn -0.2614 -0.1518 0.9532
vn -0.5037 -0.2925 0.8128
vn -0.6971 -0.4048 0.5918
vn -0.8621 -0.5006 0.0789
vn -0.8621 -0.5006 -0.0789
vn -0.8217 -0.4772 -0.3116
vn -0.6971 -0.4048 -0.5918
vn -0.5037 -0.2925 -0.8128
vn -0.2614 -0.1518 -0.9532
vn -0.1350 -0.0784 -0.9877
vn -0.1232 -0.0958 -0.9877
vn -0.1443 -0.0596 0.9877
vn -0.2795 -0.1154 0.9532
vn -0.5385 -0.2223 0.8128
vn -0.8217 -0.4772 0.3116
vn -0.7451 -0.3077 0.5918
vn -0.8783 -0.3627 0.3116
vn -0.9214 -0.3805 -0.0789
vn -0.8783 -0.3627 -0.3116
vn -0.7451 -0.3077 -0.5918
vn -0.5385 -0.2223 -0.8128
vn -0.2795 -0.1154 -0.9532
vn -0.1443 -0.0596 -0.9877
vn -0.1509 -0.0399 0.9877
vn -0.2924 -0.0773 0.9532
vn -0.5633 -0.1489 0.8127
vn -0.7794 -0.2061 0.5917
vn -0.9214 -0.3805 0.0789
vn -0.9187 -0.2429 0.3116
vn -0.9638 -0.2548 -0.0789
vn -0.9187 -0.2429 -0.3116
vn -0.7794 -0.2061 -0.5917
vn -0.5633 -0.1489 -0.8127
vn -0.2924 -0.0773 -0.9532
vn -0.1509 -0.0399 -0.9877
vn -0.1548 -0.0199 0.9877
vn -0.3002 -0.0385 0.9531
vn -0.5780 -0.0742 0.8126
vn -0.7996 -0.1027 0.5916
vn -0.9638 -0.2548 0.0789
vn -0.9425 -0.1210 0.3115
vn -0.9888 -0.1270 -0.0789
vn -0.9425 -0.1210 -0.3115
vn -0.7996 -0.1027 -0.5916
vn -0.5780 -0.0742 -0.8126
vn -0.3002 -0.0385 -0.9531
vn -0.1548 -0.0199 -0.9877
vn -0.3028 0.0001 0.9531
vn -0.5829 0.0001 0.8125
vn -0.8063 0.0001 0.5915
vn -0.9888 -0.1270 0.0789
vn -0.9503 0.0002 0.3114
vn -0.9969 0.0002 -0.0789
vn -0.9503 0.0002 -0.3114
vn -0.8063 0.0001 -0.5915
vn -0.5829 0.0001 -0.8125
vn -0.3028 0.0001 -0.9531
vn -0.3001 0.0387 0.9531
vn -0.5780 0.0745 0.8127
vn -0.7996 0.1031 0.5916
vn -0.9424 0.1215 0.3115
vn -0.9887 0.1275 0.0789
vn -0.9969 0.0002 0.0789
vn -0.9887 0.1275 -0.0789
vn -0.9424 0.1215 -0.3115
vn -0.7996 0.1031 -0.5916
vn -0.5780 0.0745 -0.8127
vn -0.3001 0.0387 -0.9531
vn -0.2924 0.0775 0.9532
vn -0.1548 0.0200 0.9877
vn -0.5632 0.1493 0.8127
vn -0.7792 0.2066 0.5917
vn -0.9185 0.2436 0.3116
vn -0.9636 0.2555 0.0789
vn -0.9636 0.2555 -0.0789
vn -0.9185 0.2436 -0.3116
vn -0.7792 0.2066 -0.5917
vn -0.5632 0.1493 -0.8127
vn -0.1548 0.0200 -0.9877
vn -0.2924 0.0775 -0.9532
vn -0.2794 0.1156 0.9532
vn -0.1509 0.0400 0.9877
vn -0.5384 0.2226 0.8128
vn -0.7449 0.3080 0.5918
vn -0.8781 0.3631 0.3116
vn -0.9212 0.3809 0.0789
vn -0.9212 0.3809 -0.0789
vn -0.8781 0.3631 -0.3116
vn -0.7449 0.3080 -0.5918
vn -0.5384 0.2226 -0.8128
vn -0.1509 0.0400 -0.9877
vn -0.2794 0.1156 -0.9532
vn -0.2615 0.1518 0.9532
vn -0.1442 0.0596 0.9877
vn -0.5038 0.2925 0.8128
vn -0.6971 0.4048 0.5918
vn -0.8217 0.4772 0.3116
vn -0.8621 0.5006 0.0789
vn -0.8621 0.5006 -0.0789
vn -0.8217 0.4772 -0.3116
vn -0.6971 0.4048 -0.5918
vn -0.5038 0.2925 -0.8128
vn -0.1442 0.0596 -0.9877
vn -0.2615 0.1518 -0.9532
vn -0.2388 0.1855 0.9532
vn -0.1350 0.0784 0.9877
vn -0.4600 0.3574 0.8128
vn -0.6366 0.4945 0.5918
vn -0.7504 0.5829 0.3116
vn -0.7872 0.6116 -0.0789
vn -0.7504 0.5829 -0.3116
vn -0.6366 0.4945 -0.5918
vn -0.4600 0.3574 -0.8128
vn -0.1350 0.0784 -0.9877
vn -0.2388 0.1855 -0.9532
vn -0.1093 0.1114 0.9877
vn -0.1233 0.0958 0.9877
vn -0.2118 0.2158 0.9532
vn -0.4081 0.4157 0.8128
vn -0.5647 0.5752 0.5918
vn -0.7872 0.6116 0.0789
vn -0.6656 0.6781 0.3116
vn -0.6983 0.7114 -0.0789
vn -0.6656 0.6781 -0.3116
vn -0.5647 0.5752 -0.5918
vn -0.4081 0.4157 -0.8128
vn -0.2118 0.2158 -0.9532
vn -0.1093 0.1114 -0.9877
vn -0.1233 0.0958 -0.9877
vn -0.0935 0.1250 0.9877
vn -0.1812 0.2421 0.9532
vn -0.3491 0.4664 0.8128
vn -0.4831 0.6453 0.5918
vn -0.6983 0.7114 0.0789
vn -0.5694 0.7607 0.3116
vn -0.5974 0.7980 -0.0789
vn -0.5694 0.7607 -0.3116
vn -0.4831 0.6453 -0.5918
vn -0.3491 0.4664 -0.8128
vn -0.1812 0.2421 -0.9532
vn -0.0935 0.1250 -0.9877
vn -0.0762 0.1362 0.9877
vn -0.1477 0.2640 0.9532
vn -0.2845 0.5085 0.8127
vn -0.3936 0.7035 0.5917
vn -0.5974 0.7980 0.0789
vn -0.4640 0.8293 0.3115
vn -0.4868 0.8700 -0.0789
vn -0.4640 0.8293 -0.3115
vn -0.3936 0.7035 -0.5917
vn -0.2845 0.5085 -0.8127
vn -0.1477 0.2640 -0.9532
vn -0.0762 0.1362 -0.9877
vn -0.0578 0.1450 0.9877
vn -0.1120 0.2811 0.9531
vn -0.2157 0.5414 0.8127
vn -0.2984 0.7489 0.5917
vn -0.4868 0.8700 0.0789
vn -0.3517 0.8828 0.3115
vn -0.3690 0.9261 -0.0789
vn -0.3517 0.8828 -0.3115
vn -0.2984 0.7489 -0.5917
vn -0.2157 0.5414 -0.8127
vn -0.1120 0.2811 -0.9531
vn -0.0578 0.1450 -0.9877
vn -0.0386 0.1513 0.9877
vn -0.0749 0.2933 0.9531
vn -0.1443 0.5647 0.8126
vn -0.1996 0.7812 0.5916
vn -0.3690 0.9261 0.0789
vn -0.2352 0.9207 0.3115
vn -0.2468 0.9659 -0.0789
vn -0.2352 0.9207 -0.3115
vn -0.1996 0.7812 -0.5916
vn -0.1443 0.5647 -0.8126
vn -0.0749 0.2933 -0.9531
vn -0.0386 0.1513 -0.9877
vn -0.0192 0.1549 0.9877
vn -0.0373 0.3005 0.9530
vn -0.0719 0.5785 0.8125
vn -0.0994 0.8002 0.5915
vn -0.2468 0.9659 0.0789
vn -0.1172 0.9430 0.3114
vn -0.1229 0.9893 -0.0789
vn -0.1172 0.9430 -0.3114
vn -0.0994 0.8002 -0.5915
vn -0.0719 0.5785 -0.8125
vn -0.0373 0.3005 -0.9530
vn -0.0192 0.1549 -0.9877
vn -0.0000 0.1562 0.9877
vn -0.0001 0.3030 0.9530
vn -0.0001 0.5831 0.8124
vn -0.0002 0.8064 0.5914
vn -0.1229 0.9893 0.0789
vn -0.0002 0.9503 0.3113
vn -0.0002 0.9969 -0.0788
vn -0.0002 0.9503 -0.3113
vn -0.0001 0.8064 -0.5914
vn -0.0001 0.5831 -0.8124
vn -0.0001 0.3030 -0.9530
vn -0.0000 0.1562 -0.9877
vn -0.0002 0.9969 0.0788
vn 0.0004 0.0808 0.9967
vn -0.0719 0.1100 0.9913
vn -0.1691 0.2588 0.9510
vn 0.0010 0.2238 0.9746
vn -0.3059 0.4681 0.8291
vn 0.0019 0.4164 0.9092
vn -0.4271 0.6536 0.6248
vn 0.0033 0.7208 0.6931
vn -0.5146 0.7874 0.3393
vn 0.0045 0.9771 0.2129
vn -0.5448 0.8337 0.0905
vn 0.0045 0.9771 -0.2129
vn -0.5448 0.8337 -0.0905
vn -0.5146 0.7875 -0.3393
vn -0.4271 0.6536 -0.6248
vn 0.0033 0.7208 -0.6931
vn -0.3059 0.4681 -0.8291
vn 0.0019 0.4164 -0.9092
vn -0.1691 0.2588 -0.9510
vn 0.0010 0.2238 -0.9746
vn -0.0719 0.1100 -0.9913
vn 0.0004 0.0808 -0.9967
vn 0.0722 0.1094 0.9914
vn 0.0003 0.0628 0.9980
vn 0.1700 0.2576 0.9512
vn 0.3076 0.4660 0.8296
vn 0.4297 0.6511 0.6256
vn 0.5180 0.7849 0.3400
vn 0.5486 0.8312 -0.0907
vn 0.5180 0.7849 -0.3400
vn 0.4297 0.6511 -0.6256
vn 0.3076 0.4660 -0.8296
vn 0.1700 0.2576 -0.9512
vn 0.0722 0.1094 -0.9914
vn 0.0003 0.0628 -0.9980
vn -0.0724 0.0476 0.9962
vn -0.1951 0.1282 0.9724
vn -0.3626 0.2383 0.9009
vn -0.5568 0.3659 0.7458
vn 0.5486 0.8312 0.0907
vn -0.7485 0.4918 0.4448
vn -0.8285 0.5445 -0.1306
vn -0.7485 0.4918 -0.4448
vn -0.5568 0.3659 -0.7458
vn -0.3626 0.2383 -0.9009
vn -0.1951 0.1282 -0.9724
vn -0.0724 0.0476 -0.9962
vn -0.1696 -0.2581 0.9511
vn -0.3068 -0.4669 0.8294
vn -0.4286 -0.6522 0.6253
vn -0.5165 -0.7860 0.3397
vn -0.5469 -0.8323 0.0906
vn -0.8285 0.5445 0.1306
vn -0.5469 -0.8323 -0.0906
vn -0.5165 -0.7860 -0.3397
vn -0.4286 -0.6522 -0.6253
vn -0.3068 -0.4669 -0.8294
vn -0.1696 -0.2581 -0.9511
vn 0.1687 -0.2593 0.9509
vn -0.0721 -0.1097 0.9914
vn 0.3051 -0.4690 0.8288
vn 0.4260 -0.6547 0.6244
vn 0.5130 -0.7886 0.3390
vn 0.5431 -0.8348 0.0904
vn 0.5431 -0.8348 -0.0904
vn 0.5130 -0.7886 -0.3390
vn 0.4260 -0.6547 -0.6244
vn 0.3051 -0.4690 -0.8288
vn -0.0721 -0.1097 -0.9914
vn 0.1687 -0.2593 -0.9509
vn 0.0721 0.0469 0.9963
vn 0.0718 -0.1103 0.9913
vn 0.1946 0.1266 0.9727
vn 0.3620 0.2355 0.9020
vn 0.5566 0.3621 0.7477
vn 0.7499 0.4879 0.4467
vn 0.8309 0.5406 -0.1314
vn 0.7499 0.4879 -0.4467
vn 0.5566 0.3621 -0.7477
vn 0.3620 0.2355 -0.9020
vn 0.1946 0.1266 -0.9727
vn 0.0721 0.0469 -0.9963
vn 0.0718 -0.1103 -0.9913
vn 0.8309 0.5406 0.1314
vn -0.1626 -0.2648 0.9505
vn -0.0761 -0.1366 0.9877
vn -0.0818 -0.1333 0.9877
vn -0.3082 -0.5019 0.8081
vn -0.1514 -0.2716 0.9504
vn -0.4237 -0.6900 0.5869
vn -0.2868 -0.5146 0.8080
vn -0.4977 -0.8106 0.3085
vn -0.3942 -0.7073 0.5868
vn -0.5217 -0.8495 0.0784
vn -0.4631 -0.8309 0.3084
vn -0.4854 -0.8708 -0.0784
vn -0.5217 -0.8495 -0.0784
vn -0.4631 -0.8309 -0.3084
vn -0.4977 -0.8106 -0.3085
vn -0.3942 -0.7073 -0.5868
vn -0.4237 -0.6900 -0.5869
vn -0.2868 -0.5146 -0.8080
vn -0.3082 -0.5019 -0.8081
vn -0.1514 -0.2716 -0.9504
vn -0.1626 -0.2648 -0.9505
vn -0.0761 -0.1366 -0.9877
vn -0.0818 -0.1333 -0.9877
vn -0.0696 -0.1401 0.9877
vn -0.1385 -0.2787 0.9504
vn -0.2622 -0.5277 0.8079
vn -0.3603 -0.7252 0.5867
vn -0.4854 -0.8708 0.0784
vn -0.4233 -0.8519 0.3084
vn -0.4436 -0.8928 -0.0784
vn -0.4233 -0.8519 -0.3084
vn -0.3603 -0.7252 -0.5867
vn -0.2622 -0.5277 -0.8079
vn -0.1385 -0.2787 -0.9504
vn -0.0696 -0.1401 -0.9877
vn -0.0622 -0.1435 0.9877
vn -0.1239 -0.2856 0.9503
vn -0.2346 -0.5407 0.8078
vn -0.3223 -0.7429 0.5866
vn -0.4436 -0.8928 0.0784
vn -0.3786 -0.8727 0.3083
vn -0.3968 -0.9146 -0.0784
vn -0.3786 -0.8727 -0.3083
vn -0.3223 -0.7429 -0.5866
vn -0.2346 -0.5407 -0.8078
vn -0.1239 -0.2856 -0.9503
vn -0.0622 -0.1435 -0.9877
vn -0.0543 -0.1467 0.9877
vn -0.1081 -0.2921 0.9503
vn -0.2046 -0.5528 0.8078
vn -0.2810 -0.7596 0.5866
vn -0.3968 -0.9146 0.0784
vn -0.3301 -0.8922 0.3083
vn -0.3460 -0.9350 -0.0784
vn -0.3301 -0.8922 -0.3083
vn -0.2810 -0.7596 -0.5866
vn -0.2046 -0.5528 -0.8078
vn -0.1081 -0.2921 -0.9503
vn -0.0543 -0.1467 -0.9877
vn -0.0459 -0.1495 0.9877
vn -0.0914 -0.2978 0.9503
vn -0.1730 -0.5635 0.8078
vn -0.2376 -0.7742 0.5866
vn -0.3460 -0.9350 0.0784
vn -0.2791 -0.9094 0.3083
vn -0.2925 -0.9530 -0.0784
vn -0.2791 -0.9094 -0.3083
vn -0.2376 -0.7742 -0.5866
vn -0.1730 -0.5635 -0.8078
vn -0.0914 -0.2978 -0.9503
vn -0.0459 -0.1495 -0.9877
vn -0.0744 -0.3024 0.9503
vn -0.1408 -0.5724 0.8078
vn -0.1934 -0.7864 0.5866
vn -0.2272 -0.9238 0.3083
vn -0.2381 -0.9681 0.0784
vn -0.2925 -0.9530 0.0784
vn -0.2381 -0.9681 -0.0784
vn -0.2272 -0.9238 -0.3083
vn -0.1934 -0.7864 -0.5866
vn -0.1408 -0.5724 -0.8078
vn -0.0744 -0.3024 -0.9503
vn -0.0575 -0.3060 0.9503
vn -0.0373 -0.1519 0.9877
vn -0.1089 -0.5793 0.8078
vn -0.1497 -0.7959 0.5866
vn -0.1758 -0.9349 0.3083
vn -0.1842 -0.9797 0.0784
vn -0.1842 -0.9797 -0.0784
vn -0.1758 -0.9349 -0.3083
vn -0.1497 -0.7959 -0.5866
vn -0.1089 -0.5793 -0.8078
vn -0.0373 -0.1519 -0.9877
vn -0.0575 -0.3060 -0.9503
vn -0.0414 -0.3084 0.9503
vn -0.0289 -0.1537 0.9877
vn -0.0784 -0.5841 0.8079
vn -0.1077 -0.8026 0.5867
vn -0.1265 -0.9428 0.3084
vn -0.1326 -0.9881 0.0784
vn -0.1326 -0.9881 -0.0784
vn -0.1265 -0.9428 -0.3084
vn -0.1077 -0.8026 -0.5867
vn -0.0784 -0.5841 -0.8079
vn -0.0289 -0.1537 -0.9877
vn -0.0414 -0.3084 -0.9503
vn -0.0263 -0.3099 0.9504
vn -0.0208 -0.1550 0.9877
vn -0.0498 -0.5871 0.8080
vn -0.0685 -0.8068 0.5868
vn -0.0804 -0.9478 0.3084
vn -0.0843 -0.9934 0.0784
vn -0.0843 -0.9934 -0.0784
vn -0.0804 -0.9478 -0.3084
vn -0.0685 -0.8068 -0.5868
vn -0.0498 -0.5871 -0.8080
vn -0.0208 -0.1550 -0.9877
vn -0.0263 -0.3099 -0.9504
vn -0.0125 -0.3106 0.9505
vn -0.0132 -0.1558 0.9877
vn -0.0237 -0.5886 0.8081
vn -0.0326 -0.8090 0.5869
vn -0.0383 -0.9505 0.3085
vn -0.0401 -0.9961 0.0784
vn -0.0401 -0.9961 -0.0784
vn -0.0383 -0.9505 -0.3085
vn -0.0326 -0.8090 -0.5869
vn -0.0237 -0.5886 -0.8081
vn -0.0132 -0.1558 -0.9877
vn -0.0125 -0.3106 -0.9505
vn 0.0039 -0.1562 0.9877
vn -0.0063 -0.1563 0.9877
vn 0.0078 -0.3126 0.9498
vn 0.0147 -0.5901 0.8072
vn 0.0202 -0.8100 0.5861
vn 0.0237 -0.9511 0.3080
vn 0.0249 -0.9966 -0.0784
vn 0.0237 -0.9511 -0.3080
vn 0.0202 -0.8100 -0.5861
vn 0.0147 -0.5901 -0.8072
vn 0.0078 -0.3126 -0.9498
vn 0.0039 -0.1562 -0.9877
vn -0.0063 -0.1563 -0.9877
vn 0.0220 -0.1545 0.9878
vn 0.0445 -0.3117 0.9492
vn 0.0835 -0.5856 0.8063
vn 0.1145 -0.8027 0.5853
vn 0.0249 -0.9966 0.0784
vn 0.1344 -0.9420 0.3076
vn 0.1408 -0.9869 -0.0784
vn 0.1344 -0.9420 -0.3076
vn 0.1145 -0.8027 -0.5853
vn 0.0835 -0.5856 -0.8063
vn 0.0445 -0.3117 -0.9492
vn 0.0220 -0.1545 -0.9878
vn 0.0445 -0.1495 0.9878
vn 0.0898 -0.3019 0.9491
vn 0.1687 -0.5670 0.8062
vn 0.2313 -0.7771 0.5853
vn 0.1408 -0.9869 0.0784
vn 0.2714 -0.9120 0.3076
vn 0.2843 -0.9555 -0.0784
vn 0.2714 -0.9120 -0.3076
vn 0.2313 -0.7771 -0.5853
vn 0.1687 -0.5670 -0.8062
vn 0.0898 -0.3019 -0.9491
vn 0.0445 -0.1495 -0.9878
vn 0.0664 -0.1412 0.9878
vn 0.1341 -0.2850 0.9491
vn 0.2518 -0.5353 0.8062
vn 0.3451 -0.7337 0.5853
vn 0.2843 -0.9555 0.0784
vn 0.4050 -0.8610 0.3076
vn 0.4243 -0.9021 -0.0784
vn 0.4050 -0.8610 -0.3076
vn 0.3451 -0.7337 -0.5853
vn 0.2518 -0.5353 -0.8062
vn 0.1341 -0.2850 -0.9491
vn 0.0664 -0.1412 -0.9878
vn 0.1750 -0.2618 0.9491
vn 0.3287 -0.4918 0.8063
vn 0.4505 -0.6741 0.5853
vn 0.5287 -0.7911 0.3076
vn 0.5540 -0.8288 0.0784
vn 0.4243 -0.9021 0.0784
vn 0.5540 -0.8288 -0.0784
vn 0.5287 -0.7911 -0.3076
vn 0.4505 -0.6741 -0.5853
vn 0.3287 -0.4918 -0.8063
vn 0.1750 -0.2618 -0.9491
vn 0.2109 -0.2336 0.9492
vn 0.0867 -0.1297 0.9878
vn 0.3964 -0.4390 0.8063
vn 0.5433 -0.6018 0.5854
vn 0.6376 -0.7062 0.3076
vn 0.6681 -0.7399 0.0784
vn 0.6681 -0.7399 -0.0784
vn 0.6376 -0.7062 -0.3076
vn 0.5433 -0.6018 -0.5854
vn 0.3964 -0.4390 -0.8063
vn 0.0867 -0.1297 -0.9878
vn 0.2109 -0.2336 -0.9492
vn 0.2410 -0.2020 0.9493
vn 0.1046 -0.1158 0.9877
vn 0.4532 -0.3799 0.8064
vn 0.6213 -0.5208 0.5854
vn 0.7292 -0.6113 0.3077
vn 0.7640 -0.6404 0.0784
vn 0.7640 -0.6404 -0.0784
vn 0.7292 -0.6113 -0.3077
vn 0.6213 -0.5208 -0.5854
vn 0.4532 -0.3799 -0.8064
vn 0.1046 -0.1158 -0.9877
vn 0.2410 -0.2020 -0.9493
vn 0.2651 -0.1686 0.9494
vn 0.1196 -0.1003 0.9877
vn 0.4988 -0.3172 0.8065
vn 0.6841 -0.4350 0.5855
vn 0.8029 -0.5106 0.3077
vn 0.8412 -0.5350 0.0784
vn 0.8412 -0.5350 -0.0784
vn 0.8029 -0.5106 -0.3077
vn 0.6841 -0.4350 -0.5855
vn 0.4988 -0.3172 -0.8065
vn 0.1196 -0.1003 -0.9877
vn 0.2651 -0.1686 -0.9494
vn 0.2837 -0.1345 0.9494
vn 0.1317 -0.0838 0.9877
vn 0.5341 -0.2531 0.8067
vn 0.7325 -0.3472 0.5856
vn 0.8598 -0.4075 0.3078
vn 0.9008 -0.4270 0.0784
vn 0.9008 -0.4270 -0.0784
vn 0.8598 -0.4075 -0.3078
vn 0.7325 -0.3472 -0.5856
vn 0.5341 -0.2531 -0.8067
vn 0.1317 -0.0838 -0.9877
vn 0.2837 -0.1345 -0.9494
vn 0.2972 -0.1003 0.9495
vn 0.1411 -0.0669 0.9877
vn 0.5599 -0.1890 0.8068
vn 0.7680 -0.2592 0.5857
vn 0.9015 -0.3043 0.3078
vn 0.9446 -0.3188 0.0784
vn 0.9446 -0.3188 -0.0784
vn 0.9015 -0.3043 -0.3078
vn 0.7680 -0.2592 -0.5857
vn 0.5599 -0.1890 -0.8068
vn 0.1411 -0.0669 -0.9877
vn 0.2972 -0.1003 -0.9495
vn 0.3064 -0.0665 0.9496
vn 0.1480 -0.0499 0.9877
vn 0.5773 -0.1253 0.8068
vn 0.7921 -0.1719 0.5858
vn 0.9298 -0.2018 0.3078
vn 0.9742 -0.2114 0.0784
vn 0.9743 -0.2114 -0.0784
vn 0.9298 -0.2018 -0.3078
vn 0.7921 -0.1719 -0.5858
vn 0.5773 -0.1253 -0.8068
vn 0.1480 -0.0499 -0.9877
vn 0.3064 -0.0665 -0.9496
vn 0.3117 -0.0331 0.9496
vn 0.1527 -0.0331 0.9877
vn 0.5874 -0.0623 0.8069
vn 0.8059 -0.0855 0.5858
vn 0.9461 -0.1004 0.3078
vn 0.9914 -0.1052 0.0784
vn 0.9914 -0.1052 -0.0784
vn 0.9461 -0.1004 -0.3078
vn 0.8059 -0.0855 -0.5858
vn 0.5874 -0.0623 -0.8069
vn 0.1527 -0.0331 -0.9877
vn 0.3117 -0.0331 -0.9496
vn 0.3134 0.0001 0.9496
vn 0.1553 -0.0165 0.9877
vn 0.5907 0.0002 0.8069
vn 0.8105 0.0003 0.5858
vn 0.9514 0.0004 0.3078
vn 0.9969 0.0004 0.0784
vn 0.9969 0.0004 -0.0784
vn 0.9514 0.0004 -0.3078
vn 0.8105 0.0003 -0.5858
vn 0.5907 0.0002 -0.8069
vn 0.1553 -0.0165 -0.9877
vn 0.3134 0.0001 -0.9496
vn 0.1553 0.0170 0.9877
vn 0.1562 0.0001 0.9877
vn 0.3117 0.0342 0.9495
vn 0.5873 0.0645 0.8068
vn 0.8057 0.0884 0.5857
vn 0.9458 0.1038 0.3078
vn 0.9910 0.1087 -0.0784
vn 0.9458 0.1038 -0.3078
vn 0.8057 0.0884 -0.5857
vn 0.5873 0.0645 -0.8068
vn 0.3117 0.0342 -0.9495
vn 0.1553 0.0170 -0.9877
vn 0.1562 0.0001 -0.9877
vn 0.1522 0.0348 0.9877
vn 0.3060 0.0699 0.9495
vn 0.5761 0.1316 0.8067
vn 0.7902 0.1805 0.5856
vn 0.9910 0.1087 0.0784
vn 0.9276 0.2119 0.3078
vn 0.9719 0.2220 -0.0784
vn 0.9276 0.2119 -0.3078
vn 0.7902 0.1805 -0.5856
vn 0.5761 0.1316 -0.8067
vn 0.3060 0.0699 -0.9495
vn 0.1522 0.0348 -0.9877
vn 0.1469 0.0530 0.9877
vn 0.2954 0.1067 0.9494
vn 0.5560 0.2008 0.8066
vn 0.7624 0.2753 0.5856
vn 0.9719 0.2220 0.0784
vn 0.8949 0.3232 0.3077
vn 0.9377 0.3386 -0.0784
vn 0.8949 0.3232 -0.3077
vn 0.7624 0.2753 -0.5856
vn 0.5560 0.2008 -0.8066
vn 0.2954 0.1067 -0.9494
vn 0.1469 0.0530 -0.9877
vn 0.1388 0.0714 0.9877
vn 0.2796 0.1437 0.9493
vn 0.5259 0.2703 0.8065
vn 0.7210 0.3706 0.5855
vn 0.9377 0.3386 0.0784
vn 0.8463 0.4349 0.3077
vn 0.8867 0.4557 -0.0784
vn 0.8463 0.4349 -0.3077
vn 0.7210 0.3706 -0.5855
vn 0.5259 0.2703 -0.8065
vn 0.2796 0.1437 -0.9493
vn 0.1388 0.0714 -0.9877
vn 0.1281 0.0892 0.9877
vn 0.2581 0.1798 0.9493
vn 0.4852 0.3380 0.8064
vn 0.6652 0.4635 0.5854
vn 0.8867 0.4557 0.0784
vn 0.7807 0.5439 0.3077
vn 0.8180 0.5699 -0.0784
vn 0.7807 0.5439 -0.3077
vn 0.6652 0.4635 -0.5854
vn 0.4852 0.3380 -0.8064
vn 0.2581 0.1798 -0.9493
vn 0.1281 0.0892 -0.9877
vn 0.1145 0.1060 0.9877
vn 0.2309 0.2137 0.9492
vn 0.4340 0.4018 0.8064
vn 0.5950 0.5508 0.5854
vn 0.8180 0.5699 0.0784
vn 0.6983 0.6464 0.3076
vn 0.7316 0.6772 -0.0784
vn 0.6983 0.6464 -0.3076
vn 0.5950 0.5508 -0.5854
vn 0.4340 0.4018 -0.8064
vn 0.2309 0.2137 -0.9492
vn 0.1145 0.1060 -0.9877
vn 0.0985 0.1211 0.9877
vn 0.1986 0.2442 0.9492
vn 0.3732 0.4589 0.8063
vn 0.5115 0.6290 0.5854
vn 0.7316 0.6772 0.0784
vn 0.6003 0.7382 0.3076
vn 0.6290 0.7735 -0.0784
vn 0.6003 0.7382 -0.3076
vn 0.5115 0.6290 -0.5854
vn 0.3732 0.4589 -0.8063
vn 0.1986 0.2442 -0.9492
vn 0.0985 0.1211 -0.9877
vn 0.0803 0.1338 0.9877
vn 0.3043 0.5072 0.8063
vn 0.4896 0.8159 0.3076
vn 0.5130 0.8548 0.0784
vn 0.6290 0.7735 0.0784
vn 0.5129 0.8548 -0.0784
vn 0.4896 0.8159 -0.3076
vn 0.3043 0.5072 -0.8063
vn 0.0803 0.1338 -0.9877
vn 0.1223 0.2899 0.9492
vn 0.1619 0.2699 0.9492
vn 0.2299 0.5449 0.8064
vn 0.3151 0.7470 0.5854
vn 0.4172 0.6952 0.5854
vn 0.3698 0.8767 0.3076
vn 0.3875 0.9185 0.0784
vn 0.3875 0.9185 -0.0784
vn 0.4172 0.6952 -0.5854
vn 0.3698 0.8767 -0.3076
vn 0.3151 0.7470 -0.5854
vn 0.1619 0.2699 -0.9492
vn 0.2299 0.5449 -0.8064
vn 0.1223 0.2899 -0.9492
vn 0.0812 0.3038 0.9493
vn 0.0607 0.1438 0.9877
vn 0.1526 0.5713 0.8064
vn 0.2092 0.7833 0.5854
vn 0.2456 0.9193 0.3077
vn 0.2573 0.9631 0.0784
vn 0.2573 0.9631 -0.0784
vn 0.2456 0.9193 -0.3077
vn 0.2092 0.7833 -0.5854
vn 0.1526 0.5713 -0.8064
vn 0.0607 0.1438 -0.9877
vn 0.0812 0.3038 -0.9493
vn 0.0400 0.3117 0.9493
vn 0.0403 0.1508 0.9877
vn 0.0753 0.5864 0.8065
vn 0.1033 0.8041 0.5855
vn 0.1212 0.9437 0.3077
vn 0.1270 0.9888 0.0784
vn 0.1270 0.9888 -0.0784
vn 0.1212 0.9437 -0.3077
vn 0.1033 0.8041 -0.5855
vn 0.0753 0.5864 -0.8065
vn 0.0403 0.1508 -0.9877
vn 0.0400 0.3117 -0.9493
vn 0.0006 0.3140 0.9494
vn 0.0199 0.1548 0.9877
vn 0.0012 0.5910 0.8066
vn 0.0016 0.8106 0.5856
vn 0.0019 0.9515 0.3077
vn 0.0020 0.9969 0.0784
vn 0.0020 0.9969 -0.0784
vn 0.0019 0.9515 -0.3077
vn 0.0016 0.8106 -0.5856
vn 0.0012 0.5910 -0.8066
vn 0.0199 0.1548 -0.9877
vn 0.0006 0.3140 -0.9494
vn -0.0191 0.1550 0.9877
vn 0.0003 0.1562 0.9877
vn -0.0384 0.3118 0.9494
vn -0.0722 0.5867 0.8065
vn -0.0990 0.8046 0.5855
vn -0.1162 0.9444 0.3077
vn -0.1218 0.9895 -0.0784
vn -0.1162 0.9444 -0.3077
vn -0.0990 0.8046 -0.5855
vn -0.0722 0.5867 -0.8065
vn -0.0384 0.3118 -0.9494
vn -0.0191 0.1550 -0.9877
vn 0.0003 0.1562 -0.9877
vn -0.0397 0.1509 0.9877
vn -0.0801 0.3043 0.9492
vn -0.1505 0.5720 0.8063
vn -0.2063 0.7841 0.5854
vn -0.1218 0.9895 0.0784
vn -0.2421 0.9202 0.3076
vn -0.2537 0.9641 -0.0784
vn -0.2421 0.9202 -0.3076
vn -0.2063 0.7841 -0.5854
vn -0.1505 0.5720 -0.8063
vn -0.0801 0.3043 -0.9492
vn -0.0397 0.1509 -0.9877
vn -0.0614 0.1434 0.9878
vn -0.1241 0.2896 0.9491
vn -0.2330 0.5438 0.8062
vn -0.3194 0.7453 0.5853
vn -0.2537 0.9641 0.0784
vn -0.3748 0.8746 0.3076
vn -0.3927 0.9163 -0.0784
vn -0.3748 0.8746 -0.3076
vn -0.3194 0.7453 -0.5853
vn -0.2330 0.5438 -0.8062
vn -0.1241 0.2896 -0.9491
vn -0.0614 0.1434 -0.9878
vn -0.0830 0.1320 0.9878
vn -0.1679 0.2669 0.9490
vn -0.3151 0.5009 0.8061
vn -0.4318 0.6864 0.5852
vn -0.3927 0.9163 0.0784
vn -0.5066 0.8054 0.3075
vn -0.5308 0.8439 -0.0784
vn -0.5066 0.8054 -0.3075
vn -0.4318 0.6864 -0.5852
vn -0.3151 0.5009 -0.8061
vn -0.1679 0.2669 -0.9490
vn -0.0830 0.1320 -0.9878
vn -0.1030 0.1171 0.9878
vn -0.2084 0.2367 0.9490
vn -0.3910 0.4442 0.8061
vn -0.5358 0.6087 0.5852
vn -0.5308 0.8439 0.0784
vn -0.6287 0.7142 0.3075
vn -0.6587 0.7483 -0.0784
vn -0.6287 0.7142 -0.3075
vn -0.5358 0.6087 -0.5852
vn -0.3910 0.4442 -0.8061
vn -0.2084 0.2367 -0.9490
vn -0.1030 0.1171 -0.9878
vn -0.2427 0.2010 0.9490
vn -0.4558 0.3773 0.8062
vn -0.6246 0.5171 0.5852
vn -0.7330 0.6068 0.3076
vn -0.7679 0.6357 0.0784
vn -0.6587 0.7483 0.0784
vn -0.7679 0.6357 -0.0784
vn -0.7330 0.6068 -0.3076
vn -0.6246 0.5171 -0.5852
vn -0.4558 0.3773 -0.8062
vn -0.2427 0.2010 -0.9490
vn -0.2696 0.1625 0.9492
vn -0.1201 0.0995 0.9878
vn -0.5065 0.3054 0.8063
vn -0.6943 0.4186 0.5853
vn -0.8149 0.4913 0.3076
vn -0.8538 0.5147 0.0784
vn -0.8538 0.5147 -0.0784
vn -0.8149 0.4913 -0.3076
vn -0.6943 0.4186 -0.5853
vn -0.5065 0.3054 -0.8063
vn -0.1201 0.0995 -0.9878
vn -0.2696 0.1625 -0.9492
vn -0.2887 0.1242 0.9493
vn -0.1336 0.0806 0.9878
vn -0.5431 0.2336 0.8065
vn -0.7447 0.3203 0.5855
vn -0.8741 0.3760 0.3077
vn -0.9158 0.3939 0.0784
vn -0.9158 0.3939 -0.0784
vn -0.8741 0.3760 -0.3077
vn -0.7447 0.3203 -0.5855
vn -0.5431 0.2336 -0.8065
vn -0.1336 0.0806 -0.9878
vn -0.2887 0.1242 -0.9493
vn -0.3011 0.0880 0.9495
vn -0.1434 0.0617 0.9877
vn -0.5672 0.1657 0.8068
vn -0.7780 0.2274 0.5857
vn -0.9133 0.2669 0.3078
vn -0.9569 0.2796 0.0784
vn -0.9569 0.2796 -0.0784
vn -0.9133 0.2669 -0.3078
vn -0.7780 0.2274 -0.5857
vn -0.5672 0.1657 -0.8068
vn -0.1434 0.0617 -0.9877
vn -0.3011 0.0880 -0.9495
vn -0.3083 0.0551 0.9497
vn -0.1499 0.0438 0.9877
vn -0.5814 0.1040 0.8070
vn -0.7977 0.1427 0.5859
vn -0.9366 0.1675 0.3079
vn -0.9814 0.1755 0.0784
vn -0.9814 0.1755 -0.0784
vn -0.9366 0.1675 -0.3079
vn -0.7977 0.1427 -0.5859
vn -0.5814 0.1040 -0.8070
vn -0.1499 0.0438 -0.9877
vn -0.3083 0.0551 -0.9497
vn -0.3116 0.0259 0.9499
vn -0.1538 0.0275 0.9877
vn -0.5882 0.0490 0.8072
vn -0.8075 0.0672 0.5861
vn -0.9481 0.0789 0.3080
vn -0.9935 0.0827 0.0784
vn -0.9935 0.0827 -0.0784
vn -0.9481 0.0789 -0.3080
vn -0.8075 0.0672 -0.5861
vn -0.5882 0.0490 -0.8072
vn -0.1538 0.0275 -0.9877
vn -0.3116 0.0259 -0.9499
vn -0.0787 -0.0756 0.9940
vn -0.1557 0.0130 0.9877
vn -0.1992 -0.1915 0.9611
vn -0.3637 -0.3496 0.8634
vn -0.5289 -0.5085 0.6795
vn -0.6655 -0.6399 0.3843
vn -0.7168 -0.6891 -0.1068
vn -0.6655 -0.6399 -0.3843
vn -0.5289 -0.5085 -0.6795
vn -0.3637 -0.3496 -0.8634
vn -0.1992 -0.1915 -0.9611
vn -0.0787 -0.0756 -0.9940
vn -0.1558 0.0130 -0.9877
vn -0.1134 -0.0930 0.9892
vn 0.6683 -0.7258 0.1631
vn 0.6146 -0.7764 0.1395
vn 0.5735 -0.8146 0.0871
vn 0.5954 -0.8033 0.0122
vn -0.7168 -0.6891 0.1068
vn 0.5954 -0.8033 -0.0122
vn 0.5735 -0.8146 -0.0871
vn 0.6146 -0.7764 -0.1395
vn 0.6683 -0.7258 -0.1631
vn -0.1134 -0.0930 -0.9892
vn -0.1517 0.0376 0.9877
vn -0.0773 -0.0633 0.9950
vn -0.2957 0.0733 0.9525
vn 0.2024 0.9724 0.1160
vn 0.1580 0.9855 0.0611
vn 0.1924 0.9813 0.0078
vn 0.1925 0.9813 -0.0078
vn 0.1580 0.9855 -0.0611
vn 0.2024 0.9724 -0.1160
vn 0.2871 0.9446 -0.1590
vn -0.1517 0.0376 -0.9877
vn -0.0773 -0.0633 -0.9950
vn -0.2866 0.1015 0.9527
vn -0.5504 0.1949 0.8118
vn 0.2875 0.9446 0.1584
vn -0.7606 0.2693 0.5907
vn -0.8959 0.3172 0.3109
vn -0.9397 0.3327 0.0788
vn -0.9397 0.3327 -0.0788
vn -0.8959 0.3172 -0.3109
vn -0.7606 0.2693 -0.5907
vn -0.2957 0.0733 -0.9525
vn -0.5504 0.1949 -0.8118
vn -0.2866 0.1015 -0.9527
vn -0.2732 0.1319 0.9529
vn -0.1473 0.0521 0.9877
vn -0.5253 0.2536 0.8122
vn -0.7263 0.3507 0.5912
vn -0.8558 0.4132 0.3112
vn -0.8977 0.4334 0.0788
vn -0.8977 0.4334 -0.0788
vn -0.8558 0.4132 -0.3112
vn -0.7263 0.3507 -0.5912
vn -0.5253 0.2536 -0.8122
vn -0.1473 0.0521 -0.9877
vn -0.2732 0.1319 -0.9529
vn -0.2547 0.1637 0.9531
vn -0.1406 0.0679 0.9877
vn -0.4904 0.3151 0.8126
vn -0.6783 0.4358 0.5915
vn -0.7995 0.5137 0.3114
vn -0.8387 0.5389 0.0789
vn -0.8387 0.5389 -0.0789
vn -0.7995 0.5137 -0.3114
vn -0.6783 0.4358 -0.5915
vn -0.4904 0.3151 -0.8126
vn -0.1406 0.0679 -0.9877
vn -0.2547 0.1637 -0.9531
vn -0.2307 0.1953 0.9532
vn -0.1314 0.0844 0.9877
vn -0.4446 0.3763 0.8128
vn -0.6152 0.5208 0.5919
vn -0.7253 0.6139 0.3116
vn -0.7609 0.6441 0.0789
vn -0.7609 0.6441 -0.0789
vn -0.7253 0.6139 -0.3116
vn -0.6152 0.5208 -0.5919
vn -0.4446 0.3763 -0.8128
vn -0.1314 0.0844 -0.9877
vn -0.2307 0.1953 -0.9532
vn -0.2015 0.2250 0.9533
vn -0.1191 0.1008 0.9877
vn -0.3885 0.4338 0.8130
vn -0.5376 0.6004 0.5920
vn -0.6339 0.7078 0.3118
vn -0.6650 0.7426 0.0789
vn -0.6651 0.7426 -0.0789
vn -0.6339 0.7078 -0.3118
vn -0.5376 0.6004 -0.5920
vn -0.3885 0.4338 -0.8130
vn -0.1191 0.1008 -0.9877
vn -0.2015 0.2250 -0.9533
vn -0.0869 0.1297 0.9877
vn -0.1041 0.1163 0.9877
vn -0.1681 0.2509 0.9533
vn -0.3241 0.4838 0.8130
vn -0.4486 0.6696 0.5920
vn -0.5288 0.7894 0.3117
vn -0.5549 0.8282 -0.0789
vn -0.5288 0.7894 -0.3117
vn -0.4486 0.6696 -0.5920
vn -0.3241 0.4838 -0.8130
vn -0.1681 0.2509 -0.9533
vn -0.0869 0.1297 -0.9877
vn -0.1041 0.1163 -0.9877
vn -0.0683 0.1403 0.9877
vn -0.1324 0.2718 0.9532
vn -0.2550 0.5238 0.8128
vn -0.3529 0.7247 0.5918
vn -0.5548 0.8282 0.0789
vn -0.4160 0.8543 0.3116
vn -0.4364 0.8963 -0.0789
vn -0.4160 0.8543 -0.3116
vn -0.3529 0.7247 -0.5918
vn -0.2550 0.5238 -0.8128
vn -0.1324 0.2718 -0.9532
vn -0.0683 0.1403 -0.9877
vn -0.0496 0.1480 0.9877
vn -0.0962 0.2872 0.9530
vn -0.1852 0.5528 0.8125
vn -0.2562 0.7645 0.5915
vn -0.4364 0.8963 0.0789
vn -0.3019 0.9010 0.3114
vn -0.3167 0.9452 -0.0789
vn -0.3019 0.9010 -0.3114
vn -0.2562 0.7645 -0.5915
vn -0.1852 0.5528 -0.8125
vn -0.0962 0.2872 -0.9530
vn -0.0496 0.1480 -0.9877
vn -0.0316 0.1529 0.9877
vn -0.0615 0.2972 0.9528
vn -0.1182 0.5714 0.8121
vn -0.1634 0.7899 0.5911
vn -0.3168 0.9452 0.0789
vn -0.1925 0.9307 0.3111
vn -0.2020 0.9762 -0.0788
vn -0.1925 0.9307 -0.3111
vn -0.1634 0.7899 -0.5911
vn -0.1182 0.5714 -0.8121
vn -0.0615 0.2972 -0.9528
vn -0.0316 0.1529 -0.9877
vn -0.0151 0.1555 0.9877
vn -0.0293 0.3027 0.9526
vn -0.0563 0.5813 0.8118
vn -0.0778 0.8032 0.5907
vn -0.2020 0.9762 0.0788
vn -0.0917 0.9460 0.3109
vn -0.0962 0.9922 -0.0788
vn -0.0917 0.9460 -0.3109
vn -0.0778 0.8032 -0.5907
vn -0.0563 0.5813 -0.8118
vn -0.0293 0.3027 -0.9526
vn -0.0151 0.1555 -0.9877
vn -0.0012 0.1563 0.9877
vn -0.0023 0.3054 0.9522
vn -0.0045 0.5850 0.8110
vn -0.0062 0.8075 0.5899
vn -0.0962 0.9922 0.0788
vn -0.0073 0.9506 0.3103
vn -0.0076 0.9969 -0.0787
vn -0.0073 0.9506 -0.3103
vn -0.0062 0.8075 -0.5899
vn -0.0045 0.5850 -0.8110
vn -0.0023 0.3054 -0.9522
vn -0.0012 0.1563 -0.9877
vn 0.0096 0.1561 0.9877
vn 0.0187 0.3056 0.9520
vn 0.0358 0.5845 0.8106
vn 0.0494 0.8063 0.5894
vn -0.0076 0.9969 0.0787
vn 0.0582 0.9489 0.3100
vn 0.0610 0.9950 -0.0786
vn 0.0582 0.9489 -0.3100
vn 0.0494 0.8063 -0.5894
vn 0.0358 0.5845 -0.8106
vn 0.0187 0.3056 -0.9520
vn 0.0096 0.1561 -0.9877
vn 0.0190 0.1552 0.9877
vn 0.0371 0.3040 0.9520
vn 0.0710 0.5814 0.8105
vn 0.0979 0.8019 0.5894
vn 0.0610 0.9950 0.0786
vn 0.1152 0.9437 0.3100
vn 0.1208 0.9896 -0.0786
vn 0.1152 0.9437 -0.3100
vn 0.0979 0.8019 -0.5894
vn 0.0710 0.5814 -0.8105
vn 0.0371 0.3040 -0.9520
vn 0.0190 0.1552 -0.9877
vn 0.0280 0.1538 0.9877
vn 0.0549 0.3014 0.9519
vn 0.1049 0.5763 0.8105
vn 0.1447 0.7948 0.5893
vn 0.1208 0.9896 0.0786
vn 0.1703 0.9354 0.3100
vn 0.1786 0.9808 -0.0786
vn 0.1703 0.9354 -0.3100
vn 0.1447 0.7948 -0.5893
vn 0.1049 0.5763 -0.8105
vn 0.0549 0.3014 -0.9519
vn 0.0280 0.1538 -0.9877
vn 0.0367 0.1520 0.9877
vn 0.0718 0.2979 0.9519
vn 0.1373 0.5695 0.8104
vn 0.1894 0.7855 0.5892
vn 0.1786 0.9808 0.0786
vn 0.2228 0.9243 0.3099
vn 0.2337 0.9691 -0.0786
vn 0.2228 0.9243 -0.3099
vn 0.1894 0.7855 -0.5892
vn 0.1373 0.5695 -0.8104
vn 0.0718 0.2979 -0.9519
vn 0.0367 0.1520 -0.9877
vn 0.0448 0.1498 0.9877
vn 0.0878 0.2937 0.9519
vn 0.1678 0.5614 0.8104
vn 0.2314 0.7742 0.5891
vn 0.2337 0.9691 0.0786
vn 0.2723 0.9110 0.3099
vn 0.2855 0.9552 -0.0786
vn 0.2723 0.9110 -0.3099
vn 0.2314 0.7742 -0.5891
vn 0.1678 0.5614 -0.8104
vn 0.0878 0.2937 -0.9519
vn 0.0448 0.1498 -0.9877
vn 0.0524 0.1474 0.9877
vn 0.1027 0.2890 0.9518
vn 0.1962 0.5523 0.8103
vn 0.2705 0.7615 0.5891
vn 0.2855 0.9552 0.0786
vn 0.3183 0.8959 0.3098
vn 0.3337 0.9394 -0.0786
vn 0.3183 0.8959 -0.3098
vn 0.2705 0.7615 -0.5891
vn 0.1962 0.5523 -0.8103
vn 0.1027 0.2890 -0.9518
vn 0.0523 0.1474 -0.9877
vn 0.0593 0.1447 0.9877
vn 0.1164 0.2839 0.9518
vn 0.2224 0.5424 0.8102
vn 0.3066 0.7478 0.5890
vn 0.3337 0.9394 0.0786
vn 0.3607 0.8798 0.3098
vn 0.3782 0.9224 -0.0786
vn 0.3607 0.8798 -0.3098
vn 0.3066 0.7478 -0.5890
vn 0.2224 0.5424 -0.8102
vn 0.1164 0.2839 -0.9518
vn 0.0593 0.1447 -0.9877
vn 0.0657 0.1419 0.9877
vn 0.1290 0.2786 0.9517
vn 0.2463 0.5321 0.8101
vn 0.3395 0.7334 0.5889
vn 0.3782 0.9224 0.0786
vn 0.3994 0.8629 0.3097
vn 0.4188 0.9047 -0.0786
vn 0.3994 0.8629 -0.3097
vn 0.3395 0.7334 -0.5889
vn 0.2463 0.5321 -0.8101
vn 0.1290 0.2786 -0.9517
vn 0.0657 0.1419 -0.9877
vn 0.0715 0.1391 0.9877
vn 0.1404 0.2732 0.9516
vn 0.2680 0.5216 0.8100
vn 0.3694 0.7189 0.5888
vn 0.4188 0.9047 0.0786
vn 0.4346 0.8457 0.3097
vn 0.4556 0.8867 -0.0785
vn 0.4346 0.8457 -0.3097
vn 0.3694 0.7189 -0.5888
vn 0.2680 0.5216 -0.8100
vn 0.1404 0.2732 -0.9516
vn 0.0715 0.1391 -0.9877
vn 0.0767 0.1363 0.9877
vn 0.1507 0.2679 0.9516
vn 0.2876 0.5112 0.8099
vn 0.3964 0.7045 0.5887
vn 0.4556 0.8867 0.0785
vn 0.4663 0.8287 0.3096
vn 0.4889 0.8688 -0.0785
vn 0.4663 0.8287 -0.3096
vn 0.3964 0.7045 -0.5887
vn 0.2876 0.5112 -0.8099
vn 0.1507 0.2679 -0.9516
vn 0.0767 0.1363 -0.9877
vn 0.0814 0.1336 0.9877
vn 0.1600 0.2626 0.9516
vn 0.3052 0.5010 0.8098
vn 0.4206 0.6904 0.5886
vn 0.4889 0.8688 0.0785
vn 0.4947 0.8121 0.3095
vn 0.5186 0.8514 -0.0785
vn 0.4947 0.8121 -0.3095
vn 0.4206 0.6904 -0.5886
vn 0.3052 0.5010 -0.8098
vn 0.1600 0.2626 -0.9516
vn 0.0814 0.1336 -0.9877
vn -0.0368 0.0667 0.9971
vn -0.1017 0.1846 0.9775
vn -0.1908 0.3464 0.9185
vn -0.3018 0.5478 0.7803
vn 0.5186 0.8514 0.0785
vn -0.4233 0.7683 0.4800
vn -0.4774 0.8665 -0.1457
vn -0.4233 0.7683 -0.4800
vn -0.3018 0.5478 -0.7803
vn -0.1908 0.3464 -0.9185
vn -0.1017 0.1846 -0.9775
vn -0.0368 0.0667 -0.9971
vn -0.2771 -0.1515 0.9488
vn -0.5015 -0.2741 0.8206
vn -0.6942 -0.3794 0.6117
vn -0.8286 -0.4529 0.3290
vn -0.8742 -0.4778 0.0869
vn -0.4774 0.8665 0.1457
vn -0.8742 -0.4778 -0.0869
vn -0.8286 -0.4529 -0.3290
vn -0.6942 -0.3794 -0.6117
vn -0.5015 -0.2741 -0.8206
vn -0.2771 -0.1515 -0.9488
vn -0.1208 -0.0660 0.9905
vn -0.1208 -0.0660 -0.9905
vn 0.2947 -0.0734 0.9528
vn 0.1547 -0.0218 0.9877
vn 0.3012 -0.0425 0.9526
vn 0.5664 -0.1411 0.8120
vn -0.1886 -0.9691 0.1587
vn 0.7828 -0.1950 0.5909
vn -0.1009 -0.9880 0.1167
vn 0.9222 -0.2297 0.3110
vn -0.0555 -0.9966 0.0611
vn 0.9673 -0.2410 0.0788
vn -0.0904 -0.9959 0.0079
vn 0.9673 -0.2410 -0.0788
vn -0.0905 -0.9959 -0.0079
vn -0.0555 -0.9966 -0.0611
vn -0.1009 -0.9880 -0.1167
vn 0.9222 -0.2297 -0.3110
vn -0.1885 -0.9691 -0.1589
vn 0.7828 -0.1950 -0.5909
vn 0.3012 -0.0425 -0.9526
vn 0.5664 -0.1411 -0.8120
vn 0.1547 -0.0218 -0.9877
vn 0.2947 -0.0734 -0.9528
vn 0.2840 -0.1061 0.9529
vn 0.1516 -0.0378 0.9877
vn 0.5463 -0.2042 0.8123
vn 0.7555 -0.2823 0.5912
vn 0.8902 -0.3327 0.3112
vn 0.9338 -0.3490 0.0788
vn 0.9338 -0.3490 -0.0788
vn 0.8902 -0.3327 -0.3112
vn 0.7555 -0.2823 -0.5912
vn 0.5463 -0.2042 -0.8123
vn 0.1516 -0.0378 -0.9877
vn 0.2840 -0.1061 -0.9529
vn 0.2684 -0.1400 0.9531
vn 0.1463 -0.0547 0.9877
vn 0.5167 -0.2696 0.8126
vn 0.7148 -0.3729 0.5916
vn 0.8425 -0.4395 0.3114
vn 0.8838 -0.4611 0.0789
vn 0.8838 -0.4611 -0.0789
vn 0.8425 -0.4395 -0.3114
vn 0.7148 -0.3729 -0.5916
vn 0.5167 -0.2696 -0.8126
vn 0.1463 -0.0547 -0.9877
vn 0.2684 -0.1400 -0.9531
vn 0.2472 -0.1739 0.9532
vn 0.1384 -0.0722 0.9877
vn 0.4764 -0.3351 0.8129
vn 0.6593 -0.4637 0.5919
vn 0.7772 -0.5467 0.3117
vn 0.8154 -0.5735 0.0789
vn 0.8154 -0.5735 -0.0789
vn 0.7772 -0.5467 -0.3117
vn 0.6593 -0.4637 -0.5919
vn 0.4764 -0.3351 -0.8129
vn 0.1384 -0.0722 -0.9877
vn 0.2472 -0.1739 -0.9532
vn 0.2204 -0.2063 0.9533
vn 0.1277 -0.0898 0.9877
vn 0.4250 -0.3979 0.8131
vn 0.5883 -0.5508 0.5921
vn 0.6936 -0.6494 0.3118
vn 0.7277 -0.6813 0.0789
vn 0.7277 -0.6813 -0.0789
vn 0.6936 -0.6494 -0.3118
vn 0.5883 -0.5508 -0.5921
vn 0.4250 -0.3979 -0.8131
vn 0.1277 -0.0898 -0.9877
vn 0.2204 -0.2063 -0.9533
vn 0.1883 -0.2357 0.9534
vn 0.1139 -0.1067 0.9877
vn 0.3633 -0.4547 0.8132
vn 0.5030 -0.6295 0.5922
vn 0.5931 -0.7423 0.3119
vn 0.6223 -0.7788 0.0790
vn 0.6223 -0.7788 -0.0790
vn 0.5931 -0.7423 -0.3119
vn 0.5030 -0.6295 -0.5922
vn 0.3633 -0.4547 -0.8132
vn 0.1139 -0.1067 -0.9877
vn 0.1883 -0.2357 -0.9534
vn 0.0787 -0.1347 0.9878
vn 0.0974 -0.1219 0.9878
vn 0.1522 -0.2606 0.9534
vn 0.2936 -0.5026 0.8132
vn 0.4065 -0.6958 0.5922
vn 0.4793 -0.8204 0.3119
vn 0.5028 -0.8608 -0.0790
vn 0.4793 -0.8204 -0.3119
vn 0.4065 -0.6958 -0.5922
vn 0.2936 -0.5026 -0.8132
vn 0.1522 -0.2606 -0.9534
vn 0.0787 -0.1347 -0.9878
vn 0.0974 -0.1219 -0.9878
vn 0.0587 -0.1446 0.9877
vn 0.1137 -0.2798 0.9533
vn 0.2191 -0.5395 0.8130
vn 0.3033 -0.7467 0.5921
vn 0.5029 -0.8608 0.0790
vn 0.3576 -0.8803 0.3118
vn 0.3752 -0.9236 -0.0789
vn 0.3576 -0.8803 -0.3118
vn 0.3033 -0.7467 -0.5921
vn 0.2191 -0.5395 -0.8130
vn 0.1137 -0.2798 -0.9533
vn 0.0587 -0.1446 -0.9877
vn 0.0384 -0.1513 0.9877
vn 0.0745 -0.2931 0.9532
vn 0.1434 -0.5647 0.8128
vn 0.1985 -0.7813 0.5918
vn 0.3752 -0.9236 0.0789
vn 0.2339 -0.9210 0.3116
vn 0.2454 -0.9662 -0.0789
vn 0.2339 -0.9210 -0.3116
vn 0.1985 -0.7813 -0.5918
vn 0.1434 -0.5647 -0.8128
vn 0.0745 -0.2931 -0.9532
vn 0.0384 -0.1513 -0.9877
vn 0.0187 -0.1550 0.9877
vn 0.0363 -0.3007 0.9530
vn 0.0698 -0.5788 0.8125
vn 0.0966 -0.8005 0.5914
vn 0.2454 -0.9662 0.0789
vn 0.1138 -0.9435 0.3114
vn 0.1194 -0.9897 -0.0789
vn 0.1138 -0.9435 -0.3114
vn 0.0966 -0.8005 -0.5914
vn 0.0698 -0.5788 -0.8125
vn 0.0363 -0.3007 -0.9530
vn 0.0187 -0.1550 -0.9877
vn 0.0006 -0.1562 0.9877
vn 0.0012 -0.3037 0.9528
vn 0.0022 -0.5837 0.8120
vn 0.0031 -0.8067 0.5909
vn 0.1194 -0.9897 0.0789
vn 0.0037 -0.9504 0.3110
vn 0.0038 -0.9969 -0.0788
vn 0.0037 -0.9504 -0.3110
vn 0.0031 -0.8067 -0.5909
vn 0.0022 -0.5837 -0.8120
vn 0.0012 -0.3037 -0.9528
vn 0.0006 -0.1562 -0.9877
vn -0.0318 -0.3020 0.9528
vn -0.0612 -0.5804 0.8120
vn -0.0845 -0.8023 0.5909
vn -0.0996 -0.9452 0.3110
vn -0.1045 -0.9914 0.0788
vn 0.0038 -0.9969 0.0788
vn -0.1045 -0.9914 -0.0788
vn -0.0996 -0.9452 -0.3110
vn -0.0845 -0.8023 -0.5909
vn -0.0612 -0.5804 -0.8120
vn -0.0318 -0.3020 -0.9528
vn -0.0660 -0.2958 0.9530
vn -0.0164 -0.1553 0.9877
vn -0.1271 -0.5692 0.8123
vn -0.1757 -0.7871 0.5913
vn -0.2070 -0.9275 0.3113
vn -0.2172 -0.9729 0.0788
vn -0.2172 -0.9729 -0.0788
vn -0.2070 -0.9275 -0.3113
vn -0.1757 -0.7871 -0.5913
vn -0.1271 -0.5692 -0.8123
vn -0.0164 -0.1553 -0.9877
vn -0.0660 -0.2958 -0.9530
vn -0.1021 -0.2849 0.9531
vn -0.0340 -0.1524 0.9877
vn -0.1967 -0.5486 0.8126
vn -0.2721 -0.7589 0.5916
vn -0.3207 -0.8945 0.3115
vn -0.3364 -0.9384 0.0789
vn -0.3364 -0.9384 -0.0789
vn -0.3207 -0.8945 -0.3115
vn -0.2721 -0.7589 -0.5916
vn -0.1967 -0.5486 -0.8126
vn -0.0340 -0.1524 -0.9877
vn -0.1021 -0.2849 -0.9531
vn -0.1387 -0.2686 0.9532
vn -0.0527 -0.1470 0.9877
vn -0.2672 -0.5176 0.8128
vn -0.3697 -0.7162 0.5918
vn -0.4359 -0.8443 0.3116
vn -0.4573 -0.8858 0.0789
vn -0.4573 -0.8858 -0.0789
vn -0.4359 -0.8443 -0.3116
vn -0.3697 -0.7162 -0.5918
vn -0.2672 -0.5176 -0.8128
vn -0.0527 -0.1470 -0.9877
vn -0.1387 -0.2686 -0.9532
vn -0.1739 -0.2471 0.9533
vn -0.0716 -0.1387 0.9877
vn -0.3351 -0.4763 0.8129
vn -0.4638 -0.6592 0.5919
vn -0.5467 -0.7771 0.3117
vn -0.5736 -0.8153 0.0789
vn -0.5736 -0.8153 -0.0789
vn -0.5467 -0.7771 -0.3117
vn -0.4638 -0.6592 -0.5919
vn -0.3351 -0.4763 -0.8129
vn -0.0716 -0.1387 -0.9877
vn -0.1739 -0.2471 -0.9533
vn -0.1064 -0.1142 0.9877
vn -0.0898 -0.1276 0.9877
vn -0.2060 -0.2213 0.9532
vn -0.3969 -0.4263 0.8128
vn -0.5492 -0.5900 0.5919
vn -0.6475 -0.6955 0.3116
vn -0.6793 -0.7296 -0.0789
vn -0.6475 -0.6955 -0.3116
vn -0.5492 -0.5900 -0.5919
vn -0.3969 -0.4263 -0.8128
vn -0.2060 -0.2213 -0.9532
vn -0.1064 -0.1142 -0.9877
vn -0.0898 -0.1276 -0.9877
vn -0.1205 -0.0992 0.9877
vn -0.2336 -0.1923 0.9531
vn -0.4499 -0.3704 0.8126
vn -0.6224 -0.5124 0.5916
vn -0.6793 -0.7296 0.0789
vn -0.7336 -0.6039 0.3115
vn -0.7697 -0.6336 -0.0789
vn -0.7336 -0.6039 -0.3115
vn -0.6224 -0.5124 -0.5916
vn -0.4499 -0.3704 -0.8126
vn -0.2336 -0.1923 -0.9531
vn -0.1205 -0.0992 -0.9877
vn -0.1320 -0.0835 0.9877
vn -0.2562 -0.1620 0.9530
vn -0.4929 -0.3117 0.8123
vn -0.6816 -0.4311 0.5913
vn -0.7697 -0.6336 0.0789
vn -0.8032 -0.5080 0.3113
vn -0.8425 -0.5328 -0.0788
vn -0.8032 -0.5080 -0.3113
vn -0.6816 -0.4311 -0.5913
vn -0.4929 -0.3117 -0.8123
vn -0.2562 -0.1620 -0.9530
vn -0.1320 -0.0835 -0.9877
vn -0.1407 -0.0678 0.9877
vn -0.2736 -0.1318 0.9528
vn -0.5258 -0.2533 0.8120
vn -0.7268 -0.3502 0.5909
vn -0.8425 -0.5328 0.0788
vn -0.8562 -0.4125 0.3110
vn -0.8981 -0.4327 -0.0788
vn -0.8562 -0.4125 -0.3110
vn -0.7268 -0.3502 -0.5909
vn -0.5258 -0.2533 -0.8120
vn -0.2736 -0.1318 -0.9528
vn -0.1407 -0.0678 -0.9877
vn -0.1470 -0.0528 0.9877
vn -0.2863 -0.1029 0.9526
vn -0.5497 -0.1975 0.8117
vn -0.7595 -0.2728 0.5906
vn -0.8981 -0.4327 0.0788
vn -0.8945 -0.3214 0.3108
vn -0.9382 -0.3371 -0.0787
vn -0.8945 -0.3214 -0.3108
vn -0.7595 -0.2728 -0.5906
vn -0.5497 -0.1975 -0.8117
vn -0.2863 -0.1029 -0.9526
vn -0.1470 -0.0528 -0.9877
vn -0.1514 -0.0389 0.9877
vn -0.2952 -0.0759 0.9524
vn 0.2954 -0.9421 0.1589
vn 0.2104 -0.9707 0.1164
vn -0.9382 -0.3370 0.0787
vn 0.1661 -0.9842 0.0612
vn 0.2006 -0.9796 -0.0079
vn 0.1661 -0.9842 -0.0612
vn 0.2104 -0.9707 -0.1164
vn 0.2955 -0.9421 -0.1587
vn -0.2952 -0.0759 -0.9524
vn -0.1514 -0.0389 -0.9877
vn -0.1130 0.0916 0.9894
vn 0.6645 0.7293 0.1631
vn 0.6107 0.7794 0.1398
vn 0.2007 -0.9796 0.0079
vn 0.5694 0.8174 0.0875
vn 0.5913 0.8064 -0.0123
vn 0.5694 0.8174 -0.0875
vn 0.6107 0.7794 -0.1398
vn 0.6645 0.7293 -0.1631
vn -0.1130 0.0916 -0.9894
vn 0.0784 0.0716 0.9943
vn -0.0771 0.0626 0.9951
vn 0.1177 0.1076 0.9872
vn -0.7062 0.6890 0.1631
vn -0.6534 0.7445 0.1370
vn 0.5913 0.8064 0.0123
vn -0.6149 0.7842 0.0834
vn -0.6374 0.7704 -0.0115
vn -0.6149 0.7842 -0.0834
vn -0.6534 0.7445 -0.1370
vn -0.7062 0.6890 -0.1630
vn 0.1177 0.1076 -0.9872
vn 0.0784 0.0716 -0.9943
vn -0.0771 0.0626 -0.9951
vn -0.6375 0.7704 0.0115
vn -0.5326 -0.8287 0.1719
vn 0.0674 0.1186 0.9906
vn -0.0787 0.0787 0.9938
vn 0.8299 -0.5341 0.1612
vn -0.6565 -0.7365 0.1629
vn 0.8778 -0.4625 0.1244
vn -0.7160 -0.6850 0.1349
vn 0.9048 -0.4202 0.0687
vn -0.7567 -0.6488 0.0806
vn 0.8928 -0.4504 0.0090
vn -0.7409 -0.6715 0.0110
vn 0.8928 -0.4504 -0.0090
vn -0.7409 -0.6716 -0.0110
vn -0.7567 -0.6488 -0.0806
vn -0.7160 -0.6850 -0.1349
vn 0.9048 -0.4202 -0.0687
vn -0.6565 -0.7365 -0.1629
vn 0.8778 -0.4625 -0.1244
vn -0.5326 -0.8287 -0.1719
vn 0.8299 -0.5341 -0.1612
vn -0.0787 0.0788 -0.9938
vn 0.7164 -0.6749 -0.1766
vn 0.7164 -0.6749 0.1767
vn 0.1325 0.0830 0.9877
vn 0.2635 0.1651 0.9504
vn 0.4993 0.3127 0.8080
vn 0.6862 0.4298 0.5868
vn 0.8061 0.5050 0.3084
vn 0.8448 0.5292 -0.0784
vn 0.8061 0.5050 -0.3084
vn 0.6862 0.4298 -0.5868
vn 0.4993 0.3127 -0.8080
vn 0.2635 0.1651 -0.9504
vn 0.1325 0.0830 -0.9877
vn 0.0674 0.1187 -0.9906
vn 0.1285 0.0892 0.9877
vn 0.2557 0.1774 0.9503
vn 0.4841 0.3360 0.8079
vn 0.6653 0.4617 0.5867
vn 0.8449 0.5292 0.0784
vn 0.7815 0.5424 0.3084
vn 0.8190 0.5684 -0.0784
vn 0.7815 0.5424 -0.3084
vn 0.6653 0.4617 -0.5867
vn 0.4841 0.3360 -0.8079
vn 0.2557 0.1774 -0.9503
vn 0.1285 0.0892 -0.9877
vn 0.1235 0.0959 0.9877
vn 0.2460 0.1911 0.9502
vn 0.4655 0.3617 0.8078
vn 0.6395 0.4969 0.5866
vn 0.8190 0.5684 0.0784
vn 0.7512 0.5837 0.3083
vn 0.7872 0.6117 -0.0784
vn 0.7512 0.5837 -0.3083
vn 0.6395 0.4969 -0.5866
vn 0.4655 0.3617 -0.8078
vn 0.2460 0.1911 -0.9502
vn 0.1235 0.0959 -0.9877
vn 0.1173 0.1034 0.9877
vn 0.2339 0.2062 0.9501
vn 0.4424 0.3899 0.8076
vn 0.6077 0.5356 0.5864
vn 0.7872 0.6117 0.0784
vn 0.7137 0.6290 0.3082
vn 0.7479 0.6592 -0.0784
vn 0.7137 0.6290 -0.3082
vn 0.6077 0.5356 -0.5864
vn 0.4424 0.3899 -0.8076
vn 0.2339 0.2062 -0.9501
vn 0.1173 0.1034 -0.9877
vn 0.1097 0.1114 0.9877
vn 0.2190 0.2225 0.9500
vn 0.4138 0.4205 0.8074
vn 0.5683 0.5774 0.5863
vn 0.7479 0.6592 0.0784
vn 0.6673 0.6780 0.3081
vn 0.6993 0.7105 -0.0784
vn 0.6673 0.6780 -0.3081
vn 0.5683 0.5774 -0.5863
vn 0.4138 0.4205 -0.8074
vn 0.2190 0.2225 -0.9500
vn 0.1097 0.1114 -0.9877
vn 0.1002 0.1199 0.9877
vn 0.2005 0.2399 0.9499
vn 0.3786 0.4529 0.8072
vn 0.5197 0.6217 0.5861
vn 0.6993 0.7105 0.0784
vn 0.6102 0.7299 0.3080
vn 0.6394 0.7649 -0.0784
vn 0.6102 0.7299 -0.3080
vn 0.5197 0.6217 -0.5861
vn 0.3786 0.4529 -0.8072
vn 0.2005 0.2399 -0.9499
vn 0.1002 0.1199 -0.9877
vn 0.0887 0.1286 0.9877
vn 0.1778 0.2577 0.9497
vn 0.3354 0.4861 0.8070
vn 0.4602 0.6670 0.5859
vn 0.6394 0.7649 0.0784
vn 0.5403 0.7831 0.3079
vn 0.5661 0.8206 -0.0784
vn 0.5403 0.7831 -0.3079
vn 0.4602 0.6670 -0.5859
vn 0.3354 0.4861 -0.8070
vn 0.1778 0.2577 -0.9497
vn 0.0887 0.1286 -0.9877
vn 0.0749 0.1371 0.9877
vn 0.1503 0.2751 0.9496
vn 0.2833 0.5184 0.8068
vn 0.3886 0.7112 0.5857
vn 0.5661 0.8206 0.0784
vn 0.4562 0.8349 0.3078
vn 0.4780 0.8748 -0.0784
vn 0.4562 0.8349 -0.3078
vn 0.3886 0.7112 -0.5857
vn 0.2833 0.5184 -0.8068
vn 0.1503 0.2751 -0.9496
vn 0.0749 0.1371 -0.9877
vn 0.0587 0.1447 0.9877
vn 0.1180 0.2909 0.9495
vn 0.2221 0.5477 0.8067
vn 0.3046 0.7512 0.5856
vn 0.4780 0.8748 0.0784
vn 0.3576 0.8817 0.3078
vn 0.3747 0.9238 -0.0784
vn 0.3576 0.8817 -0.3078
vn 0.3046 0.7512 -0.5856
vn 0.2221 0.5477 -0.8067
vn 0.1180 0.2909 -0.9495
vn 0.0587 0.1447 -0.9877
vn 0.0404 0.1508 0.9877
vn 0.0812 0.3035 0.9494
vn 0.1528 0.5711 0.8065
vn 0.2095 0.7831 0.5855
vn 0.3747 0.9238 0.0784
vn 0.2459 0.9191 0.3077
vn 0.2577 0.9630 -0.0784
vn 0.2459 0.9191 -0.3077
vn 0.2095 0.7831 -0.5855
vn 0.1528 0.5711 -0.8065
vn 0.0812 0.3035 -0.9494
vn 0.0404 0.1508 -0.9877
vn 0.0205 0.1548 0.9877
vn 0.0413 0.3116 0.9493
vn 0.0777 0.5861 0.8065
vn 0.1065 0.8037 0.5855
vn 0.2577 0.9630 0.0784
vn 0.1250 0.9432 0.3077
vn 0.1310 0.9883 -0.0784
vn 0.1250 0.9432 -0.3077
vn 0.1065 0.8037 -0.5855
vn 0.0777 0.5861 -0.8065
vn 0.0413 0.3116 -0.9493
vn 0.0205 0.1548 -0.9877
vn 0.0041 0.3134 0.9496
vn 0.0078 0.5906 0.8069
vn 0.0107 0.8104 0.5858
vn 0.0126 0.9514 0.3079
vn 0.0132 0.9968 0.0784
vn 0.1310 0.9883 0.0784
vn 0.0132 0.9968 -0.0784
vn 0.0126 0.9514 -0.3079
vn 0.0107 0.8104 -0.5858
vn 0.0078 0.5906 -0.8069
vn 0.0041 0.3134 -0.9496
vn -0.0248 0.3114 0.9500
vn 0.0021 0.1562 0.9877
vn -0.0468 0.5882 0.8073
vn -0.0643 0.8076 0.5862
vn -0.0755 0.9484 0.3081
vn -0.0791 0.9938 0.0784
vn -0.0791 0.9938 -0.0784
vn -0.0755 0.9484 -0.3081
vn -0.0643 0.8076 -0.5862
vn -0.0468 0.5882 -0.8073
vn 0.0021 0.1562 -0.9877
vn -0.0248 0.3114 -0.9500
vn -0.0495 0.3084 0.9500
vn -0.0124 0.1558 0.9877
vn -0.0935 0.5826 0.8074
vn -0.1283 0.7999 0.5862
vn -0.1507 0.9394 0.3081
vn -0.1579 0.9843 -0.0784
vn -0.1507 0.9394 -0.3081
vn -0.1283 0.7999 -0.5862
vn -0.0935 0.5826 -0.8074
vn -0.0124 0.1558 -0.9877
vn -0.0495 0.3084 -0.9500
vn -0.0735 0.3035 0.9500
vn -0.0248 0.1543 0.9877
vn -0.1389 0.5735 0.8074
vn -0.1907 0.7874 0.5862
vn -0.2239 0.9246 0.3081
vn -0.2346 0.9689 0.0784
vn -0.1579 0.9843 0.0784
vn -0.2346 0.9689 -0.0784
vn -0.2239 0.9246 -0.3081
vn -0.1907 0.7874 -0.5862
vn -0.1389 0.5735 -0.8074
vn -0.0248 0.1543 -0.9877
vn -0.0735 0.3035 -0.9500
vn -0.0963 0.2969 0.9500
vn -0.0368 0.1519 0.9877
vn -0.1820 0.5612 0.8074
vn -0.2500 0.7706 0.5863
vn -0.2936 0.9049 0.3081
vn -0.3076 0.9483 0.0784
vn -0.3076 0.9483 -0.0784
vn -0.2936 0.9049 -0.3081
vn -0.2500 0.7706 -0.5863
vn -0.1820 0.5612 -0.8074
vn -0.0368 0.1519 -0.9877
vn -0.0963 0.2969 -0.9500
vn -0.1176 0.2890 0.9501
vn -0.0482 0.1487 0.9877
vn -0.2222 0.5464 0.8075
vn -0.3052 0.7504 0.5864
vn -0.3584 0.8812 0.3082
vn -0.3756 0.9235 0.0784
vn -0.3756 0.9235 -0.0784
vn -0.3584 0.8812 -0.3082
vn -0.3052 0.7504 -0.5864
vn -0.2222 0.5464 -0.8075
vn -0.0482 0.1487 -0.9877
vn -0.1176 0.2890 -0.9501
vn -0.1369 0.2802 0.9501
vn -0.0589 0.1448 0.9877
vn -0.2589 0.5299 0.8076
vn -0.3556 0.7278 0.5864
vn -0.4176 0.8548 0.3082
vn -0.4376 0.8957 0.0784
vn -0.4376 0.8957 -0.0784
vn -0.4176 0.8548 -0.3082
vn -0.3556 0.7278 -0.5864
vn -0.2589 0.5299 -0.8076
vn -0.0589 0.1448 -0.9877
vn -0.1369 0.2802 -0.9501
vn -0.1542 0.2708 0.9502
vn -0.0686 0.1405 0.9877
vn -0.2918 0.5123 0.8077
vn -0.4008 0.7038 0.5865
vn -0.4708 0.8267 0.3082
vn -0.4934 0.8663 0.0784
vn -0.4933 0.8663 -0.0784
vn -0.4708 0.8267 -0.3083
vn -0.4008 0.7038 -0.5865
vn -0.2918 0.5123 -0.8077
vn -0.0686 0.1405 -0.9877
vn -0.1542 0.2708 -0.9502
vn -0.1695 0.2612 0.9503
vn -0.0774 0.1359 0.9877
vn -0.3209 0.4944 0.8078
vn -0.4409 0.6793 0.5866
vn -0.5179 0.7980 0.3083
vn -0.5427 0.8362 0.0784
vn -0.5427 0.8362 -0.0784
vn -0.5179 0.7980 -0.3083
vn -0.4409 0.6793 -0.5866
vn -0.3209 0.4944 -0.8078
vn -0.0774 0.1359 -0.9877
vn -0.1695 0.2612 -0.9503
vn -0.1829 0.2517 0.9503
vn -0.0851 0.1312 0.9877
vn -0.3464 0.4767 0.8079
vn -0.4761 0.6551 0.5867
vn -0.5592 0.7695 0.3084
vn -0.5861 0.8065 0.0784
vn -0.5861 0.8065 -0.0784
vn -0.5592 0.7695 -0.3084
vn -0.4761 0.6551 -0.5867
vn -0.3464 0.4767 -0.8079
vn -0.0851 0.1312 -0.9877
vn -0.1829 0.2517 -0.9503
vn -0.1946 0.2426 0.9504
vn -0.0919 0.1265 0.9877
vn -0.3687 0.4596 0.8080
vn -0.5067 0.6316 0.5868
vn -0.5952 0.7420 0.3084
vn -0.6238 0.7776 0.0784
vn -0.6238 0.7776 -0.0784
vn -0.5952 0.7420 -0.3084
vn -0.5067 0.6316 -0.5868
vn -0.3687 0.4596 -0.8080
vn -0.0919 0.1265 -0.9877
vn -0.1946 0.2426 -0.9504
vn -0.2046 0.2339 0.9505
vn -0.0979 0.1220 0.9877
vn -0.3879 0.4433 0.8081
vn -0.5332 0.6093 0.5869
vn -0.6264 0.7159 0.3085
vn -0.6565 0.7503 0.0784
vn -0.6565 0.7503 -0.0784
vn -0.6264 0.7159 -0.3085
vn -0.5332 0.6093 -0.5869
vn -0.3879 0.4433 -0.8081
vn -0.0979 0.1220 -0.9877
vn -0.2046 0.2339 -0.9505
vn -0.1200 0.0171 0.9926
vn -0.1030 0.1177 0.9877
vn -0.2927 0.0418 0.9553
vn -0.5308 0.0758 0.8441
vn -0.7538 0.1076 0.6483
vn -0.9243 0.1320 0.3582
vn -0.9853 0.1407 -0.0972
vn -0.9243 0.1320 -0.3582
vn -0.7538 0.1076 -0.6483
vn -0.5308 0.0758 -0.8441
vn -0.2927 0.0418 -0.9553
vn -0.1200 0.0171 -0.9926
vn -0.1030 0.1177 -0.9877
vn -0.0140 -0.0991 0.9950
vn -0.0364 -0.2576 0.9656
vn -0.0669 -0.4735 0.8783
vn -0.0993 -0.7025 0.7047
vn -0.9853 0.1407 0.0972
vn -0.1279 -0.9047 0.4064
vn -0.1391 -0.9836 -0.1152
vn -0.1279 -0.9047 -0.4064
vn -0.0993 -0.7025 -0.7047
vn -0.0669 -0.4735 -0.8783
vn -0.0364 -0.2576 -0.9656
vn -0.0140 -0.0991 -0.9950
vn 0.2018 -0.2311 0.9518
vn 0.3856 -0.4414 0.8102
vn 0.5316 -0.6086 0.5890
vn 0.6255 -0.7161 0.3098
vn 0.6558 -0.7508 0.0786
vn -0.1391 -0.9836 0.1152
vn 0.6558 -0.7508 -0.0786
vn 0.6255 -0.7161 -0.3098
vn 0.5316 -0.6086 -0.5890
vn 0.3856 -0.4414 -0.8102
vn 0.2018 -0.2311 -0.9518
vn 0.0972 -0.1225 0.9877
vn 0.1029 -0.1178 0.9877
vn 0.1908 -0.2403 0.9518
vn 0.3645 -0.4591 0.8102
vn 0.5025 -0.6329 0.5890
vn 0.5912 -0.7447 0.3098
vn 0.6199 -0.7808 -0.0786
vn 0.5912 -0.7447 -0.3098
vn 0.5025 -0.6329 -0.5890
vn 0.3645 -0.4591 -0.8102
vn 0.1908 -0.2403 -0.9518
vn 0.0972 -0.1225 -0.9877
vn 0.1029 -0.1178 -0.9877
vn 0.0915 -0.1268 0.9877
vn 0.1796 -0.2489 0.9517
vn 0.3430 -0.4754 0.8102
vn 0.4729 -0.6553 0.5890
vn 0.6199 -0.7808 0.0786
vn 0.5564 -0.7710 0.3097
vn 0.5834 -0.8084 -0.0786
vn 0.5564 -0.7710 -0.3097
vn 0.4729 -0.6553 -0.5890
vn 0.3430 -0.4754 -0.8102
vn 0.1796 -0.2489 -0.9517
vn 0.0915 -0.1268 -0.9877
vn 0.1680 -0.2568 0.9518
vn 0.3209 -0.4905 0.8102
vn 0.4424 -0.6763 0.5890
vn 0.5205 -0.7957 0.3098
vn 0.5457 -0.8343 0.0786
vn 0.5834 -0.8084 0.0786
vn 0.5457 -0.8343 -0.0786
vn 0.5205 -0.7957 -0.3098
vn 0.4424 -0.6763 -0.5890
vn 0.3209 -0.4905 -0.8102
vn 0.1680 -0.2568 -0.9518
vn 0.1558 -0.2643 0.9518
vn 0.0856 -0.1309 0.9877
vn 0.2976 -0.5050 0.8102
vn 0.4103 -0.6962 0.5890
vn 0.4827 -0.8192 0.3098
vn 0.5061 -0.8589 0.0786
vn 0.5061 -0.8589 -0.0786
vn 0.4827 -0.8192 -0.3098
vn 0.4103 -0.6962 -0.5890
vn 0.2976 -0.5050 -0.8102
vn 0.0856 -0.1309 -0.9877
vn 0.1558 -0.2643 -0.9518
vn 0.1425 -0.2715 0.9518
vn 0.0794 -0.1347 0.9877
vn 0.2723 -0.5189 0.8103
vn 0.3755 -0.7155 0.5891
vn 0.4418 -0.8419 0.3098
vn 0.4633 -0.8827 0.0786
vn 0.4633 -0.8827 -0.0786
vn 0.4418 -0.8419 -0.3098
vn 0.3755 -0.7155 -0.5891
vn 0.2723 -0.5189 -0.8103
vn 0.0794 -0.1347 -0.9877
vn 0.1425 -0.2715 -0.9518
vn 0.1278 -0.2785 0.9519
vn 0.0727 -0.1385 0.9877
vn 0.2443 -0.5324 0.8104
vn 0.3370 -0.7343 0.5892
vn 0.3965 -0.8641 0.3099
vn 0.4158 -0.9060 0.0786
vn 0.4158 -0.9061 -0.0786
vn 0.3965 -0.8641 -0.3099
vn 0.3370 -0.7343 -0.5892
vn 0.2443 -0.5324 -0.8104
vn 0.0727 -0.1385 -0.9877
vn 0.1278 -0.2785 -0.9519
vn 0.1110 -0.2852 0.9520
vn 0.0652 -0.1421 0.9877
vn 0.2124 -0.5457 0.8106
vn 0.2930 -0.7528 0.5895
vn 0.3448 -0.8860 0.3101
vn 0.3616 -0.9290 0.0786
vn 0.3616 -0.9290 -0.0786
vn 0.3448 -0.8860 -0.3101
vn 0.2930 -0.7528 -0.5895
vn 0.2124 -0.5457 -0.8106
vn 0.0652 -0.1421 -0.9877
vn 0.1110 -0.2852 -0.9520
vn 0.0912 -0.2916 0.9522
vn 0.0567 -0.1457 0.9877
vn 0.1747 -0.5585 0.8109
vn 0.2411 -0.7707 0.5898
vn 0.2837 -0.9073 0.3103
vn 0.2975 -0.9515 0.0787
vn 0.2976 -0.9514 -0.0787
vn 0.2837 -0.9073 -0.3103
vn 0.2411 -0.7707 -0.5898
vn 0.1747 -0.5585 -0.8109
vn 0.0567 -0.1457 -0.9877
vn 0.0912 -0.2916 -0.9522
vn 0.0671 -0.2973 0.9524
vn 0.0467 -0.1492 0.9877
vn 0.1288 -0.5702 0.8114
vn 0.1778 -0.7874 0.5903
vn 0.2094 -0.9272 0.3106
vn 0.2196 -0.9724 0.0787
vn 0.2196 -0.9724 -0.0787
vn 0.2094 -0.9272 -0.3106
vn 0.1778 -0.7874 -0.5903
vn 0.1288 -0.5702 -0.8114
vn 0.0467 -0.1492 -0.9877
vn 0.0671 -0.2973 -0.9524
vn 0.0370 -0.3013 0.9528
vn 0.0344 -0.1525 0.9877
vn 0.0712 -0.5792 0.8121
vn 0.0984 -0.8006 0.5910
vn 0.1159 -0.9433 0.3111
vn 0.1215 -0.9895 0.0788
vn 0.1215 -0.9895 -0.0788
vn 0.1159 -0.9433 -0.3111
vn 0.0984 -0.8006 -0.5910
vn 0.0712 -0.5792 -0.8121
vn 0.0344 -0.1525 -0.9877
vn 0.0370 -0.3013 -0.9528
vn -0.0025 -0.3015 0.9535
vn -0.0048 -0.5818 0.8133
vn -0.0066 -0.8056 0.5924
vn -0.0078 -0.9501 0.3120
vn -0.0082 -0.9968 0.0790
vn -0.0082 -0.9968 -0.0790
vn -0.0078 -0.9501 -0.3120
vn -0.0066 -0.8056 -0.5924
vn -0.0048 -0.5818 -0.8133
vn -0.0025 -0.3015 -0.9535
vn -0.0496 -0.2965 0.9537
vn -0.0013 -0.1560 0.9878
vn -0.0959 -0.5731 0.8139
vn -0.1329 -0.7942 0.5930
vn -0.1568 -0.9369 0.3124
vn -0.1646 -0.9832 0.0791
vn -0.1646 -0.9832 -0.0791
vn -0.1568 -0.9369 -0.3124
vn -0.1329 -0.7942 -0.5930
vn -0.0959 -0.5731 -0.8139
vn -0.0013 -0.1560 -0.9878
vn -0.0496 -0.2965 -0.9537
vn -0.0504 -0.1476 0.9878
vn -0.0257 -0.1538 0.9878
vn -0.0972 -0.2848 0.9537
vn -0.1878 -0.5502 0.8137
vn -0.2602 -0.7622 0.5928
vn -0.3069 -0.8991 0.3123
vn -0.3220 -0.9434 -0.0790
vn -0.3069 -0.8991 -0.3123
vn -0.2602 -0.7622 -0.5928
vn -0.1878 -0.5502 -0.8137
vn -0.0972 -0.2848 -0.9537
vn -0.0504 -0.1476 -0.9878
vn -0.0257 -0.1538 -0.9878
vn -0.0728 -0.1380 0.9878
vn -0.1406 -0.2665 0.9535
vn -0.2714 -0.5145 0.8134
vn -0.3759 -0.7125 0.5925
vn -0.3220 -0.9434 0.0790
vn -0.4433 -0.8403 0.3120
vn -0.4651 -0.8817 -0.0790
vn -0.4433 -0.8403 -0.3120
vn -0.3759 -0.7125 -0.5925
vn -0.2714 -0.5145 -0.8134
vn -0.1406 -0.2665 -0.9535
vn -0.0728 -0.1380 -0.9878
vn -0.0923 -0.1258 0.9877
vn -0.1787 -0.2433 0.9534
vn -0.3445 -0.4692 0.8131
vn -0.4769 -0.6496 0.5921
vn -0.4651 -0.8817 0.0790
vn -0.5623 -0.7659 0.3118
vn -0.5900 -0.8035 -0.0789
vn -0.5623 -0.7659 -0.3118
vn -0.4769 -0.6496 -0.5921
vn -0.3445 -0.4692 -0.8131
vn -0.1787 -0.2433 -0.9534
vn -0.0923 -0.1258 -0.9877
vn -0.1089 -0.1118 0.9877
vn -0.2109 -0.2167 0.9532
vn -0.4064 -0.4174 0.8128
vn -0.5623 -0.5776 0.5918
vn -0.5900 -0.8036 0.0789
vn -0.6628 -0.6809 0.3116
vn -0.6954 -0.7143 -0.0789
vn -0.6628 -0.6809 -0.3116
vn -0.5623 -0.5776 -0.5918
vn -0.4064 -0.4174 -0.8128
vn -0.2109 -0.2167 -0.9532
vn -0.1089 -0.1118 -0.9877
vn -0.1225 -0.0968 0.9877
vn -0.2376 -0.1878 0.9530
vn -0.4573 -0.3615 0.8125
vn -0.6325 -0.5000 0.5915
vn -0.6954 -0.7143 0.0789
vn -0.7455 -0.5893 0.3114
vn -0.7821 -0.6182 -0.0789
vn -0.7455 -0.5893 -0.3114
vn -0.6325 -0.5000 -0.5915
vn -0.4573 -0.3615 -0.8125
vn -0.2376 -0.1878 -0.9530
vn -0.1225 -0.0968 -0.9877
vn -0.1334 -0.0812 0.9877
vn -0.2590 -0.1576 0.9529
vn -0.4983 -0.3031 0.8123
vn -0.6890 -0.4191 0.5913
vn -0.7820 -0.6182 0.0789
vn -0.8119 -0.4939 0.3112
vn -0.8517 -0.5181 -0.0788
vn -0.8119 -0.4939 -0.3112
vn -0.6890 -0.4191 -0.5913
vn -0.4983 -0.3031 -0.8123
vn -0.2590 -0.1576 -0.9529
vn -0.1334 -0.0812 -0.9877
vn -0.1420 -0.0651 0.9877
vn -0.2758 -0.1266 0.9528
vn -0.5303 -0.2434 0.8121
vn -0.7331 -0.3364 0.5911
vn -0.8517 -0.5181 0.0788
vn -0.8638 -0.3964 0.3111
vn -0.9060 -0.4158 -0.0788
vn -0.8638 -0.3964 -0.3111
vn -0.7331 -0.3364 -0.5911
vn -0.5303 -0.2434 -0.8121
vn -0.2758 -0.1266 -0.9528
vn -0.1420 -0.0651 -0.9877
vn -0.1483 -0.0489 0.9877
vn -0.2884 -0.0951 0.9528
vn -0.5543 -0.1828 0.8120
vn -0.7661 -0.2527 0.5910
vn -0.9061 -0.4158 0.0788
vn -0.9026 -0.2977 0.3110
vn -0.9467 -0.3123 -0.0788
vn -0.9026 -0.2977 -0.3110
vn -0.7661 -0.2527 -0.5910
vn -0.5543 -0.1828 -0.8120
vn -0.2884 -0.0951 -0.9528
vn -0.1483 -0.0489 -0.9877
vn -0.1528 -0.0326 0.9877
vn -0.2971 -0.0634 0.9527
vn -0.5709 -0.1219 0.8119
vn -0.7890 -0.1685 0.5909
vn -0.9467 -0.3123 0.0788
vn -0.9295 -0.1984 0.3110
vn -0.9749 -0.2081 -0.0788
vn -0.9295 -0.1984 -0.3110
vn -0.7890 -0.1685 -0.5908
vn -0.5709 -0.1219 -0.8119
vn -0.2971 -0.0634 -0.9527
vn -0.1528 -0.0326 -0.9877
vn -0.1554 -0.0163 0.9877
vn -0.3023 -0.0317 0.9527
vn -0.5807 -0.0608 0.8119
vn -0.8024 -0.0840 0.5908
vn -0.9749 -0.2081 0.0788
vn -0.9453 -0.0990 0.3109
vn -0.9915 -0.1038 -0.0788
vn -0.9453 -0.0990 -0.3109
vn -0.8024 -0.0840 -0.5908
vn -0.5807 -0.0608 -0.8119
vn -0.3023 -0.0317 -0.9527
vn -0.1554 -0.0163 -0.9877
vn -0.1563 -0.0041 0.9877
vn -0.3065 -0.0079 0.9518
vn -0.5858 -0.0152 0.8103
vn -0.8078 -0.0209 0.5891
vn -0.9915 -0.1038 0.0788
vn -0.9505 -0.0246 0.3099
vn -0.9966 -0.0258 -0.0786
vn -0.9505 -0.0246 -0.3099
vn -0.8078 -0.0209 -0.5891
vn -0.5858 -0.0152 -0.8103
vn -0.3065 -0.0079 -0.9518
vn -0.1563 -0.0041 -0.9877
vn -0.0787 -0.0787 0.9938
vn -0.1980 -0.1980 0.9600
vn -0.3610 -0.3610 0.8599
vn -0.5226 -0.5226 0.6736
vn -0.9966 -0.0258 0.0786
vn -0.6543 -0.6543 0.3793
vn -0.7032 -0.7032 -0.1049
vn -0.6543 -0.6543 -0.3793
vn -0.5226 -0.5226 -0.6736
vn -0.3610 -0.3610 -0.8599
vn -0.1980 -0.1980 -0.9600
vn -0.0787 -0.0787 -0.9938
vn 0.1980 -0.1980 0.9600
vn 0.3610 -0.3610 0.8599
vn 0.5226 -0.5226 0.6736
vn 0.7032 -0.7032 0.1049
vn -0.7032 -0.7032 0.1049
vn 0.7032 -0.7032 -0.1049
vn 0.5226 -0.5226 -0.6736
vn 0.3610 -0.3610 -0.8599
vn 0.1980 -0.1980 -0.9600
vn 0.0787 -0.0787 -0.9938
vn 0.1980 0.1980 0.9600
vn 0.0787 -0.0787 0.9938
vn 0.3610 0.3610 0.8599
vn 0.5226 0.5226 0.6736
vn 0.6543 0.6543 0.3793
vn 0.6543 -0.6543 0.3793
vn 0.7032 0.7032 0.1049
vn 0.7032 0.7032 -0.1049
vn 0.6543 0.6543 -0.3793
vn 0.6543 -0.6543 -0.3793
vn 0.5226 0.5226 -0.6736
vn 0.3610 0.3610 -0.8599
vn 0.1980 0.1980 -0.9600
vn 0.0787 0.0787 -0.9938
vn -0.1980 0.1980 0.9600
vn 0.0787 0.0787 0.9938
vn -0.3610 0.3610 0.8599
vn -0.5226 0.5226 0.6736
vn -0.6543 0.6543 0.3793
vn -0.7032 0.7032 0.1049
vn -0.7032 0.7032 -0.1049
vn -0.6543 0.6543 -0.3793
vn -0.5226 0.5226 -0.6736
vn -0.3610 0.3610 -0.8599
vn -0.1980 0.1980 -0.9600
vn -0.0787 0.0787 -0.9938
vt 0.222222 0.000000
vt 0.259259 0.000000
vt 0.240741 0.000000
vt 0.277778 0.000000
vt 0.203704 0.000000
vt 0.296296 0.000000
vt 0.185185 0.000000
vt 0.314815 0.000000
vt 0.333333 0.000000
vt 0.166667 0.000000
vt 0.351852 0.000000
vt 0.962963 0.000000
vt 1.000000 0.000000
vt 0.981481 0.000000
vt 0.000000 0.000000
vt 0.148148 0.000000
vt 0.370370 0.000000
vt 0.388889 0.000000
vt 0.129630 0.000000
vt 0.407407 0.000000
vt 0.111111 0.000000
vt 0.425926 0.000000
vt 0.444444 0.000000
vt 0.092593 0.000000
vt 0.462963 0.000000
vt 0.074074 0.000000
vt 0.648148 0.000000
vt 0.629630 0.000000
vt 0.611111 0.000000
vt 0.592593 0.000000
vt 0.574074 0.000000
vt 0.555556 0.000000
vt 0.537037 0.000000
vt 0.518519 0.000000
vt 0.500000 0.000000
vt 0.481481 0.000000
vt 0.055556 0.000000
vt 0.685185 0.000000
vt 0.666667 0.000000
vt 0.037037 0.000000
vt 0.722222 0.000000
vt 0.703704 0.000000
vt 0.740741 0.000000
vt 0.759259 0.000000
vt 0.018519 0.000000
vt 0.777778 0.000000
vt 0.796296 0.000000
vt 0.870370 0.000000
vt 0.851852 0.000000
vt 0.833333 0.000000
vt 0.814815 0.000000
vt 0.888889 0.000000
vt 0.907407 0.000000
vt 0.925926 0.000000
vt 0.944444 0.000000
vt 0.346939 0.000000
vt 0.367347 0.000000
vt 0.357143 0.000000
vt 0.377551 0.000000
vt 0.336735 0.000000
vt 0.387755 0.000000
vt 0.326531 0.000000
vt 0.397959 0.000000
vt 0.316327 0.000000
vt 0.408163 0.000000
vt 0.306122 0.000000
vt 0.418367 0.000000
vt 0.295918 0.000000
vt 0.428571 0.000000
vt 0.285714 0.000000
vt 0.867347 0.000000
vt 0.877551 0.000000
vt 0.857143 0.000000
vt 0.887755 0.000000
vt 0.846939 0.000000
vt 0.897959 0.000000
vt 0.836735 0.000000
vt 0.438776 0.000000
vt 0.908163 0.000000
vt 0.275510 0.000000
vt 0.826531 0.000000
vt 0.918367 0.000000
vt 0.816327 0.000000
vt 0.928571 0.000000
vt 0.806122 0.000000
vt 0.938776 0.000000
vt 0.795918 0.000000
vt 0.265306 0.000000
vt 0.448980 0.000000
vt 0.948980 0.000000
vt 0.785714 0.000000
vt 0.959184 0.000000
vt 0.775510 0.000000
vt 0.255102 0.000000
vt 0.459184 0.000000
vt 0.969388 0.000000
vt 0.765306 0.000000
vt 0.979592 0.000000
vt 0.755102 0.000000
vt 0.244898 0.000000
vt 0.989796 0.000000
vt 0.469388 0.000000
vt 0.234694 0.000000
vt 0.479592 0.000000
vt 0.224490 0.000000
vt 0.489796 0.000000
vt 0.214286 0.000000
vt 0.510204 0.000000
vt 0.520408 0.000000
vt 0.204082 0.000000
vt 0.530612 0.000000
vt 0.193878 0.000000
vt 0.540816 0.000000
vt 0.724490 0.000000
vt 0.744898 0.000000
vt 0.734694 0.000000
vt 0.551020 0.000000
vt 0.714286 0.000000
vt 0.704082 0.000000
vt 0.183673 0.000000
vt 0.561224 0.000000
vt 0.693878 0.000000
vt 0.683673 0.000000
vt 0.571429 0.000000
vt 0.673469 0.000000
vt 0.581633 0.000000
vt 0.663265 0.000000
vt 0.173469 0.000000
vt 0.653061 0.000000
vt 0.591837 0.000000
vt 0.642857 0.000000
vt 0.602041 0.000000
vt 0.632653 0.000000
vt 0.622449 0.000000
vt 0.612245 0.000000
vt 0.163265 0.000000
vt 0.153061 0.000000
vt 0.010204 0.000000
vt 0.020408 0.000000
vt 0.142857 0.000000
vt 0.030612 0.000000
vt 0.040816 0.000000
vt 0.132653 0.000000
vt 0.051020 0.000000
vt 0.061224 0.000000
vt 0.122449 0.000000
vt 0.071429 0.000000
vt 0.081633 0.000000
vt 0.091837 0.000000
vt 0.112245 0.000000
vt 0.102041 0.000000
vt 0.484211 0.000000
vt 0.494737 0.000000
vt 0.010526 0.000000
vt 0.473684 0.000000
vt 0.021053 0.000000
vt 0.463158 0.000000
vt 0.031579 0.000000
vt 0.452632 0.000000
vt 0.042105 0.000000
vt 0.442105 0.000000
vt 0.052632 0.000000
vt 0.431579 0.000000
vt 0.747368 0.000000
vt 0.757895 0.000000
vt 0.736842 0.000000
vt 0.726316 0.000000
vt 0.768421 0.000000
vt 0.715789 0.000000
vt 0.778947 0.000000
vt 0.063158 0.000000
vt 0.421053 0.000000
vt 0.705263 0.000000
vt 0.789474 0.000000
vt 0.694737 0.000000
vt 0.800000 0.000000
vt 0.073684 0.000000
vt 0.410526 0.000000
vt 0.684211 0.000000
vt 0.810526 0.000000
vt 0.673684 0.000000
vt 0.821053 0.000000
vt 0.084211 0.000000
vt 0.400000 0.000000
vt 0.663158 0.000000
vt 0.831579 0.000000
vt 0.094737 0.000000
vt 0.389474 0.000000
vt 0.652632 0.000000
vt 0.842105 0.000000
vt 0.642105 0.000000
vt 0.852632 0.000000
vt 0.105263 0.000000
vt 0.378947 0.000000
vt 0.631579 0.000000
vt 0.863158 0.000000
vt 0.115789 0.000000
vt 0.368421 0.000000
vt 0.621053 0.000000
vt 0.873684 0.000000
vt 0.357895 0.000000
vt 0.884211 0.000000
vt 0.610526 0.000000
vt 0.126316 0.000000
vt 0.894737 0.000000
vt 0.600000 0.000000
vt 0.136842 0.000000
vt 0.347368 0.000000
vt 0.905263 0.000000
vt 0.589474 0.000000
vt 0.147368 0.000000
vt 0.336842 0.000000
vt 0.578947 0.000000
vt 0.915789 0.000000
vt 0.157895 0.000000
vt 0.326316 0.000000
vt 0.568421 0.000000
vt 0.926316 0.000000
vt 0.557895 0.000000
vt 0.936842 0.000000
vt 0.168421 0.000000
vt 0.315789 0.000000
vt 0.547368 0.000000
vt 0.947368 0.000000
vt 0.536842 0.000000
vt 0.957895 0.000000
vt 0.178947 0.000000
vt 0.305263 0.000000
vt 0.526316 0.000000
vt 0.968421 0.000000
vt 0.515789 0.000000
vt 0.978947 0.000000
vt 0.189474 0.000000
vt 0.294737 0.000000
vt 0.505263 0.000000
vt 0.989474 0.000000
vt 0.200000 0.000000
vt 0.284211 0.000000
vt 0.210526 0.000000
vt 0.273684 0.000000
vt 0.221053 0.000000
vt 0.263158 0.000000
vt 0.231579 0.000000
vt 0.252632 0.000000
vt 0.242105 0.000000
vt 0.000000 0.090909
vt 0.020833 0.000000
vt 0.000000 0.181818
vt 0.020833 0.090909
vt 0.000000 0.272727
vt 0.020833 0.181818
vt 0.000000 0.363636
vt 0.020833 0.272727
vt 0.000000 0.454545
vt 0.020833 0.363636
vt 0.020833 0.545455
vt 0.000000 0.545455
vt 0.020833 0.636364
vt 0.000000 0.636364
vt 0.020833 0.727273
vt 0.000000 0.727273
vt 0.020833 0.818182
vt 0.000000 0.818182
vt 0.020833 0.909091
vt 0.000000 0.909091
vt 0.020833 1.000000
vt 0.000000 1.000000
vt 0.041667 0.000000
vt 0.041667 0.090909
vt 0.041667 0.181818
vt 0.041667 0.272727
vt 0.020833 0.454545
vt 0.041667 0.363636
vt 0.041667 0.545455
vt 0.041667 0.636364
vt 0.041667 0.727273
vt 0.041667 0.818182
vt 0.041667 0.909091
vt 0.041667 1.000000
vt 0.062500 0.000000
vt 0.062500 0.090909
vt 0.062500 0.181818
vt 0.062500 0.272727
vt 0.041667 0.454545
vt 0.062500 0.363636
vt 0.062500 0.545455
vt 0.062500 0.636364
vt 0.062500 0.727273
vt 0.062500 0.818182
vt 0.062500 0.909091
vt 0.062500 1.000000
vt 0.083333 0.000000
vt 0.083333 0.090909
vt 0.083333 0.181818
vt 0.083333 0.272727
vt 0.062500 0.454545
vt 0.083333 0.363636
vt 0.083333 0.545455
vt 0.083333 0.636364
vt 0.083333 0.727273
vt 0.083333 0.818182
vt 0.083333 0.909091
vt 0.083333 1.000000
vt 0.104167 0.090909
vt 0.104167 0.181818
vt 0.104167 0.272727
vt 0.104167 0.363636
vt 0.104167 0.454545
vt 0.083333 0.454545
vt 0.104167 0.545455
vt 0.104167 0.636364
vt 0.104167 0.727273
vt 0.104167 0.818182
vt 0.104167 0.909091
vt 0.125000 0.090909
vt 0.104167 0.000000
vt 0.125000 0.181818
vt 0.125000 0.272727
vt 0.125000 0.363636
vt 0.125000 0.454545
vt 0.125000 0.545455
vt 0.125000 0.636364
vt 0.125000 0.727273
vt 0.125000 0.818182
vt 0.104167 1.000000
vt 0.125000 0.909091
vt 0.145833 0.090909
vt 0.125000 0.000000
vt 0.145833 0.181818
vt 0.145833 0.272727
vt 0.145833 0.363636
vt 0.145833 0.454545
vt 0.145833 0.545455
vt 0.145833 0.636364
vt 0.145833 0.727273
vt 0.145833 0.818182
vt 0.125000 1.000000
vt 0.145833 0.909091
vt 0.166667 0.090909
vt 0.145833 0.000000
vt 0.166667 0.181818
vt 0.166667 0.272727
vt 0.166667 0.363636
vt 0.166667 0.454545
vt 0.166667 0.545455
vt 0.166667 0.636364
vt 0.166667 0.727273
vt 0.166667 0.818182
vt 0.145833 1.000000
vt 0.166667 0.909091
vt 0.187500 0.090909
vt 0.187500 0.181818
vt 0.187500 0.272727
vt 0.187500 0.363636
vt 0.187500 0.454545
vt 0.187500 0.545455
vt 0.187500 0.636364
vt 0.187500 0.727273
vt 0.187500 0.818182
vt 0.166667 1.000000
vt 0.187500 0.909091
vt 0.208333 0.090909
vt 0.187500 0.000000
vt 0.208333 0.181818
vt 0.208333 0.272727
vt 0.208333 0.363636
vt 0.208333 0.454545
vt 0.208333 0.545455
vt 0.208333 0.636364
vt 0.208333 0.727273
vt 0.208333 0.818182
vt 0.187500 1.000000
vt 0.208333 0.909091
vt 0.229167 0.090909
vt 0.208333 0.000000
vt 0.229167 0.181818
vt 0.229167 0.272727
vt 0.229167 0.363636
vt 0.229167 0.454545
vt 0.229167 0.545455
vt 0.229167 0.636364
vt 0.229167 0.727273
vt 0.229167 0.818182
vt 0.208333 1.000000
vt 0.229167 0.909091
vt 0.250000 0.000000
vt 0.229167 0.000000
vt 0.250000 0.090909
vt 0.250000 0.181818
vt 0.250000 0.272727
vt 0.250000 0.363636
vt 0.250000 0.545455
vt 0.250000 0.636364
vt 0.250000 0.727273
vt 0.250000 0.818182
vt 0.250000 0.909091
vt 0.250000 1.000000
vt 0.229167 1.000000
vt 0.270833 0.000000
vt 0.270833 0.090909
vt 0.270833 0.181818
vt 0.270833 0.272727
vt 0.250000 0.454545
vt 0.270833 0.363636
vt 0.270833 0.545455
vt 0.270833 0.636364
vt 0.270833 0.727273
vt 0.270833 0.818182
vt 0.270833 0.909091
vt 0.270833 1.000000
vt 0.291667 0.000000
vt 0.291667 0.090909
vt 0.291667 0.181818
vt 0.291667 0.272727
vt 0.270833 0.454545
vt 0.291667 0.363636
vt 0.291667 0.545455
vt 0.291667 0.636364
vt 0.291667 0.727273
vt 0.291667 0.818182
vt 0.291667 0.909091
vt 0.291667 1.000000
vt 0.312500 0.000000
vt 0.312500 0.090909
vt 0.312500 0.181818
vt 0.312500 0.272727
vt 0.291667 0.454545
vt 0.312500 0.363636
vt 0.312500 0.545455
vt 0.312500 0.636364
vt 0.312500 0.727273
vt 0.312500 0.818182
vt 0.312500 0.909091
vt 0.312500 1.000000
vt 0.333333 0.090909
vt 0.333333 0.181818
vt 0.333333 0.272727
vt 0.312500 0.454545
vt 0.333333 0.363636
vt 0.333333 0.545455
vt 0.333333 0.636364
vt 0.333333 0.727273
vt 0.333333 0.818182
vt 0.333333 0.909091
vt 0.333333 1.000000
vt 0.354167 0.000000
vt 0.354167 0.090909
vt 0.354167 0.181818
vt 0.354167 0.272727
vt 0.333333 0.454545
vt 0.354167 0.363636
vt 0.354167 0.545455
vt 0.354167 0.636364
vt 0.354167 0.727273
vt 0.354167 0.818182
vt 0.354167 0.909091
vt 0.354167 1.000000
vt 0.375000 0.000000
vt 0.375000 0.090909
vt 0.375000 0.181818
vt 0.375000 0.272727
vt 0.354167 0.454545
vt 0.375000 0.363636
vt 0.375000 0.545455
vt 0.375000 0.636364
vt 0.375000 0.727273
vt 0.375000 0.818182
vt 0.375000 0.909091
vt 0.375000 1.000000
vt 0.395833 0.090909
vt 0.395833 0.181818
vt 0.395833 0.272727
vt 0.395833 0.363636
vt 0.395833 0.454545
vt 0.375000 0.454545
vt 0.395833 0.545455
vt 0.395833 0.636364
vt 0.395833 0.727273
vt 0.395833 0.818182
vt 0.395833 0.909091
vt 0.416667 0.090909
vt 0.395833 0.000000
vt 0.416667 0.181818
vt 0.416667 0.272727
vt 0.416667 0.363636
vt 0.416667 0.454545
vt 0.416667 0.545455
vt 0.416667 0.636364
vt 0.416667 0.727273
vt 0.416667 0.818182
vt 0.395833 1.000000
vt 0.416667 0.909091
vt 0.437500 0.090909
vt 0.416667 0.000000
vt 0.437500 0.181818
vt 0.437500 0.272727
vt 0.437500 0.363636
vt 0.437500 0.454545
vt 0.437500 0.545455
vt 0.437500 0.636364
vt 0.437500 0.727273
vt 0.437500 0.818182
vt 0.416667 1.000000
vt 0.437500 0.909091
vt 0.458333 0.090909
vt 0.437500 0.000000
vt 0.458333 0.181818
vt 0.458333 0.272727
vt 0.458333 0.363636
vt 0.458333 0.454545
vt 0.458333 0.545455
vt 0.458333 0.636364
vt 0.458333 0.727273
vt 0.458333 0.818182
vt 0.437500 1.000000
vt 0.458333 0.909091
vt 0.479167 0.090909
vt 0.458333 0.000000
vt 0.479167 0.181818
vt 0.479167 0.272727
vt 0.479167 0.363636
vt 0.479167 0.454545
vt 0.479167 0.545455
vt 0.479167 0.636364
vt 0.479167 0.727273
vt 0.479167 0.818182
vt 0.458333 1.000000
vt 0.479167 0.909091
vt 0.479167 0.000000
vt 0.500000 0.090909
vt 0.500000 0.181818
vt 0.500000 0.272727
vt 0.500000 0.363636
vt 0.500000 0.545455
vt 0.500000 0.636364
vt 0.500000 0.727273
vt 0.500000 0.818182
vt 0.500000 0.909091
vt 0.500000 1.000000
vt 0.479167 1.000000
vt 0.520833 0.000000
vt 0.520833 0.090909
vt 0.520833 0.181818
vt 0.520833 0.272727
vt 0.500000 0.454545
vt 0.520833 0.363636
vt 0.520833 0.545455
vt 0.520833 0.636364
vt 0.520833 0.727273
vt 0.520833 0.818182
vt 0.520833 0.909091
vt 0.520833 1.000000
vt 0.541667 0.000000
vt 0.541667 0.090909
vt 0.541667 0.181818
vt 0.541667 0.272727
vt 0.520833 0.454545
vt 0.541667 0.363636
vt 0.541667 0.545455
vt 0.541667 0.636364
vt 0.541667 0.727273
vt 0.541667 0.818182
vt 0.541667 0.909091
vt 0.541667 1.000000
vt 0.562500 0.000000
vt 0.562500 0.090909
vt 0.562500 0.181818
vt 0.562500 0.272727
vt 0.541667 0.454545
vt 0.562500 0.363636
vt 0.562500 0.545455
vt 0.562500 0.636364
vt 0.562500 0.727273
vt 0.562500 0.818182
vt 0.562500 0.909091
vt 0.562500 1.000000
vt 0.583333 0.090909
vt 0.583333 0.181818
vt 0.583333 0.272727
vt 0.583333 0.363636
vt 0.583333 0.454545
vt 0.562500 0.454545
vt 0.583333 0.545455
vt 0.583333 0.636364
vt 0.583333 0.727273
vt 0.583333 0.818182
vt 0.583333 0.909091
vt 0.604167 0.090909
vt 0.583333 0.000000
vt 0.604167 0.181818
vt 0.604167 0.272727
vt 0.604167 0.363636
vt 0.604167 0.454545
vt 0.604167 0.545455
vt 0.604167 0.636364
vt 0.604167 0.727273
vt 0.604167 0.818182
vt 0.583333 1.000000
vt 0.604167 0.909091
vt 0.625000 0.090909
vt 0.604167 0.000000
vt 0.625000 0.181818
vt 0.625000 0.272727
vt 0.625000 0.363636
vt 0.625000 0.454545
vt 0.625000 0.545455
vt 0.625000 0.636364
vt 0.625000 0.727273
vt 0.625000 0.818182
vt 0.604167 1.000000
vt 0.625000 0.909091
vt 0.645833 0.090909
vt 0.625000 0.000000
vt 0.645833 0.181818
vt 0.645833 0.272727
vt 0.645833 0.363636
vt 0.645833 0.454545
vt 0.645833 0.545455
vt 0.645833 0.636364
vt 0.645833 0.727273
vt 0.645833 0.818182
vt 0.625000 1.000000
vt 0.645833 0.909091
vt 0.666667 0.090909
vt 0.645833 0.000000
vt 0.666667 0.181818
vt 0.666667 0.272727
vt 0.666667 0.363636
vt 0.666667 0.454545
vt 0.666667 0.545455
vt 0.666667 0.636364
vt 0.666667 0.727273
vt 0.666667 0.818182
vt 0.645833 1.000000
vt 0.666667 0.909091
vt 0.687500 0.090909
vt 0.687500 0.181818
vt 0.687500 0.272727
vt 0.687500 0.363636
vt 0.687500 0.454545
vt 0.687500 0.545455
vt 0.687500 0.636364
vt 0.687500 0.727273
vt 0.687500 0.818182
vt 0.666667 1.000000
vt 0.687500 0.909091
vt 0.708333 0.090909
vt 0.687500 0.000000
vt 0.708333 0.181818
vt 0.708333 0.272727
vt 0.708333 0.363636
vt 0.708333 0.454545
vt 0.708333 0.545455
vt 0.708333 0.636364
vt 0.708333 0.727273
vt 0.708333 0.818182
vt 0.687500 1.000000
vt 0.708333 0.909091
vt 0.729167 0.090909
vt 0.708333 0.000000
vt 0.729167 0.181818
vt 0.729167 0.272727
vt 0.729167 0.363636
vt 0.729167 0.454545
vt 0.729167 0.545455
vt 0.729167 0.636364
vt 0.729167 0.727273
vt 0.729167 0.818182
vt 0.708333 1.000000
vt 0.729167 0.909091
vt 0.750000 0.000000
vt 0.729167 0.000000
vt 0.750000 0.090909
vt 0.750000 0.181818
vt 0.750000 0.272727
vt 0.750000 0.363636
vt 0.750000 0.545455
vt 0.750000 0.636364
vt 0.750000 0.727273
vt 0.750000 0.818182
vt 0.750000 0.909091
vt 0.750000 1.000000
vt 0.729167 1.000000
vt 0.770833 0.000000
vt 0.770833 0.090909
vt 0.770833 0.181818
vt 0.770833 0.272727
vt 0.750000 0.454545
vt 0.770833 0.363636
vt 0.770833 0.545455
vt 0.770833 0.636364
vt 0.770833 0.727273
vt 0.770833 0.818182
vt 0.770833 0.909091
vt 0.770833 1.000000
vt 0.791667 0.000000
vt 0.791667 0.090909
vt 0.791667 0.181818
vt 0.791667 0.272727
vt 0.770833 0.454545
vt 0.791667 0.363636
vt 0.791667 0.545455
vt 0.791667 0.636364
vt 0.791667 0.727273
vt 0.791667 0.818182
vt 0.791667 0.909091
vt 0.791667 1.000000
vt 0.812500 0.000000
vt 0.812500 0.090909
vt 0.812500 0.181818
vt 0.812500 0.272727
vt 0.791667 0.454545
vt 0.812500 0.363636
vt 0.812500 0.545455
vt 0.812500 0.636364
vt 0.812500 0.727273
vt 0.812500 0.818182
vt 0.812500 0.909091
vt 0.812500 1.000000
vt 0.833333 0.090909
vt 0.833333 0.181818
vt 0.833333 0.272727
vt 0.812500 0.454545
vt 0.833333 0.363636
vt 0.833333 0.545455
vt 0.833333 0.636364
vt 0.833333 0.727273
vt 0.833333 0.818182
vt 0.833333 0.909091
vt 0.833333 1.000000
vt 0.854167 0.000000
vt 0.854167 0.090909
vt 0.854167 0.181818
vt 0.854167 0.272727
vt 0.833333 0.454545
vt 0.854167 0.363636
vt 0.854167 0.545455
vt 0.854167 0.636364
vt 0.854167 0.727273
vt 0.854167 0.818182
vt 0.854167 0.909091
vt 0.854167 1.000000
vt 0.875000 0.000000
vt 0.875000 0.090909
vt 0.875000 0.181818
vt 0.875000 0.272727
vt 0.854167 0.454545
vt 0.875000 0.363636
vt 0.875000 0.545455
vt 0.875000 0.636364
vt 0.875000 0.727273
vt 0.875000 0.818182
vt 0.875000 0.909091
vt 0.875000 1.000000
vt 0.895833 0.090909
vt 0.895833 0.181818
vt 0.895833 0.272727
vt 0.895833 0.363636
vt 0.875000 0.454545
vt 0.895833 0.545455
vt 0.895833 0.636364
vt 0.895833 0.727273
vt 0.895833 0.818182
vt 0.895833 0.909091
vt 0.916667 0.090909
vt 0.895833 0.000000
vt 0.916667 0.181818
vt 0.916667 0.272727
vt 0.916667 0.363636
vt 0.916667 0.454545
vt 0.895833 0.454545
vt 0.916667 0.545455
vt 0.916667 0.636364
vt 0.916667 0.727273
vt 0.916667 0.818182
vt 0.895833 1.000000
vt 0.916667 0.909091
vt 0.937500 0.090909
vt 0.916667 0.000000
vt 0.937500 0.181818
vt 0.937500 0.272727
vt 0.937500 0.363636
vt 0.937500 0.454545
vt 0.937500 0.545455
vt 0.937500 0.636364
vt 0.937500 0.727273
vt 0.937500 0.818182
vt 0.916667 1.000000
vt 0.937500 0.909091
vt 0.958333 0.090909
vt 0.937500 0.000000
vt 0.958333 0.181818
vt 0.958333 0.272727
vt 0.958333 0.363636
vt 0.958333 0.454545
vt 0.958333 0.545455
vt 0.958333 0.636364
vt 0.958333 0.727273
vt 0.958333 0.818182
vt 0.937500 1.000000
vt 0.958333 0.909091
vt 0.979167 0.090909
vt 0.958333 0.000000
vt 0.979167 0.181818
vt 0.979167 0.272727
vt 0.979167 0.363636
vt 0.979167 0.454545
vt 0.979167 0.545455
vt 0.979167 0.636364
vt 0.979167 0.727273
vt 0.979167 0.818182
vt 0.958333 1.000000
vt 0.979167 0.909091
vt 0.979167 0.000000
vt 1.000000 0.090909
vt 1.000000 0.181818
vt 1.000000 0.272727
vt 1.000000 0.363636
vt 1.000000 0.545455
vt 1.000000 0.636364
vt 1.000000 0.727273
vt 1.000000 0.818182
vt 1.000000 0.909091
vt 1.000000 1.000000
vt 0.979167 1.000000
vt 1.000000 0.454545
vt 0.142857 0.090909
vt 0.142857 0.181818
vt 0.142857 0.272727
vt 0.142857 0.363636
vt 0.142857 0.454545
vt 0.142857 0.545455
vt 0.142857 0.636364
vt 0.142857 0.727273
vt 0.142857 0.818182
vt 0.142857 0.909091
vt 0.285714 0.090909
vt 0.285714 0.181818
vt 0.285714 0.272727
vt 0.285714 0.363636
vt 0.285714 0.545455
vt 0.285714 0.636364
vt 0.285714 0.727273
vt 0.285714 0.818182
vt 0.285714 0.909091
vt 0.285714 1.000000
vt 0.142857 1.000000
vt 0.428571 0.090909
vt 0.428571 0.181818
vt 0.428571 0.272727
vt 0.285714 0.454545
vt 0.428571 0.363636
vt 0.428571 0.545455
vt 0.428571 0.636364
vt 0.428571 0.727273
vt 0.428571 0.818182
vt 0.428571 0.909091
vt 0.428571 1.000000
vt 0.571429 0.090909
vt 0.571429 0.181818
vt 0.571429 0.272727
vt 0.571429 0.363636
vt 0.571429 0.454545
vt 0.428571 0.454545
vt 0.571429 0.545455
vt 0.571429 0.636364
vt 0.571429 0.727273
vt 0.571429 0.818182
vt 0.571429 0.909091
vt 0.714286 0.090909
vt 0.714286 0.181818
vt 0.714286 0.272727
vt 0.714286 0.363636
vt 0.714286 0.454545
vt 0.714286 0.545455
vt 0.714286 0.636364
vt 0.714286 0.727273
vt 0.714286 0.818182
vt 0.571429 1.000000
vt 0.714286 0.909091
vt 0.857143 0.090909
vt 0.857143 0.181818
vt 0.857143 0.272727
vt 0.857143 0.363636
vt 0.857143 0.545455
vt 0.857143 0.636364
vt 0.857143 0.727273
vt 0.857143 0.818182
vt 0.857143 0.909091
vt 0.857143 1.000000
vt 0.714286 1.000000
vt 0.857143 0.454545
vt 0.013514 0.000000
vt 0.013514 0.090909
vt 0.013514 0.181818
vt 0.013514 0.272727
vt 0.013514 0.363636
vt 0.013514 0.545455
vt 0.013514 0.636364
vt 0.013514 0.727273
vt 0.013514 0.818182
vt 0.013514 0.909091
vt 0.013514 1.000000
vt 0.027027 0.000000
vt 0.027027 0.090909
vt 0.027027 0.181818
vt 0.027027 0.272727
vt 0.013514 0.454545
vt 0.027027 0.363636
vt 0.027027 0.545455
vt 0.027027 0.636364
vt 0.027027 0.727273
vt 0.027027 0.818182
vt 0.027027 0.909091
vt 0.027027 1.000000
vt 0.040541 0.000000
vt 0.040541 0.090909
vt 0.040541 0.181818
vt 0.040541 0.272727
vt 0.027027 0.454545
vt 0.040541 0.363636
vt 0.040541 0.545455
vt 0.040541 0.636364
vt 0.040541 0.727273
vt 0.040541 0.818182
vt 0.040541 0.909091
vt 0.040541 1.000000
vt 0.054054 0.000000
vt 0.054054 0.090909
vt 0.054054 0.181818
vt 0.054054 0.272727
vt 0.040541 0.454545
vt 0.054054 0.363636
vt 0.054054 0.545455
vt 0.054054 0.636364
vt 0.054054 0.727273
vt 0.054054 0.818182
vt 0.054054 0.909091
vt 0.054054 1.000000
vt 0.067568 0.000000
vt 0.067568 0.090909
vt 0.067568 0.181818
vt 0.067568 0.272727
vt 0.054054 0.454545
vt 0.067568 0.363636
vt 0.067568 0.545455
vt 0.067568 0.636364
vt 0.067568 0.727273
vt 0.067568 0.818182
vt 0.067568 0.909091
vt 0.067568 1.000000
vt 0.081081 0.090909
vt 0.081081 0.181818
vt 0.081081 0.272727
vt 0.081081 0.363636
vt 0.081081 0.454545
vt 0.067568 0.454545
vt 0.081081 0.545455
vt 0.081081 0.636364
vt 0.081081 0.727273
vt 0.081081 0.818182
vt 0.081081 0.909091
vt 0.094595 0.090909
vt 0.081081 0.000000
vt 0.094595 0.181818
vt 0.094595 0.272727
vt 0.094595 0.363636
vt 0.094595 0.454545
vt 0.094595 0.545455
vt 0.094595 0.636364
vt 0.094595 0.727273
vt 0.094595 0.818182
vt 0.081081 1.000000
vt 0.094595 0.909091
vt 0.108108 0.090909
vt 0.094595 0.000000
vt 0.108108 0.181818
vt 0.108108 0.272727
vt 0.108108 0.363636
vt 0.108108 0.454545
vt 0.108108 0.545455
vt 0.108108 0.636364
vt 0.108108 0.727273
vt 0.108108 0.818182
vt 0.094595 1.000000
vt 0.108108 0.909091
vt 0.121622 0.090909
vt 0.108108 0.000000
vt 0.121622 0.181818
vt 0.121622 0.272727
vt 0.121622 0.363636
vt 0.121622 0.454545
vt 0.121622 0.545455
vt 0.121622 0.636364
vt 0.121622 0.727273
vt 0.121622 0.818182
vt 0.108108 1.000000
vt 0.121622 0.909091
vt 0.135135 0.090909
vt 0.121622 0.000000
vt 0.135135 0.181818
vt 0.135135 0.272727
vt 0.135135 0.363636
vt 0.135135 0.454545
vt 0.135135 0.545455
vt 0.135135 0.636364
vt 0.135135 0.727273
vt 0.135135 0.818182
vt 0.121622 1.000000
vt 0.135135 0.909091
vt 0.148649 0.000000
vt 0.135135 0.000000
vt 0.148649 0.090909
vt 0.148649 0.181818
vt 0.148649 0.272727
vt 0.148649 0.363636
vt 0.148649 0.545455
vt 0.148649 0.636364
vt 0.148649 0.727273
vt 0.148649 0.818182
vt 0.148649 0.909091
vt 0.148649 1.000000
vt 0.135135 1.000000
vt 0.162162 0.000000
vt 0.162162 0.090909
vt 0.162162 0.181818
vt 0.162162 0.272727
vt 0.148649 0.454545
vt 0.162162 0.363636
vt 0.162162 0.545455
vt 0.162162 0.636364
vt 0.162162 0.727273
vt 0.162162 0.818182
vt 0.162162 0.909091
vt 0.162162 1.000000
vt 0.175676 0.000000
vt 0.175676 0.090909
vt 0.175676 0.181818
vt 0.175676 0.272727
vt 0.162162 0.454545
vt 0.175676 0.363636
vt 0.175676 0.545455
vt 0.175676 0.636364
vt 0.175676 0.727273
vt 0.175676 0.818182
vt 0.175676 0.909091
vt 0.175676 1.000000
vt 0.189189 0.000000
vt 0.189189 0.090909
vt 0.189189 0.181818
vt 0.189189 0.272727
vt 0.175676 0.454545
vt 0.189189 0.363636
vt 0.189189 0.545455
vt 0.189189 0.636364
vt 0.189189 0.727273
vt 0.189189 0.818182
vt 0.189189 0.909091
vt 0.189189 1.000000
vt 0.202703 0.090909
vt 0.202703 0.181818
vt 0.202703 0.272727
vt 0.202703 0.363636
vt 0.202703 0.454545
vt 0.189189 0.454545
vt 0.202703 0.545455
vt 0.202703 0.636364
vt 0.202703 0.727273
vt 0.202703 0.818182
vt 0.202703 0.909091
vt 0.216216 0.090909
vt 0.202703 0.000000
vt 0.216216 0.181818
vt 0.216216 0.272727
vt 0.216216 0.363636
vt 0.216216 0.454545
vt 0.216216 0.545455
vt 0.216216 0.636364
vt 0.216216 0.727273
vt 0.216216 0.818182
vt 0.202703 1.000000
vt 0.216216 0.909091
vt 0.229730 0.090909
vt 0.216216 0.000000
vt 0.229730 0.181818
vt 0.229730 0.272727
vt 0.229730 0.363636
vt 0.229730 0.454545
vt 0.229730 0.545455
vt 0.229730 0.636364
vt 0.229730 0.727273
vt 0.229730 0.818182
vt 0.216216 1.000000
vt 0.229730 0.909091
vt 0.243243 0.090909
vt 0.229730 0.000000
vt 0.243243 0.181818
vt 0.243243 0.272727
vt 0.243243 0.363636
vt 0.243243 0.454545
vt 0.243243 0.545455
vt 0.243243 0.636364
vt 0.243243 0.727273
vt 0.243243 0.818182
vt 0.229730 1.000000
vt 0.243243 0.909091
vt 0.256757 0.090909
vt 0.243243 0.000000
vt 0.256757 0.181818
vt 0.256757 0.272727
vt 0.256757 0.363636
vt 0.256757 0.454545
vt 0.256757 0.545455
vt 0.256757 0.636364
vt 0.256757 0.727273
vt 0.256757 0.818182
vt 0.243243 1.000000
vt 0.256757 0.909091
vt 0.270270 0.090909
vt 0.256757 0.000000
vt 0.270270 0.181818
vt 0.270270 0.272727
vt 0.270270 0.363636
vt 0.270270 0.454545
vt 0.270270 0.545455
vt 0.270270 0.636364
vt 0.270270 0.727273
vt 0.270270 0.818182
vt 0.256757 1.000000
vt 0.270270 0.909091
vt 0.283784 0.090909
vt 0.270270 0.000000
vt 0.283784 0.181818
vt 0.283784 0.272727
vt 0.283784 0.363636
vt 0.283784 0.454545
vt 0.283784 0.545455
vt 0.283784 0.636364
vt 0.283784 0.727273
vt 0.283784 0.818182
vt 0.270270 1.000000
vt 0.283784 0.909091
vt 0.297297 0.090909
vt 0.283784 0.000000
vt 0.297297 0.181818
vt 0.297297 0.272727
vt 0.297297 0.363636
vt 0.297297 0.454545
vt 0.297297 0.545455
vt 0.297297 0.636364
vt 0.297297 0.727273
vt 0.297297 0.818182
vt 0.283784 1.000000
vt 0.297297 0.909091
vt 0.310811 0.090909
vt 0.297297 0.000000
vt 0.310811 0.181818
vt 0.310811 0.272727
vt 0.310811 0.363636
vt 0.310811 0.454545
vt 0.310811 0.545455
vt 0.310811 0.636364
vt 0.310811 0.727273
vt 0.310811 0.818182
vt 0.297297 1.000000
vt 0.310811 0.909091
vt 0.324324 0.000000
vt 0.310811 0.000000
vt 0.324324 0.090909
vt 0.324324 0.181818
vt 0.324324 0.272727
vt 0.324324 0.363636
vt 0.324324 0.545455
vt 0.324324 0.636364
vt 0.324324 0.727273
vt 0.324324 0.818182
vt 0.324324 0.909091
vt 0.324324 1.000000
vt 0.310811 1.000000
vt 0.337838 0.000000
vt 0.337838 0.090909
vt 0.337838 0.181818
vt 0.337838 0.272727
vt 0.324324 0.454545
vt 0.337838 0.363636
vt 0.337838 0.545455
vt 0.337838 0.636364
vt 0.337838 0.727273
vt 0.337838 0.818182
vt 0.337838 0.909091
vt 0.337838 1.000000
vt 0.351351 0.000000
vt 0.351351 0.090909
vt 0.351351 0.181818
vt 0.351351 0.272727
vt 0.337838 0.454545
vt 0.351351 0.363636
vt 0.351351 0.545455
vt 0.351351 0.636364
vt 0.351351 0.727273
vt 0.351351 0.818182
vt 0.351351 0.909091
vt 0.351351 1.000000
vt 0.364865 0.000000
vt 0.364865 0.090909
vt 0.364865 0.181818
vt 0.364865 0.272727
vt 0.351351 0.454545
vt 0.364865 0.363636
vt 0.364865 0.545455
vt 0.364865 0.636364
vt 0.364865 0.727273
vt 0.364865 0.818182
vt 0.364865 0.909091
vt 0.364865 1.000000
vt 0.378378 0.000000
vt 0.378378 0.090909
vt 0.378378 0.181818
vt 0.378378 0.272727
vt 0.364865 0.454545
vt 0.378378 0.363636
vt 0.378378 0.545455
vt 0.378378 0.636364
vt 0.378378 0.727273
vt 0.378378 0.818182
vt 0.378378 0.909091
vt 0.378378 1.000000
vt 0.391892 0.000000
vt 0.391892 0.090909
vt 0.391892 0.181818
vt 0.391892 0.272727
vt 0.378378 0.454545
vt 0.391892 0.363636
vt 0.391892 0.545455
vt 0.391892 0.636364
vt 0.391892 0.727273
vt 0.391892 0.818182
vt 0.391892 0.909091
vt 0.391892 1.000000
vt 0.405405 0.000000
vt 0.405405 0.090909
vt 0.405405 0.181818
vt 0.405405 0.272727
vt 0.391892 0.454545
vt 0.405405 0.363636
vt 0.405405 0.545455
vt 0.405405 0.636364
vt 0.405405 0.727273
vt 0.405405 0.818182
vt 0.405405 0.909091
vt 0.405405 1.000000
vt 0.418919 0.000000
vt 0.418919 0.181818
vt 0.418919 0.363636
vt 0.418919 0.454545
vt 0.405405 0.454545
vt 0.418919 0.545455
vt 0.418919 0.636364
vt 0.418919 0.818182
vt 0.418919 1.000000
vt 0.432432 0.090909
vt 0.418919 0.090909
vt 0.432432 0.181818
vt 0.432432 0.272727
vt 0.418919 0.272727
vt 0.432432 0.363636
vt 0.432432 0.454545
vt 0.432432 0.545455
vt 0.418919 0.727273
vt 0.432432 0.636364
vt 0.432432 0.727273
vt 0.418919 0.909091
vt 0.432432 0.818182
vt 0.432432 0.909091
vt 0.445946 0.090909
vt 0.432432 0.000000
vt 0.445946 0.181818
vt 0.445946 0.272727
vt 0.445946 0.363636
vt 0.445946 0.454545
vt 0.445946 0.545455
vt 0.445946 0.636364
vt 0.445946 0.727273
vt 0.445946 0.818182
vt 0.432432 1.000000
vt 0.445946 0.909091
vt 0.459459 0.090909
vt 0.445946 0.000000
vt 0.459459 0.181818
vt 0.459459 0.272727
vt 0.459459 0.363636
vt 0.459459 0.454545
vt 0.459459 0.545455
vt 0.459459 0.636364
vt 0.459459 0.727273
vt 0.459459 0.818182
vt 0.445946 1.000000
vt 0.459459 0.909091
vt 0.472973 0.090909
vt 0.459459 0.000000
vt 0.472973 0.181818
vt 0.472973 0.272727
vt 0.472973 0.363636
vt 0.472973 0.454545
vt 0.472973 0.545455
vt 0.472973 0.636364
vt 0.472973 0.727273
vt 0.472973 0.818182
vt 0.459459 1.000000
vt 0.472973 0.909091
vt 0.486486 0.000000
vt 0.472973 0.000000
vt 0.486486 0.090909
vt 0.486486 0.181818
vt 0.486486 0.272727
vt 0.486486 0.363636
vt 0.486486 0.545455
vt 0.486486 0.636364
vt 0.486486 0.727273
vt 0.486486 0.818182
vt 0.486486 0.909091
vt 0.486486 1.000000
vt 0.472973 1.000000
vt 0.486486 0.454545
vt 0.513514 0.000000
vt 0.513514 0.090909
vt 0.513514 0.181818
vt 0.513514 0.272727
vt 0.513514 0.363636
vt 0.513514 0.545455
vt 0.513514 0.636364
vt 0.513514 0.727273
vt 0.513514 0.818182
vt 0.513514 0.909091
vt 0.513514 1.000000
vt 0.527027 0.000000
vt 0.527027 0.090909
vt 0.527027 0.181818
vt 0.527027 0.272727
vt 0.513514 0.454545
vt 0.527027 0.363636
vt 0.527027 0.545455
vt 0.527027 0.636364
vt 0.527027 0.727273
vt 0.527027 0.818182
vt 0.527027 0.909091
vt 0.527027 1.000000
vt 0.540541 0.000000
vt 0.540541 0.090909
vt 0.540541 0.181818
vt 0.540541 0.272727
vt 0.527027 0.454545
vt 0.540541 0.363636
vt 0.540541 0.545455
vt 0.540541 0.636364
vt 0.540541 0.727273
vt 0.540541 0.818182
vt 0.540541 0.909091
vt 0.540541 1.000000
vt 0.554054 0.090909
vt 0.554054 0.181818
vt 0.554054 0.272727
vt 0.554054 0.363636
vt 0.554054 0.454545
vt 0.540541 0.454545
vt 0.554054 0.545455
vt 0.554054 0.636364
vt 0.554054 0.727273
vt 0.554054 0.818182
vt 0.554054 0.909091
vt 0.567568 0.090909
vt 0.554054 0.000000
vt 0.567568 0.181818
vt 0.567568 0.272727
vt 0.567568 0.363636
vt 0.567568 0.454545
vt 0.567568 0.545455
vt 0.567568 0.636364
vt 0.567568 0.727273
vt 0.567568 0.818182
vt 0.554054 1.000000
vt 0.567568 0.909091
vt 0.581081 0.090909
vt 0.567568 0.000000
vt 0.581081 0.181818
vt 0.581081 0.272727
vt 0.581081 0.363636
vt 0.581081 0.454545
vt 0.581081 0.545455
vt 0.581081 0.636364
vt 0.581081 0.727273
vt 0.581081 0.818182
vt 0.567568 1.000000
vt 0.581081 0.909091
vt 0.594595 0.090909
vt 0.581081 0.000000
vt 0.594595 0.181818
vt 0.594595 0.272727
vt 0.594595 0.363636
vt 0.594595 0.454545
vt 0.594595 0.545455
vt 0.594595 0.636364
vt 0.594595 0.727273
vt 0.594595 0.818182
vt 0.581081 1.000000
vt 0.594595 0.909091
vt 0.608108 0.090909
vt 0.594595 0.000000
vt 0.608108 0.181818
vt 0.608108 0.272727
vt 0.608108 0.363636
vt 0.608108 0.454545
vt 0.608108 0.545455
vt 0.608108 0.636364
vt 0.608108 0.727273
vt 0.608108 0.818182
vt 0.594595 1.000000
vt 0.608108 0.909091
vt 0.621622 0.090909
vt 0.608108 0.000000
vt 0.621622 0.181818
vt 0.621622 0.272727
vt 0.621622 0.363636
vt 0.621622 0.454545
vt 0.621622 0.545455
vt 0.621622 0.636364
vt 0.621622 0.727273
vt 0.621622 0.818182
vt 0.608108 1.000000
vt 0.621622 0.909091
vt 0.635135 0.000000
vt 0.621622 0.000000
vt 0.635135 0.090909
vt 0.635135 0.181818
vt 0.635135 0.272727
vt 0.635135 0.363636
vt 0.635135 0.545455
vt 0.635135 0.636364
vt 0.635135 0.727273
vt 0.635135 0.818182
vt 0.635135 0.909091
vt 0.635135 1.000000
vt 0.621622 1.000000
vt 0.648649 0.090909
vt 0.648649 0.181818
vt 0.648649 0.272727
vt 0.648649 0.363636
vt 0.648649 0.454545
vt 0.635135 0.454545
vt 0.648649 0.545455
vt 0.648649 0.636364
vt 0.648649 0.727273
vt 0.648649 0.818182
vt 0.648649 0.909091
vt 0.662162 0.000000
vt 0.648649 0.000000
vt 0.662162 0.090909
vt 0.662162 0.272727
vt 0.662162 0.363636
vt 0.662162 0.454545
vt 0.662162 0.545455
vt 0.662162 0.636364
vt 0.662162 0.727273
vt 0.662162 0.818182
vt 0.662162 1.000000
vt 0.648649 1.000000
vt 0.675676 0.090909
vt 0.675676 0.181818
vt 0.662162 0.181818
vt 0.675676 0.272727
vt 0.675676 0.363636
vt 0.675676 0.454545
vt 0.675676 0.545455
vt 0.675676 0.636364
vt 0.675676 0.727273
vt 0.662162 0.909091
vt 0.675676 0.818182
vt 0.675676 0.909091
vt 0.689189 0.090909
vt 0.675676 0.000000
vt 0.689189 0.181818
vt 0.689189 0.272727
vt 0.689189 0.363636
vt 0.689189 0.454545
vt 0.689189 0.545455
vt 0.689189 0.636364
vt 0.689189 0.727273
vt 0.689189 0.818182
vt 0.675676 1.000000
vt 0.689189 0.909091
vt 0.702703 0.090909
vt 0.689189 0.000000
vt 0.702703 0.181818
vt 0.702703 0.272727
vt 0.702703 0.363636
vt 0.702703 0.454545
vt 0.702703 0.545455
vt 0.702703 0.636364
vt 0.702703 0.727273
vt 0.702703 0.818182
vt 0.689189 1.000000
vt 0.702703 0.909091
vt 0.716216 0.090909
vt 0.702703 0.000000
vt 0.716216 0.181818
vt 0.716216 0.272727
vt 0.716216 0.363636
vt 0.716216 0.454545
vt 0.716216 0.545455
vt 0.716216 0.636364
vt 0.716216 0.727273
vt 0.716216 0.818182
vt 0.702703 1.000000
vt 0.716216 0.909091
vt 0.729730 0.090909
vt 0.716216 0.000000
vt 0.729730 0.181818
vt 0.729730 0.272727
vt 0.729730 0.363636
vt 0.729730 0.454545
vt 0.729730 0.545455
vt 0.729730 0.636364
vt 0.729730 0.727273
vt 0.729730 0.818182
vt 0.716216 1.000000
vt 0.729730 0.909091
vt 0.743243 0.000000
vt 0.729730 0.000000
vt 0.743243 0.090909
vt 0.743243 0.181818
vt 0.743243 0.272727
vt 0.743243 0.363636
vt 0.743243 0.545455
vt 0.743243 0.636364
vt 0.743243 0.727273
vt 0.743243 0.818182
vt 0.743243 0.909091
vt 0.743243 1.000000
vt 0.729730 1.000000
vt 0.756757 0.000000
vt 0.756757 0.090909
vt 0.756757 0.181818
vt 0.756757 0.272727
vt 0.743243 0.454545
vt 0.756757 0.363636
vt 0.756757 0.545455
vt 0.756757 0.636364
vt 0.756757 0.727273
vt 0.756757 0.818182
vt 0.756757 0.909091
vt 0.756757 1.000000
vt 0.770270 0.000000
vt 0.770270 0.090909
vt 0.770270 0.181818
vt 0.770270 0.272727
vt 0.756757 0.454545
vt 0.770270 0.363636
vt 0.770270 0.545455
vt 0.770270 0.636364
vt 0.770270 0.727273
vt 0.770270 0.818182
vt 0.770270 0.909091
vt 0.770270 1.000000
vt 0.783784 0.000000
vt 0.783784 0.090909
vt 0.783784 0.181818
vt 0.783784 0.272727
vt 0.770270 0.454545
vt 0.783784 0.363636
vt 0.783784 0.545455
vt 0.783784 0.636364
vt 0.783784 0.727273
vt 0.783784 0.818182
vt 0.783784 0.909091
vt 0.783784 1.000000
vt 0.797297 0.000000
vt 0.797297 0.090909
vt 0.797297 0.181818
vt 0.797297 0.272727
vt 0.783784 0.454545
vt 0.797297 0.363636
vt 0.797297 0.545455
vt 0.797297 0.636364
vt 0.797297 0.727273
vt 0.797297 0.818182
vt 0.797297 0.909091
vt 0.797297 1.000000
vt 0.810811 0.000000
vt 0.810811 0.090909
vt 0.810811 0.181818
vt 0.810811 0.272727
vt 0.797297 0.454545
vt 0.810811 0.363636
vt 0.810811 0.545455
vt 0.810811 0.636364
vt 0.810811 0.727273
vt 0.810811 0.818182
vt 0.810811 0.909091
vt 0.810811 1.000000
vt 0.824324 0.000000
vt 0.824324 0.090909
vt 0.824324 0.181818
vt 0.824324 0.272727
vt 0.810811 0.454545
vt 0.824324 0.363636
vt 0.824324 0.545455
vt 0.824324 0.636364
vt 0.824324 0.727273
vt 0.824324 0.818182
vt 0.824324 0.909091
vt 0.824324 1.000000
vt 0.837838 0.000000
vt 0.837838 0.090909
vt 0.837838 0.181818
vt 0.837838 0.272727
vt 0.824324 0.454545
vt 0.837838 0.363636
vt 0.837838 0.545455
vt 0.837838 0.636364
vt 0.837838 0.727273
vt 0.837838 0.818182
vt 0.837838 0.909091
vt 0.837838 1.000000
vt 0.851351 0.000000
vt 0.851351 0.090909
vt 0.851351 0.181818
vt 0.851351 0.272727
vt 0.837838 0.454545
vt 0.851351 0.363636
vt 0.851351 0.545455
vt 0.851351 0.636364
vt 0.851351 0.727273
vt 0.851351 0.818182
vt 0.851351 0.909091
vt 0.851351 1.000000
vt 0.864865 0.000000
vt 0.864865 0.090909
vt 0.864865 0.181818
vt 0.864865 0.272727
vt 0.851351 0.454545
vt 0.864865 0.363636
vt 0.864865 0.545455
vt 0.864865 0.636364
vt 0.864865 0.727273
vt 0.864865 0.818182
vt 0.864865 0.909091
vt 0.864865 1.000000
vt 0.878378 0.000000
vt 0.878378 0.090909
vt 0.878378 0.181818
vt 0.878378 0.272727
vt 0.864865 0.454545
vt 0.878378 0.363636
vt 0.878378 0.545455
vt 0.878378 0.636364
vt 0.878378 0.727273
vt 0.878378 0.818182
vt 0.878378 0.909091
vt 0.878378 1.000000
vt 0.891892 0.000000
vt 0.891892 0.090909
vt 0.891892 0.181818
vt 0.891892 0.272727
vt 0.878378 0.454545
vt 0.891892 0.363636
vt 0.891892 0.545455
vt 0.891892 0.636364
vt 0.891892 0.727273
vt 0.891892 0.818182
vt 0.891892 0.909091
vt 0.891892 1.000000
vt 0.905405 0.000000
vt 0.905405 0.090909
vt 0.905405 0.181818
vt 0.905405 0.272727
vt 0.891892 0.454545
vt 0.905405 0.363636
vt 0.905405 0.545455
vt 0.905405 0.636364
vt 0.905405 0.727273
vt 0.905405 0.818182
vt 0.905405 0.909091
vt 0.905405 1.000000
vt 0.918919 0.000000
vt 0.918919 0.090909
vt 0.918919 0.181818
vt 0.918919 0.272727
vt 0.905405 0.454545
vt 0.918919 0.363636
vt 0.918919 0.545455
vt 0.918919 0.636364
vt 0.918919 0.727273
vt 0.918919 0.818182
vt 0.918919 0.909091
vt 0.918919 1.000000
vt 0.932432 0.000000
vt 0.932432 0.090909
vt 0.932432 0.181818
vt 0.932432 0.272727
vt 0.918919 0.454545
vt 0.932432 0.363636
vt 0.932432 0.545455
vt 0.932432 0.636364
vt 0.932432 0.727273
vt 0.932432 0.818182
vt 0.932432 0.909091
vt 0.932432 1.000000
vt 0.945946 0.000000
vt 0.945946 0.090909
vt 0.945946 0.181818
vt 0.945946 0.272727
vt 0.932432 0.454545
vt 0.945946 0.363636
vt 0.945946 0.545455
vt 0.945946 0.636364
vt 0.945946 0.727273
vt 0.945946 0.818182
vt 0.945946 0.909091
vt 0.945946 1.000000
vt 0.959459 0.000000
vt 0.959459 0.090909
vt 0.959459 0.181818
vt 0.959459 0.272727
vt 0.945946 0.454545
vt 0.959459 0.363636
vt 0.959459 0.545455
vt 0.959459 0.636364
vt 0.959459 0.727273
vt 0.959459 0.818182
vt 0.959459 0.909091
vt 0.959459 1.000000
vt 0.972973 0.000000
vt 0.972973 0.090909
vt 0.972973 0.181818
vt 0.972973 0.272727
vt 0.959459 0.454545
vt 0.972973 0.363636
vt 0.972973 0.545455
vt 0.972973 0.636364
vt 0.972973 0.727273
vt 0.972973 0.818182
vt 0.972973 0.909091
vt 0.972973 1.000000
vt 0.986486 0.090909
vt 0.986486 0.181818
vt 0.986486 0.272727
vt 0.986486 0.363636
vt 0.986486 0.454545
vt 0.972973 0.454545
vt 0.986486 0.545455
vt 0.986486 0.636364
vt 0.986486 0.727273
vt 0.986486 0.818182
vt 0.986486 0.909091
vt 0.986486 0.000000
vt 0.986486 1.000000
vt 0.040000 0.090909
vt 0.040000 0.181818
vt 0.040000 0.272727
vt 0.040000 0.363636
vt 0.040000 0.454545
vt 0.040000 0.545455
vt 0.040000 0.636364
vt 0.040000 0.727273
vt 0.040000 0.818182
vt 0.040000 0.909091
vt 0.080000 0.090909
vt 0.040000 0.000000
vt 0.080000 0.181818
vt 0.080000 0.272727
vt 0.080000 0.363636
vt 0.080000 0.454545
vt 0.080000 0.545455
vt 0.080000 0.636364
vt 0.080000 0.727273
vt 0.080000 0.818182
vt 0.040000 1.000000
vt 0.080000 0.909091
vt 0.120000 0.090909
vt 0.080000 0.000000
vt 0.120000 0.181818
vt 0.120000 0.272727
vt 0.120000 0.363636
vt 0.120000 0.454545
vt 0.120000 0.545455
vt 0.120000 0.636364
vt 0.120000 0.727273
vt 0.120000 0.818182
vt 0.080000 1.000000
vt 0.120000 0.909091
vt 0.160000 0.090909
vt 0.120000 0.000000
vt 0.160000 0.181818
vt 0.160000 0.272727
vt 0.160000 0.363636
vt 0.160000 0.454545
vt 0.160000 0.545455
vt 0.160000 0.636364
vt 0.160000 0.727273
vt 0.160000 0.818182
vt 0.120000 1.000000
vt 0.160000 0.909091
vt 0.200000 0.090909
vt 0.160000 0.000000
vt 0.200000 0.181818
vt 0.200000 0.272727
vt 0.200000 0.363636
vt 0.200000 0.454545
vt 0.200000 0.545455
vt 0.200000 0.636364
vt 0.200000 0.727273
vt 0.200000 0.818182
vt 0.160000 1.000000
vt 0.200000 0.909091
vt 0.240000 0.090909
vt 0.240000 0.181818
vt 0.240000 0.272727
vt 0.240000 0.363636
vt 0.240000 0.454545
vt 0.240000 0.545455
vt 0.240000 0.636364
vt 0.240000 0.727273
vt 0.240000 0.818182
vt 0.200000 1.000000
vt 0.240000 0.909091
vt 0.280000 0.000000
vt 0.240000 0.000000
vt 0.280000 0.090909
vt 0.280000 0.181818
vt 0.280000 0.272727
vt 0.280000 0.363636
vt 0.280000 0.545455
vt 0.280000 0.636364
vt 0.280000 0.727273
vt 0.280000 0.818182
vt 0.280000 0.909091
vt 0.280000 1.000000
vt 0.240000 1.000000
vt 0.320000 0.000000
vt 0.320000 0.090909
vt 0.320000 0.181818
vt 0.320000 0.272727
vt 0.280000 0.454545
vt 0.320000 0.363636
vt 0.320000 0.545455
vt 0.320000 0.636364
vt 0.320000 0.727273
vt 0.320000 0.818182
vt 0.320000 0.909091
vt 0.320000 1.000000
vt 0.360000 0.000000
vt 0.360000 0.090909
vt 0.360000 0.181818
vt 0.360000 0.272727
vt 0.320000 0.454545
vt 0.360000 0.363636
vt 0.360000 0.545455
vt 0.360000 0.636364
vt 0.360000 0.727273
vt 0.360000 0.818182
vt 0.360000 0.909091
vt 0.360000 1.000000
vt 0.400000 0.090909
vt 0.400000 0.181818
vt 0.400000 0.272727
vt 0.360000 0.454545
vt 0.400000 0.363636
vt 0.400000 0.545455
vt 0.400000 0.636364
vt 0.400000 0.727273
vt 0.400000 0.818182
vt 0.400000 0.909091
vt 0.400000 1.000000
vt 0.440000 0.000000
vt 0.440000 0.090909
vt 0.440000 0.181818
vt 0.440000 0.272727
vt 0.400000 0.454545
vt 0.440000 0.363636
vt 0.440000 0.545455
vt 0.440000 0.636364
vt 0.440000 0.727273
vt 0.440000 0.818182
vt 0.440000 0.909091
vt 0.440000 1.000000
vt 0.480000 0.090909
vt 0.480000 0.181818
vt 0.480000 0.272727
vt 0.480000 0.363636
vt 0.480000 0.454545
vt 0.440000 0.454545
vt 0.480000 0.545455
vt 0.480000 0.636364
vt 0.480000 0.727273
vt 0.480000 0.818182
vt 0.480000 0.909091
vt 0.520000 0.090909
vt 0.480000 0.000000
vt 0.520000 0.181818
vt 0.520000 0.272727
vt 0.520000 0.363636
vt 0.520000 0.454545
vt 0.520000 0.545455
vt 0.520000 0.636364
vt 0.520000 0.727273
vt 0.520000 0.818182
vt 0.480000 1.000000
vt 0.520000 0.909091
vt 0.560000 0.090909
vt 0.520000 0.000000
vt 0.560000 0.181818
vt 0.560000 0.272727
vt 0.560000 0.363636
vt 0.560000 0.454545
vt 0.560000 0.545455
vt 0.560000 0.636364
vt 0.560000 0.727273
vt 0.560000 0.818182
vt 0.520000 1.000000
vt 0.560000 0.909091
vt 0.600000 0.090909
vt 0.560000 0.000000
vt 0.600000 0.181818
vt 0.600000 0.272727
vt 0.600000 0.363636
vt 0.600000 0.454545
vt 0.600000 0.545455
vt 0.600000 0.636364
vt 0.600000 0.727273
vt 0.600000 0.818182
vt 0.560000 1.000000
vt 0.600000 0.909091
vt 0.640000 0.090909
vt 0.640000 0.181818
vt 0.640000 0.272727
vt 0.640000 0.363636
vt 0.640000 0.454545
vt 0.640000 0.545455
vt 0.640000 0.636364
vt 0.640000 0.727273
vt 0.640000 0.818182
vt 0.600000 1.000000
vt 0.640000 0.909091
vt 0.680000 0.000000
vt 0.640000 0.000000
vt 0.680000 0.090909
vt 0.680000 0.181818
vt 0.680000 0.272727
vt 0.680000 0.363636
vt 0.680000 0.545455
vt 0.680000 0.636364
vt 0.680000 0.727273
vt 0.680000 0.818182
vt 0.680000 0.909091
vt 0.680000 1.000000
vt 0.640000 1.000000
vt 0.720000 0.000000
vt 0.720000 0.090909
vt 0.720000 0.181818
vt 0.720000 0.272727
vt 0.680000 0.454545
vt 0.720000 0.363636
vt 0.720000 0.545455
vt 0.720000 0.636364
vt 0.720000 0.727273
vt 0.720000 0.818182
vt 0.720000 0.909091
vt 0.720000 1.000000
vt 0.760000 0.000000
vt 0.760000 0.090909
vt 0.760000 0.181818
vt 0.760000 0.272727
vt 0.720000 0.454545
vt 0.760000 0.363636
vt 0.760000 0.545455
vt 0.760000 0.636364
vt 0.760000 0.727273
vt 0.760000 0.818182
vt 0.760000 0.909091
vt 0.760000 1.000000
vt 0.800000 0.090909
vt 0.800000 0.181818
vt 0.800000 0.272727
vt 0.760000 0.454545
vt 0.800000 0.363636
vt 0.800000 0.545455
vt 0.800000 0.636364
vt 0.800000 0.727273
vt 0.800000 0.818182
vt 0.800000 0.909091
vt 0.800000 1.000000
vt 0.840000 0.000000
vt 0.840000 0.090909
vt 0.840000 0.181818
vt 0.840000 0.272727
vt 0.800000 0.454545
vt 0.840000 0.363636
vt 0.840000 0.545455
vt 0.840000 0.636364
vt 0.840000 0.727273
vt 0.840000 0.818182
vt 0.840000 0.909091
vt 0.840000 1.000000
vt 0.880000 0.000000
vt 0.880000 0.090909
vt 0.880000 0.181818
vt 0.880000 0.272727
vt 0.840000 0.454545
vt 0.880000 0.363636
vt 0.880000 0.545455
vt 0.880000 0.636364
vt 0.880000 0.727273
vt 0.880000 0.818182
vt 0.880000 0.909091
vt 0.880000 1.000000
vt 0.920000 0.090909
vt 0.920000 0.181818
vt 0.920000 0.272727
vt 0.880000 0.454545
vt 0.920000 0.363636
vt 0.920000 0.545455
vt 0.920000 0.636364
vt 0.920000 0.727273
vt 0.920000 0.818182
vt 0.920000 0.909091
vt 0.960000 0.000000
vt 0.920000 0.000000
vt 0.960000 0.090909
vt 0.960000 0.181818
vt 0.960000 0.272727
vt 0.920000 0.454545
vt 0.960000 0.363636
vt 0.960000 0.545455
vt 0.960000 0.636364
vt 0.960000 0.727273
vt 0.960000 0.818182
vt 0.960000 0.909091
vt 0.960000 1.000000
vt 0.920000 1.000000
vt 0.960000 0.454545
vt 0.018182 0.000000
vt 0.018182 0.181818
vt 0.018182 0.272727
vt 0.018182 0.363636
vt 0.018182 0.454545
vt 0.018182 0.545455
vt 0.018182 0.636364
vt 0.018182 0.727273
vt 0.018182 0.818182
vt 0.018182 0.909091
vt 0.018182 0.090909
vt 0.036364 0.000000
vt 0.036364 0.090909
vt 0.036364 0.181818
vt 0.036364 0.272727
vt 0.036364 0.363636
vt 0.036364 0.545455
vt 0.036364 0.636364
vt 0.036364 0.727273
vt 0.036364 0.818182
vt 0.036364 0.909091
vt 0.036364 1.000000
vt 0.018182 1.000000
vt 0.054545 0.000000
vt 0.054545 0.090909
vt 0.054545 0.181818
vt 0.054545 0.272727
vt 0.036364 0.454545
vt 0.054545 0.363636
vt 0.054545 0.545455
vt 0.054545 0.636364
vt 0.054545 0.727273
vt 0.054545 0.818182
vt 0.054545 0.909091
vt 0.054545 1.000000
vt 0.072727 0.000000
vt 0.072727 0.090909
vt 0.072727 0.181818
vt 0.072727 0.272727
vt 0.054545 0.454545
vt 0.072727 0.363636
vt 0.072727 0.545455
vt 0.072727 0.636364
vt 0.072727 0.727273
vt 0.072727 0.818182
vt 0.072727 0.909091
vt 0.072727 1.000000
vt 0.090909 0.000000
vt 0.090909 0.090909
vt 0.090909 0.181818
vt 0.090909 0.272727
vt 0.072727 0.454545
vt 0.090909 0.363636
vt 0.090909 0.545455
vt 0.090909 0.636364
vt 0.090909 0.727273
vt 0.090909 0.818182
vt 0.090909 0.909091
vt 0.090909 1.000000
vt 0.109091 0.000000
vt 0.109091 0.090909
vt 0.109091 0.181818
vt 0.109091 0.272727
vt 0.090909 0.454545
vt 0.109091 0.363636
vt 0.109091 0.545455
vt 0.109091 0.636364
vt 0.109091 0.727273
vt 0.109091 0.818182
vt 0.109091 0.909091
vt 0.109091 1.000000
vt 0.127273 0.000000
vt 0.127273 0.090909
vt 0.127273 0.181818
vt 0.127273 0.272727
vt 0.109091 0.454545
vt 0.127273 0.363636
vt 0.127273 0.545455
vt 0.127273 0.636364
vt 0.127273 0.727273
vt 0.127273 0.818182
vt 0.127273 0.909091
vt 0.127273 1.000000
vt 0.145455 0.000000
vt 0.145455 0.090909
vt 0.145455 0.181818
vt 0.145455 0.272727
vt 0.127273 0.454545
vt 0.145455 0.363636
vt 0.145455 0.545455
vt 0.145455 0.636364
vt 0.145455 0.727273
vt 0.145455 0.818182
vt 0.145455 0.909091
vt 0.145455 1.000000
vt 0.163636 0.000000
vt 0.163636 0.090909
vt 0.163636 0.181818
vt 0.163636 0.272727
vt 0.145455 0.454545
vt 0.163636 0.363636
vt 0.163636 0.545455
vt 0.163636 0.636364
vt 0.163636 0.727273
vt 0.163636 0.818182
vt 0.163636 0.909091
vt 0.163636 1.000000
vt 0.181818 0.000000
vt 0.181818 0.090909
vt 0.181818 0.181818
vt 0.181818 0.272727
vt 0.163636 0.454545
vt 0.181818 0.363636
vt 0.181818 0.545455
vt 0.181818 0.636364
vt 0.181818 0.727273
vt 0.181818 0.818182
vt 0.181818 0.909091
vt 0.181818 1.000000
vt 0.181818 0.454545
vt 0.218182 0.000000
vt 0.218182 0.090909
vt 0.218182 0.181818
vt 0.218182 0.272727
vt 0.218182 0.363636
vt 0.218182 0.545455
vt 0.218182 0.636364
vt 0.218182 0.727273
vt 0.218182 0.818182
vt 0.218182 0.909091
vt 0.218182 1.000000
vt 0.236364 0.090909
vt 0.236364 0.181818
vt 0.236364 0.272727
vt 0.236364 0.363636
vt 0.236364 0.454545
vt 0.218182 0.454545
vt 0.236364 0.545455
vt 0.236364 0.636364
vt 0.236364 0.727273
vt 0.236364 0.818182
vt 0.236364 0.909091
vt 0.254545 0.090909
vt 0.236364 0.000000
vt 0.254545 0.181818
vt 0.254545 0.272727
vt 0.254545 0.363636
vt 0.254545 0.454545
vt 0.254545 0.545455
vt 0.254545 0.636364
vt 0.254545 0.727273
vt 0.254545 0.818182
vt 0.236364 1.000000
vt 0.254545 0.909091
vt 0.272727 0.090909
vt 0.254545 0.000000
vt 0.272727 0.181818
vt 0.272727 0.272727
vt 0.272727 0.363636
vt 0.272727 0.545455
vt 0.272727 0.636364
vt 0.272727 0.727273
vt 0.272727 0.818182
vt 0.254545 1.000000
vt 0.272727 0.909091
vt 0.290909 0.090909
vt 0.272727 0.000000
vt 0.290909 0.181818
vt 0.290909 0.272727
vt 0.290909 0.363636
vt 0.290909 0.454545
vt 0.272727 0.454545
vt 0.290909 0.545455
vt 0.290909 0.636364
vt 0.290909 0.727273
vt 0.290909 0.818182
vt 0.272727 1.000000
vt 0.290909 0.909091
vt 0.309091 0.090909
vt 0.290909 0.000000
vt 0.309091 0.181818
vt 0.309091 0.272727
vt 0.309091 0.363636
vt 0.309091 0.454545
vt 0.309091 0.545455
vt 0.309091 0.636364
vt 0.309091 0.727273
vt 0.309091 0.818182
vt 0.290909 1.000000
vt 0.309091 0.909091
vt 0.327273 0.090909
vt 0.309091 0.000000
vt 0.327273 0.181818
vt 0.327273 0.272727
vt 0.327273 0.363636
vt 0.327273 0.454545
vt 0.327273 0.545455
vt 0.327273 0.636364
vt 0.327273 0.727273
vt 0.327273 0.818182
vt 0.309091 1.000000
vt 0.327273 0.909091
vt 0.345455 0.090909
vt 0.327273 0.000000
vt 0.345455 0.181818
vt 0.345455 0.272727
vt 0.345455 0.363636
vt 0.345455 0.454545
vt 0.345455 0.545455
vt 0.345455 0.636364
vt 0.345455 0.727273
vt 0.345455 0.818182
vt 0.327273 1.000000
vt 0.345455 0.909091
vt 0.363636 0.090909
vt 0.345455 0.000000
vt 0.363636 0.181818
vt 0.363636 0.272727
vt 0.363636 0.363636
vt 0.363636 0.454545
vt 0.363636 0.545455
vt 0.363636 0.636364
vt 0.363636 0.727273
vt 0.363636 0.818182
vt 0.345455 1.000000
vt 0.363636 0.909091
vt 0.381818 0.090909
vt 0.363636 0.000000
vt 0.381818 0.181818
vt 0.381818 0.272727
vt 0.381818 0.363636
vt 0.381818 0.454545
vt 0.381818 0.545455
vt 0.381818 0.636364
vt 0.381818 0.727273
vt 0.381818 0.818182
vt 0.363636 1.000000
vt 0.381818 0.909091
vt 0.381818 0.000000
vt 0.381818 1.000000
vt 0.418182 0.090909
vt 0.418182 0.181818
vt 0.418182 0.272727
vt 0.418182 0.363636
vt 0.418182 0.454545
vt 0.418182 0.545455
vt 0.418182 0.636364
vt 0.418182 0.727273
vt 0.418182 0.818182
vt 0.418182 0.909091
vt 0.436364 0.090909
vt 0.418182 0.000000
vt 0.436364 0.181818
vt 0.436364 0.272727
vt 0.436364 0.363636
vt 0.436364 0.454545
vt 0.436364 0.545455
vt 0.436364 0.636364
vt 0.436364 0.727273
vt 0.436364 0.818182
vt 0.418182 1.000000
vt 0.436364 0.909091
vt 0.454545 0.000000
vt 0.436364 0.000000
vt 0.454545 0.090909
vt 0.454545 0.181818
vt 0.454545 0.272727
vt 0.454545 0.363636
vt 0.454545 0.545455
vt 0.454545 0.636364
vt 0.454545 0.727273
vt 0.454545 0.818182
vt 0.454545 0.909091
vt 0.454545 1.000000
vt 0.436364 1.000000
vt 0.472727 0.000000
vt 0.472727 0.090909
vt 0.472727 0.181818
vt 0.472727 0.272727
vt 0.454545 0.454545
vt 0.472727 0.363636
vt 0.472727 0.545455
vt 0.472727 0.636364
vt 0.472727 0.727273
vt 0.472727 0.818182
vt 0.472727 0.909091
vt 0.472727 1.000000
vt 0.490909 0.090909
vt 0.490909 0.181818
vt 0.490909 0.272727
vt 0.490909 0.363636
vt 0.490909 0.454545
vt 0.472727 0.454545
vt 0.490909 0.545455
vt 0.490909 0.636364
vt 0.490909 0.727273
vt 0.490909 0.818182
vt 0.490909 0.909091
vt 0.509091 0.000000
vt 0.490909 0.000000
vt 0.509091 0.090909
vt 0.509091 0.181818
vt 0.509091 0.272727
vt 0.509091 0.363636
vt 0.509091 0.545455
vt 0.509091 0.636364
vt 0.509091 0.727273
vt 0.509091 0.818182
vt 0.509091 0.909091
vt 0.509091 1.000000
vt 0.490909 1.000000
vt 0.527273 0.000000
vt 0.527273 0.090909
vt 0.527273 0.181818
vt 0.527273 0.272727
vt 0.509091 0.454545
vt 0.527273 0.363636
vt 0.527273 0.545455
vt 0.527273 0.636364
vt 0.527273 0.727273
vt 0.527273 0.818182
vt 0.527273 0.909091
vt 0.527273 1.000000
vt 0.545455 0.090909
vt 0.545455 0.181818
vt 0.545455 0.272727
vt 0.545455 0.363636
vt 0.545455 0.454545
vt 0.527273 0.454545
vt 0.545455 0.545455
vt 0.545455 0.636364
vt 0.545455 0.727273
vt 0.545455 0.818182
vt 0.545455 0.909091
vt 0.563636 0.090909
vt 0.545455 0.000000
vt 0.563636 0.181818
vt 0.563636 0.272727
vt 0.563636 0.363636
vt 0.563636 0.454545
vt 0.563636 0.545455
vt 0.563636 0.636364
vt 0.563636 0.727273
vt 0.563636 0.818182
vt 0.545455 1.000000
vt 0.563636 0.909091
vt 0.581818 0.090909
vt 0.563636 0.000000
vt 0.581818 0.181818
vt 0.581818 0.272727
vt 0.581818 0.363636
vt 0.581818 0.454545
vt 0.581818 0.545455
vt 0.581818 0.636364
vt 0.581818 0.727273
vt 0.581818 0.818182
vt 0.563636 1.000000
vt 0.581818 0.909091
vt 0.581818 0.000000
vt 0.581818 1.000000
vt 0.618182 0.090909
vt 0.618182 0.181818
vt 0.618182 0.272727
vt 0.618182 0.363636
vt 0.618182 0.454545
vt 0.618182 0.545455
vt 0.618182 0.636364
vt 0.618182 0.727273
vt 0.618182 0.818182
vt 0.618182 0.909091
vt 0.636364 0.090909
vt 0.618182 0.000000
vt 0.636364 0.181818
vt 0.636364 0.272727
vt 0.636364 0.363636
vt 0.636364 0.454545
vt 0.636364 0.545455
vt 0.636364 0.636364
vt 0.636364 0.727273
vt 0.636364 0.818182
vt 0.618182 1.000000
vt 0.636364 0.909091
vt 0.654545 0.090909
vt 0.636364 0.000000
vt 0.654545 0.181818
vt 0.654545 0.272727
vt 0.654545 0.363636
vt 0.654545 0.454545
vt 0.654545 0.545455
vt 0.654545 0.636364
vt 0.654545 0.727273
vt 0.654545 0.818182
vt 0.636364 1.000000
vt 0.654545 0.909091
vt 0.672727 0.090909
vt 0.654545 0.000000
vt 0.672727 0.181818
vt 0.672727 0.272727
vt 0.672727 0.363636
vt 0.672727 0.454545
vt 0.672727 0.545455
vt 0.672727 0.636364
vt 0.672727 0.727273
vt 0.672727 0.818182
vt 0.654545 1.000000
vt 0.672727 0.909091
vt 0.690909 0.090909
vt 0.672727 0.000000
vt 0.690909 0.181818
vt 0.690909 0.272727
vt 0.690909 0.363636
vt 0.690909 0.454545
vt 0.690909 0.545455
vt 0.690909 0.636364
vt 0.690909 0.727273
vt 0.690909 0.818182
vt 0.672727 1.000000
vt 0.690909 0.909091
vt 0.709091 0.090909
vt 0.690909 0.000000
vt 0.709091 0.181818
vt 0.709091 0.272727
vt 0.709091 0.363636
vt 0.709091 0.454545
vt 0.709091 0.545455
vt 0.709091 0.636364
vt 0.709091 0.727273
vt 0.709091 0.818182
vt 0.690909 1.000000
vt 0.709091 0.909091
vt 0.727273 0.000000
vt 0.709091 0.000000
vt 0.727273 0.090909
vt 0.727273 0.181818
vt 0.727273 0.272727
vt 0.727273 0.363636
vt 0.727273 0.545455
vt 0.727273 0.636364
vt 0.727273 0.727273
vt 0.727273 0.818182
vt 0.727273 0.909091
vt 0.727273 1.000000
vt 0.709091 1.000000
vt 0.745455 0.000000
vt 0.745455 0.090909
vt 0.745455 0.181818
vt 0.745455 0.272727
vt 0.727273 0.454545
vt 0.745455 0.363636
vt 0.745455 0.545455
vt 0.745455 0.636364
vt 0.745455 0.727273
vt 0.745455 0.818182
vt 0.745455 0.909091
vt 0.745455 1.000000
vt 0.763636 0.000000
vt 0.763636 0.090909
vt 0.763636 0.181818
vt 0.763636 0.272727
vt 0.745455 0.454545
vt 0.763636 0.363636
vt 0.763636 0.545455
vt 0.763636 0.636364
vt 0.763636 0.727273
vt 0.763636 0.818182
vt 0.763636 0.909091
vt 0.763636 1.000000
vt 0.781818 0.000000
vt 0.781818 0.090909
vt 0.781818 0.181818
vt 0.781818 0.272727
vt 0.763636 0.454545
vt 0.781818 0.363636
vt 0.781818 0.545455
vt 0.781818 0.636364
vt 0.781818 0.727273
vt 0.781818 0.818182
vt 0.781818 0.909091
vt 0.781818 1.000000
vt 0.781818 0.454545
vt 0.818182 0.000000
vt 0.818182 0.090909
vt 0.818182 0.181818
vt 0.818182 0.272727
vt 0.818182 0.363636
vt 0.818182 0.545455
vt 0.818182 0.636364
vt 0.818182 0.727273
vt 0.818182 0.818182
vt 0.818182 0.909091
vt 0.818182 1.000000
vt 0.836364 0.000000
vt 0.836364 0.090909
vt 0.836364 0.181818
vt 0.836364 0.272727
vt 0.818182 0.454545
vt 0.836364 0.363636
vt 0.836364 0.545455
vt 0.836364 0.636364
vt 0.836364 0.727273
vt 0.836364 0.818182
vt 0.836364 0.909091
vt 0.836364 1.000000
vt 0.854545 0.000000
vt 0.854545 0.090909
vt 0.854545 0.181818
vt 0.854545 0.272727
vt 0.836364 0.454545
vt 0.854545 0.363636
vt 0.854545 0.545455
vt 0.854545 0.636364
vt 0.854545 0.727273
vt 0.854545 0.818182
vt 0.854545 0.909091
vt 0.854545 1.000000
vt 0.872727 0.000000
vt 0.872727 0.090909
vt 0.872727 0.181818
vt 0.872727 0.272727
vt 0.854545 0.454545
vt 0.872727 0.363636
vt 0.872727 0.545455
vt 0.872727 0.636364
vt 0.872727 0.727273
vt 0.872727 0.818182
vt 0.872727 0.909091
vt 0.872727 1.000000
vt 0.890909 0.000000
vt 0.890909 0.090909
vt 0.890909 0.181818
vt 0.890909 0.272727
vt 0.872727 0.454545
vt 0.890909 0.363636
vt 0.890909 0.545455
vt 0.890909 0.636364
vt 0.890909 0.727273
vt 0.890909 0.818182
vt 0.890909 0.909091
vt 0.890909 1.000000
vt 0.909091 0.000000
vt 0.909091 0.090909
vt 0.909091 0.181818
vt 0.909091 0.272727
vt 0.890909 0.454545
vt 0.909091 0.363636
vt 0.909091 0.545455
vt 0.909091 0.636364
vt 0.909091 0.727273
vt 0.909091 0.818182
vt 0.909091 0.909091
vt 0.909091 1.000000
vt 0.927273 0.000000
vt 0.927273 0.090909
vt 0.927273 0.181818
vt 0.927273 0.272727
vt 0.909091 0.454545
vt 0.927273 0.363636
vt 0.927273 0.545455
vt 0.927273 0.636364
vt 0.927273 0.727273
vt 0.927273 0.818182
vt 0.927273 0.909091
vt 0.927273 1.000000
vt 0.945455 0.090909
vt 0.945455 0.181818
vt 0.945455 0.272727
vt 0.945455 0.454545
vt 0.927273 0.454545
vt 0.945455 0.545455
vt 0.945455 0.727273
vt 0.945455 0.818182
vt 0.945455 0.909091
vt 0.945455 1.000000
vt 0.963636 0.090909
vt 0.945455 0.000000
vt 0.963636 0.181818
vt 0.963636 0.272727
vt 0.963636 0.363636
vt 0.945455 0.363636
vt 0.963636 0.454545
vt 0.963636 0.545455
vt 0.963636 0.636364
vt 0.945455 0.636364
vt 0.963636 0.727273
vt 0.963636 0.818182
vt 0.963636 0.909091
vt 0.963636 1.000000
vt 0.981818 0.090909
vt 0.963636 0.000000
vt 0.981818 0.181818
vt 0.981818 0.272727
vt 0.981818 0.363636
vt 0.981818 0.454545
vt 0.981818 0.545455
vt 0.981818 0.636364
vt 0.981818 0.727273
vt 0.981818 0.818182
vt 0.981818 0.909091
vt 0.981818 1.000000
vt 0.981818 0.000000
s 0
usemtl マテリアル.001
f 13/1/1 15/2/1 14/3/1
f 13/1/1 16/4/1 15/2/1
f 12/5/1 16/4/1 13/1/1
f 12/5/1 17/6/1 16/4/1
f 11/7/1 17/6/1 12/5/1
f 11/7/1 18/8/1 17/6/1
f 11/7/1 19/9/1 18/8/1
f 10/10/1 19/9/1 11/7/1
f 10/10/1 20/11/1 19/9/1
f 53/12/1 55/13/1 54/14/1
f 53/12/1 1/15/1 55/13/1
f 9/16/1 20/11/1 10/10/1
f 9/16/1 21/17/1 20/11/1
f 9/16/1 22/18/1 21/17/1
f 8/19/1 22/18/1 9/16/1
f 8/19/1 23/20/1 22/18/1
f 7/21/1 23/20/1 8/19/1
f 7/21/1 24/22/1 23/20/1
f 7/21/1 25/23/1 24/22/1
f 6/24/1 25/23/1 7/21/1
f 6/24/1 26/25/1 25/23/1
f 5/26/1 26/25/1 6/24/1
f 5/26/1 36/27/1 26/25/1
f 36/27/1 35/28/1 26/25/1
f 35/28/1 34/29/1 26/25/1
f 34/29/1 33/30/1 26/25/1
f 33/30/1 32/31/1 26/25/1
f 32/31/1 31/32/1 26/25/1
f 31/32/1 30/33/1 26/25/1
f 30/33/1 29/34/1 26/25/1
f 29/34/1 28/35/1 26/25/1
f 28/35/1 27/36/1 26/25/1
f 4/37/1 38/38/1 5/26/1
f 38/38/1 37/39/1 5/26/1
f 37/39/1 36/27/1 5/26/1
f 3/40/1 40/41/1 4/37/1
f 40/41/1 39/42/1 4/37/1
f 39/42/1 38/38/1 4/37/1
f 3/40/1 41/43/1 40/41/1
f 3/40/1 42/44/1 41/43/1
f 2/45/1 42/44/1 3/40/1
f 2/45/1 43/46/1 42/44/1
f 2/45/1 44/47/1 43/46/1
f 53/12/1 2/45/1 1/15/1
f 53/12/1 48/48/1 2/45/1
f 48/48/1 47/49/1 2/45/1
f 47/49/1 46/50/1 2/45/1
f 46/50/1 45/51/1 2/45/1
f 45/51/1 44/47/1 2/45/1
f 53/12/1 49/52/1 48/48/1
f 53/12/1 50/53/1 49/52/1
f 53/12/1 51/54/1 50/53/1
f 53/12/1 52/55/1 51/54/1
f 90/56/1 92/57/1 91/58/1
f 90/56/1 93/59/1 92/57/1
f 89/60/1 93/59/1 90/56/1
f 89/60/1 94/61/1 93/59/1
f 88/62/1 94/61/1 89/60/1
f 88/62/1 95/63/1 94/61/1
f 87/64/1 95/63/1 88/62/1
f 87/64/1 96/65/1 95/63/1
f 86/66/1 96/65/1 87/64/1
f 86/66/1 97/67/1 96/65/1
f 85/68/1 97/67/1 86/66/1
f 85/68/1 98/69/1 97/67/1
f 84/70/1 141/71/1 85/68/1
f 141/71/1 98/69/1 85/68/1
f 84/70/1 142/72/1 141/71/1
f 140/73/1 98/69/1 141/71/1
f 84/70/1 143/74/1 142/72/1
f 139/75/1 98/69/1 140/73/1
f 84/70/1 144/76/1 143/74/1
f 138/77/1 98/69/1 139/75/1
f 138/77/1 99/78/1 98/69/1
f 84/70/1 145/79/1 144/76/1
f 83/80/1 145/79/1 84/70/1
f 137/81/1 99/78/1 138/77/1
f 83/80/1 146/82/1 145/79/1
f 136/83/1 99/78/1 137/81/1
f 83/80/1 147/84/1 146/82/1
f 135/85/1 99/78/1 136/83/1
f 83/80/1 148/86/1 147/84/1
f 134/87/1 99/78/1 135/85/1
f 82/88/1 148/86/1 83/80/1
f 134/87/1 100/89/1 99/78/1
f 82/88/1 149/90/1 148/86/1
f 133/91/1 100/89/1 134/87/1
f 82/88/1 150/92/1 149/90/1
f 132/93/1 100/89/1 133/91/1
f 81/94/1 150/92/1 82/88/1
f 132/93/1 101/95/1 100/89/1
f 81/94/1 151/96/1 150/92/1
f 131/97/1 101/95/1 132/93/1
f 81/94/1 152/98/1 151/96/1
f 130/99/1 101/95/1 131/97/1
f 80/100/1 152/98/1 81/94/1
f 80/100/1 153/101/1 152/98/1
f 130/99/1 102/102/1 101/95/1
f 154/13/1 102/102/1 130/99/1
f 80/100/1 154/13/1 153/101/1
f 80/100/1 102/102/1 154/13/1
f 79/103/1 102/102/1 80/100/1
f 79/103/1 103/104/1 102/102/1
f 78/105/1 104/106/1 79/103/1
f 104/106/1 103/104/1 79/103/1
f 78/105/1 105/35/1 104/106/1
f 77/107/1 105/35/1 78/105/1
f 77/107/1 106/108/1 105/35/1
f 77/107/1 107/109/1 106/108/1
f 76/110/1 107/109/1 77/107/1
f 76/110/1 108/111/1 107/109/1
f 75/112/1 108/111/1 76/110/1
f 75/112/1 109/113/1 108/111/1
f 127/114/1 129/115/1 128/116/1
f 75/112/1 110/117/1 109/113/1
f 126/118/1 129/115/1 127/114/1
f 125/119/1 129/115/1 126/118/1
f 74/120/1 110/117/1 75/112/1
f 74/120/1 111/121/1 110/117/1
f 124/122/1 129/115/1 125/119/1
f 123/123/1 129/115/1 124/122/1
f 74/120/1 112/124/1 111/121/1
f 122/125/1 129/115/1 123/123/1
f 74/120/1 113/126/1 112/124/1
f 121/127/1 129/115/1 122/125/1
f 73/128/1 113/126/1 74/120/1
f 120/129/1 129/115/1 121/127/1
f 73/128/1 114/130/1 113/126/1
f 119/131/1 129/115/1 120/129/1
f 73/128/1 115/132/1 114/130/1
f 118/133/1 129/115/1 119/131/1
f 117/134/1 129/115/1 118/133/1
f 73/128/1 116/135/1 115/132/1
f 116/135/1 129/115/1 117/134/1
f 73/128/1 129/115/1 116/135/1
f 72/136/1 129/115/1 73/128/1
f 72/136/1 56/15/1 129/115/1
f 71/137/1 56/15/1 72/136/1
f 71/137/1 57/138/1 56/15/1
f 71/137/1 58/139/1 57/138/1
f 70/140/1 58/139/1 71/137/1
f 70/140/1 59/141/1 58/139/1
f 70/140/1 60/142/1 59/141/1
f 69/143/1 60/142/1 70/140/1
f 69/143/1 61/144/1 60/142/1
f 69/143/1 62/145/1 61/144/1
f 68/146/1 62/145/1 69/143/1
f 68/146/1 63/147/1 62/145/1
f 68/146/1 64/148/1 63/147/1
f 68/146/1 65/149/1 64/148/1
f 67/150/1 65/149/1 68/146/1
f 67/150/1 66/151/1 65/149/1
f 160/50/1 155/15/1 161/13/1
f 160/50/1 156/10/1 155/15/1
f 156/10/1 158/35/1 157/9/1
f 156/10/1 159/39/1 158/35/1
f 160/50/1 159/39/1 156/10/1
f 208/152/1 162/15/1 209/153/1
f 208/152/1 163/154/1 162/15/1
f 207/155/1 163/154/1 208/152/1
f 207/155/1 164/156/1 163/154/1
f 206/157/1 164/156/1 207/155/1
f 206/157/1 165/158/1 164/156/1
f 205/159/1 165/158/1 206/157/1
f 205/159/1 166/160/1 165/158/1
f 204/161/1 166/160/1 205/159/1
f 204/161/1 167/162/1 166/160/1
f 203/163/1 233/164/1 204/161/1
f 233/164/1 167/162/1 204/161/1
f 203/163/1 234/165/1 233/164/1
f 232/166/1 167/162/1 233/164/1
f 231/167/1 167/162/1 232/166/1
f 203/163/1 235/168/1 234/165/1
f 230/169/1 167/162/1 231/167/1
f 203/163/1 236/170/1 235/168/1
f 230/169/1 168/171/1 167/162/1
f 202/172/1 236/170/1 203/163/1
f 229/173/1 168/171/1 230/169/1
f 202/172/1 237/174/1 236/170/1
f 228/175/1 168/171/1 229/173/1
f 202/172/1 238/176/1 237/174/1
f 228/175/1 169/177/1 168/171/1
f 201/178/1 238/176/1 202/172/1
f 227/179/1 169/177/1 228/175/1
f 201/178/1 239/180/1 238/176/1
f 226/181/1 169/177/1 227/179/1
f 201/178/1 240/182/1 239/180/1
f 226/181/1 170/183/1 169/177/1
f 200/184/1 240/182/1 201/178/1
f 225/185/1 170/183/1 226/181/1
f 200/184/1 241/186/1 240/182/1
f 225/185/1 171/187/1 170/183/1
f 199/188/1 241/186/1 200/184/1
f 224/189/1 171/187/1 225/185/1
f 199/188/1 242/190/1 241/186/1
f 223/191/1 171/187/1 224/189/1
f 199/188/1 243/192/1 242/190/1
f 223/191/1 172/193/1 171/187/1
f 198/194/1 243/192/1 199/188/1
f 222/195/1 172/193/1 223/191/1
f 198/194/1 244/196/1 243/192/1
f 222/195/1 173/197/1 172/193/1
f 197/198/1 244/196/1 198/194/1
f 221/199/1 173/197/1 222/195/1
f 197/198/1 245/200/1 244/196/1
f 196/201/1 245/200/1 197/198/1
f 196/201/1 246/202/1 245/200/1
f 220/203/1 173/197/1 221/199/1
f 220/203/1 174/204/1 173/197/1
f 196/201/1 247/205/1 246/202/1
f 219/206/1 174/204/1 220/203/1
f 219/206/1 175/207/1 174/204/1
f 195/208/1 247/205/1 196/201/1
f 195/208/1 248/209/1 247/205/1
f 218/210/1 175/207/1 219/206/1
f 218/210/1 176/211/1 175/207/1
f 194/212/1 248/209/1 195/208/1
f 217/213/1 176/211/1 218/210/1
f 194/212/1 249/214/1 248/209/1
f 217/213/1 177/215/1 176/211/1
f 193/216/1 249/214/1 194/212/1
f 216/217/1 177/215/1 217/213/1
f 193/216/1 250/218/1 249/214/1
f 215/219/1 177/215/1 216/217/1
f 193/216/1 251/220/1 250/218/1
f 215/219/1 178/221/1 177/215/1
f 192/222/1 251/220/1 193/216/1
f 214/223/1 178/221/1 215/219/1
f 192/222/1 252/224/1 251/220/1
f 213/225/1 178/221/1 214/223/1
f 192/222/1 253/226/1 252/224/1
f 213/225/1 179/227/1 178/221/1
f 191/228/1 253/226/1 192/222/1
f 212/229/1 179/227/1 213/225/1
f 191/228/1 254/230/1 253/226/1
f 211/231/1 179/227/1 212/229/1
f 191/228/1 255/232/1 254/230/1
f 211/231/1 180/233/1 179/227/1
f 190/234/1 255/232/1 191/228/1
f 210/235/1 180/233/1 211/231/1
f 190/234/1 256/236/1 255/232/1
f 257/13/1 180/233/1 210/235/1
f 190/234/1 257/13/1 256/236/1
f 190/234/1 180/233/1 257/13/1
f 190/234/1 181/237/1 180/233/1
f 189/238/1 181/237/1 190/234/1
f 189/238/1 182/239/1 181/237/1
f 188/240/1 182/239/1 189/238/1
f 188/240/1 183/241/1 182/239/1
f 187/242/1 183/241/1 188/240/1
f 187/242/1 184/243/1 183/241/1
f 186/244/1 184/243/1 187/242/1
f 186/244/1 185/245/1 184/243/1
f 270/1/2 271/3/2 272/2/2
f 270/1/2 272/2/2 273/4/2
f 269/5/2 270/1/2 273/4/2
f 269/5/2 273/4/2 274/6/2
f 268/7/2 269/5/2 274/6/2
f 268/7/2 274/6/2 275/8/2
f 268/7/2 275/8/2 276/9/2
f 267/10/2 268/7/2 276/9/2
f 267/10/2 276/9/2 277/11/2
f 310/12/2 311/14/2 312/13/2
f 310/12/2 312/13/2 258/15/2
f 266/16/2 267/10/2 277/11/2
f 266/16/2 277/11/2 278/17/2
f 266/16/2 278/17/2 279/18/2
f 265/19/2 266/16/2 279/18/2
f 265/19/2 279/18/2 280/20/2
f 264/21/2 265/19/2 280/20/2
f 264/21/2 280/20/2 281/22/2
f 264/21/2 281/22/2 282/23/2
f 263/24/2 264/21/2 282/23/2
f 263/24/2 282/23/2 283/25/2
f 262/26/2 263/24/2 283/25/2
f 262/26/2 283/25/2 293/27/2
f 293/27/2 283/25/2 292/28/2
f 292/28/2 283/25/2 291/29/2
f 291/29/2 283/25/2 290/30/2
f 290/30/2 283/25/2 289/31/2
f 289/31/2 283/25/2 288/32/2
f 288/32/2 283/25/2 287/33/2
f 287/33/2 283/25/2 286/34/2
f 286/34/2 283/25/2 285/35/2
f 285/35/2 283/25/2 284/36/2
f 261/37/2 262/26/2 295/38/2
f 295/38/2 262/26/2 294/39/2
f 294/39/2 262/26/2 293/27/2
f 260/40/2 261/37/2 297/41/2
f 297/41/2 261/37/2 296/42/2
f 296/42/2 261/37/2 295/38/2
f 260/40/2 297/41/2 298/43/2
f 260/40/2 298/43/2 299/44/2
f 259/45/2 260/40/2 299/44/2
f 259/45/2 299/44/2 300/46/2
f 259/45/2 300/46/2 301/47/2
f 310/12/2 258/15/2 259/45/2
f 310/12/2 259/45/2 305/48/2
f 305/48/2 259/45/2 304/49/2
f 304/49/2 259/45/2 303/50/2
f 303/50/2 259/45/2 302/51/2
f 302/51/2 259/45/2 301/47/2
f 310/12/2 305/48/2 306/52/2
f 310/12/2 306/52/2 307/53/2
f 310/12/2 307/53/2 308/54/2
f 310/12/2 308/54/2 309/55/2
f 347/56/2 348/58/2 349/57/2
f 347/56/2 349/57/2 350/59/2
f 346/60/2 347/56/2 350/59/2
f 346/60/2 350/59/2 351/61/2
f 345/62/2 346/60/2 351/61/2
f 345/62/2 351/61/2 352/63/2
f 344/64/2 345/62/2 352/63/2
f 344/64/2 352/63/2 353/65/2
f 343/66/2 344/64/2 353/65/2
f 343/66/2 353/65/2 354/67/2
f 342/68/2 343/66/2 354/67/2
f 342/68/2 354/67/2 355/69/2
f 341/70/2 342/68/2 398/71/2
f 398/71/2 342/68/2 355/69/2
f 341/70/2 398/71/2 399/72/2
f 397/73/2 398/71/2 355/69/2
f 341/70/2 399/72/2 400/74/2
f 396/75/2 397/73/2 355/69/2
f 341/70/2 400/74/2 401/76/2
f 395/77/2 396/75/2 355/69/2
f 395/77/2 355/69/2 356/78/2
f 341/70/2 401/76/2 402/79/2
f 340/80/2 341/70/2 402/79/2
f 394/81/2 395/77/2 356/78/2
f 340/80/2 402/79/2 403/82/2
f 393/83/2 394/81/2 356/78/2
f 340/80/2 403/82/2 404/84/2
f 392/85/2 393/83/2 356/78/2
f 340/80/2 404/84/2 405/86/2
f 391/87/2 392/85/2 356/78/2
f 339/88/2 340/80/2 405/86/2
f 391/87/2 356/78/2 357/89/2
f 339/88/2 405/86/2 406/90/2
f 390/91/2 391/87/2 357/89/2
f 339/88/2 406/90/2 407/92/2
f 389/93/2 390/91/2 357/89/2
f 338/94/2 339/88/2 407/92/2
f 389/93/2 357/89/2 358/95/2
f 338/94/2 407/92/2 408/96/2
f 388/97/2 389/93/2 358/95/2
f 338/94/2 408/96/2 409/98/2
f 387/99/2 388/97/2 358/95/2
f 337/100/2 338/94/2 409/98/2
f 337/100/2 409/98/2 410/101/2
f 387/99/2 358/95/2 359/102/2
f 411/13/2 387/99/2 359/102/2
f 337/100/2 410/101/2 411/13/2
f 337/100/2 411/13/2 359/102/2
f 336/103/2 337/100/2 359/102/2
f 336/103/2 359/102/2 360/104/2
f 335/105/2 336/103/2 361/106/2
f 361/106/2 336/103/2 360/104/2
f 335/105/2 361/106/2 362/35/2
f 334/107/2 335/105/2 362/35/2
f 334/107/2 362/35/2 363/108/2
f 334/107/2 363/108/2 364/109/2
f 333/110/2 334/107/2 364/109/2
f 333/110/2 364/109/2 365/111/2
f 332/112/2 333/110/2 365/111/2
f 332/112/2 365/111/2 366/113/2
f 384/114/2 385/116/2 386/115/2
f 332/112/2 366/113/2 367/117/2
f 383/118/2 384/114/2 386/115/2
f 382/119/2 383/118/2 386/115/2
f 331/120/2 332/112/2 367/117/2
f 331/120/2 367/117/2 368/121/2
f 381/122/2 382/119/2 386/115/2
f 380/123/2 381/122/2 386/115/2
f 331/120/2 368/121/2 369/124/2
f 379/125/2 380/123/2 386/115/2
f 331/120/2 369/124/2 370/126/2
f 378/127/2 379/125/2 386/115/2
f 330/128/2 331/120/2 370/126/2
f 377/129/2 378/127/2 386/115/2
f 330/128/2 370/126/2 371/130/2
f 376/131/2 377/129/2 386/115/2
f 330/128/2 371/130/2 372/132/2
f 375/133/2 376/131/2 386/115/2
f 374/134/2 375/133/2 386/115/2
f 330/128/2 372/132/2 373/135/2
f 373/135/2 374/134/2 386/115/2
f 330/128/2 373/135/2 386/115/2
f 329/136/2 330/128/2 386/115/2
f 329/136/2 386/115/2 313/15/2
f 328/137/2 329/136/2 313/15/2
f 328/137/2 313/15/2 314/138/2
f 328/137/2 314/138/2 315/139/2
f 327/140/2 328/137/2 315/139/2
f 327/140/2 315/139/2 316/141/2
f 327/140/2 316/141/2 317/142/2
f 326/143/2 327/140/2 317/142/2
f 326/143/2 317/142/2 318/144/2
f 326/143/2 318/144/2 319/145/2
f 325/146/2 326/143/2 319/145/2
f 325/146/2 319/145/2 320/147/2
f 325/146/2 320/147/2 321/148/2
f 325/146/2 321/148/2 322/149/2
f 324/150/2 325/146/2 322/149/2
f 324/150/2 322/149/2 323/151/2
f 417/50/2 418/13/2 412/15/2
f 417/50/2 412/15/2 413/10/2
f 413/10/2 414/9/2 415/35/2
f 413/10/2 415/35/2 416/39/2
f 417/50/2 413/10/2 416/39/2
f 465/152/2 466/153/2 419/15/2
f 465/152/2 419/15/2 420/154/2
f 464/155/2 465/152/2 420/154/2
f 464/155/2 420/154/2 421/156/2
f 463/157/2 464/155/2 421/156/2
f 463/157/2 421/156/2 422/158/2
f 462/159/2 463/157/2 422/158/2
f 462/159/2 422/158/2 423/160/2
f 461/161/2 462/159/2 423/160/2
f 461/161/2 423/160/2 424/162/2
f 460/163/2 461/161/2 490/164/2
f 490/164/2 461/161/2 424/162/2
f 460/163/2 490/164/2 491/165/2
f 489/166/2 490/164/2 424/162/2
f 488/167/2 489/166/2 424/162/2
f 460/163/2 491/165/2 492/168/2
f 487/169/2 488/167/2 424/162/2
f 460/163/2 492/168/2 493/170/2
f 487/169/2 424/162/2 425/171/2
f 459/172/2 460/163/2 493/170/2
f 486/173/2 487/169/2 425/171/2
f 459/172/2 493/170/2 494/174/2
f 485/175/2 486/173/2 425/171/2
f 459/172/2 494/174/2 495/176/2
f 485/175/2 425/171/2 426/177/2
f 458/178/2 459/172/2 495/176/2
f 484/179/2 485/175/2 426/177/2
f 458/178/2 495/176/2 496/180/2
f 483/181/2 484/179/2 426/177/2
f 458/178/2 496/180/2 497/182/2
f 483/181/2 426/177/2 427/183/2
f 457/184/2 458/178/2 497/182/2
f 482/185/2 483/181/2 427/183/2
f 457/184/2 497/182/2 498/186/2
f 482/185/2 427/183/2 428/187/2
f 456/188/2 457/184/2 498/186/2
f 481/189/2 482/185/2 428/187/2
f 456/188/2 498/186/2 499/190/2
f 480/191/2 481/189/2 428/187/2
f 456/188/2 499/190/2 500/192/2
f 480/191/2 428/187/2 429/193/2
f 455/194/2 456/188/2 500/192/2
f 479/195/2 480/191/2 429/193/2
f 455/194/2 500/192/2 501/196/2
f 479/195/2 429/193/2 430/197/2
f 454/198/2 455/194/2 501/196/2
f 478/199/2 479/195/2 430/197/2
f 454/198/2 501/196/2 502/200/2
f 453/201/2 454/198/2 502/200/2
f 453/201/2 502/200/2 503/202/2
f 477/203/2 478/199/2 430/197/2
f 477/203/2 430/197/2 431/204/2
f 453/201/2 503/202/2 504/205/2
f 476/206/2 477/203/2 431/204/2
f 476/206/2 431/204/2 432/207/2
f 452/208/2 453/201/2 504/205/2
f 452/208/2 504/205/2 505/209/2
f 475/210/2 476/206/2 432/207/2
f 475/210/2 432/207/2 433/211/2
f 451/212/2 452/208/2 505/209/2
f 474/213/2 475/210/2 433/211/2
f 451/212/2 505/209/2 506/214/2
f 474/213/2 433/211/2 434/215/2
f 450/216/2 451/212/2 506/214/2
f 473/217/2 474/213/2 434/215/2
f 450/216/2 506/214/2 507/218/2
f 472/219/2 473/217/2 434/215/2
f 450/216/2 507/218/2 508/220/2
f 472/219/2 434/215/2 435/221/2
f 449/222/2 450/216/2 508/220/2
f 471/223/2 472/219/2 435/221/2
f 449/222/2 508/220/2 509/224/2
f 470/225/2 471/223/2 435/221/2
f 449/222/2 509/224/2 510/226/2
f 470/225/2 435/221/2 436/227/2
f 448/228/2 449/222/2 510/226/2
f 469/229/2 470/225/2 436/227/2
f 448/228/2 510/226/2 511/230/2
f 468/231/2 469/229/2 436/227/2
f 448/228/2 511/230/2 512/232/2
f 468/231/2 436/227/2 437/233/2
f 447/234/2 448/228/2 512/232/2
f 467/235/2 468/231/2 437/233/2
f 447/234/2 512/232/2 513/236/2
f 514/13/2 467/235/2 437/233/2
f 447/234/2 513/236/2 514/13/2
f 447/234/2 514/13/2 437/233/2
f 447/234/2 437/233/2 438/237/2
f 446/238/2 447/234/2 438/237/2
f 446/238/2 438/237/2 439/239/2
f 445/240/2 446/238/2 439/239/2
f 445/240/2 439/239/2 440/241/2
f 444/242/2 445/240/2 440/241/2
f 444/242/2 440/241/2 441/243/2
f 443/244/2 444/242/2 441/243/2
f 443/244/2 441/243/2 442/245/2
s 1
f 516/246/3 527/247/4 515/15/5
f 517/248/6 528/249/7 516/246/3
f 518/250/8 529/251/9 517/248/6
f 519/252/10 530/253/11 518/250/8
f 520/254/12 531/255/13 519/252/10
f 533/256/14 520/254/12 521/257/15
f 534/258/16 521/257/15 522/259/17
f 535/260/18 522/259/17 523/261/19
f 536/262/20 523/261/19 524/263/21
f 537/264/22 524/263/21 525/265/23
f 538/266/24 525/265/23 526/267/25
f 528/249/7 539/268/26 527/247/4
f 529/251/9 540/269/27 528/249/7
f 530/253/11 541/270/28 529/251/9
f 531/255/13 542/271/29 530/253/11
f 532/272/30 543/273/31 531/255/13
f 545/274/32 532/272/30 533/256/14
f 546/275/33 533/256/14 534/258/16
f 547/276/34 534/258/16 535/260/18
f 548/277/35 535/260/18 536/262/20
f 549/278/36 536/262/20 537/264/22
f 550/279/37 537/264/22 538/266/24
f 540/269/27 551/280/38 539/268/26
f 541/270/28 552/281/39 540/269/27
f 542/271/29 553/282/40 541/270/28
f 543/273/31 554/283/41 542/271/29
f 544/284/42 555/285/43 543/273/31
f 557/286/44 544/284/42 545/274/32
f 558/287/45 545/274/32 546/275/33
f 559/288/46 546/275/33 547/276/34
f 560/289/47 547/276/34 548/277/35
f 561/290/48 548/277/35 549/278/36
f 562/291/49 549/278/36 550/279/37
f 552/281/39 563/292/50 551/280/38
f 553/282/40 564/293/51 552/281/39
f 554/283/41 565/294/52 553/282/40
f 555/285/43 566/295/53 554/283/41
f 556/296/54 567/297/55 555/285/43
f 569/298/56 556/296/54 557/286/44
f 570/299/57 557/286/44 558/287/45
f 571/300/58 558/287/45 559/288/46
f 572/301/59 559/288/46 560/289/47
f 573/302/60 560/289/47 561/290/48
f 574/303/61 561/290/48 562/291/49
f 576/304/62 563/292/50 564/293/51
f 577/305/63 564/293/51 565/294/52
f 578/306/64 565/294/52 566/295/53
f 579/307/65 566/295/53 567/297/55
f 580/308/66 567/297/55 568/309/67
f 581/310/68 568/309/67 569/298/56
f 570/299/57 581/310/68 569/298/56
f 571/300/58 582/311/69 570/299/57
f 572/301/59 583/312/70 571/300/58
f 573/302/60 584/313/71 572/301/59
f 574/303/61 585/314/72 573/302/60
f 588/315/73 575/316/74 576/304/62
f 589/317/75 576/304/62 577/305/63
f 590/318/76 577/305/63 578/306/64
f 591/319/77 578/306/64 579/307/65
f 592/320/78 579/307/65 580/308/66
f 593/321/79 580/308/66 581/310/68
f 582/311/69 593/321/79 581/310/68
f 583/312/70 594/322/80 582/311/69
f 584/313/71 595/323/81 583/312/70
f 585/314/72 596/324/82 584/313/71
f 586/325/83 597/326/84 585/314/72
f 600/327/85 587/328/86 588/315/73
f 601/329/87 588/315/73 589/317/75
f 602/330/88 589/317/75 590/318/76
f 603/331/89 590/318/76 591/319/77
f 604/332/90 591/319/77 592/320/78
f 605/333/91 592/320/78 593/321/79
f 594/322/80 605/333/91 593/321/79
f 595/323/81 606/334/92 594/322/80
f 596/324/82 607/335/93 595/323/81
f 597/326/84 608/336/94 596/324/82
f 598/337/95 609/338/96 597/326/84
f 612/339/97 599/340/98 600/327/85
f 613/341/99 600/327/85 601/329/87
f 614/342/100 601/329/87 602/330/88
f 615/343/101 602/330/88 603/331/89
f 616/344/102 603/331/89 604/332/90
f 617/345/103 604/332/90 605/333/91
f 606/334/92 617/345/103 605/333/91
f 607/335/93 618/346/104 606/334/92
f 608/336/94 619/347/105 607/335/93
f 609/338/96 620/348/106 608/336/94
f 610/349/107 621/350/108 609/338/96
f 624/351/109 611/10/110 612/339/97
f 625/352/111 612/339/97 613/341/99
f 626/353/112 613/341/99 614/342/100
f 627/354/113 614/342/100 615/343/101
f 628/355/114 615/343/101 616/344/102
f 629/356/115 616/344/102 617/345/103
f 618/346/104 629/356/115 617/345/103
f 619/347/105 630/357/116 618/346/104
f 620/348/106 631/358/117 619/347/105
f 621/350/108 632/359/118 620/348/106
f 622/360/119 633/361/120 621/350/108
f 636/362/121 623/363/122 624/351/109
f 637/364/123 624/351/109 625/352/111
f 638/365/124 625/352/111 626/353/112
f 639/366/125 626/353/112 627/354/113
f 640/367/126 627/354/113 628/355/114
f 641/368/127 628/355/114 629/356/115
f 630/357/116 641/368/127 629/356/115
f 631/358/117 642/369/128 630/357/116
f 632/359/118 643/370/129 631/358/117
f 633/361/120 644/371/130 632/359/118
f 634/372/131 645/373/132 633/361/120
f 648/374/133 635/375/134 636/362/121
f 649/376/135 636/362/121 637/364/123
f 650/377/136 637/364/123 638/365/124
f 651/378/137 638/365/124 639/366/125
f 652/379/138 639/366/125 640/367/126
f 653/380/139 640/367/126 641/368/127
f 642/369/128 653/380/139 641/368/127
f 643/370/129 654/381/140 642/369/128
f 644/371/130 655/382/141 643/370/129
f 645/373/132 656/383/142 644/371/130
f 646/384/143 657/385/144 645/373/132
f 648/374/133 659/386/145 647/387/146
f 649/376/135 660/388/147 648/374/133
f 650/377/136 661/389/148 649/376/135
f 651/378/137 662/390/149 650/377/136
f 652/379/138 663/391/150 651/378/137
f 665/392/151 652/379/138 653/380/139
f 666/393/152 653/380/139 654/381/140
f 667/394/153 654/381/140 655/382/141
f 668/395/154 655/382/141 656/383/142
f 669/396/155 656/383/142 657/385/144
f 670/397/156 657/385/144 658/398/157
f 660/388/147 671/399/158 659/386/145
f 661/389/148 672/400/159 660/388/147
f 662/390/149 673/401/160 661/389/148
f 663/391/150 674/402/161 662/390/149
f 664/403/162 675/404/163 663/391/150
f 677/405/164 664/403/162 665/392/151
f 678/406/165 665/392/151 666/393/152
f 679/407/166 666/393/152 667/394/153
f 680/408/167 667/394/153 668/395/154
f 681/409/168 668/395/154 669/396/155
f 682/410/169 669/396/155 670/397/156
f 672/400/159 683/411/170 671/399/158
f 673/401/160 684/412/171 672/400/159
f 674/402/161 685/413/172 673/401/160
f 675/404/163 686/414/173 674/402/161
f 676/415/174 687/416/175 675/404/163
f 689/417/176 676/415/174 677/405/164
f 690/418/177 677/405/164 678/406/165
f 691/419/178 678/406/165 679/407/166
f 692/420/179 679/407/166 680/408/167
f 693/421/180 680/408/167 681/409/168
f 694/422/181 681/409/168 682/410/169
f 684/412/171 695/423/182 683/411/170
f 685/413/172 696/424/183 684/412/171
f 686/414/173 697/425/184 685/413/172
f 687/416/175 698/426/185 686/414/173
f 688/427/186 699/428/187 687/416/175
f 701/429/188 688/427/186 689/417/176
f 702/430/189 689/417/176 690/418/177
f 703/431/190 690/418/177 691/419/178
f 704/432/191 691/419/178 692/420/179
f 705/433/192 692/420/179 693/421/180
f 706/434/193 693/421/180 694/422/181
f 696/424/183 707/9/194 695/423/182
f 697/425/184 708/435/195 696/424/183
f 698/426/185 709/436/196 697/425/184
f 699/428/187 710/437/197 698/426/185
f 700/438/198 711/439/199 699/428/187
f 713/440/200 700/438/198 701/429/188
f 714/441/201 701/429/188 702/430/189
f 715/442/202 702/430/189 703/431/190
f 716/443/203 703/431/190 704/432/191
f 717/444/204 704/432/191 705/433/192
f 718/445/205 705/433/192 706/434/193
f 708/435/195 719/446/206 707/9/194
f 709/436/196 720/447/207 708/435/195
f 710/437/197 721/448/208 709/436/196
f 711/439/199 722/449/209 710/437/197
f 712/450/210 723/451/211 711/439/199
f 725/452/212 712/450/210 713/440/200
f 726/453/213 713/440/200 714/441/201
f 727/454/214 714/441/201 715/442/202
f 728/455/215 715/442/202 716/443/203
f 729/456/216 716/443/203 717/444/204
f 730/457/217 717/444/204 718/445/205
f 720/447/207 731/458/218 719/446/206
f 721/448/208 732/459/219 720/447/207
f 722/449/209 733/460/220 721/448/208
f 723/451/211 734/461/221 722/449/209
f 724/462/222 735/463/223 723/451/211
f 737/464/224 724/462/222 725/452/212
f 738/465/225 725/452/212 726/453/213
f 739/466/226 726/453/213 727/454/214
f 740/467/227 727/454/214 728/455/215
f 741/468/228 728/455/215 729/456/216
f 742/469/229 729/456/216 730/457/217
f 744/470/230 731/458/218 732/459/219
f 745/471/231 732/459/219 733/460/220
f 746/472/232 733/460/220 734/461/221
f 747/473/233 734/461/221 735/463/223
f 748/474/234 735/463/223 736/475/235
f 749/476/236 736/475/235 737/464/224
f 750/477/237 737/464/224 738/465/225
f 739/466/226 750/477/237 738/465/225
f 740/467/227 751/478/238 739/466/226
f 741/468/228 752/479/239 740/467/227
f 742/469/229 753/480/240 741/468/228
f 756/481/241 743/482/242 744/470/230
f 757/483/243 744/470/230 745/471/231
f 758/484/244 745/471/231 746/472/232
f 759/485/245 746/472/232 747/473/233
f 760/486/246 747/473/233 748/474/234
f 761/487/247 748/474/234 749/476/236
f 750/477/237 761/487/247 749/476/236
f 751/478/238 762/488/248 750/477/237
f 752/479/239 763/489/249 751/478/238
f 753/480/240 764/490/250 752/479/239
f 754/491/251 765/492/252 753/480/240
f 768/493/253 755/494/254 756/481/241
f 769/495/255 756/481/241 757/483/243
f 770/496/256 757/483/243 758/484/244
f 771/497/257 758/484/244 759/485/245
f 772/498/258 759/485/245 760/486/246
f 773/499/259 760/486/246 761/487/247
f 762/488/248 773/499/259 761/487/247
f 763/489/249 774/500/260 762/488/248
f 764/490/250 775/501/261 763/489/249
f 765/492/252 776/502/262 764/490/250
f 766/503/263 777/504/264 765/492/252
f 780/505/265 767/506/266 768/493/253
f 781/507/267 768/493/253 769/495/255
f 782/508/268 769/495/255 770/496/256
f 783/509/269 770/496/256 771/497/257
f 784/510/270 771/497/257 772/498/258
f 785/511/271 772/498/258 773/499/259
f 774/500/260 785/511/271 773/499/259
f 775/501/261 786/512/272 774/500/260
f 776/502/262 787/513/273 775/501/261
f 777/504/264 788/514/274 776/502/262
f 778/515/275 789/516/276 777/504/264
f 792/517/277 779/518/278 780/505/265
f 793/519/279 780/505/265 781/507/267
f 794/520/280 781/507/267 782/508/268
f 795/521/281 782/508/268 783/509/269
f 796/522/282 783/509/269 784/510/270
f 797/523/283 784/510/270 785/511/271
f 786/512/272 797/523/283 785/511/271
f 787/513/273 798/524/284 786/512/272
f 788/514/274 799/525/285 787/513/273
f 789/516/276 800/526/286 788/514/274
f 790/527/287 801/528/288 789/516/276
f 792/517/277 803/35/289 791/529/290
f 793/519/279 804/530/291 792/517/277
f 794/520/280 805/531/292 793/519/279
f 795/521/281 806/532/293 794/520/280
f 796/522/282 807/533/294 795/521/281
f 809/534/295 796/522/282 797/523/283
f 810/535/296 797/523/283 798/524/284
f 811/536/297 798/524/284 799/525/285
f 812/537/298 799/525/285 800/526/286
f 813/538/299 800/526/286 801/528/288
f 814/539/300 801/528/288 802/540/301
f 804/530/291 815/541/302 803/35/289
f 805/531/292 816/542/303 804/530/291
f 806/532/293 817/543/304 805/531/292
f 807/533/294 818/544/305 806/532/293
f 808/545/306 819/546/307 807/533/294
f 821/547/308 808/545/306 809/534/295
f 822/548/309 809/534/295 810/535/296
f 823/549/310 810/535/296 811/536/297
f 824/550/311 811/536/297 812/537/298
f 825/551/312 812/537/298 813/538/299
f 826/552/313 813/538/299 814/539/300
f 816/542/303 827/553/314 815/541/302
f 817/543/304 828/554/315 816/542/303
f 818/544/305 829/555/316 817/543/304
f 819/546/307 830/556/317 818/544/305
f 820/557/318 831/558/319 819/546/307
f 833/559/320 820/557/318 821/547/308
f 834/560/321 821/547/308 822/548/309
f 835/561/322 822/548/309 823/549/310
f 836/562/323 823/549/310 824/550/311
f 837/563/324 824/550/311 825/551/312
f 838/564/325 825/551/312 826/552/313
f 828/554/315 839/565/326 827/553/314
f 829/555/316 840/566/327 828/554/315
f 830/556/317 841/567/328 829/555/316
f 831/558/319 842/568/329 830/556/317
f 832/569/330 843/570/331 831/558/319
f 845/571/332 832/569/330 833/559/320
f 846/572/333 833/559/320 834/560/321
f 847/573/334 834/560/321 835/561/322
f 848/574/335 835/561/322 836/562/323
f 849/575/336 836/562/323 837/563/324
f 850/576/337 837/563/324 838/564/325
f 852/577/338 839/565/326 840/566/327
f 853/578/339 840/566/327 841/567/328
f 854/579/340 841/567/328 842/568/329
f 855/580/341 842/568/329 843/570/331
f 856/581/342 843/570/331 844/582/343
f 857/583/344 844/582/343 845/571/332
f 846/572/333 857/583/344 845/571/332
f 847/573/334 858/584/345 846/572/333
f 848/574/335 859/585/346 847/573/334
f 849/575/336 860/586/347 848/574/335
f 850/576/337 861/587/348 849/575/336
f 864/588/349 851/589/350 852/577/338
f 865/590/351 852/577/338 853/578/339
f 866/591/352 853/578/339 854/579/340
f 867/592/353 854/579/340 855/580/341
f 868/593/354 855/580/341 856/581/342
f 869/594/355 856/581/342 857/583/344
f 858/584/345 869/594/355 857/583/344
f 859/585/346 870/595/356 858/584/345
f 860/586/347 871/596/357 859/585/346
f 861/587/348 872/597/358 860/586/347
f 862/598/359 873/599/360 861/587/348
f 876/600/361 863/601/362 864/588/349
f 877/602/363 864/588/349 865/590/351
f 878/603/364 865/590/351 866/591/352
f 879/604/365 866/591/352 867/592/353
f 880/605/366 867/592/353 868/593/354
f 881/606/367 868/593/354 869/594/355
f 870/595/356 881/606/367 869/594/355
f 871/596/357 882/607/368 870/595/356
f 872/597/358 883/608/369 871/596/357
f 873/599/360 884/609/370 872/597/358
f 874/610/371 885/611/372 873/599/360
f 888/612/373 875/613/374 876/600/361
f 889/614/375 876/600/361 877/602/363
f 890/615/376 877/602/363 878/603/364
f 891/616/377 878/603/364 879/604/365
f 892/617/378 879/604/365 880/605/366
f 893/618/379 880/605/366 881/606/367
f 882/607/368 893/618/379 881/606/367
f 883/608/369 894/619/380 882/607/368
f 884/609/370 895/620/381 883/608/369
f 885/611/372 896/621/382 884/609/370
f 886/622/383 897/623/384 885/611/372
f 900/624/385 887/625/386 888/612/373
f 901/626/387 888/612/373 889/614/375
f 902/627/388 889/614/375 890/615/376
f 903/628/389 890/615/376 891/616/377
f 904/629/390 891/616/377 892/617/378
f 905/630/391 892/617/378 893/618/379
f 894/619/380 905/630/391 893/618/379
f 895/620/381 906/631/392 894/619/380
f 896/621/382 907/632/393 895/620/381
f 897/623/384 908/633/394 896/621/382
f 898/634/395 909/635/396 897/623/384
f 912/636/397 899/39/398 900/624/385
f 913/637/399 900/624/385 901/626/387
f 914/638/400 901/626/387 902/627/388
f 915/639/401 902/627/388 903/628/389
f 916/640/402 903/628/389 904/629/390
f 917/641/403 904/629/390 905/630/391
f 906/631/392 917/641/403 905/630/391
f 907/632/393 918/642/404 906/631/392
f 908/633/394 919/643/405 907/632/393
f 909/635/396 920/644/406 908/633/394
f 910/645/407 921/646/408 909/635/396
f 924/647/409 911/648/410 912/636/397
f 925/649/411 912/636/397 913/637/399
f 926/650/412 913/637/399 914/638/400
f 927/651/413 914/638/400 915/639/401
f 928/652/414 915/639/401 916/640/402
f 929/653/415 916/640/402 917/641/403
f 918/642/404 929/653/415 917/641/403
f 919/643/405 930/654/416 918/642/404
f 920/644/406 931/655/417 919/643/405
f 921/646/408 932/656/418 920/644/406
f 922/657/419 933/658/420 921/646/408
f 936/659/421 923/660/422 924/647/409
f 937/661/423 924/647/409 925/649/411
f 938/662/424 925/649/411 926/650/412
f 939/663/425 926/650/412 927/651/413
f 940/664/426 927/651/413 928/652/414
f 941/665/427 928/652/414 929/653/415
f 930/654/416 941/665/427 929/653/415
f 931/655/417 942/666/428 930/654/416
f 932/656/418 943/667/429 931/655/417
f 933/658/420 944/668/430 932/656/418
f 934/669/431 945/670/432 933/658/420
f 936/659/421 947/671/433 935/672/434
f 937/661/423 948/673/435 936/659/421
f 938/662/424 949/674/436 937/661/423
f 939/663/425 950/675/437 938/662/424
f 940/664/426 951/676/438 939/663/425
f 953/677/439 940/664/426 941/665/427
f 954/678/440 941/665/427 942/666/428
f 955/679/441 942/666/428 943/667/429
f 956/680/442 943/667/429 944/668/430
f 957/681/443 944/668/430 945/670/432
f 958/682/444 945/670/432 946/683/445
f 948/673/435 959/684/446 947/671/433
f 949/674/436 960/685/447 948/673/435
f 950/675/437 961/686/448 949/674/436
f 951/676/438 962/687/449 950/675/437
f 952/688/450 963/689/451 951/676/438
f 965/690/452 952/688/450 953/677/439
f 966/691/453 953/677/439 954/678/440
f 967/692/454 954/678/440 955/679/441
f 968/693/455 955/679/441 956/680/442
f 969/694/456 956/680/442 957/681/443
f 970/695/457 957/681/443 958/682/444
f 960/685/447 971/696/458 959/684/446
f 961/686/448 972/697/459 960/685/447
f 962/687/449 973/698/460 961/686/448
f 963/689/451 974/699/461 962/687/449
f 964/700/462 975/701/463 963/689/451
f 977/702/464 964/700/462 965/690/452
f 978/703/465 965/690/452 966/691/453
f 979/704/466 966/691/453 967/692/454
f 980/705/467 967/692/454 968/693/455
f 981/706/468 968/693/455 969/694/456
f 982/707/469 969/694/456 970/695/457
f 972/697/459 983/708/470 971/696/458
f 973/698/460 984/709/471 972/697/459
f 974/699/461 985/710/472 973/698/460
f 975/701/463 986/711/473 974/699/461
f 976/712/474 987/713/475 975/701/463
f 989/714/476 976/712/474 977/702/464
f 990/715/477 977/702/464 978/703/465
f 991/716/478 978/703/465 979/704/466
f 992/717/479 979/704/466 980/705/467
f 993/718/480 980/705/467 981/706/468
f 994/719/481 981/706/468 982/707/469
f 984/709/471 995/50/482 983/708/470
f 985/710/472 996/720/483 984/709/471
f 986/711/473 997/721/484 985/710/472
f 987/713/475 998/722/485 986/711/473
f 988/723/486 999/724/487 987/713/475
f 1001/725/488 988/723/486 989/714/476
f 1002/726/489 989/714/476 990/715/477
f 1003/727/490 990/715/477 991/716/478
f 1004/728/491 991/716/478 992/717/479
f 1005/729/492 992/717/479 993/718/480
f 1006/730/493 993/718/480 994/719/481
f 996/720/483 1007/731/494 995/50/482
f 997/721/484 1008/732/495 996/720/483
f 998/722/485 1009/733/496 997/721/484
f 999/724/487 1010/734/497 998/722/485
f 1000/735/498 1011/736/499 999/724/487
f 1013/737/500 1000/735/498 1001/725/488
f 1014/738/501 1001/725/488 1002/726/489
f 1015/739/502 1002/726/489 1003/727/490
f 1016/740/503 1003/727/490 1004/728/491
f 1017/741/504 1004/728/491 1005/729/492
f 1018/742/505 1005/729/492 1006/730/493
f 1008/732/495 1019/743/506 1007/731/494
f 1009/733/496 1020/744/507 1008/732/495
f 1010/734/497 1021/745/508 1009/733/496
f 1011/736/499 1022/746/509 1010/734/497
f 1012/747/510 1023/748/511 1011/736/499
f 1025/749/512 1012/747/510 1013/737/500
f 1026/750/513 1013/737/500 1014/738/501
f 1027/751/514 1014/738/501 1015/739/502
f 1028/752/515 1015/739/502 1016/740/503
f 1029/753/516 1016/740/503 1017/741/504
f 1030/754/517 1017/741/504 1018/742/505
f 1032/755/518 1019/743/506 1020/744/507
f 1033/756/519 1020/744/507 1021/745/508
f 1034/757/520 1021/745/508 1022/746/509
f 1035/758/521 1022/746/509 1023/748/511
f 1024/759/522 1035/758/521 1023/748/511
f 1037/760/523 1024/759/522 1025/749/512
f 1038/761/524 1025/749/512 1026/750/513
f 1027/751/514 1038/761/524 1026/750/513
f 1028/752/515 1039/762/525 1027/751/514
f 1029/753/516 1040/763/526 1028/752/515
f 1030/754/517 1041/764/527 1029/753/516
f 1044/765/528 1031/766/529 1032/755/518
f 1045/767/530 1032/755/518 1033/756/519
f 1046/768/531 1033/756/519 1034/757/520
f 1047/769/532 1034/757/520 1035/758/521
f 1048/770/533 1035/758/521 1036/771/534
f 1049/772/535 1036/771/534 1037/760/523
f 1038/761/524 1049/772/535 1037/760/523
f 1039/762/525 1050/773/536 1038/761/524
f 1040/763/526 1051/774/537 1039/762/525
f 1041/764/527 1052/775/538 1040/763/526
f 1042/776/539 1053/777/540 1041/764/527
f 1056/778/541 1043/779/542 1044/765/528
f 1057/780/543 1044/765/528 1045/767/530
f 1058/781/544 1045/767/530 1046/768/531
f 1059/782/545 1046/768/531 1047/769/532
f 1060/783/546 1047/769/532 1048/770/533
f 1061/784/547 1048/770/533 1049/772/535
f 1050/773/536 1061/784/547 1049/772/535
f 1051/774/537 1062/785/548 1050/773/536
f 1052/775/538 1063/786/549 1051/774/537
f 1053/777/540 1064/787/550 1052/775/538
f 1054/788/551 1065/789/552 1053/777/540
f 1068/790/553 1055/791/554 1056/778/541
f 1069/792/555 1056/778/541 1057/780/543
f 1070/793/556 1057/780/543 1058/781/544
f 1071/794/557 1058/781/544 1059/782/545
f 1072/795/558 1059/782/545 1060/783/546
f 1073/796/559 1060/783/546 1061/784/547
f 1062/785/548 1073/796/559 1061/784/547
f 1063/786/549 1074/797/560 1062/785/548
f 1064/787/550 1075/798/561 1063/786/549
f 1065/789/552 1076/799/562 1064/787/550
f 1066/800/563 1077/801/564 1065/789/552
f 1080/802/565 1067/803/566 1068/790/553
f 1081/804/567 1068/790/553 1069/792/555
f 1082/805/568 1069/792/555 1070/793/556
f 1083/806/569 1070/793/556 1071/794/557
f 1084/807/570 1071/794/557 1072/795/558
f 1085/808/571 1072/795/558 1073/796/559
f 1074/797/560 1085/808/571 1073/796/559
f 1075/798/561 1086/809/572 1074/797/560
f 1076/799/562 1087/810/573 1075/798/561
f 1077/801/564 1088/811/574 1076/799/562
f 1078/812/575 1089/813/576 1077/801/564
f 1080/802/565 515/13/5 1079/814/577
f 1081/804/567 516/815/3 1080/802/565
f 1082/805/568 517/816/6 1081/804/567
f 1083/806/569 518/817/8 1082/805/568
f 1084/807/570 519/818/10 1083/806/569
f 521/819/15 1084/807/570 1085/808/571
f 522/820/17 1085/808/571 1086/809/572
f 523/821/19 1086/809/572 1087/810/573
f 524/822/21 1087/810/573 1088/811/574
f 525/823/23 1088/811/574 1089/813/576
f 526/824/25 1089/813/576 1090/825/578
f 1104/249/579 1091/15/580 1092/246/581
f 1105/251/582 1092/246/581 1093/248/583
f 1106/253/584 1093/248/583 1094/250/585
f 1107/255/586 1094/250/585 1095/252/587
f 1108/272/588 1095/252/587 1096/254/589
f 1109/256/590 1096/254/589 1097/257/591
f 1098/259/592 1109/256/590 1097/257/591
f 1099/261/593 1110/258/594 1098/259/592
f 1100/263/595 1111/260/596 1099/261/593
f 1101/265/597 1112/262/598 1100/263/595
f 1102/267/599 1113/264/600 1101/265/597
f 1116/269/601 1103/247/602 1104/249/579
f 1117/270/603 1104/249/579 1105/251/582
f 1118/271/604 1105/251/582 1106/253/584
f 1119/273/605 1106/253/584 1107/255/586
f 1120/284/606 1107/255/586 1108/272/588
f 1121/274/607 1108/272/588 1109/256/590
f 1110/258/594 1121/274/607 1109/256/590
f 1111/260/596 1122/275/608 1110/258/594
f 1112/262/598 1123/276/609 1111/260/596
f 1113/264/600 1124/277/610 1112/262/598
f 1114/266/611 1125/278/612 1113/264/600
f 1128/281/613 1115/268/614 1116/269/601
f 1129/282/615 1116/269/601 1117/270/603
f 1130/283/616 1117/270/603 1118/271/604
f 1131/285/617 1118/271/604 1119/273/605
f 1132/296/618 1119/273/605 1120/284/606
f 1133/286/619 1120/284/606 1121/274/607
f 1122/275/608 1133/286/619 1121/274/607
f 1123/276/609 1134/287/620 1122/275/608
f 1124/277/610 1135/288/621 1123/276/609
f 1125/278/612 1136/289/622 1124/277/610
f 1126/279/623 1137/290/624 1125/278/612
f 1140/293/625 1127/280/626 1128/281/613
f 1141/294/627 1128/281/613 1129/282/615
f 1142/295/628 1129/282/615 1130/283/616
f 1143/297/629 1130/283/616 1131/285/617
f 1144/309/630 1131/285/617 1132/296/618
f 1145/298/631 1132/296/618 1133/286/619
f 1134/287/620 1145/298/631 1133/286/619
f 1135/288/621 1146/299/632 1134/287/620
f 1136/289/622 1147/300/633 1135/288/621
f 1137/290/624 1148/301/634 1136/289/622
f 1138/291/635 1149/302/636 1137/290/624
f 1152/304/637 1139/292/638 1140/293/625
f 1153/305/639 1140/293/625 1141/294/627
f 1154/306/640 1141/294/627 1142/295/628
f 1155/307/641 1142/295/628 1143/297/629
f 1156/308/642 1143/297/629 1144/309/630
f 1157/310/643 1144/309/630 1145/298/631
f 1146/299/632 1157/310/643 1145/298/631
f 1147/300/633 1158/311/644 1146/299/632
f 1148/301/634 1159/312/645 1147/300/633
f 1149/302/636 1160/313/646 1148/301/634
f 1150/303/647 1161/314/648 1149/302/636
f 1164/315/649 1151/316/650 1152/304/637
f 1165/317/651 1152/304/637 1153/305/639
f 1166/318/652 1153/305/639 1154/306/640
f 1167/319/653 1154/306/640 1155/307/641
f 1168/320/654 1155/307/641 1156/308/642
f 1169/321/655 1156/308/642 1157/310/643
f 1158/311/644 1169/321/655 1157/310/643
f 1159/312/645 1170/322/656 1158/311/644
f 1160/313/646 1171/323/657 1159/312/645
f 1161/314/648 1172/324/658 1160/313/646
f 1162/325/659 1173/326/660 1161/314/648
f 1164/315/649 1175/340/661 1163/328/662
f 1165/317/651 1176/327/663 1164/315/649
f 1166/318/652 1177/329/664 1165/317/651
f 1179/331/665 1166/318/652 1167/319/653
f 1168/320/654 1179/331/665 1167/319/653
f 1181/333/666 1168/320/654 1169/321/655
f 1182/334/667 1169/321/655 1170/322/656
f 1171/323/657 1182/334/667 1170/322/656
f 1184/336/668 1171/323/657 1172/324/658
f 1185/338/669 1172/324/658 1173/326/660
f 1186/349/670 1173/326/660 1174/337/671
f 1176/327/663 1187/10/672 1175/340/661
f 1177/329/664 1188/339/673 1176/327/663
f 1178/330/674 1189/341/675 1177/329/664
f 1179/331/665 1190/342/676 1178/330/674
f 1180/332/677 1191/343/678 1179/331/665
f 1193/345/679 1180/332/677 1181/333/666
f 1194/346/680 1181/333/666 1182/334/667
f 1195/347/681 1182/334/667 1183/335/682
f 1196/348/683 1183/335/682 1184/336/668
f 1197/350/684 1184/336/668 1185/338/669
f 1198/360/685 1185/338/669 1186/349/670
f 1188/339/673 1199/363/686 1187/10/672
f 1189/341/675 1200/351/687 1188/339/673
f 1190/342/676 1201/352/688 1189/341/675
f 1191/343/678 1202/353/689 1190/342/676
f 1192/344/690 1203/354/691 1191/343/678
f 1205/356/692 1192/344/690 1193/345/679
f 1206/357/693 1193/345/679 1194/346/680
f 1207/358/694 1194/346/680 1195/347/681
f 1208/359/695 1195/347/681 1196/348/683
f 1209/361/696 1196/348/683 1197/350/684
f 1210/372/697 1197/350/684 1198/360/685
f 1200/351/687 1211/375/433 1199/363/686
f 1201/352/688 1212/362/698 1200/351/687
f 1202/353/689 1213/364/699 1201/352/688
f 1203/354/691 1214/365/700 1202/353/689
f 1204/355/701 1215/366/702 1203/354/691
f 1217/368/703 1204/355/701 1205/356/692
f 1218/369/704 1205/356/692 1206/357/693
f 1219/370/705 1206/357/693 1207/358/694
f 1220/371/706 1207/358/694 1208/359/695
f 1221/373/707 1208/359/695 1209/361/696
f 1222/384/444 1209/361/696 1210/372/697
f 1212/362/698 1223/387/434 1211/375/433
f 1213/364/699 1224/374/708 1212/362/698
f 1214/365/700 1225/376/709 1213/364/699
f 1215/366/702 1226/377/710 1214/365/700
f 1216/367/711 1227/378/712 1215/366/702
f 1229/380/713 1216/367/711 1217/368/703
f 1230/381/714 1217/368/703 1218/369/704
f 1231/382/715 1218/369/704 1219/370/705
f 1232/383/716 1219/370/705 1220/371/706
f 1233/385/717 1220/371/706 1221/373/707
f 1234/398/445 1221/373/707 1222/384/444
f 1236/388/718 1223/387/434 1224/374/708
f 1237/389/719 1224/374/708 1225/376/709
f 1238/390/720 1225/376/709 1226/377/710
f 1239/391/721 1226/377/710 1227/378/712
f 1240/403/722 1227/378/712 1228/379/723
f 1241/392/724 1228/379/723 1229/380/713
f 1230/381/714 1241/392/724 1229/380/713
f 1231/382/715 1242/393/725 1230/381/714
f 1232/383/716 1243/394/726 1231/382/715
f 1233/385/717 1244/395/727 1232/383/716
f 1234/398/445 1245/396/728 1233/385/717
f 1248/400/729 1235/386/730 1236/388/718
f 1249/401/731 1236/388/718 1237/389/719
f 1250/402/732 1237/389/719 1238/390/720
f 1251/404/733 1238/390/720 1239/391/721
f 1252/415/734 1239/391/721 1240/403/722
f 1253/405/735 1240/403/722 1241/392/724
f 1242/393/725 1253/405/735 1241/392/724
f 1243/394/726 1254/406/736 1242/393/725
f 1244/395/727 1255/407/737 1243/394/726
f 1245/396/728 1256/408/738 1244/395/727
f 1246/397/739 1257/409/740 1245/396/728
f 1260/412/741 1247/399/742 1248/400/729
f 1261/413/743 1248/400/729 1249/401/731
f 1262/414/744 1249/401/731 1250/402/732
f 1263/416/745 1250/402/732 1251/404/733
f 1264/427/746 1251/404/733 1252/415/734
f 1265/417/747 1252/415/734 1253/405/735
f 1254/406/736 1265/417/747 1253/405/735
f 1255/407/737 1266/418/748 1254/406/736
f 1256/408/738 1267/419/749 1255/407/737
f 1257/409/740 1268/420/750 1256/408/738
f 1258/410/751 1269/421/752 1257/409/740
f 1272/424/753 1259/411/754 1260/412/741
f 1273/425/755 1260/412/741 1261/413/743
f 1274/426/756 1261/413/743 1262/414/744
f 1275/428/757 1262/414/744 1263/416/745
f 1276/438/758 1263/416/745 1264/427/746
f 1277/429/759 1264/427/746 1265/417/747
f 1266/418/748 1277/429/759 1265/417/747
f 1267/419/749 1278/430/760 1266/418/748
f 1268/420/750 1279/431/761 1267/419/749
f 1269/421/752 1280/432/762 1268/420/750
f 1270/422/763 1281/433/764 1269/421/752
f 1284/435/765 1271/423/766 1272/424/753
f 1285/436/767 1272/424/753 1273/425/755
f 1286/437/768 1273/425/755 1274/426/756
f 1287/439/769 1274/426/756 1275/428/757
f 1288/450/770 1275/428/757 1276/438/758
f 1289/440/771 1276/438/758 1277/429/759
f 1290/441/772 1277/429/759 1278/430/760
f 1279/431/761 1290/441/772 1278/430/760
f 1280/432/762 1291/442/773 1279/431/761
f 1281/433/764 1292/443/774 1280/432/762
f 1282/434/775 1293/444/776 1281/433/764
f 1284/435/765 1295/446/777 1283/9/778
f 1285/436/767 1296/447/779 1284/435/765
f 1286/437/768 1297/448/780 1285/436/767
f 1287/439/769 1298/449/781 1286/437/768
f 1288/450/770 1299/451/782 1287/439/769
f 1301/452/783 1288/450/770 1289/440/771
f 1302/453/784 1289/440/771 1290/441/772
f 1303/454/785 1290/441/772 1291/442/773
f 1304/455/786 1291/442/773 1292/443/774
f 1305/456/787 1292/443/774 1293/444/776
f 1306/457/788 1293/444/776 1294/445/789
f 1296/447/779 1307/458/790 1295/446/777
f 1297/448/780 1308/459/791 1296/447/779
f 1298/449/781 1309/460/792 1297/448/780
f 1299/451/782 1310/461/793 1298/449/781
f 1300/462/794 1311/463/795 1299/451/782
f 1313/464/796 1300/462/794 1301/452/783
f 1314/465/797 1301/452/783 1302/453/784
f 1315/466/798 1302/453/784 1303/454/785
f 1316/467/799 1303/454/785 1304/455/786
f 1317/468/800 1304/455/786 1305/456/787
f 1318/469/801 1305/456/787 1306/457/788
f 1308/459/791 1319/482/802 1307/458/790
f 1309/460/792 1320/470/803 1308/459/791
f 1310/461/793 1321/471/804 1309/460/792
f 1311/463/795 1322/472/805 1310/461/793
f 1312/475/806 1323/473/807 1311/463/795
f 1325/476/808 1312/475/806 1313/464/796
f 1326/477/809 1313/464/796 1314/465/797
f 1327/478/810 1314/465/797 1315/466/798
f 1328/479/811 1315/466/798 1316/467/799
f 1329/480/812 1316/467/799 1317/468/800
f 1330/491/813 1317/468/800 1318/469/801
f 1320/470/803 1331/494/814 1319/482/802
f 1321/471/804 1332/481/815 1320/470/803
f 1322/472/805 1333/483/816 1321/471/804
f 1323/473/807 1334/484/817 1322/472/805
f 1324/474/818 1335/485/819 1323/473/807
f 1337/487/820 1324/474/818 1325/476/808
f 1338/488/821 1325/476/808 1326/477/809
f 1339/489/822 1326/477/809 1327/478/810
f 1340/490/823 1327/478/810 1328/479/811
f 1341/492/824 1328/479/811 1329/480/812
f 1342/503/825 1329/480/812 1330/491/813
f 1332/481/815 1343/506/826 1331/494/814
f 1333/483/816 1344/493/827 1332/481/815
f 1334/484/817 1345/495/828 1333/483/816
f 1335/485/819 1346/496/829 1334/484/817
f 1336/486/830 1347/497/831 1335/485/819
f 1349/499/832 1336/486/830 1337/487/820
f 1350/500/833 1337/487/820 1338/488/821
f 1351/501/834 1338/488/821 1339/489/822
f 1352/502/835 1339/489/822 1340/490/823
f 1353/504/836 1340/490/823 1341/492/824
f 1354/515/837 1341/492/824 1342/503/825
f 1344/493/827 1355/518/838 1343/506/826
f 1345/495/828 1356/505/839 1344/493/827
f 1346/496/829 1357/507/840 1345/495/828
f 1347/497/831 1358/508/841 1346/496/829
f 1348/498/842 1359/509/843 1347/497/831
f 1361/511/844 1348/498/842 1349/499/832
f 1362/512/845 1349/499/832 1350/500/833
f 1363/513/846 1350/500/833 1351/501/834
f 1364/514/847 1351/501/834 1352/502/835
f 1365/516/848 1352/502/835 1353/504/836
f 1366/527/849 1353/504/836 1354/515/837
f 1356/505/839 1367/529/850 1355/518/838
f 1357/507/840 1368/517/851 1356/505/839
f 1358/508/841 1369/519/852 1357/507/840
f 1359/509/843 1370/520/853 1358/508/841
f 1360/510/854 1371/521/855 1359/509/843
f 1373/523/856 1360/510/854 1361/511/844
f 1374/524/857 1361/511/844 1362/512/845
f 1375/525/858 1362/512/845 1363/513/846
f 1376/526/859 1363/513/846 1364/514/847
f 1377/528/860 1364/514/847 1365/516/848
f 1378/540/861 1365/516/848 1366/527/849
f 1380/530/862 1367/529/850 1368/517/851
f 1381/531/863 1368/517/851 1369/519/852
f 1382/532/864 1369/519/852 1370/520/853
f 1383/533/865 1370/520/853 1371/521/855
f 1384/545/866 1371/521/855 1372/522/867
f 1385/534/868 1372/522/867 1373/523/856
f 1374/524/857 1385/534/868 1373/523/856
f 1375/525/858 1386/535/869 1374/524/857
f 1376/526/859 1387/536/870 1375/525/858
f 1377/528/860 1388/537/871 1376/526/859
f 1378/540/861 1389/538/872 1377/528/860
f 1392/542/873 1379/35/874 1380/530/862
f 1393/543/875 1380/530/862 1381/531/863
f 1394/544/876 1381/531/863 1382/532/864
f 1395/546/877 1382/532/864 1383/533/865
f 1396/557/878 1383/533/865 1384/545/866
f 1397/547/879 1384/545/866 1385/534/868
f 1386/535/869 1397/547/879 1385/534/868
f 1387/536/870 1398/548/880 1386/535/869
f 1388/537/871 1399/549/881 1387/536/870
f 1389/538/872 1400/550/882 1388/537/871
f 1390/539/883 1401/551/884 1389/538/872
f 1404/554/885 1391/541/886 1392/542/873
f 1405/555/887 1392/542/873 1393/543/875
f 1406/556/888 1393/543/875 1394/544/876
f 1407/558/889 1394/544/876 1395/546/877
f 1408/569/890 1395/546/877 1396/557/878
f 1409/559/891 1396/557/878 1397/547/879
f 1398/548/880 1409/559/891 1397/547/879
f 1399/549/881 1410/560/892 1398/548/880
f 1400/550/882 1411/561/893 1399/549/881
f 1401/551/884 1412/562/894 1400/550/882
f 1402/552/895 1413/563/896 1401/551/884
f 1416/566/897 1403/553/898 1404/554/885
f 1417/567/899 1404/554/885 1405/555/887
f 1418/568/900 1405/555/887 1406/556/888
f 1419/570/901 1406/556/888 1407/558/889
f 1420/582/902 1407/558/889 1408/569/890
f 1421/571/903 1408/569/890 1409/559/891
f 1410/560/892 1421/571/903 1409/559/891
f 1411/561/893 1422/572/904 1410/560/892
f 1412/562/894 1423/573/905 1411/561/893
f 1413/563/896 1424/574/906 1412/562/894
f 1414/564/907 1425/575/908 1413/563/896
f 1428/577/909 1415/565/910 1416/566/897
f 1429/578/911 1416/566/897 1417/567/899
f 1430/579/912 1417/567/899 1418/568/900
f 1431/580/913 1418/568/900 1419/570/901
f 1432/581/914 1419/570/901 1420/582/902
f 1433/583/915 1420/582/902 1421/571/903
f 1422/572/904 1433/583/915 1421/571/903
f 1423/573/905 1434/584/916 1422/572/904
f 1424/574/906 1435/585/917 1423/573/905
f 1425/575/908 1436/586/918 1424/574/906
f 1426/576/919 1437/587/920 1425/575/908
f 1440/588/921 1427/589/922 1428/577/909
f 1441/590/923 1428/577/909 1429/578/911
f 1442/591/924 1429/578/911 1430/579/912
f 1443/592/925 1430/579/912 1431/580/913
f 1444/593/926 1431/580/913 1432/581/914
f 1445/594/927 1432/581/914 1433/583/915
f 1434/584/916 1445/594/927 1433/583/915
f 1435/585/917 1446/595/928 1434/584/916
f 1436/586/918 1447/596/929 1435/585/917
f 1437/587/920 1448/597/930 1436/586/918
f 1438/598/931 1449/599/932 1437/587/920
f 1452/600/933 1439/601/934 1440/588/921
f 1453/602/935 1440/588/921 1441/590/923
f 1454/603/936 1441/590/923 1442/591/924
f 1455/604/937 1442/591/924 1443/592/925
f 1456/605/938 1443/592/925 1444/593/926
f 1457/606/939 1444/593/926 1445/594/927
f 1446/595/928 1457/606/939 1445/594/927
f 1447/596/929 1458/607/940 1446/595/928
f 1448/597/930 1459/608/941 1447/596/929
f 1449/599/932 1460/609/942 1448/597/930
f 1450/610/943 1461/611/944 1449/599/932
f 1452/600/933 1463/625/945 1451/613/946
f 1453/602/935 1464/612/947 1452/600/933
f 1454/603/936 1465/614/948 1453/602/935
f 1455/604/937 1466/615/949 1454/603/936
f 1468/617/950 1455/604/937 1456/605/938
f 1469/618/951 1456/605/938 1457/606/939
f 1470/619/952 1457/606/939 1458/607/940
f 1471/620/953 1458/607/940 1459/608/941
f 1472/621/954 1459/608/941 1460/609/942
f 1473/623/955 1460/609/942 1461/611/944
f 1474/634/956 1461/611/944 1462/622/957
f 1464/612/947 1475/39/958 1463/625/945
f 1465/614/948 1476/624/959 1464/612/947
f 1466/615/949 1477/626/960 1465/614/948
f 1467/616/961 1478/627/962 1466/615/949
f 1468/617/950 1479/628/963 1467/616/961
f 1481/630/964 1468/617/950 1469/618/951
f 1482/631/965 1469/618/951 1470/619/952
f 1483/632/966 1470/619/952 1471/620/953
f 1484/633/967 1471/620/953 1472/621/954
f 1485/635/968 1472/621/954 1473/623/955
f 1486/645/969 1473/623/955 1474/634/956
f 1476/624/959 1487/648/970 1475/39/958
f 1477/626/960 1488/636/971 1476/624/959
f 1478/627/962 1489/637/972 1477/626/960
f 1479/628/963 1490/638/973 1478/627/962
f 1480/629/974 1491/639/975 1479/628/963
f 1493/641/976 1480/629/974 1481/630/964
f 1494/642/977 1481/630/964 1482/631/965
f 1495/643/978 1482/631/965 1483/632/966
f 1496/644/979 1483/632/966 1484/633/967
f 1497/646/980 1484/633/967 1485/635/968
f 1498/657/981 1485/635/968 1486/645/969
f 1488/636/971 1499/660/982 1487/648/970
f 1489/637/972 1500/647/983 1488/636/971
f 1490/638/973 1501/649/984 1489/637/972
f 1491/639/975 1502/650/985 1490/638/973
f 1492/640/986 1503/651/987 1491/639/975
f 1505/653/988 1492/640/986 1493/641/976
f 1506/654/989 1493/641/976 1494/642/977
f 1507/655/990 1494/642/977 1495/643/978
f 1508/656/991 1495/643/978 1496/644/979
f 1509/658/992 1496/644/979 1497/646/980
f 1510/669/993 1497/646/980 1498/657/981
f 1500/647/983 1511/672/146 1499/660/982
f 1501/649/984 1512/659/994 1500/647/983
f 1502/650/985 1513/661/995 1501/649/984
f 1503/651/987 1514/662/996 1502/650/985
f 1504/652/997 1515/663/998 1503/651/987
f 1517/665/999 1504/652/997 1505/653/988
f 1518/666/1000 1505/653/988 1506/654/989
f 1519/667/1001 1506/654/989 1507/655/990
f 1520/668/1002 1507/655/990 1508/656/991
f 1521/670/1003 1508/656/991 1509/658/992
f 1522/683/157 1509/658/992 1510/669/993
f 1524/673/1004 1511/672/146 1512/659/994
f 1525/674/1005 1512/659/994 1513/661/995
f 1526/675/1006 1513/661/995 1514/662/996
f 1527/676/1007 1514/662/996 1515/663/998
f 1528/688/1008 1515/663/998 1516/664/1009
f 1529/677/1010 1516/664/1009 1517/665/999
f 1518/666/1000 1529/677/1010 1517/665/999
f 1519/667/1001 1530/678/1011 1518/666/1000
f 1520/668/1002 1531/679/1012 1519/667/1001
f 1521/670/1003 1532/680/1013 1520/668/1002
f 1522/683/157 1533/681/1014 1521/670/1003
f 1536/685/1015 1523/671/1016 1524/673/1004
f 1537/686/1017 1524/673/1004 1525/674/1005
f 1538/687/1018 1525/674/1005 1526/675/1006
f 1539/689/1019 1526/675/1006 1527/676/1007
f 1540/700/1020 1527/676/1007 1528/688/1008
f 1541/690/1021 1528/688/1008 1529/677/1010
f 1530/678/1011 1541/690/1021 1529/677/1010
f 1531/679/1012 1542/691/1022 1530/678/1011
f 1532/680/1013 1543/692/1023 1531/679/1012
f 1533/681/1014 1544/693/1024 1532/680/1013
f 1534/682/1025 1545/694/1026 1533/681/1014
f 1548/697/1027 1535/684/1028 1536/685/1015
f 1549/698/1029 1536/685/1015 1537/686/1017
f 1550/699/1030 1537/686/1017 1538/687/1018
f 1551/701/1031 1538/687/1018 1539/689/1019
f 1552/712/1032 1539/689/1019 1540/700/1020
f 1553/702/1033 1540/700/1020 1541/690/1021
f 1542/691/1022 1553/702/1033 1541/690/1021
f 1543/692/1023 1554/703/1034 1542/691/1022
f 1544/693/1024 1555/704/1035 1543/692/1023
f 1545/694/1026 1556/705/1036 1544/693/1024
f 1546/695/1037 1557/706/1038 1545/694/1026
f 1560/709/1039 1547/696/1040 1548/697/1027
f 1561/710/1041 1548/697/1027 1549/698/1029
f 1562/711/1042 1549/698/1029 1550/699/1030
f 1563/713/1043 1550/699/1030 1551/701/1031
f 1564/723/1044 1551/701/1031 1552/712/1032
f 1565/714/1045 1552/712/1032 1553/702/1033
f 1554/703/1034 1565/714/1045 1553/702/1033
f 1555/704/1035 1566/715/1046 1554/703/1034
f 1556/705/1036 1567/716/1047 1555/704/1035
f 1557/706/1038 1568/717/1048 1556/705/1036
f 1558/707/1049 1569/718/1050 1557/706/1038
f 1572/720/1051 1559/708/1052 1560/709/1039
f 1573/721/1053 1560/709/1039 1561/710/1041
f 1574/722/1054 1561/710/1041 1562/711/1042
f 1575/724/1055 1562/711/1042 1563/713/1043
f 1564/723/1044 1575/724/1055 1563/713/1043
f 1577/725/1056 1564/723/1044 1565/714/1045
f 1578/726/1057 1565/714/1045 1566/715/1046
f 1567/716/1047 1578/726/1057 1566/715/1046
f 1568/717/1048 1579/727/1058 1567/716/1047
f 1569/718/1050 1580/728/1059 1568/717/1048
f 1570/719/1060 1581/729/1061 1569/718/1050
f 1572/720/1051 1583/731/1062 1571/50/1063
f 1573/721/1053 1584/732/1064 1572/720/1051
f 1574/722/1054 1585/733/1065 1573/721/1053
f 1575/724/1055 1586/734/1066 1574/722/1054
f 1576/735/1067 1587/736/1068 1575/724/1055
f 1589/737/1069 1576/735/1067 1577/725/1056
f 1590/738/1070 1577/725/1056 1578/726/1057
f 1591/739/1071 1578/726/1057 1579/727/1058
f 1592/740/1072 1579/727/1058 1580/728/1059
f 1593/741/1073 1580/728/1059 1581/729/1061
f 1594/742/1074 1581/729/1061 1582/730/1075
f 1584/732/1064 1595/743/1076 1583/731/1062
f 1585/733/1065 1596/744/1077 1584/732/1064
f 1586/734/1066 1597/745/1078 1585/733/1065
f 1587/736/1068 1598/746/1079 1586/734/1066
f 1588/747/1080 1599/748/1081 1587/736/1068
f 1601/749/1082 1588/747/1080 1589/737/1069
f 1602/750/1083 1589/737/1069 1590/738/1070
f 1603/751/1084 1590/738/1070 1591/739/1071
f 1604/752/1085 1591/739/1071 1592/740/1072
f 1605/753/1086 1592/740/1072 1593/741/1073
f 1606/754/1087 1593/741/1073 1594/742/1074
f 1596/744/1077 1607/766/1088 1595/743/1076
f 1597/745/1078 1608/755/1089 1596/744/1077
f 1598/746/1079 1609/756/1090 1597/745/1078
f 1599/748/1081 1610/757/1091 1598/746/1079
f 1600/759/1092 1611/758/1093 1599/748/1081
f 1613/760/1094 1600/759/1092 1601/749/1082
f 1614/761/1095 1601/749/1082 1602/750/1083
f 1615/762/1096 1602/750/1083 1603/751/1084
f 1616/763/1097 1603/751/1084 1604/752/1085
f 1617/764/1098 1604/752/1085 1605/753/1086
f 1618/776/1099 1605/753/1086 1606/754/1087
f 1608/755/1089 1619/779/1100 1607/766/1088
f 1609/756/1090 1620/765/1101 1608/755/1089
f 1610/757/1091 1621/767/1102 1609/756/1090
f 1611/758/1093 1622/768/1103 1610/757/1091
f 1612/771/1104 1623/769/1105 1611/758/1093
f 1625/772/1106 1612/771/1104 1613/760/1094
f 1626/773/1107 1613/760/1094 1614/761/1095
f 1627/774/1108 1614/761/1095 1615/762/1096
f 1628/775/1109 1615/762/1096 1616/763/1097
f 1629/777/1110 1616/763/1097 1617/764/1098
f 1630/788/1111 1617/764/1098 1618/776/1099
f 1620/765/1101 1631/791/1112 1619/779/1100
f 1621/767/1102 1632/778/1113 1620/765/1101
f 1622/768/1103 1633/780/1114 1621/767/1102
f 1623/769/1105 1634/781/1115 1622/768/1103
f 1624/770/1116 1635/782/1117 1623/769/1105
f 1637/784/1118 1624/770/1116 1625/772/1106
f 1638/785/1119 1625/772/1106 1626/773/1107
f 1639/786/1120 1626/773/1107 1627/774/1108
f 1640/787/1121 1627/774/1108 1628/775/1109
f 1641/789/1122 1628/775/1109 1629/777/1110
f 1642/800/1123 1629/777/1110 1630/788/1111
f 1632/778/1113 1643/803/1124 1631/791/1112
f 1633/780/1114 1644/790/1125 1632/778/1113
f 1634/781/1115 1645/792/1126 1633/780/1114
f 1635/782/1117 1646/793/1127 1634/781/1115
f 1636/783/1128 1647/794/1129 1635/782/1117
f 1649/796/1130 1636/783/1128 1637/784/1118
f 1650/797/1131 1637/784/1118 1638/785/1119
f 1651/798/1132 1638/785/1119 1639/786/1120
f 1652/799/1133 1639/786/1120 1640/787/1121
f 1653/801/1134 1640/787/1121 1641/789/1122
f 1654/812/1135 1641/789/1122 1642/800/1123
f 1644/790/1125 1655/814/1136 1643/803/1124
f 1645/792/1126 1656/802/1137 1644/790/1125
f 1646/793/1127 1657/804/1138 1645/792/1126
f 1647/794/1129 1658/805/1139 1646/793/1127
f 1648/795/1140 1659/806/1141 1647/794/1129
f 1661/808/1142 1648/795/1140 1649/796/1130
f 1662/809/1143 1649/796/1130 1650/797/1131
f 1663/810/1144 1650/797/1131 1651/798/1132
f 1664/811/1145 1651/798/1132 1652/799/1133
f 1665/813/1146 1652/799/1133 1653/801/1134
f 1666/825/1147 1653/801/1134 1654/812/1135
f 1092/815/581 1655/814/1136 1656/802/1137
f 1093/816/583 1656/802/1137 1657/804/1138
f 1094/817/585 1657/804/1138 1658/805/1139
f 1095/818/587 1658/805/1139 1659/806/1141
f 1096/826/589 1659/806/1141 1660/807/1148
f 1097/819/591 1660/807/1148 1661/808/1142
f 1662/809/1143 1097/819/591 1661/808/1142
f 1663/810/1144 1098/820/592 1662/809/1143
f 1664/811/1145 1099/821/593 1663/810/1144
f 1665/813/1146 1100/822/595 1664/811/1145
f 1666/825/1147 1101/823/597 1665/813/1146
f 1680/827/1149 1667/15/1150 1668/246/1151
f 1681/828/1152 1668/246/1151 1669/248/1153
f 1682/829/1154 1669/248/1153 1670/250/1155
f 1683/830/1156 1670/250/1155 1671/252/1157
f 1684/831/1158 1671/252/1157 1672/254/1159
f 1685/832/1160 1672/254/1159 1673/257/1161
f 1674/259/1162 1685/832/1160 1673/257/1161
f 1675/261/1163 1686/833/1164 1674/259/1162
f 1676/263/1165 1687/834/1166 1675/261/1163
f 1677/265/1167 1688/835/1168 1676/263/1165
f 1678/267/1169 1689/836/1170 1677/265/1167
f 1680/827/1149 1691/70/1171 1679/140/1172
f 1681/828/1152 1692/837/1173 1680/827/1149
f 1682/829/1154 1693/838/1174 1681/828/1152
f 1683/830/1156 1694/839/1175 1682/829/1154
f 1684/831/1158 1695/840/1176 1683/830/1156
f 1697/841/1177 1684/831/1158 1685/832/1160
f 1698/842/1178 1685/832/1160 1686/833/1164
f 1699/843/1179 1686/833/1164 1687/834/1166
f 1700/844/1180 1687/834/1166 1688/835/1168
f 1701/845/1181 1688/835/1168 1689/836/1170
f 1702/846/1182 1689/836/1170 1690/847/1183
f 1692/837/1173 1703/69/1184 1691/70/1171
f 1693/838/1174 1704/848/1185 1692/837/1173
f 1694/839/1175 1705/849/1186 1693/838/1174
f 1695/840/1176 1706/850/1187 1694/839/1175
f 1696/851/1188 1707/852/1189 1695/840/1176
f 1709/853/1190 1696/851/1188 1697/841/1177
f 1710/854/1191 1697/841/1177 1698/842/1178
f 1711/855/1192 1698/842/1178 1699/843/1179
f 1712/856/1193 1699/843/1179 1700/844/1180
f 1713/857/1194 1700/844/1180 1701/845/1181
f 1714/858/1195 1701/845/1181 1702/846/1182
f 1716/859/1196 1703/69/1184 1704/848/1185
f 1717/860/1197 1704/848/1185 1705/849/1186
f 1718/861/1198 1705/849/1186 1706/850/1187
f 1719/862/1199 1706/850/1187 1707/852/1189
f 1720/863/1200 1707/852/1189 1708/864/1201
f 1721/865/1202 1708/864/1201 1709/853/1190
f 1710/854/1191 1721/865/1202 1709/853/1190
f 1711/855/1192 1722/866/1203 1710/854/1191
f 1712/856/1193 1723/867/1204 1711/855/1192
f 1713/857/1194 1724/868/1205 1712/856/1193
f 1714/858/1195 1725/869/1206 1713/857/1194
f 1728/870/1207 1715/124/1208 1716/859/1196
f 1729/871/1209 1716/859/1196 1717/860/1197
f 1730/872/1210 1717/860/1197 1718/861/1198
f 1731/873/1211 1718/861/1198 1719/862/1199
f 1732/874/1212 1719/862/1199 1720/863/1200
f 1733/875/1213 1720/863/1200 1721/865/1202
f 1722/866/1203 1733/875/1213 1721/865/1202
f 1723/867/1204 1734/876/1214 1722/866/1203
f 1724/868/1205 1735/877/1215 1723/867/1204
f 1725/869/1206 1736/878/1216 1724/868/1205
f 1726/879/1217 1737/880/1218 1725/869/1206
f 1728/870/1207 1739/73/1219 1727/118/1220
f 1729/871/1209 1740/881/1221 1728/870/1207
f 1730/872/1210 1741/882/1222 1729/871/1209
f 1731/873/1211 1742/883/1223 1730/872/1210
f 1732/874/1212 1743/884/1224 1731/873/1211
f 1745/885/1225 1732/874/1212 1733/875/1213
f 1746/886/1226 1733/875/1213 1734/876/1214
f 1747/887/1227 1734/876/1214 1735/877/1215
f 1748/888/1228 1735/877/1215 1736/878/1216
f 1749/889/1229 1736/878/1216 1737/880/1218
f 1750/890/1230 1737/880/1218 1738/891/1231
f 1668/815/1151 1739/73/1219 1740/881/1221
f 1669/816/1153 1740/881/1221 1741/882/1222
f 1670/817/1155 1741/882/1222 1742/883/1223
f 1671/818/1157 1742/883/1223 1743/884/1224
f 1672/826/1159 1743/884/1224 1744/892/1232
f 1673/819/1161 1744/892/1232 1745/885/1225
f 1746/886/1226 1673/819/1161 1745/885/1225
f 1747/887/1227 1674/820/1162 1746/886/1226
f 1748/888/1228 1675/821/1163 1747/887/1227
f 1749/889/1229 1676/822/1165 1748/888/1228
f 1750/890/1230 1677/823/1167 1749/889/1229
f 1752/246/1233 1763/893/1234 1751/15/1235
f 1753/248/1236 1764/894/1237 1752/246/1233
f 1754/250/1238 1765/895/1239 1753/248/1236
f 1755/252/1240 1766/896/1241 1754/250/1238
f 1756/254/1242 1767/897/1243 1755/252/1240
f 1769/898/1244 1756/254/1242 1757/257/1245
f 1770/899/1246 1757/257/1245 1758/259/1247
f 1771/900/1248 1758/259/1247 1759/261/1249
f 1772/901/1250 1759/261/1249 1760/263/1251
f 1773/902/1252 1760/263/1251 1761/265/1253
f 1774/903/1254 1761/265/1253 1762/267/1255
f 1764/894/1237 1775/904/1256 1763/893/1234
f 1765/895/1239 1776/905/1257 1764/894/1237
f 1766/896/1241 1777/906/1258 1765/895/1239
f 1767/897/1243 1778/907/1259 1766/896/1241
f 1768/908/1260 1779/909/1261 1767/897/1243
f 1781/910/1262 1768/908/1260 1769/898/1244
f 1782/911/1263 1769/898/1244 1770/899/1246
f 1783/912/1264 1770/899/1246 1771/900/1248
f 1784/913/1265 1771/900/1248 1772/901/1250
f 1785/914/1266 1772/901/1250 1773/902/1252
f 1786/915/1267 1773/902/1252 1774/903/1254
f 1776/905/1257 1787/916/1268 1775/904/1256
f 1777/906/1258 1788/917/1269 1776/905/1257
f 1778/907/1259 1789/918/1270 1777/906/1258
f 1779/909/1261 1790/919/1271 1778/907/1259
f 1780/920/1272 1791/921/1273 1779/909/1261
f 1793/922/1274 1780/920/1272 1781/910/1262
f 1794/923/1275 1781/910/1262 1782/911/1263
f 1795/924/1276 1782/911/1263 1783/912/1264
f 1796/925/1277 1783/912/1264 1784/913/1265
f 1797/926/1278 1784/913/1265 1785/914/1266
f 1798/927/1279 1785/914/1266 1786/915/1267
f 1788/917/1269 1799/928/1280 1787/916/1268
f 1789/918/1270 1800/929/1281 1788/917/1269
f 1790/919/1271 1801/930/1282 1789/918/1270
f 1791/921/1273 1802/931/1283 1790/919/1271
f 1792/932/1284 1803/933/1285 1791/921/1273
f 1805/934/1286 1792/932/1284 1793/922/1274
f 1806/935/1287 1793/922/1274 1794/923/1275
f 1807/936/1288 1794/923/1275 1795/924/1276
f 1808/937/1289 1795/924/1276 1796/925/1277
f 1809/938/1290 1796/925/1277 1797/926/1278
f 1810/939/1291 1797/926/1278 1798/927/1279
f 1800/929/1281 1811/940/1292 1799/928/1280
f 1801/930/1282 1812/941/1293 1800/929/1281
f 1802/931/1283 1813/942/1294 1801/930/1282
f 1803/933/1285 1814/943/1295 1802/931/1283
f 1804/944/1296 1815/945/1297 1803/933/1285
f 1817/946/1298 1804/944/1296 1805/934/1286
f 1818/947/1299 1805/934/1286 1806/935/1287
f 1819/948/1300 1806/935/1287 1807/936/1288
f 1820/949/1301 1807/936/1288 1808/937/1289
f 1821/950/1302 1808/937/1289 1809/938/1290
f 1822/951/1303 1809/938/1290 1810/939/1291
f 1824/952/1304 1811/940/1292 1812/941/1293
f 1825/953/1305 1812/941/1293 1813/942/1294
f 1826/954/1306 1813/942/1294 1814/943/1295
f 1827/955/1307 1814/943/1295 1815/945/1297
f 1828/956/1308 1815/945/1297 1816/957/1309
f 1829/958/1310 1816/957/1309 1817/946/1298
f 1818/947/1299 1829/958/1310 1817/946/1298
f 1819/948/1300 1830/959/1311 1818/947/1299
f 1820/949/1301 1831/960/1312 1819/948/1300
f 1821/950/1302 1832/961/1313 1820/949/1301
f 1822/951/1303 1833/962/1314 1821/950/1302
f 1836/963/1315 1823/964/1316 1824/952/1304
f 1837/965/1317 1824/952/1304 1825/953/1305
f 1838/966/1318 1825/953/1305 1826/954/1306
f 1839/967/1319 1826/954/1306 1827/955/1307
f 1840/968/1320 1827/955/1307 1828/956/1308
f 1841/969/1321 1828/956/1308 1829/958/1310
f 1830/959/1311 1841/969/1321 1829/958/1310
f 1831/960/1312 1842/970/1322 1830/959/1311
f 1832/961/1313 1843/971/1323 1831/960/1312
f 1833/962/1314 1844/972/1324 1832/961/1313
f 1834/973/1325 1845/974/1326 1833/962/1314
f 1848/975/1327 1835/976/1328 1836/963/1315
f 1849/977/1329 1836/963/1315 1837/965/1317
f 1850/978/1330 1837/965/1317 1838/966/1318
f 1851/979/1331 1838/966/1318 1839/967/1319
f 1852/980/1332 1839/967/1319 1840/968/1320
f 1853/981/1333 1840/968/1320 1841/969/1321
f 1842/970/1322 1853/981/1333 1841/969/1321
f 1843/971/1323 1854/982/1334 1842/970/1322
f 1844/972/1324 1855/983/1335 1843/971/1323
f 1845/974/1326 1856/984/1336 1844/972/1324
f 1846/985/1337 1857/986/1338 1845/974/1326
f 1860/987/1339 1847/988/1340 1848/975/1327
f 1861/989/1341 1848/975/1327 1849/977/1329
f 1862/990/1342 1849/977/1329 1850/978/1330
f 1863/991/1343 1850/978/1330 1851/979/1331
f 1864/992/1344 1851/979/1331 1852/980/1332
f 1865/993/1345 1852/980/1332 1853/981/1333
f 1854/982/1334 1865/993/1345 1853/981/1333
f 1855/983/1335 1866/994/1346 1854/982/1334
f 1856/984/1336 1867/995/1347 1855/983/1335
f 1857/986/1338 1868/996/1348 1856/984/1336
f 1858/997/1349 1869/998/1350 1857/986/1338
f 1872/999/1351 1859/1000/1352 1860/987/1339
f 1873/1001/1353 1860/987/1339 1861/989/1341
f 1874/1002/1354 1861/989/1341 1862/990/1342
f 1875/1003/1355 1862/990/1342 1863/991/1343
f 1876/1004/1356 1863/991/1343 1864/992/1344
f 1877/1005/1357 1864/992/1344 1865/993/1345
f 1866/994/1346 1877/1005/1357 1865/993/1345
f 1867/995/1347 1878/1006/1358 1866/994/1346
f 1868/996/1348 1879/1007/1359 1867/995/1347
f 1869/998/1350 1880/1008/1360 1868/996/1348
f 1870/1009/1361 1881/1010/1362 1869/998/1350
f 1872/999/1351 1883/1011/1363 1871/1012/1364
f 1873/1001/1353 1884/1013/1365 1872/999/1351
f 1874/1002/1354 1885/1014/1366 1873/1001/1353
f 1875/1003/1355 1886/1015/1367 1874/1002/1354
f 1876/1004/1356 1887/1016/1368 1875/1003/1355
f 1889/1017/1369 1876/1004/1356 1877/1005/1357
f 1890/1018/1370 1877/1005/1357 1878/1006/1358
f 1891/1019/1371 1878/1006/1358 1879/1007/1359
f 1892/1020/1372 1879/1007/1359 1880/1008/1360
f 1893/1021/1373 1880/1008/1360 1881/1010/1362
f 1894/1022/1374 1881/1010/1362 1882/1023/1375
f 1884/1013/1365 1895/1024/1376 1883/1011/1363
f 1885/1014/1366 1896/1025/1377 1884/1013/1365
f 1886/1015/1367 1897/1026/1378 1885/1014/1366
f 1887/1016/1368 1898/1027/1379 1886/1015/1367
f 1888/1028/1380 1899/1029/1381 1887/1016/1368
f 1901/1030/1382 1888/1028/1380 1889/1017/1369
f 1902/1031/1383 1889/1017/1369 1890/1018/1370
f 1903/1032/1384 1890/1018/1370 1891/1019/1371
f 1904/1033/1385 1891/1019/1371 1892/1020/1372
f 1905/1034/1386 1892/1020/1372 1893/1021/1373
f 1906/1035/1387 1893/1021/1373 1894/1022/1374
f 1896/1025/1377 1907/1036/1388 1895/1024/1376
f 1897/1026/1378 1908/1037/1389 1896/1025/1377
f 1898/1027/1379 1909/1038/1390 1897/1026/1378
f 1899/1029/1381 1910/1039/1391 1898/1027/1379
f 1900/1040/1392 1911/1041/1393 1899/1029/1381
f 1913/1042/1394 1900/1040/1392 1901/1030/1382
f 1914/1043/1395 1901/1030/1382 1902/1031/1383
f 1915/1044/1396 1902/1031/1383 1903/1032/1384
f 1916/1045/1397 1903/1032/1384 1904/1033/1385
f 1917/1046/1398 1904/1033/1385 1905/1034/1386
f 1918/1047/1399 1905/1034/1386 1906/1035/1387
f 1908/1037/1389 1919/1048/1400 1907/1036/1388
f 1909/1038/1390 1920/1049/1401 1908/1037/1389
f 1910/1039/1391 1921/1050/1402 1909/1038/1390
f 1911/1041/1393 1922/1051/1403 1910/1039/1391
f 1912/1052/1404 1923/1053/1405 1911/1041/1393
f 1925/1054/1406 1912/1052/1404 1913/1042/1394
f 1926/1055/1407 1913/1042/1394 1914/1043/1395
f 1927/1056/1408 1914/1043/1395 1915/1044/1396
f 1928/1057/1409 1915/1044/1396 1916/1045/1397
f 1929/1058/1410 1916/1045/1397 1917/1046/1398
f 1930/1059/1411 1917/1046/1398 1918/1047/1399
f 1932/1060/1412 1919/1048/1400 1920/1049/1401
f 1933/1061/1413 1920/1049/1401 1921/1050/1402
f 1934/1062/1414 1921/1050/1402 1922/1051/1403
f 1935/1063/1415 1922/1051/1403 1923/1053/1405
f 1936/1064/1416 1923/1053/1405 1924/1065/1417
f 1937/1066/1418 1924/1065/1417 1925/1054/1406
f 1926/1055/1407 1937/1066/1418 1925/1054/1406
f 1927/1056/1408 1938/1067/1419 1926/1055/1407
f 1928/1057/1409 1939/1068/1420 1927/1056/1408
f 1929/1058/1410 1940/1069/1421 1928/1057/1409
f 1930/1059/1411 1941/1070/1422 1929/1058/1410
f 1944/1071/1423 1931/1072/1424 1932/1060/1412
f 1945/1073/1425 1932/1060/1412 1933/1061/1413
f 1946/1074/1426 1933/1061/1413 1934/1062/1414
f 1947/1075/1427 1934/1062/1414 1935/1063/1415
f 1948/1076/1428 1935/1063/1415 1936/1064/1416
f 1949/1077/1429 1936/1064/1416 1937/1066/1418
f 1938/1067/1419 1949/1077/1429 1937/1066/1418
f 1939/1068/1420 1950/1078/1430 1938/1067/1419
f 1940/1069/1421 1951/1079/1431 1939/1068/1420
f 1941/1070/1422 1952/1080/1432 1940/1069/1421
f 1942/1081/1433 1953/1082/1434 1941/1070/1422
f 1956/1083/1435 1943/1084/1436 1944/1071/1423
f 1957/1085/1437 1944/1071/1423 1945/1073/1425
f 1958/1086/1438 1945/1073/1425 1946/1074/1426
f 1959/1087/1439 1946/1074/1426 1947/1075/1427
f 1960/1088/1440 1947/1075/1427 1948/1076/1428
f 1961/1089/1441 1948/1076/1428 1949/1077/1429
f 1950/1078/1430 1961/1089/1441 1949/1077/1429
f 1951/1079/1431 1962/1090/1442 1950/1078/1430
f 1952/1080/1432 1963/1091/1443 1951/1079/1431
f 1953/1082/1434 1964/1092/1444 1952/1080/1432
f 1954/1093/1445 1965/1094/1446 1953/1082/1434
f 1968/1095/1447 1955/1096/1448 1956/1083/1435
f 1969/1097/1449 1956/1083/1435 1957/1085/1437
f 1970/1098/1450 1957/1085/1437 1958/1086/1438
f 1971/1099/1451 1958/1086/1438 1959/1087/1439
f 1972/1100/1452 1959/1087/1439 1960/1088/1440
f 1973/1101/1453 1960/1088/1440 1961/1089/1441
f 1962/1090/1442 1973/1101/1453 1961/1089/1441
f 1963/1091/1443 1974/1102/1454 1962/1090/1442
f 1964/1092/1444 1975/1103/1455 1963/1091/1443
f 1965/1094/1446 1976/1104/1456 1964/1092/1444
f 1966/1105/1457 1977/1106/1458 1965/1094/1446
f 1980/1107/1459 1967/1108/1460 1968/1095/1447
f 1981/1109/1461 1968/1095/1447 1969/1097/1449
f 1982/1110/1462 1969/1097/1449 1970/1098/1450
f 1983/1111/1463 1970/1098/1450 1971/1099/1451
f 1984/1112/1464 1971/1099/1451 1972/1100/1452
f 1985/1113/1465 1972/1100/1452 1973/1101/1453
f 1974/1102/1454 1985/1113/1465 1973/1101/1453
f 1975/1103/1455 1986/1114/1466 1974/1102/1454
f 1976/1104/1456 1987/1115/1467 1975/1103/1455
f 1977/1106/1458 1988/1116/1468 1976/1104/1456
f 1978/1117/1469 1989/1118/1470 1977/1106/1458
f 1992/1119/1471 1979/1120/1472 1980/1107/1459
f 1993/1121/1473 1980/1107/1459 1981/1109/1461
f 1994/1122/1474 1981/1109/1461 1982/1110/1462
f 1995/1123/1475 1982/1110/1462 1983/1111/1463
f 1996/1124/1476 1983/1111/1463 1984/1112/1464
f 1997/1125/1477 1984/1112/1464 1985/1113/1465
f 1986/1114/1466 1997/1125/1477 1985/1113/1465
f 1987/1115/1467 1998/1126/1478 1986/1114/1466
f 1988/1116/1468 1999/1127/1479 1987/1115/1467
f 1989/1118/1470 2000/1128/1480 1988/1116/1468
f 1990/1129/1481 2001/1130/1482 1989/1118/1470
f 2004/1131/1483 1991/1132/1484 1992/1119/1471
f 2005/1133/1485 1992/1119/1471 1993/1121/1473
f 2006/1134/1486 1993/1121/1473 1994/1122/1474
f 2007/1135/1487 1994/1122/1474 1995/1123/1475
f 2008/1136/1488 1995/1123/1475 1996/1124/1476
f 2009/1137/1489 1996/1124/1476 1997/1125/1477
f 1998/1126/1478 2009/1137/1489 1997/1125/1477
f 1999/1127/1479 2010/1138/1490 1998/1126/1478
f 2000/1128/1480 2011/1139/1491 1999/1127/1479
f 2001/1130/1482 2012/1140/1492 2000/1128/1480
f 2002/1141/1493 2013/1142/1494 2001/1130/1482
f 2016/1143/1495 2003/1144/1496 2004/1131/1483
f 2017/1145/1497 2004/1131/1483 2005/1133/1485
f 2018/1146/1498 2005/1133/1485 2006/1134/1486
f 2019/1147/1499 2006/1134/1486 2007/1135/1487
f 2020/1148/1500 2007/1135/1487 2008/1136/1488
f 2021/1149/1501 2008/1136/1488 2009/1137/1489
f 2010/1138/1490 2021/1149/1501 2009/1137/1489
f 2011/1139/1491 2022/1150/1502 2010/1138/1490
f 2012/1140/1492 2023/1151/1503 2011/1139/1491
f 2013/1142/1494 2024/1152/1504 2012/1140/1492
f 2014/1153/1505 2025/1154/1506 2013/1142/1494
f 2028/1155/1507 2015/1156/1508 2016/1143/1495
f 2029/1157/1509 2016/1143/1495 2017/1145/1497
f 2030/1158/1510 2017/1145/1497 2018/1146/1498
f 2031/1159/1511 2018/1146/1498 2019/1147/1499
f 2032/1160/1512 2019/1147/1499 2020/1148/1500
f 2033/1161/1513 2020/1148/1500 2021/1149/1501
f 2022/1150/1502 2033/1161/1513 2021/1149/1501
f 2023/1151/1503 2034/1162/1514 2022/1150/1502
f 2024/1152/1504 2035/1163/1515 2023/1151/1503
f 2025/1154/1506 2036/1164/1516 2024/1152/1504
f 2026/1165/1517 2037/1166/1518 2025/1154/1506
f 2028/1155/1507 2039/1167/1519 2027/1168/1520
f 2029/1157/1509 2040/1169/1521 2028/1155/1507
f 2030/1158/1510 2041/1170/1522 2029/1157/1509
f 2031/1159/1511 2042/1171/1523 2030/1158/1510
f 2032/1160/1512 2043/1172/1524 2031/1159/1511
f 2045/1173/1525 2032/1160/1512 2033/1161/1513
f 2046/1174/1526 2033/1161/1513 2034/1162/1514
f 2047/1175/1527 2034/1162/1514 2035/1163/1515
f 2048/1176/1528 2035/1163/1515 2036/1164/1516
f 2049/1177/1529 2036/1164/1516 2037/1166/1518
f 2050/1178/1530 2037/1166/1518 2038/1179/1531
f 2040/1169/1521 2051/1180/1532 2039/1167/1519
f 2041/1170/1522 2052/1181/1533 2040/1169/1521
f 2042/1171/1523 2053/1182/1534 2041/1170/1522
f 2043/1172/1524 2054/1183/1535 2042/1171/1523
f 2044/1184/1536 2055/1185/1537 2043/1172/1524
f 2057/1186/1538 2044/1184/1536 2045/1173/1525
f 2058/1187/1539 2045/1173/1525 2046/1174/1526
f 2059/1188/1540 2046/1174/1526 2047/1175/1527
f 2060/1189/1541 2047/1175/1527 2048/1176/1528
f 2061/1190/1542 2048/1176/1528 2049/1177/1529
f 2062/1191/1543 2049/1177/1529 2050/1178/1530
f 2052/1181/1533 2063/1192/1544 2051/1180/1532
f 2053/1182/1534 2064/1193/1545 2052/1181/1533
f 2054/1183/1535 2065/1194/1546 2053/1182/1534
f 2055/1185/1537 2066/1195/1547 2054/1183/1535
f 2056/1196/1548 2067/1197/1549 2055/1185/1537
f 2069/1198/1550 2056/1196/1548 2057/1186/1538
f 2070/1199/1551 2057/1186/1538 2058/1187/1539
f 2071/1200/1552 2058/1187/1539 2059/1188/1540
f 2072/1201/1553 2059/1188/1540 2060/1189/1541
f 2073/1202/1554 2060/1189/1541 2061/1190/1542
f 2074/1203/1555 2061/1190/1542 2062/1191/1543
f 2064/1193/1545 2075/1204/1556 2063/1192/1544
f 2065/1194/1546 2076/1205/1557 2064/1193/1545
f 2066/1195/1547 2077/1206/1558 2065/1194/1546
f 2067/1197/1549 2078/1207/1559 2066/1195/1547
f 2068/1208/1560 2079/1209/1561 2067/1197/1549
f 2081/1210/1562 2068/1208/1560 2069/1198/1550
f 2082/1211/1563 2069/1198/1550 2070/1199/1551
f 2083/1212/1564 2070/1199/1551 2071/1200/1552
f 2084/1213/1565 2071/1200/1552 2072/1201/1553
f 2085/1214/1566 2072/1201/1553 2073/1202/1554
f 2086/1215/1567 2073/1202/1554 2074/1203/1555
f 2076/1205/1557 2087/1216/1568 2075/1204/1556
f 2077/1206/1558 2088/1217/1569 2076/1205/1557
f 2078/1207/1559 2089/1218/1570 2077/1206/1558
f 2079/1209/1561 2090/1219/1571 2078/1207/1559
f 2080/1220/1572 2091/1221/1573 2079/1209/1561
f 2093/1222/1574 2080/1220/1572 2081/1210/1562
f 2094/1223/1575 2081/1210/1562 2082/1211/1563
f 2095/1224/1576 2082/1211/1563 2083/1212/1564
f 2096/1225/1577 2083/1212/1564 2084/1213/1565
f 2097/1226/1578 2084/1213/1565 2085/1214/1566
f 2098/1227/1579 2085/1214/1566 2086/1215/1567
f 2088/1217/1569 2099/1228/1580 2087/1216/1568
f 2089/1218/1570 2100/1229/1581 2088/1217/1569
f 2090/1219/1571 2101/1230/1582 2089/1218/1570
f 2091/1221/1573 2102/1231/1583 2090/1219/1571
f 2092/1232/1584 2103/1233/1585 2091/1221/1573
f 2105/1234/1586 2092/1232/1584 2093/1222/1574
f 2106/1235/1587 2093/1222/1574 2094/1223/1575
f 2107/1236/1588 2094/1223/1575 2095/1224/1576
f 2108/1237/1589 2095/1224/1576 2096/1225/1577
f 2109/1238/1590 2096/1225/1577 2097/1226/1578
f 2110/1239/1591 2097/1226/1578 2098/1227/1579
f 2100/1229/1581 2111/1240/1592 2099/1228/1580
f 2101/1230/1582 2112/1241/1593 2100/1229/1581
f 2102/1231/1583 2113/1242/1594 2101/1230/1582
f 2103/1233/1585 2114/1243/1595 2102/1231/1583
f 2104/1244/1596 2115/1245/1597 2103/1233/1585
f 2117/1246/1598 2104/1244/1596 2105/1234/1586
f 2118/1247/1599 2105/1234/1586 2106/1235/1587
f 2119/1248/1600 2106/1235/1587 2107/1236/1588
f 2120/1249/1601 2107/1236/1588 2108/1237/1589
f 2121/1250/1602 2108/1237/1589 2109/1238/1590
f 2122/1251/1603 2109/1238/1590 2110/1239/1591
f 2112/1241/1593 2123/1252/1604 2111/1240/1592
f 2125/1253/1605 2112/1241/1593 2113/1242/1594
f 2114/1243/1595 2125/1253/1605 2113/1242/1594
f 2127/1254/1606 2114/1243/1595 2115/1245/1597
f 2128/1255/1607 2115/1245/1597 2116/1256/1608
f 2129/1257/1609 2116/1256/1608 2117/1246/1598
f 2130/1258/1610 2117/1246/1598 2118/1247/1599
f 2119/1248/1600 2130/1258/1610 2118/1247/1599
f 2132/1259/1611 2119/1248/1600 2120/1249/1601
f 2121/1250/1602 2132/1259/1611 2120/1249/1601
f 2134/1260/1612 2121/1250/1602 2122/1251/1603
f 2136/1261/1613 2123/1252/1604 2124/1262/1614
f 2137/1263/1615 2124/1262/1614 2125/1253/1605
f 2138/1264/1616 2125/1253/1605 2126/1265/1617
f 2139/1266/1618 2126/1265/1617 2127/1254/1606
f 2140/1267/1619 2127/1254/1606 2128/1255/1607
f 2141/1268/1620 2128/1255/1607 2129/1257/1609
f 2130/1258/1610 2141/1268/1620 2129/1257/1609
f 2131/1269/1621 2142/1270/1622 2130/1258/1610
f 2132/1259/1611 2143/1271/1623 2131/1269/1621
f 2133/1272/1624 2144/1273/1625 2132/1259/1611
f 2134/1260/1612 2145/1274/1626 2133/1272/1624
f 2148/1275/1627 2135/1276/1628 2136/1261/1613
f 2149/1277/1629 2136/1261/1613 2137/1263/1615
f 2150/1278/1630 2137/1263/1615 2138/1264/1616
f 2151/1279/1631 2138/1264/1616 2139/1266/1618
f 2152/1280/1632 2139/1266/1618 2140/1267/1619
f 2153/1281/1633 2140/1267/1619 2141/1268/1620
f 2142/1270/1622 2153/1281/1633 2141/1268/1620
f 2143/1271/1623 2154/1282/1634 2142/1270/1622
f 2144/1273/1625 2155/1283/1635 2143/1271/1623
f 2145/1274/1626 2156/1284/1636 2144/1273/1625
f 2146/1285/1637 2157/1286/1638 2145/1274/1626
f 2160/1287/1639 2147/1288/1640 2148/1275/1627
f 2161/1289/1641 2148/1275/1627 2149/1277/1629
f 2162/1290/1642 2149/1277/1629 2150/1278/1630
f 2163/1291/1643 2150/1278/1630 2151/1279/1631
f 2164/1292/1644 2151/1279/1631 2152/1280/1632
f 2165/1293/1645 2152/1280/1632 2153/1281/1633
f 2154/1282/1634 2165/1293/1645 2153/1281/1633
f 2155/1283/1635 2166/1294/1646 2154/1282/1634
f 2156/1284/1636 2167/1295/1647 2155/1283/1635
f 2157/1286/1638 2168/1296/1648 2156/1284/1636
f 2158/1297/1649 2169/1298/1650 2157/1286/1638
f 2172/1299/1651 2159/1300/1652 2160/1287/1639
f 2173/1301/1653 2160/1287/1639 2161/1289/1641
f 2174/1302/1654 2161/1289/1641 2162/1290/1642
f 2175/1303/1655 2162/1290/1642 2163/1291/1643
f 2176/1304/1656 2163/1291/1643 2164/1292/1644
f 2177/1305/1657 2164/1292/1644 2165/1293/1645
f 2166/1294/1646 2177/1305/1657 2165/1293/1645
f 2167/1295/1647 2178/1306/1658 2166/1294/1646
f 2168/1296/1648 2179/1307/1659 2167/1295/1647
f 2169/1298/1650 2180/1308/1660 2168/1296/1648
f 2170/1309/1661 2181/1310/1662 2169/1298/1650
f 2172/1299/1651 2183/1311/1663 2171/1312/1664
f 2173/1301/1653 2184/1313/1665 2172/1299/1651
f 2174/1302/1654 2185/1314/1666 2173/1301/1653
f 2175/1303/1655 2186/1315/1667 2174/1302/1654
f 2176/1304/1656 2187/1316/1668 2175/1303/1655
f 2189/1317/1669 2176/1304/1656 2177/1305/1657
f 2190/1318/1670 2177/1305/1657 2178/1306/1658
f 2191/1319/1671 2178/1306/1658 2179/1307/1659
f 2192/1320/1672 2179/1307/1659 2180/1308/1660
f 2193/1321/1673 2180/1308/1660 2181/1310/1662
f 2194/1322/1674 2181/1310/1662 2182/1323/1675
f 2184/1313/1665 2195/35/1676 2183/1311/1663
f 2185/1314/1666 2196/530/1677 2184/1313/1665
f 2186/1315/1667 2197/531/1678 2185/1314/1666
f 2187/1316/1668 2198/532/1679 2186/1315/1667
f 2188/1324/1680 2199/533/1681 2187/1316/1668
f 2201/534/1682 2188/1324/1680 2189/1317/1669
f 2202/535/1683 2189/1317/1669 2190/1318/1670
f 2203/536/1684 2190/1318/1670 2191/1319/1671
f 2204/537/1685 2191/1319/1671 2192/1320/1672
f 2205/538/1686 2192/1320/1672 2193/1321/1673
f 2206/539/1687 2193/1321/1673 2194/1322/1674
f 2196/530/1677 2207/1325/1688 2195/35/1676
f 2197/531/1678 2208/1326/1689 2196/530/1677
f 2198/532/1679 2209/1327/1690 2197/531/1678
f 2199/533/1681 2210/1328/1691 2198/532/1679
f 2200/545/1692 2211/1329/1693 2199/533/1681
f 2213/1330/1694 2200/545/1692 2201/534/1682
f 2214/1331/1695 2201/534/1682 2202/535/1683
f 2215/1332/1696 2202/535/1683 2203/536/1684
f 2216/1333/1697 2203/536/1684 2204/537/1685
f 2217/1334/1698 2204/537/1685 2205/538/1686
f 2218/1335/1699 2205/538/1686 2206/539/1687
f 2208/1326/1689 2219/1336/1700 2207/1325/1688
f 2209/1327/1690 2220/1337/1701 2208/1326/1689
f 2210/1328/1691 2221/1338/1702 2209/1327/1690
f 2211/1329/1693 2222/1339/1703 2210/1328/1691
f 2212/1340/1704 2223/1341/1705 2211/1329/1693
f 2225/1342/1706 2212/1340/1704 2213/1330/1694
f 2226/1343/1707 2213/1330/1694 2214/1331/1695
f 2227/1344/1708 2214/1331/1695 2215/1332/1696
f 2228/1345/1709 2215/1332/1696 2216/1333/1697
f 2229/1346/1710 2216/1333/1697 2217/1334/1698
f 2230/1347/1711 2217/1334/1698 2218/1335/1699
f 2220/1337/1701 2231/1348/1712 2219/1336/1700
f 2221/1338/1702 2232/1349/1713 2220/1337/1701
f 2222/1339/1703 2233/1350/1714 2221/1338/1702
f 2223/1341/1705 2234/1351/1715 2222/1339/1703
f 2224/1352/1716 2235/1353/1717 2223/1341/1705
f 2237/1354/1718 2224/1352/1716 2225/1342/1706
f 2238/1355/1719 2225/1342/1706 2226/1343/1707
f 2239/1356/1720 2226/1343/1707 2227/1344/1708
f 2240/1357/1721 2227/1344/1708 2228/1345/1709
f 2241/1358/1722 2228/1345/1709 2229/1346/1710
f 2242/1359/1723 2229/1346/1710 2230/1347/1711
f 2244/1360/1724 2231/1348/1712 2232/1349/1713
f 2245/1361/1725 2232/1349/1713 2233/1350/1714
f 2246/1362/1726 2233/1350/1714 2234/1351/1715
f 2247/1363/1727 2234/1351/1715 2235/1353/1717
f 2248/1364/1728 2235/1353/1717 2236/1365/1729
f 2249/1366/1730 2236/1365/1729 2237/1354/1718
f 2238/1355/1719 2249/1366/1730 2237/1354/1718
f 2239/1356/1720 2250/1367/1731 2238/1355/1719
f 2240/1357/1721 2251/1368/1732 2239/1356/1720
f 2241/1358/1722 2252/1369/1733 2240/1357/1721
f 2242/1359/1723 2253/1370/1734 2241/1358/1722
f 2256/1371/1735 2243/1372/1736 2244/1360/1724
f 2257/1373/1737 2244/1360/1724 2245/1361/1725
f 2258/1374/1738 2245/1361/1725 2246/1362/1726
f 2259/1375/1739 2246/1362/1726 2247/1363/1727
f 2260/1376/1740 2247/1363/1727 2248/1364/1728
f 2261/1377/1741 2248/1364/1728 2249/1366/1730
f 2250/1367/1731 2261/1377/1741 2249/1366/1730
f 2251/1368/1732 2262/1378/1742 2250/1367/1731
f 2252/1369/1733 2263/1379/1743 2251/1368/1732
f 2253/1370/1734 2264/1380/1744 2252/1369/1733
f 2254/1381/1745 2265/1382/1746 2253/1370/1734
f 2268/1383/1747 2255/1384/1748 2256/1371/1735
f 2269/1385/1749 2256/1371/1735 2257/1373/1737
f 2270/1386/1750 2257/1373/1737 2258/1374/1738
f 2271/1387/1751 2258/1374/1738 2259/1375/1739
f 2272/1388/1752 2259/1375/1739 2260/1376/1740
f 2273/1389/1753 2260/1376/1740 2261/1377/1741
f 2262/1378/1742 2273/1389/1753 2261/1377/1741
f 2263/1379/1743 2274/1390/1754 2262/1378/1742
f 2264/1380/1744 2275/1391/1755 2263/1379/1743
f 2265/1382/1746 2276/1392/1756 2264/1380/1744
f 2266/1393/1757 2277/1394/1758 2265/1382/1746
f 2280/1395/1759 2267/1396/1760 2268/1383/1747
f 2281/1397/1761 2268/1383/1747 2269/1385/1749
f 2282/1398/1762 2269/1385/1749 2270/1386/1750
f 2283/1399/1763 2270/1386/1750 2271/1387/1751
f 2284/1400/1764 2271/1387/1751 2272/1388/1752
f 2285/1401/1765 2272/1388/1752 2273/1389/1753
f 2274/1390/1754 2285/1401/1765 2273/1389/1753
f 2275/1391/1755 2286/1402/1766 2274/1390/1754
f 2276/1392/1756 2287/1403/1767 2275/1391/1755
f 2277/1394/1758 2288/1404/1768 2276/1392/1756
f 2278/1405/1769 2289/1406/1770 2277/1394/1758
f 2292/1407/1771 2279/1408/1772 2280/1395/1759
f 2293/1409/1773 2280/1395/1759 2281/1397/1761
f 2294/1410/1774 2281/1397/1761 2282/1398/1762
f 2295/1411/1775 2282/1398/1762 2283/1399/1763
f 2296/1412/1776 2283/1399/1763 2284/1400/1764
f 2297/1413/1777 2284/1400/1764 2285/1401/1765
f 2286/1402/1766 2297/1413/1777 2285/1401/1765
f 2287/1403/1767 2298/1414/1778 2286/1402/1766
f 2288/1404/1768 2299/1415/1779 2287/1403/1767
f 2289/1406/1770 2300/1416/1780 2288/1404/1768
f 2290/1417/1781 2301/1418/1782 2289/1406/1770
f 2304/1419/1783 2291/1420/1784 2292/1407/1771
f 2305/1421/1785 2292/1407/1771 2293/1409/1773
f 2306/1422/1786 2293/1409/1773 2294/1410/1774
f 2307/1423/1787 2294/1410/1774 2295/1411/1775
f 2308/1424/1788 2295/1411/1775 2296/1412/1776
f 2309/1425/1789 2296/1412/1776 2297/1413/1777
f 2298/1414/1778 2309/1425/1789 2297/1413/1777
f 2299/1415/1779 2310/1426/1790 2298/1414/1778
f 2300/1416/1780 2311/1427/1791 2299/1415/1779
f 2301/1418/1782 2312/1428/1792 2300/1416/1780
f 2302/1429/1793 2313/1430/1794 2301/1418/1782
f 2304/1419/1783 2315/1431/1795 2303/1432/1796
f 2305/1421/1785 2316/1433/1797 2304/1419/1783
f 2306/1422/1786 2317/1434/1798 2305/1421/1785
f 2307/1423/1787 2318/1435/1799 2306/1422/1786
f 2308/1424/1788 2319/1436/1800 2307/1423/1787
f 2321/1437/1801 2308/1424/1788 2309/1425/1789
f 2322/1438/1802 2309/1425/1789 2310/1426/1790
f 2323/1439/1803 2310/1426/1790 2311/1427/1791
f 2324/1440/1804 2311/1427/1791 2312/1428/1792
f 2325/1441/1805 2312/1428/1792 2313/1430/1794
f 2326/1442/1806 2313/1430/1794 2314/1443/1807
f 2328/1444/1808 2315/1431/1795 2316/1433/1797
f 2329/1445/1809 2316/1433/1797 2317/1434/1798
f 2330/1446/1810 2317/1434/1798 2318/1435/1799
f 2331/1447/1811 2318/1435/1799 2319/1436/1800
f 2332/1448/1812 2319/1436/1800 2320/1449/1813
f 2333/1450/1814 2320/1449/1813 2321/1437/1801
f 2322/1438/1802 2333/1450/1814 2321/1437/1801
f 2323/1439/1803 2334/1451/1815 2322/1438/1802
f 2324/1440/1804 2335/1452/1816 2323/1439/1803
f 2325/1441/1805 2336/1453/1817 2324/1440/1804
f 2326/1442/1806 2337/1454/1818 2325/1441/1805
f 2328/1444/1808 2339/1455/1819 2327/1456/1820
f 2329/1445/1809 2340/1457/1821 2328/1444/1808
f 2342/1458/1822 2329/1445/1809 2330/1446/1810
f 2343/1459/1823 2330/1446/1810 2331/1447/1811
f 2344/1460/1824 2331/1447/1811 2332/1448/1812
f 2345/1461/1825 2332/1448/1812 2333/1450/1814
f 2334/1451/1815 2345/1461/1825 2333/1450/1814
f 2335/1452/1816 2346/1462/1826 2334/1451/1815
f 2336/1453/1817 2347/1463/1827 2335/1452/1816
f 2337/1454/1818 2348/1464/1828 2336/1453/1817
f 2350/1465/1829 2337/1454/1818 2338/1466/1830
f 2352/1467/1831 2339/1455/1819 2340/1457/1821
f 2353/1468/1832 2340/1457/1821 2341/1469/1833
f 2354/1470/1834 2341/1469/1833 2342/1458/1822
f 2355/1471/1835 2342/1458/1822 2343/1459/1823
f 2356/1472/1836 2343/1459/1823 2344/1460/1824
f 2357/1473/1837 2344/1460/1824 2345/1461/1825
f 2346/1462/1826 2357/1473/1837 2345/1461/1825
f 2347/1463/1827 2358/1474/1838 2346/1462/1826
f 2348/1464/1828 2359/1475/1839 2347/1463/1827
f 2349/1476/1840 2360/1477/1841 2348/1464/1828
f 2350/1465/1829 2361/1478/1842 2349/1476/1840
f 2364/1479/1843 2351/1480/1844 2352/1467/1831
f 2365/1481/1845 2352/1467/1831 2353/1468/1832
f 2366/1482/1846 2353/1468/1832 2354/1470/1834
f 2367/1483/1847 2354/1470/1834 2355/1471/1835
f 2368/1484/1848 2355/1471/1835 2356/1472/1836
f 2369/1485/1849 2356/1472/1836 2357/1473/1837
f 2358/1474/1838 2369/1485/1849 2357/1473/1837
f 2359/1475/1839 2370/1486/1850 2358/1474/1838
f 2360/1477/1841 2371/1487/1851 2359/1475/1839
f 2361/1478/1842 2372/1488/1852 2360/1477/1841
f 2362/1489/1853 2373/1490/1854 2361/1478/1842
f 2376/1491/1855 2363/1492/1856 2364/1479/1843
f 2377/1493/1857 2364/1479/1843 2365/1481/1845
f 2378/1494/1858 2365/1481/1845 2366/1482/1846
f 2379/1495/1859 2366/1482/1846 2367/1483/1847
f 2380/1496/1860 2367/1483/1847 2368/1484/1848
f 2381/1497/1861 2368/1484/1848 2369/1485/1849
f 2370/1486/1850 2381/1497/1861 2369/1485/1849
f 2371/1487/1851 2382/1498/1862 2370/1486/1850
f 2372/1488/1852 2383/1499/1863 2371/1487/1851
f 2373/1490/1854 2384/1500/1864 2372/1488/1852
f 2374/1501/1865 2385/1502/1866 2373/1490/1854
f 2388/1503/1867 2375/1504/1868 2376/1491/1855
f 2389/1505/1869 2376/1491/1855 2377/1493/1857
f 2390/1506/1870 2377/1493/1857 2378/1494/1858
f 2391/1507/1871 2378/1494/1858 2379/1495/1859
f 2392/1508/1872 2379/1495/1859 2380/1496/1860
f 2393/1509/1873 2380/1496/1860 2381/1497/1861
f 2382/1498/1862 2393/1509/1873 2381/1497/1861
f 2383/1499/1863 2394/1510/1874 2382/1498/1862
f 2384/1500/1864 2395/1511/1875 2383/1499/1863
f 2385/1502/1866 2396/1512/1876 2384/1500/1864
f 2386/1513/1877 2397/1514/1878 2385/1502/1866
f 2400/1515/1879 2387/1516/1880 2388/1503/1867
f 2401/1517/1881 2388/1503/1867 2389/1505/1869
f 2402/1518/1882 2389/1505/1869 2390/1506/1870
f 2403/1519/1883 2390/1506/1870 2391/1507/1871
f 2404/1520/1884 2391/1507/1871 2392/1508/1872
f 2405/1521/1885 2392/1508/1872 2393/1509/1873
f 2394/1510/1874 2405/1521/1885 2393/1509/1873
f 2395/1511/1875 2406/1522/1886 2394/1510/1874
f 2396/1512/1876 2407/1523/1887 2395/1511/1875
f 2397/1514/1878 2408/1524/1888 2396/1512/1876
f 2398/1525/1889 2409/1526/1890 2397/1514/1878
f 2400/1515/1879 2411/1527/1891 2399/1528/1892
f 2401/1517/1881 2412/1529/1893 2400/1515/1879
f 2402/1518/1882 2413/1530/1894 2401/1517/1881
f 2403/1519/1883 2414/1531/1895 2402/1518/1882
f 2404/1520/1884 2415/1532/1896 2403/1519/1883
f 2417/1533/1897 2404/1520/1884 2405/1521/1885
f 2418/1534/1898 2405/1521/1885 2406/1522/1886
f 2419/1535/1899 2406/1522/1886 2407/1523/1887
f 2420/1536/1900 2407/1523/1887 2408/1524/1888
f 2421/1537/1901 2408/1524/1888 2409/1526/1890
f 2422/1538/1902 2409/1526/1890 2410/1539/1903
f 2412/1529/1893 2423/1540/1904 2411/1527/1891
f 2413/1530/1894 2424/1541/1905 2412/1529/1893
f 2414/1531/1895 2425/1542/1906 2413/1530/1894
f 2415/1532/1896 2426/1543/1907 2414/1531/1895
f 2416/1544/1908 2427/1545/1909 2415/1532/1896
f 2429/1546/1910 2416/1544/1908 2417/1533/1897
f 2430/1547/1911 2417/1533/1897 2418/1534/1898
f 2431/1548/1912 2418/1534/1898 2419/1535/1899
f 2432/1549/1913 2419/1535/1899 2420/1536/1900
f 2433/1550/1914 2420/1536/1900 2421/1537/1901
f 2434/1551/1915 2421/1537/1901 2422/1538/1902
f 2424/1541/1905 2435/1552/1916 2423/1540/1904
f 2425/1542/1906 2436/1553/1917 2424/1541/1905
f 2426/1543/1907 2437/1554/1918 2425/1542/1906
f 2427/1545/1909 2438/1555/1919 2426/1543/1907
f 2428/1556/1920 2439/1557/1921 2427/1545/1909
f 2441/1558/1922 2428/1556/1920 2429/1546/1910
f 2442/1559/1923 2429/1546/1910 2430/1547/1911
f 2443/1560/1924 2430/1547/1911 2431/1548/1912
f 2444/1561/1925 2431/1548/1912 2432/1549/1913
f 2445/1562/1926 2432/1549/1913 2433/1550/1914
f 2446/1563/1927 2433/1550/1914 2434/1551/1915
f 2436/1553/1917 2447/1564/1928 2435/1552/1916
f 2437/1554/1918 2448/1565/1929 2436/1553/1917
f 2438/1555/1919 2449/1566/1930 2437/1554/1918
f 2439/1557/1921 2450/1567/1931 2438/1555/1919
f 2440/1568/1932 2451/1569/1933 2439/1557/1921
f 2453/1570/1934 2440/1568/1932 2441/1558/1922
f 2454/1571/1935 2441/1558/1922 2442/1559/1923
f 2455/1572/1936 2442/1559/1923 2443/1560/1924
f 2456/1573/1937 2443/1560/1924 2444/1561/1925
f 2457/1574/1938 2444/1561/1925 2445/1562/1926
f 2458/1575/1939 2445/1562/1926 2446/1563/1927
f 2448/1565/1929 2459/1576/1940 2447/1564/1928
f 2449/1566/1930 2460/1577/1941 2448/1565/1929
f 2450/1567/1931 2461/1578/1942 2449/1566/1930
f 2451/1569/1933 2462/1579/1943 2450/1567/1931
f 2452/1580/1944 2463/1581/1945 2451/1569/1933
f 2465/1582/1946 2452/1580/1944 2453/1570/1934
f 2466/1583/1947 2453/1570/1934 2454/1571/1935
f 2467/1584/1948 2454/1571/1935 2455/1572/1936
f 2468/1585/1949 2455/1572/1936 2456/1573/1937
f 2469/1586/1950 2456/1573/1937 2457/1574/1938
f 2470/1587/1951 2457/1574/1938 2458/1575/1939
f 2460/1577/1941 2471/1588/1952 2459/1576/1940
f 2461/1578/1942 2472/1589/1953 2460/1577/1941
f 2462/1579/1943 2473/1590/1954 2461/1578/1942
f 2463/1581/1945 2474/1591/1955 2462/1579/1943
f 2464/1592/1956 2475/1593/1957 2463/1581/1945
f 2477/1594/1958 2464/1592/1956 2465/1582/1946
f 2478/1595/1959 2465/1582/1946 2466/1583/1947
f 2479/1596/1960 2466/1583/1947 2467/1584/1948
f 2480/1597/1961 2467/1584/1948 2468/1585/1949
f 2481/1598/1962 2468/1585/1949 2469/1586/1950
f 2482/1599/1963 2469/1586/1950 2470/1587/1951
f 2472/1589/1953 2483/1600/1964 2471/1588/1952
f 2473/1590/1954 2484/1601/1965 2472/1589/1953
f 2474/1591/1955 2485/1602/1966 2473/1590/1954
f 2475/1593/1957 2486/1603/1967 2474/1591/1955
f 2476/1604/1968 2487/1605/1969 2475/1593/1957
f 2489/1606/1970 2476/1604/1968 2477/1594/1958
f 2490/1607/1971 2477/1594/1958 2478/1595/1959
f 2491/1608/1972 2478/1595/1959 2479/1596/1960
f 2492/1609/1973 2479/1596/1960 2480/1597/1961
f 2493/1610/1974 2480/1597/1961 2481/1598/1962
f 2494/1611/1975 2481/1598/1962 2482/1599/1963
f 2484/1601/1965 2495/1612/1976 2483/1600/1964
f 2485/1602/1966 2496/1613/1977 2484/1601/1965
f 2486/1603/1967 2497/1614/1978 2485/1602/1966
f 2487/1605/1969 2498/1615/1979 2486/1603/1967
f 2488/1616/1980 2499/1617/1981 2487/1605/1969
f 2501/1618/1982 2488/1616/1980 2489/1606/1970
f 2502/1619/1983 2489/1606/1970 2490/1607/1971
f 2503/1620/1984 2490/1607/1971 2491/1608/1972
f 2504/1621/1985 2491/1608/1972 2492/1609/1973
f 2505/1622/1986 2492/1609/1973 2493/1610/1974
f 2506/1623/1987 2493/1610/1974 2494/1611/1975
f 2496/1613/1977 2507/1624/1988 2495/1612/1976
f 2497/1614/1978 2508/1625/1989 2496/1613/1977
f 2498/1615/1979 2509/1626/1990 2497/1614/1978
f 2499/1617/1981 2510/1627/1991 2498/1615/1979
f 2500/1628/1992 2511/1629/1993 2499/1617/1981
f 2513/1630/1994 2500/1628/1992 2501/1618/1982
f 2514/1631/1995 2501/1618/1982 2502/1619/1983
f 2515/1632/1996 2502/1619/1983 2503/1620/1984
f 2516/1633/1997 2503/1620/1984 2504/1621/1985
f 2517/1634/1998 2504/1621/1985 2505/1622/1986
f 2518/1635/1999 2505/1622/1986 2506/1623/1987
f 2508/1625/1989 2519/1636/2000 2507/1624/1988
f 2509/1626/1990 2520/1637/2001 2508/1625/1989
f 2510/1627/1991 2521/1638/2002 2509/1626/1990
f 2511/1629/1993 2522/1639/2003 2510/1627/1991
f 2512/1640/2004 2523/1641/2005 2511/1629/1993
f 2525/1642/2006 2512/1640/2004 2513/1630/1994
f 2526/1643/2007 2513/1630/1994 2514/1631/1995
f 2527/1644/2008 2514/1631/1995 2515/1632/1996
f 2528/1645/2009 2515/1632/1996 2516/1633/1997
f 2529/1646/2010 2516/1633/1997 2517/1634/1998
f 2530/1647/2011 2517/1634/1998 2518/1635/1999
f 2520/1637/2001 2531/1648/2012 2519/1636/2000
f 2521/1638/2002 2532/1649/2013 2520/1637/2001
f 2522/1639/2003 2533/1650/2014 2521/1638/2002
f 2523/1641/2005 2534/1651/2015 2522/1639/2003
f 2524/1652/2016 2535/1653/2017 2523/1641/2005
f 2537/1654/2018 2524/1652/2016 2525/1642/2006
f 2538/1655/2019 2525/1642/2006 2526/1643/2007
f 2539/1656/2020 2526/1643/2007 2527/1644/2008
f 2540/1657/2021 2527/1644/2008 2528/1645/2009
f 2541/1658/2022 2528/1645/2009 2529/1646/2010
f 2542/1659/2023 2529/1646/2010 2530/1647/2011
f 2532/1649/2013 2543/1660/2024 2531/1648/2012
f 2533/1650/2014 2544/1661/2025 2532/1649/2013
f 2534/1651/2015 2545/1662/2026 2533/1650/2014
f 2535/1653/2017 2546/1663/2027 2534/1651/2015
f 2536/1664/2028 2547/1665/2029 2535/1653/2017
f 2549/1666/2030 2536/1664/2028 2537/1654/2018
f 2550/1667/2031 2537/1654/2018 2538/1655/2019
f 2551/1668/2032 2538/1655/2019 2539/1656/2020
f 2552/1669/2033 2539/1656/2020 2540/1657/2021
f 2553/1670/2034 2540/1657/2021 2541/1658/2022
f 2554/1671/2035 2541/1658/2022 2542/1659/2023
f 2544/1661/2025 2555/1672/2036 2543/1660/2024
f 2545/1662/2026 2556/1673/2037 2544/1661/2025
f 2546/1663/2027 2557/1674/2038 2545/1662/2026
f 2547/1665/2029 2558/1675/2039 2546/1663/2027
f 2548/1676/2040 2559/1677/2041 2547/1665/2029
f 2561/1678/2042 2548/1676/2040 2549/1666/2030
f 2562/1679/2043 2549/1666/2030 2550/1667/2031
f 2563/1680/2044 2550/1667/2031 2551/1668/2032
f 2564/1681/2045 2551/1668/2032 2552/1669/2033
f 2565/1682/2046 2552/1669/2033 2553/1670/2034
f 2566/1683/2047 2553/1670/2034 2554/1671/2035
f 2556/1673/2037 2567/1684/2048 2555/1672/2036
f 2557/1674/2038 2568/1685/2049 2556/1673/2037
f 2558/1675/2039 2569/1686/2050 2557/1674/2038
f 2559/1677/2041 2570/1687/2051 2558/1675/2039
f 2560/1688/2052 2571/1689/2053 2559/1677/2041
f 2573/1690/2054 2560/1688/2052 2561/1678/2042
f 2574/1691/2055 2561/1678/2042 2562/1679/2043
f 2575/1692/2056 2562/1679/2043 2563/1680/2044
f 2576/1693/2057 2563/1680/2044 2564/1681/2045
f 2577/1694/2058 2564/1681/2045 2565/1682/2046
f 2578/1695/2059 2565/1682/2046 2566/1683/2047
f 2568/1685/2049 2579/1696/2060 2567/1684/2048
f 2569/1686/2050 2580/1697/2061 2568/1685/2049
f 2570/1687/2051 2581/1698/2062 2569/1686/2050
f 2571/1689/2053 2582/1699/2063 2570/1687/2051
f 2572/1700/2064 2583/1701/2065 2571/1689/2053
f 2585/1702/2066 2572/1700/2064 2573/1690/2054
f 2586/1703/2067 2573/1690/2054 2574/1691/2055
f 2587/1704/2068 2574/1691/2055 2575/1692/2056
f 2588/1705/2069 2575/1692/2056 2576/1693/2057
f 2589/1706/2070 2576/1693/2057 2577/1694/2058
f 2590/1707/2071 2577/1694/2058 2578/1695/2059
f 2580/1697/2061 2591/1708/2072 2579/1696/2060
f 2581/1698/2062 2592/1709/2073 2580/1697/2061
f 2582/1699/2063 2593/1710/2074 2581/1698/2062
f 2583/1701/2065 2594/1711/2075 2582/1699/2063
f 2584/1712/2076 2595/1713/2077 2583/1701/2065
f 2597/1714/2078 2584/1712/2076 2585/1702/2066
f 2598/1715/2079 2585/1702/2066 2586/1703/2067
f 2599/1716/2080 2586/1703/2067 2587/1704/2068
f 2600/1717/2081 2587/1704/2068 2588/1705/2069
f 2601/1718/2082 2588/1705/2069 2589/1706/2070
f 2602/1719/2083 2589/1706/2070 2590/1707/2071
f 2592/1709/2073 2603/1720/2084 2591/1708/2072
f 2593/1710/2074 2604/1721/2085 2592/1709/2073
f 2594/1711/2075 2605/1722/2086 2593/1710/2074
f 2595/1713/2077 2606/1723/2087 2594/1711/2075
f 2596/1724/2088 2607/1725/2089 2595/1713/2077
f 2609/1726/2090 2596/1724/2088 2597/1714/2078
f 2610/1727/2091 2597/1714/2078 2598/1715/2079
f 2611/1728/2092 2598/1715/2079 2599/1716/2080
f 2612/1729/2093 2599/1716/2080 2600/1717/2081
f 2613/1730/2094 2600/1717/2081 2601/1718/2082
f 2614/1731/2095 2601/1718/2082 2602/1719/2083
f 2604/1721/2085 2615/1732/2096 2603/1720/2084
f 2605/1722/2086 2616/1733/2097 2604/1721/2085
f 2606/1723/2087 2617/1734/2098 2605/1722/2086
f 2607/1725/2089 2618/1735/2099 2606/1723/2087
f 2608/1736/2100 2619/1737/2101 2607/1725/2089
f 2621/1738/2102 2608/1736/2100 2609/1726/2090
f 2622/1739/2103 2609/1726/2090 2610/1727/2091
f 2623/1740/2104 2610/1727/2091 2611/1728/2092
f 2624/1741/2105 2611/1728/2092 2612/1729/2093
f 2625/1742/2106 2612/1729/2093 2613/1730/2094
f 2626/1743/2107 2613/1730/2094 2614/1731/2095
f 2628/1744/2108 2615/1732/2096 2616/1733/2097
f 2629/1745/2109 2616/1733/2097 2617/1734/2098
f 2630/1746/2110 2617/1734/2098 2618/1735/2099
f 2631/1747/2111 2618/1735/2099 2619/1737/2101
f 2632/1748/2112 2619/1737/2101 2620/1749/2113
f 2633/1750/2114 2620/1749/2113 2621/1738/2102
f 2622/1739/2103 2633/1750/2114 2621/1738/2102
f 2623/1740/2104 2634/1751/2115 2622/1739/2103
f 2624/1741/2105 2635/1752/2116 2623/1740/2104
f 2625/1742/2106 2636/1753/2117 2624/1741/2105
f 2626/1743/2107 2637/1754/2118 2625/1742/2106
f 1752/815/1233 2627/1755/2119 2628/1744/2108
f 1753/816/1236 2628/1744/2108 2629/1745/2109
f 1754/817/1238 2629/1745/2109 2630/1746/2110
f 1755/818/1240 2630/1746/2110 2631/1747/2111
f 1756/826/1242 2631/1747/2111 2632/1748/2112
f 1757/819/1245 2632/1748/2112 2633/1750/2114
f 2634/1751/2115 1757/819/1245 2633/1750/2114
f 2635/1752/2116 1758/820/1247 2634/1751/2115
f 2636/1753/2117 1759/821/1249 2635/1752/2116
f 2637/1754/2118 1760/822/1251 2636/1753/2117
f 2638/1756/2120 1761/823/1253 2637/1754/2118
f 2652/1757/2121 2639/15/2122 2640/246/2123
f 2653/1758/2124 2640/246/2123 2641/248/2125
f 2654/1759/2126 2641/248/2125 2642/250/2127
f 2655/1760/2128 2642/250/2127 2643/252/2129
f 2656/1761/2130 2643/252/2129 2644/254/2131
f 2657/1762/2132 2644/254/2131 2645/257/2133
f 2646/259/2134 2657/1762/2132 2645/257/2133
f 2647/261/2135 2658/1763/2136 2646/259/2134
f 2648/263/2137 2659/1764/2138 2647/261/2135
f 2649/265/2139 2660/1765/2140 2648/263/2137
f 2650/267/2141 2661/1766/2142 2649/265/2139
f 2664/1767/2143 2651/1768/2144 2652/1757/2121
f 2665/1769/2145 2652/1757/2121 2653/1758/2124
f 2666/1770/2146 2653/1758/2124 2654/1759/2126
f 2667/1771/2147 2654/1759/2126 2655/1760/2128
f 2668/1772/2148 2655/1760/2128 2656/1761/2130
f 2669/1773/2149 2656/1761/2130 2657/1762/2132
f 2658/1763/2136 2669/1773/2149 2657/1762/2132
f 2659/1764/2138 2670/1774/2150 2658/1763/2136
f 2660/1765/2140 2671/1775/2151 2659/1764/2138
f 2661/1766/2142 2672/1776/2152 2660/1765/2140
f 2662/1777/2153 2673/1778/2154 2661/1766/2142
f 2676/1779/2155 2663/1780/2156 2664/1767/2143
f 2677/1781/2157 2664/1767/2143 2665/1769/2145
f 2678/1782/2158 2665/1769/2145 2666/1770/2146
f 2679/1783/2159 2666/1770/2146 2667/1771/2147
f 2680/1784/2160 2667/1771/2147 2668/1772/2148
f 2681/1785/2161 2668/1772/2148 2669/1773/2149
f 2670/1774/2150 2681/1785/2161 2669/1773/2149
f 2671/1775/2151 2682/1786/2162 2670/1774/2150
f 2672/1776/2152 2683/1787/2163 2671/1775/2151
f 2673/1778/2154 2684/1788/2164 2672/1776/2152
f 2674/1789/2165 2685/1790/2166 2673/1778/2154
f 2688/1791/2167 2675/1792/2168 2676/1779/2155
f 2689/1793/2169 2676/1779/2155 2677/1781/2157
f 2690/1794/2170 2677/1781/2157 2678/1782/2158
f 2691/1795/2171 2678/1782/2158 2679/1783/2159
f 2692/1796/2172 2679/1783/2159 2680/1784/2160
f 2693/1797/2173 2680/1784/2160 2681/1785/2161
f 2682/1786/2162 2693/1797/2173 2681/1785/2161
f 2683/1787/2163 2694/1798/2174 2682/1786/2162
f 2684/1788/2164 2695/1799/2175 2683/1787/2163
f 2685/1790/2166 2696/1800/2176 2684/1788/2164
f 2686/1801/2177 2697/1802/2178 2685/1790/2166
f 2700/1803/2179 2687/1804/2180 2688/1791/2167
f 2701/1805/2181 2688/1791/2167 2689/1793/2169
f 2702/1806/2182 2689/1793/2169 2690/1794/2170
f 2703/1807/2183 2690/1794/2170 2691/1795/2171
f 2704/1808/2184 2691/1795/2171 2692/1796/2172
f 2705/1809/2185 2692/1796/2172 2693/1797/2173
f 2694/1798/2174 2705/1809/2185 2693/1797/2173
f 2695/1799/2175 2706/1810/2186 2694/1798/2174
f 2696/1800/2176 2707/1811/2187 2695/1799/2175
f 2697/1802/2178 2708/1812/2188 2696/1800/2176
f 2698/1813/2189 2709/1814/2190 2697/1802/2178
f 2712/1815/2191 2699/237/2192 2700/1803/2179
f 2713/1816/2193 2700/1803/2179 2701/1805/2181
f 2714/1817/2194 2701/1805/2181 2702/1806/2182
f 2715/1818/2195 2702/1806/2182 2703/1807/2183
f 2716/1819/2196 2703/1807/2183 2704/1808/2184
f 2717/1820/2197 2704/1808/2184 2705/1809/2185
f 2706/1810/2186 2717/1820/2197 2705/1809/2185
f 2707/1811/2187 2718/1821/2198 2706/1810/2186
f 2708/1812/2188 2719/1822/2199 2707/1811/2187
f 2709/1814/2190 2720/1823/2200 2708/1812/2188
f 2710/1824/2201 2721/1825/2202 2709/1814/2190
f 2712/1815/2191 2723/1826/2203 2711/1827/2204
f 2713/1816/2193 2724/1828/2205 2712/1815/2191
f 2714/1817/2194 2725/1829/2206 2713/1816/2193
f 2715/1818/2195 2726/1830/2207 2714/1817/2194
f 2716/1819/2196 2727/1831/2208 2715/1818/2195
f 2729/1832/2209 2716/1819/2196 2717/1820/2197
f 2730/1833/2210 2717/1820/2197 2718/1821/2198
f 2731/1834/2211 2718/1821/2198 2719/1822/2199
f 2732/1835/2212 2719/1822/2199 2720/1823/2200
f 2733/1836/2213 2720/1823/2200 2721/1825/2202
f 2734/1837/2214 2721/1825/2202 2722/1838/2215
f 2724/1828/2205 2735/1839/2216 2723/1826/2203
f 2725/1829/2206 2736/1840/2217 2724/1828/2205
f 2726/1830/2207 2737/1841/2218 2725/1829/2206
f 2727/1831/2208 2738/1842/2219 2726/1830/2207
f 2728/1843/2220 2739/1844/2221 2727/1831/2208
f 2741/1845/2222 2728/1843/2220 2729/1832/2209
f 2742/1846/2223 2729/1832/2209 2730/1833/2210
f 2743/1847/2224 2730/1833/2210 2731/1834/2211
f 2744/1848/2225 2731/1834/2211 2732/1835/2212
f 2745/1849/2226 2732/1835/2212 2733/1836/2213
f 2746/1850/2227 2733/1836/2213 2734/1837/2214
f 2736/1840/2217 2747/1851/2228 2735/1839/2216
f 2737/1841/2218 2748/1852/2229 2736/1840/2217
f 2738/1842/2219 2749/1853/2230 2737/1841/2218
f 2739/1844/2221 2750/1854/2231 2738/1842/2219
f 2740/1855/2232 2751/1856/2233 2739/1844/2221
f 2753/1857/2234 2740/1855/2232 2741/1845/2222
f 2754/1858/2235 2741/1845/2222 2742/1846/2223
f 2755/1859/2236 2742/1846/2223 2743/1847/2224
f 2756/1860/2237 2743/1847/2224 2744/1848/2225
f 2757/1861/2238 2744/1848/2225 2745/1849/2226
f 2758/1862/2239 2745/1849/2226 2746/1850/2227
f 2748/1852/2229 2759/184/2240 2747/1851/2228
f 2749/1853/2230 2760/1863/2241 2748/1852/2229
f 2750/1854/2231 2761/1864/2242 2749/1853/2230
f 2751/1856/2233 2762/1865/2243 2750/1854/2231
f 2752/1866/2244 2763/1867/2245 2751/1856/2233
f 2765/1868/2246 2752/1866/2244 2753/1857/2234
f 2766/1869/2247 2753/1857/2234 2754/1858/2235
f 2767/1870/2248 2754/1858/2235 2755/1859/2236
f 2768/1871/2249 2755/1859/2236 2756/1860/2237
f 2769/1872/2250 2756/1860/2237 2757/1861/2238
f 2770/1873/2251 2757/1861/2238 2758/1862/2239
f 2760/1863/2241 2771/1874/2252 2759/184/2240
f 2761/1864/2242 2772/1875/2253 2760/1863/2241
f 2762/1865/2243 2773/1876/2254 2761/1864/2242
f 2763/1867/2245 2774/1877/2255 2762/1865/2243
f 2764/1878/2256 2775/1879/2257 2763/1867/2245
f 2777/1880/2258 2764/1878/2256 2765/1868/2246
f 2778/1881/2259 2765/1868/2246 2766/1869/2247
f 2779/1882/2260 2766/1869/2247 2767/1870/2248
f 2780/1883/2261 2767/1870/2248 2768/1871/2249
f 2781/1884/2262 2768/1871/2249 2769/1872/2250
f 2782/1885/2263 2769/1872/2250 2770/1873/2251
f 2784/1886/2264 2771/1874/2252 2772/1875/2253
f 2785/1887/2265 2772/1875/2253 2773/1876/2254
f 2786/1888/2266 2773/1876/2254 2774/1877/2255
f 2787/1889/2267 2774/1877/2255 2775/1879/2257
f 2788/1890/2268 2775/1879/2257 2776/1891/2269
f 2789/1892/2270 2776/1891/2269 2777/1880/2258
f 2778/1881/2259 2789/1892/2270 2777/1880/2258
f 2779/1882/2260 2790/1893/2271 2778/1881/2259
f 2780/1883/2261 2791/1894/2272 2779/1882/2260
f 2781/1884/2262 2792/1895/2273 2780/1883/2261
f 2782/1885/2263 2793/1896/2274 2781/1884/2262
f 2796/1897/2275 2783/1898/2276 2784/1886/2264
f 2797/1899/2277 2784/1886/2264 2785/1887/2265
f 2798/1900/2278 2785/1887/2265 2786/1888/2266
f 2799/1901/2279 2786/1888/2266 2787/1889/2267
f 2800/1902/2280 2787/1889/2267 2788/1890/2268
f 2801/1903/2281 2788/1890/2268 2789/1892/2270
f 2790/1893/2271 2801/1903/2281 2789/1892/2270
f 2791/1894/2272 2802/1904/2282 2790/1893/2271
f 2792/1895/2273 2803/1905/2283 2791/1894/2272
f 2793/1896/2274 2804/1906/2284 2792/1895/2273
f 2794/1907/2285 2805/1908/2286 2793/1896/2274
f 2808/1909/2287 2795/1910/2288 2796/1897/2275
f 2809/1911/2289 2796/1897/2275 2797/1899/2277
f 2810/1912/2290 2797/1899/2277 2798/1900/2278
f 2811/1913/2291 2798/1900/2278 2799/1901/2279
f 2812/1914/2292 2799/1901/2279 2800/1902/2280
f 2813/1915/2293 2800/1902/2280 2801/1903/2281
f 2802/1904/2282 2813/1915/2293 2801/1903/2281
f 2803/1905/2283 2814/1916/2294 2802/1904/2282
f 2804/1906/2284 2815/1917/2295 2803/1905/2283
f 2805/1908/2286 2816/1918/2296 2804/1906/2284
f 2806/1919/2297 2817/1920/2298 2805/1908/2286
f 2820/1921/2299 2807/1922/2300 2808/1909/2287
f 2821/1923/2301 2808/1909/2287 2809/1911/2289
f 2822/1924/2302 2809/1911/2289 2810/1912/2290
f 2823/1925/2303 2810/1912/2290 2811/1913/2291
f 2824/1926/2304 2811/1913/2291 2812/1914/2292
f 2825/1927/2305 2812/1914/2292 2813/1915/2293
f 2814/1916/2294 2825/1927/2305 2813/1915/2293
f 2815/1917/2295 2826/1928/2306 2814/1916/2294
f 2816/1918/2296 2827/1929/2307 2815/1917/2295
f 2817/1920/2298 2828/1930/2308 2816/1918/2296
f 2818/1931/2309 2829/1932/2310 2817/1920/2298
f 2832/1933/2311 2819/206/2312 2820/1921/2299
f 2833/1934/2313 2820/1921/2299 2821/1923/2301
f 2834/1935/2314 2821/1923/2301 2822/1924/2302
f 2835/1936/2315 2822/1924/2302 2823/1925/2303
f 2836/1937/2316 2823/1925/2303 2824/1926/2304
f 2837/1938/2317 2824/1926/2304 2825/1927/2305
f 2826/1928/2306 2837/1938/2317 2825/1927/2305
f 2827/1929/2307 2838/1939/2318 2826/1928/2306
f 2828/1930/2308 2839/1940/2319 2827/1929/2307
f 2829/1932/2310 2840/1941/2320 2828/1930/2308
f 2830/1942/2321 2841/1943/2322 2829/1932/2310
f 2832/1933/2311 2843/1944/2323 2831/1945/2324
f 2833/1934/2313 2844/1946/2325 2832/1933/2311
f 2834/1935/2314 2845/1947/2326 2833/1934/2313
f 2835/1936/2315 2846/1948/2327 2834/1935/2314
f 2836/1937/2316 2847/1949/2328 2835/1936/2315
f 2849/1950/2329 2836/1937/2316 2837/1938/2317
f 2850/1951/2330 2837/1938/2317 2838/1939/2318
f 2851/1952/2331 2838/1939/2318 2839/1940/2319
f 2852/1953/2332 2839/1940/2319 2840/1941/2320
f 2853/1954/2333 2840/1941/2320 2841/1943/2322
f 2854/1955/2334 2841/1943/2322 2842/1956/2335
f 2844/1946/2325 2855/1957/2336 2843/1944/2323
f 2845/1947/2326 2856/1958/2337 2844/1946/2325
f 2846/1948/2327 2857/1959/2338 2845/1947/2326
f 2847/1949/2328 2858/1960/2339 2846/1948/2327
f 2848/1961/2340 2859/1962/2341 2847/1949/2328
f 2861/1963/2342 2848/1961/2340 2849/1950/2329
f 2862/1964/2343 2849/1950/2329 2850/1951/2330
f 2863/1965/2344 2850/1951/2330 2851/1952/2331
f 2864/1966/2345 2851/1952/2331 2852/1953/2332
f 2865/1967/2346 2852/1953/2332 2853/1954/2333
f 2866/1968/2347 2853/1954/2333 2854/1955/2334
f 2856/1958/2337 2867/1969/2348 2855/1957/2336
f 2857/1959/2338 2868/1970/2349 2856/1958/2337
f 2858/1960/2339 2869/1971/2350 2857/1959/2338
f 2859/1962/2341 2870/1972/2351 2858/1960/2339
f 2860/1973/2352 2871/1974/2353 2859/1962/2341
f 2873/1975/2354 2860/1973/2352 2861/1963/2342
f 2874/1976/2355 2861/1963/2342 2862/1964/2343
f 2875/1977/2356 2862/1964/2343 2863/1965/2344
f 2876/1978/2357 2863/1965/2344 2864/1966/2345
f 2877/1979/2358 2864/1966/2345 2865/1967/2346
f 2878/1980/2359 2865/1967/2346 2866/1968/2347
f 2868/1970/2349 2879/176/2360 2867/1969/2348
f 2869/1971/2350 2880/1981/2361 2868/1970/2349
f 2870/1972/2351 2881/1982/2362 2869/1971/2350
f 2871/1974/2353 2882/1983/2363 2870/1972/2351
f 2872/1984/2364 2883/1985/2365 2871/1974/2353
f 2885/1986/2366 2872/1984/2364 2873/1975/2354
f 2886/1987/2367 2873/1975/2354 2874/1976/2355
f 2887/1988/2368 2874/1976/2355 2875/1977/2356
f 2888/1989/2369 2875/1977/2356 2876/1978/2357
f 2889/1990/2370 2876/1978/2357 2877/1979/2358
f 2890/1991/2371 2877/1979/2358 2878/1980/2359
f 2880/1981/2361 2891/1992/2372 2879/176/2360
f 2881/1982/2362 2892/1993/2373 2880/1981/2361
f 2882/1983/2363 2893/1994/2374 2881/1982/2362
f 2883/1985/2365 2894/1995/2375 2882/1983/2363
f 2884/1996/2376 2895/1997/2377 2883/1985/2365
f 2897/1998/2378 2884/1996/2376 2885/1986/2366
f 2898/1999/2379 2885/1986/2366 2886/1987/2367
f 2899/2000/2380 2886/1987/2367 2887/1988/2368
f 2900/2001/2381 2887/1988/2368 2888/1989/2369
f 2901/2002/2382 2888/1989/2369 2889/1990/2370
f 2902/2003/2383 2889/1990/2370 2890/1991/2371
f 2892/1993/2373 2903/2004/2384 2891/1992/2372
f 2893/1994/2374 2904/2005/2385 2892/1993/2373
f 2894/1995/2375 2905/2006/2386 2893/1994/2374
f 2895/1997/2377 2906/2007/2387 2894/1995/2375
f 2896/2008/2388 2907/2009/2389 2895/1997/2377
f 2909/2010/2390 2896/2008/2388 2897/1998/2378
f 2910/2011/2391 2897/1998/2378 2898/1999/2379
f 2911/2012/2392 2898/1999/2379 2899/2000/2380
f 2912/2013/2393 2899/2000/2380 2900/2001/2381
f 2913/2014/2394 2900/2001/2381 2901/2002/2382
f 2914/2015/2395 2901/2002/2382 2902/2003/2383
f 2916/2016/2396 2903/2004/2384 2904/2005/2385
f 2905/2006/2386 2916/2016/2396 2904/2005/2385
f 2906/2007/2387 2917/2017/2397 2905/2006/2386
f 2907/2009/2389 2918/2018/2398 2906/2007/2387
f 2908/2019/2399 2919/2020/2400 2907/2009/2389
f 2921/2021/2401 2908/2019/2399 2909/2010/2390
f 2922/2022/2402 2909/2010/2390 2910/2011/2391
f 2923/2023/2403 2910/2011/2391 2911/2012/2392
f 2924/2024/2404 2911/2012/2392 2912/2013/2393
f 2913/2014/2394 2924/2024/2404 2912/2013/2393
f 2914/2015/2395 2925/2025/2405 2913/2014/2394
f 2916/2016/2396 2927/2026/2406 2915/2027/2407
f 2917/2017/2397 2928/2028/2408 2916/2016/2396
f 2918/2018/2398 2929/2029/2409 2917/2017/2397
f 2919/2020/2400 2930/2030/2410 2918/2018/2398
f 2920/2031/2411 2931/2032/2412 2919/2020/2400
f 2933/2033/2413 2920/2031/2411 2921/2021/2401
f 2934/2034/2414 2921/2021/2401 2922/2022/2402
f 2935/2035/2415 2922/2022/2402 2923/2023/2403
f 2936/2036/2416 2923/2023/2403 2924/2024/2404
f 2937/2037/2417 2924/2024/2404 2925/2025/2405
f 2938/2038/2418 2925/2025/2405 2926/2039/2419
f 2928/2028/2408 2639/13/2122 2927/2026/2406
f 2929/2029/2409 2640/815/2123 2928/2028/2408
f 2642/817/2127 2929/2029/2409 2930/2030/2410
f 2643/818/2129 2930/2030/2410 2931/2032/2412
f 2644/826/2131 2931/2032/2412 2932/2040/2420
f 2645/819/2133 2932/2040/2420 2933/2033/2413
f 2934/2034/2414 2645/819/2133 2933/2033/2413
f 2935/2035/2415 2646/820/2134 2934/2034/2414
f 2936/2036/2416 2647/821/2135 2935/2035/2415
f 2937/2037/2417 2648/822/2137 2936/2036/2416
f 2650/824/2141 2937/2037/2417 2938/2038/2418
f 2940/246/2421 2951/2041/2422 2939/15/2423
f 2953/2042/2424 2940/246/2421 2941/248/2425
f 2954/2043/2426 2941/248/2425 2942/250/2427
f 2955/2044/2428 2942/250/2427 2943/252/2429
f 2956/2045/2430 2943/252/2429 2944/254/2431
f 2957/2046/2432 2944/254/2431 2945/257/2433
f 2946/259/2434 2957/2046/2432 2945/257/2433
f 2947/261/2435 2958/2047/2436 2946/259/2434
f 2948/263/2437 2959/2048/2438 2947/261/2435
f 2949/265/2439 2960/2049/2440 2948/263/2437
f 2950/267/2441 2961/2050/2442 2949/265/2439
f 2952/2051/2443 2963/2052/2444 2951/2041/2422
f 2953/2042/2424 2964/2053/2445 2952/2051/2443
f 2954/2043/2426 2965/2054/2446 2953/2042/2424
f 2955/2044/2428 2966/2055/2447 2954/2043/2426
f 2956/2045/2430 2967/2056/2448 2955/2044/2428
f 2969/2057/2449 2956/2045/2430 2957/2046/2432
f 2970/2058/2450 2957/2046/2432 2958/2047/2436
f 2971/2059/2451 2958/2047/2436 2959/2048/2438
f 2972/2060/2452 2959/2048/2438 2960/2049/2440
f 2973/2061/2453 2960/2049/2440 2961/2050/2442
f 2974/2062/2454 2961/2050/2442 2962/2063/2455
f 2964/2053/2445 2975/2064/2456 2963/2052/2444
f 2965/2054/2446 2976/2065/2457 2964/2053/2445
f 2966/2055/2447 2977/2066/2458 2965/2054/2446
f 2967/2056/2448 2978/2067/2459 2966/2055/2447
f 2968/2068/2460 2979/2069/2461 2967/2056/2448
f 2981/2070/2462 2968/2068/2460 2969/2057/2449
f 2982/2071/2463 2969/2057/2449 2970/2058/2450
f 2983/2072/2464 2970/2058/2450 2971/2059/2451
f 2984/2073/2465 2971/2059/2451 2972/2060/2452
f 2985/2074/2466 2972/2060/2452 2973/2061/2453
f 2986/2075/2467 2973/2061/2453 2974/2062/2454
f 2976/2065/2457 2987/2076/2468 2975/2064/2456
f 2977/2066/2458 2988/2077/2469 2976/2065/2457
f 2978/2067/2459 2989/2078/2470 2977/2066/2458
f 2979/2069/2461 2990/2079/2471 2978/2067/2459
f 2980/2080/2472 2991/2081/2473 2979/2069/2461
f 2993/2082/2474 2980/2080/2472 2981/2070/2462
f 2994/2083/2475 2981/2070/2462 2982/2071/2463
f 2995/2084/2476 2982/2071/2463 2983/2072/2464
f 2996/2085/2477 2983/2072/2464 2984/2073/2465
f 2997/2086/2478 2984/2073/2465 2985/2074/2466
f 2998/2087/2479 2985/2074/2466 2986/2075/2467
f 2988/2077/2469 2999/2088/2480 2987/2076/2468
f 2989/2078/2470 3000/2089/2481 2988/2077/2469
f 2990/2079/2471 3001/2090/2482 2989/2078/2470
f 2991/2081/2473 3002/2091/2483 2990/2079/2471
f 2992/2092/2484 3003/2093/2485 2991/2081/2473
f 3005/2094/2486 2992/2092/2484 2993/2082/2474
f 3006/2095/2487 2993/2082/2474 2994/2083/2475
f 3007/2096/2488 2994/2083/2475 2995/2084/2476
f 3008/2097/2489 2995/2084/2476 2996/2085/2477
f 3009/2098/2490 2996/2085/2477 2997/2086/2478
f 3010/2099/2491 2997/2086/2478 2998/2087/2479
f 3000/2089/2481 3011/2100/2492 2999/2088/2480
f 3001/2090/2482 3012/2101/2493 3000/2089/2481
f 3002/2091/2483 3013/2102/2494 3001/2090/2482
f 3003/2093/2485 3014/2103/2495 3002/2091/2483
f 3004/2104/2496 3015/2105/2497 3003/2093/2485
f 3017/2106/2498 3004/2104/2496 3005/2094/2486
f 3018/2107/2499 3005/2094/2486 3006/2095/2487
f 3019/2108/2500 3006/2095/2487 3007/2096/2488
f 3020/2109/2501 3007/2096/2488 3008/2097/2489
f 3021/2110/2502 3008/2097/2489 3009/2098/2490
f 3022/2111/2503 3009/2098/2490 3010/2099/2491
f 3012/2101/2493 3023/2112/2504 3011/2100/2492
f 3013/2102/2494 3024/2113/2505 3012/2101/2493
f 3014/2103/2495 3025/2114/2506 3013/2102/2494
f 3015/2105/2497 3026/2115/2507 3014/2103/2495
f 3016/2116/2508 3027/2117/2509 3015/2105/2497
f 3029/2118/2510 3016/2116/2508 3017/2106/2498
f 3030/2119/2511 3017/2106/2498 3018/2107/2499
f 3031/2120/2512 3018/2107/2499 3019/2108/2500
f 3032/2121/2513 3019/2108/2500 3020/2109/2501
f 3033/2122/2514 3020/2109/2501 3021/2110/2502
f 3034/2123/2515 3021/2110/2502 3022/2111/2503
f 3024/2113/2505 3035/2124/2516 3023/2112/2504
f 3025/2114/2506 3036/2125/2517 3024/2113/2505
f 3026/2115/2507 3037/2126/2518 3025/2114/2506
f 3027/2117/2509 3038/2127/2519 3026/2115/2507
f 3028/2128/2520 3039/2129/2521 3027/2117/2509
f 3041/2130/2522 3028/2128/2520 3029/2118/2510
f 3042/2131/2523 3029/2118/2510 3030/2119/2511
f 3043/2132/2524 3030/2119/2511 3031/2120/2512
f 3044/2133/2525 3031/2120/2512 3032/2121/2513
f 3045/2134/2526 3032/2121/2513 3033/2122/2514
f 3046/2135/2527 3033/2122/2514 3034/2123/2515
f 3036/2125/2517 3047/2136/2528 3035/2124/2516
f 3037/2126/2518 3048/2137/2529 3036/2125/2517
f 3038/2127/2519 3049/2138/2530 3037/2126/2518
f 3039/2129/2521 3050/2139/2531 3038/2127/2519
f 3040/2140/2532 3051/2141/2533 3039/2129/2521
f 3053/2142/2534 3040/2140/2532 3041/2130/2522
f 3054/2143/2535 3041/2130/2522 3042/2131/2523
f 3055/2144/2536 3042/2131/2523 3043/2132/2524
f 3056/2145/2537 3043/2132/2524 3044/2133/2525
f 3057/2146/2538 3044/2133/2525 3045/2134/2526
f 3058/2147/2539 3045/2134/2526 3046/2135/2527
f 3048/2137/2529 3059/2148/2540 3047/2136/2528
f 3049/2138/2530 3060/2149/2541 3048/2137/2529
f 3050/2139/2531 3061/2150/2542 3049/2138/2530
f 3051/2141/2533 3062/2151/2543 3050/2139/2531
f 3052/2152/2544 3063/2153/2545 3051/2141/2533
f 3065/2154/2546 3052/2152/2544 3053/2142/2534
f 3066/2155/2547 3053/2142/2534 3054/2143/2535
f 3067/2156/2548 3054/2143/2535 3055/2144/2536
f 3068/2157/2549 3055/2144/2536 3056/2145/2537
f 3069/2158/2550 3056/2145/2537 3057/2146/2538
f 3070/2159/2551 3057/2146/2538 3058/2147/2539
f 3060/2149/2541 3071/237/2552 3059/2148/2540
f 3061/2150/2542 3072/1803/2553 3060/2149/2541
f 3062/2151/2543 3073/1805/2554 3061/2150/2542
f 3063/2153/2545 3074/1806/2555 3062/2151/2543
f 3064/2160/2556 3075/1807/2557 3063/2153/2545
f 3077/1809/2558 3064/2160/2556 3065/2154/2546
f 3078/1810/2559 3065/2154/2546 3066/2155/2547
f 3079/1811/2560 3066/2155/2547 3067/2156/2548
f 3080/1812/2561 3067/2156/2548 3068/2157/2549
f 3081/1814/2562 3068/2157/2549 3069/2158/2550
f 3082/1824/2563 3069/2158/2550 3070/2159/2551
f 3072/1803/2553 3083/2161/2564 3071/237/2552
f 3073/1805/2554 3084/2162/2565 3072/1803/2553
f 3074/1806/2555 3085/2163/2566 3073/1805/2554
f 3075/1807/2557 3086/2164/2567 3074/1806/2555
f 3076/1808/2568 3087/2165/2569 3075/1807/2557
f 3089/2166/2570 3076/1808/2568 3077/1809/2558
f 3090/2167/2571 3077/1809/2558 3078/1810/2559
f 3091/2168/2572 3078/1810/2559 3079/1811/2560
f 3092/2169/2573 3079/1811/2560 3080/1812/2561
f 3093/2170/2574 3080/1812/2561 3081/1814/2562
f 3094/2171/2575 3081/1814/2562 3082/1824/2563
f 3096/2172/2576 3083/2161/2564 3084/2162/2565
f 3097/2173/2577 3084/2162/2565 3085/2163/2566
f 3098/2174/2578 3085/2163/2566 3086/2164/2567
f 3099/2175/2579 3086/2164/2567 3087/2165/2569
f 3100/2176/2580 3087/2165/2569 3088/2177/2581
f 3101/2178/2582 3088/2177/2581 3089/2166/2570
f 3090/2167/2571 3101/2178/2582 3089/2166/2570
f 3091/2168/2572 3102/2179/2583 3090/2167/2571
f 3092/2169/2573 3103/2180/2584 3091/2168/2572
f 3093/2170/2574 3104/2181/2585 3092/2169/2573
f 3094/2171/2575 3105/2182/2586 3093/2170/2574
f 3108/2183/2587 3095/2184/2588 3096/2172/2576
f 3109/2185/2589 3096/2172/2576 3097/2173/2577
f 3110/2186/2590 3097/2173/2577 3098/2174/2578
f 3111/2187/2591 3098/2174/2578 3099/2175/2579
f 3112/2188/2592 3099/2175/2579 3100/2176/2580
f 3113/2189/2593 3100/2176/2580 3101/2178/2582
f 3102/2179/2583 3113/2189/2593 3101/2178/2582
f 3103/2180/2584 3114/2190/2594 3102/2179/2583
f 3104/2181/2585 3115/2191/2595 3103/2180/2584
f 3105/2182/2586 3116/2192/2596 3104/2181/2585
f 3106/2193/2597 3117/2194/2598 3105/2182/2586
f 3120/2195/2599 3107/2196/2600 3108/2183/2587
f 3121/2197/2601 3108/2183/2587 3109/2185/2589
f 3122/2198/2602 3109/2185/2589 3110/2186/2590
f 3123/2199/2603 3110/2186/2590 3111/2187/2591
f 3112/2188/2592 3123/2199/2603 3111/2187/2591
f 3125/2200/2604 3112/2188/2592 3113/2189/2593
f 3126/2201/2605 3113/2189/2593 3114/2190/2594
f 3115/2191/2595 3126/2201/2605 3114/2190/2594
f 3116/2192/2596 3127/2202/2606 3115/2191/2595
f 3117/2194/2598 3128/2203/2607 3116/2192/2596
f 3118/2204/2608 3129/2205/2609 3117/2194/2598
f 3132/2206/2610 3119/2207/2611 3120/2195/2599
f 3133/2208/2612 3120/2195/2599 3121/2197/2601
f 3134/2209/2613 3121/2197/2601 3122/2198/2602
f 3135/2210/2614 3122/2198/2602 3123/2199/2603
f 3136/2211/2615 3123/2199/2603 3124/2212/2616
f 3137/2213/2617 3124/2212/2616 3125/2200/2604
f 3126/2201/2605 3137/2213/2617 3125/2200/2604
f 3127/2202/2606 3138/2214/2618 3126/2201/2605
f 3128/2203/2607 3139/2215/2619 3127/2202/2606
f 3129/2205/2609 3140/2216/2620 3128/2203/2607
f 3130/2217/2621 3141/2218/2622 3129/2205/2609
f 3144/2219/2623 3131/2220/2624 3132/2206/2610
f 3145/2221/2625 3132/2206/2610 3133/2208/2612
f 3146/2222/2626 3133/2208/2612 3134/2209/2613
f 3147/2223/2627 3134/2209/2613 3135/2210/2614
f 3148/2224/2628 3135/2210/2614 3136/2211/2615
f 3149/2225/2629 3136/2211/2615 3137/2213/2617
f 3138/2214/2618 3149/2225/2629 3137/2213/2617
f 3139/2215/2619 3150/2226/2630 3138/2214/2618
f 3140/2216/2620 3151/2227/2631 3139/2215/2619
f 3141/2218/2622 3152/2228/2632 3140/2216/2620
f 3142/2229/2633 3153/2230/2634 3141/2218/2622
f 3156/2231/2635 3143/2232/2636 3144/2219/2623
f 3157/2233/2637 3144/2219/2623 3145/2221/2625
f 3158/2234/2638 3145/2221/2625 3146/2222/2626
f 3159/2235/2639 3146/2222/2626 3147/2223/2627
f 3160/2236/2640 3147/2223/2627 3148/2224/2628
f 3161/2237/2641 3148/2224/2628 3149/2225/2629
f 3150/2226/2630 3161/2237/2641 3149/2225/2629
f 3151/2227/2631 3162/2238/2642 3150/2226/2630
f 3152/2228/2632 3163/2239/2643 3151/2227/2631
f 3153/2230/2634 3164/2240/2644 3152/2228/2632
f 3154/2241/2645 3165/2242/2646 3153/2230/2634
f 3168/2243/2647 3155/2244/2648 3156/2231/2635
f 3169/2245/2649 3156/2231/2635 3157/2233/2637
f 3170/2246/2650 3157/2233/2637 3158/2234/2638
f 3171/2247/2651 3158/2234/2638 3159/2235/2639
f 3172/2248/2652 3159/2235/2639 3160/2236/2640
f 3173/2249/2653 3160/2236/2640 3161/2237/2641
f 3162/2238/2642 3173/2249/2653 3161/2237/2641
f 3163/2239/2643 3174/2250/2654 3162/2238/2642
f 3164/2240/2644 3175/2251/2655 3163/2239/2643
f 3165/2242/2646 3176/2252/2656 3164/2240/2644
f 3166/2253/2657 3177/2254/2658 3165/2242/2646
f 3180/2255/2659 3167/2256/2660 3168/2243/2647
f 3181/2257/2661 3168/2243/2647 3169/2245/2649
f 3182/2258/2662 3169/2245/2649 3170/2246/2650
f 3183/2259/2663 3170/2246/2650 3171/2247/2651
f 3184/2260/2664 3171/2247/2651 3172/2248/2652
f 3185/2261/2665 3172/2248/2652 3173/2249/2653
f 3174/2250/2654 3185/2261/2665 3173/2249/2653
f 3175/2251/2655 3186/2262/2666 3174/2250/2654
f 3176/2252/2656 3187/2263/2667 3175/2251/2655
f 3177/2254/2658 3188/2264/2668 3176/2252/2656
f 3178/2265/2669 3189/2266/2670 3177/2254/2658
f 3192/2267/2671 3179/2268/2672 3180/2255/2659
f 3193/2269/2673 3180/2255/2659 3181/2257/2661
f 3194/2270/2674 3181/2257/2661 3182/2258/2662
f 3195/2271/2675 3182/2258/2662 3183/2259/2663
f 3196/2272/2676 3183/2259/2663 3184/2260/2664
f 3197/2273/2677 3184/2260/2664 3185/2261/2665
f 3186/2262/2666 3197/2273/2677 3185/2261/2665
f 3187/2263/2667 3198/2274/2678 3186/2262/2666
f 3188/2264/2668 3199/2275/2679 3187/2263/2667
f 3189/2266/2670 3200/2276/2680 3188/2264/2668
f 3190/2277/2681 3201/2278/2682 3189/2266/2670
f 3204/1863/2683 3191/2279/2684 3192/2267/2671
f 3205/1864/2685 3192/2267/2671 3193/2269/2673
f 3206/1865/2686 3193/2269/2673 3194/2270/2674
f 3207/1867/2687 3194/2270/2674 3195/2271/2675
f 3208/1878/2688 3195/2271/2675 3196/2272/2676
f 3209/1868/2689 3196/2272/2676 3197/2273/2677
f 3198/2274/2678 3209/1868/2689 3197/2273/2677
f 3199/2275/2679 3210/1869/2690 3198/2274/2678
f 3200/2276/2680 3211/1870/2691 3199/2275/2679
f 3201/2278/2682 3212/1871/2692 3200/2276/2680
f 3202/2280/2693 3213/1872/2694 3201/2278/2682
f 3216/2281/2695 3203/184/2696 3204/1863/2683
f 3217/2282/2697 3204/1863/2683 3205/1864/2685
f 3218/2283/2698 3205/1864/2685 3206/1865/2686
f 3219/2284/2699 3206/1865/2686 3207/1867/2687
f 3220/2285/2700 3207/1867/2687 3208/1878/2688
f 3221/2286/2701 3208/1878/2688 3209/1868/2689
f 3210/1869/2690 3221/2286/2701 3209/1868/2689
f 3211/1870/2691 3222/2287/2702 3210/1869/2690
f 3212/1871/2692 3223/2288/2703 3211/1870/2691
f 3213/1872/2694 3224/2289/2704 3212/1871/2692
f 3214/1873/2705 3225/2290/2706 3213/1872/2694
f 3228/2291/2707 3215/2292/2708 3216/2281/2695
f 3229/2293/2709 3216/2281/2695 3217/2282/2697
f 3230/2294/2710 3217/2282/2697 3218/2283/2698
f 3231/2295/2711 3218/2283/2698 3219/2284/2699
f 3232/2296/2712 3219/2284/2699 3220/2285/2700
f 3233/2297/2713 3220/2285/2700 3221/2286/2701
f 3222/2287/2702 3233/2297/2713 3221/2286/2701
f 3223/2288/2703 3234/2298/2714 3222/2287/2702
f 3224/2289/2704 3235/2299/2715 3223/2288/2703
f 3225/2290/2706 3236/2300/2716 3224/2289/2704
f 3226/2301/2717 3237/2302/2718 3225/2290/2706
f 3228/2291/2707 3239/2303/2719 3227/2304/2720
f 3229/2293/2709 3240/2305/2721 3228/2291/2707
f 3230/2294/2710 3241/2306/2722 3229/2293/2709
f 3231/2295/2711 3242/2307/2723 3230/2294/2710
f 3232/2296/2712 3243/2308/2724 3231/2295/2711
f 3245/2309/2725 3232/2296/2712 3233/2297/2713
f 3246/2310/2726 3233/2297/2713 3234/2298/2714
f 3247/2311/2727 3234/2298/2714 3235/2299/2715
f 3248/2312/2728 3235/2299/2715 3236/2300/2716
f 3249/2313/2729 3236/2300/2716 3237/2302/2718
f 3250/2314/2730 3237/2302/2718 3238/2315/2731
f 3240/2305/2721 3251/2316/2732 3239/2303/2719
f 3241/2306/2722 3252/2317/2733 3240/2305/2721
f 3242/2307/2723 3253/2318/2734 3241/2306/2722
f 3243/2308/2724 3254/2319/2735 3242/2307/2723
f 3244/2320/2736 3255/2321/2737 3243/2308/2724
f 3257/2322/2738 3244/2320/2736 3245/2309/2725
f 3258/2323/2739 3245/2309/2725 3246/2310/2726
f 3259/2324/2740 3246/2310/2726 3247/2311/2727
f 3260/2325/2741 3247/2311/2727 3248/2312/2728
f 3261/2326/2742 3248/2312/2728 3249/2313/2729
f 3262/2327/2743 3249/2313/2729 3250/2314/2730
f 3264/2328/2744 3251/2316/2732 3252/2317/2733
f 3265/2329/2745 3252/2317/2733 3253/2318/2734
f 3266/2330/2746 3253/2318/2734 3254/2319/2735
f 3267/2331/2747 3254/2319/2735 3255/2321/2737
f 3268/2332/2748 3255/2321/2737 3256/2333/2749
f 3269/2334/2750 3256/2333/2749 3257/2322/2738
f 3258/2323/2739 3269/2334/2750 3257/2322/2738
f 3259/2324/2740 3270/2335/2751 3258/2323/2739
f 3260/2325/2741 3271/2336/2752 3259/2324/2740
f 3261/2326/2742 3272/2337/2753 3260/2325/2741
f 3262/2327/2743 3273/2338/2754 3261/2326/2742
f 3264/2328/2744 3275/2339/2755 3263/2340/2756
f 3265/2329/2745 3276/2341/2757 3264/2328/2744
f 3266/2330/2746 3277/2342/2758 3265/2329/2745
f 3267/2331/2747 3278/2343/2759 3266/2330/2746
f 3268/2332/2748 3279/2344/2760 3267/2331/2747
f 3281/2345/2761 3268/2332/2748 3269/2334/2750
f 3282/2346/2762 3269/2334/2750 3270/2335/2751
f 3283/2347/2763 3270/2335/2751 3271/2336/2752
f 3284/2348/2764 3271/2336/2752 3272/2337/2753
f 3285/2349/2765 3272/2337/2753 3273/2338/2754
f 3286/2350/2766 3273/2338/2754 3274/2351/2767
f 3276/2341/2757 3287/2352/2768 3275/2339/2755
f 3277/2342/2758 3288/2353/2769 3276/2341/2757
f 3278/2343/2759 3289/2354/2770 3277/2342/2758
f 3279/2344/2760 3290/2355/2771 3278/2343/2759
f 3280/2356/2772 3291/2357/2773 3279/2344/2760
f 3293/2358/2774 3280/2356/2772 3281/2345/2761
f 3294/2359/2775 3281/2345/2761 3282/2346/2762
f 3295/2360/2776 3282/2346/2762 3283/2347/2763
f 3296/2361/2777 3283/2347/2763 3284/2348/2764
f 3297/2362/2778 3284/2348/2764 3285/2349/2765
f 3298/2363/2779 3285/2349/2765 3286/2350/2766
f 3300/2364/2780 3287/2352/2768 3288/2353/2769
f 3301/2365/2781 3288/2353/2769 3289/2354/2770
f 3302/2366/2782 3289/2354/2770 3290/2355/2771
f 3303/2367/2783 3290/2355/2771 3291/2357/2773
f 3304/2368/2784 3291/2357/2773 3292/2369/2785
f 3305/2370/2786 3292/2369/2785 3293/2358/2774
f 3294/2359/2775 3305/2370/2786 3293/2358/2774
f 3295/2360/2776 3306/2371/2787 3294/2359/2775
f 3296/2361/2777 3307/2372/2788 3295/2360/2776
f 3297/2362/2778 3308/2373/2789 3296/2361/2777
f 3298/2363/2779 3309/2374/2790 3297/2362/2778
f 3312/2375/2791 3299/2376/2792 3300/2364/2780
f 3313/2377/2793 3300/2364/2780 3301/2365/2781
f 3314/2378/2794 3301/2365/2781 3302/2366/2782
f 3315/2379/2795 3302/2366/2782 3303/2367/2783
f 3316/2380/2796 3303/2367/2783 3304/2368/2784
f 3317/2381/2797 3304/2368/2784 3305/2370/2786
f 3306/2371/2787 3317/2381/2797 3305/2370/2786
f 3307/2372/2788 3318/2382/2798 3306/2371/2787
f 3308/2373/2789 3319/2383/2799 3307/2372/2788
f 3309/2374/2790 3320/2384/2800 3308/2373/2789
f 3310/2385/2801 3321/2386/2802 3309/2374/2790
f 3324/2387/2803 3311/2388/2804 3312/2375/2791
f 3325/2389/2805 3312/2375/2791 3313/2377/2793
f 3326/2390/2806 3313/2377/2793 3314/2378/2794
f 3327/2391/2807 3314/2378/2794 3315/2379/2795
f 3328/2392/2808 3315/2379/2795 3316/2380/2796
f 3329/2393/2809 3316/2380/2796 3317/2381/2797
f 3318/2382/2798 3329/2393/2809 3317/2381/2797
f 3319/2383/2799 3330/2394/2810 3318/2382/2798
f 3320/2384/2800 3331/2395/2811 3319/2383/2799
f 3321/2386/2802 3332/2396/2812 3320/2384/2800
f 3322/2397/2813 3333/2398/2814 3321/2386/2802
f 3336/1921/2815 3323/2399/2816 3324/2387/2803
f 3337/1923/2817 3324/2387/2803 3325/2389/2805
f 3338/1924/2818 3325/2389/2805 3326/2390/2806
f 3339/1925/2819 3326/2390/2806 3327/2391/2807
f 3340/1926/2820 3327/2391/2807 3328/2392/2808
f 3341/1927/2821 3328/2392/2808 3329/2393/2809
f 3330/2394/2810 3341/1927/2821 3329/2393/2809
f 3331/2395/2811 3342/1928/2822 3330/2394/2810
f 3332/2396/2812 3343/1929/2823 3331/2395/2811
f 3333/2398/2814 3344/1930/2824 3332/2396/2812
f 3334/2400/2825 3345/1932/2826 3333/2398/2814
f 3348/2401/2827 3335/206/2828 3336/1921/2815
f 3349/2402/2829 3336/1921/2815 3337/1923/2817
f 3350/2403/2830 3337/1923/2817 3338/1924/2818
f 3351/2404/2831 3338/1924/2818 3339/1925/2819
f 3352/2405/2832 3339/1925/2819 3340/1926/2820
f 3353/2406/2833 3340/1926/2820 3341/1927/2821
f 3342/1928/2822 3353/2406/2833 3341/1927/2821
f 3343/1929/2823 3354/2407/2834 3342/1928/2822
f 3344/1930/2824 3355/2408/2835 3343/1929/2823
f 3345/1932/2826 3356/2409/2836 3344/1930/2824
f 3346/1942/2837 3357/2410/2838 3345/1932/2826
f 3360/2411/2839 3347/2412/2840 3348/2401/2827
f 3361/2413/2841 3348/2401/2827 3349/2402/2829
f 3362/2414/2842 3349/2402/2829 3350/2403/2830
f 3363/2415/2843 3350/2403/2830 3351/2404/2831
f 3364/2416/2844 3351/2404/2831 3352/2405/2832
f 3365/2417/2845 3352/2405/2832 3353/2406/2833
f 3354/2407/2834 3365/2417/2845 3353/2406/2833
f 3355/2408/2835 3366/2418/2846 3354/2407/2834
f 3356/2409/2836 3367/2419/2847 3355/2408/2835
f 3357/2410/2838 3368/2420/2848 3356/2409/2836
f 3358/2421/2849 3369/2422/2850 3357/2410/2838
f 3372/2423/2851 3359/2424/2852 3360/2411/2839
f 3373/2425/2853 3360/2411/2839 3361/2413/2841
f 3374/2426/2854 3361/2413/2841 3362/2414/2842
f 3375/2427/2855 3362/2414/2842 3363/2415/2843
f 3376/2428/2856 3363/2415/2843 3364/2416/2844
f 3377/2429/2857 3364/2416/2844 3365/2417/2845
f 3366/2418/2846 3377/2429/2857 3365/2417/2845
f 3367/2419/2847 3378/2430/2858 3366/2418/2846
f 3368/2420/2848 3379/2431/2859 3367/2419/2847
f 3369/2422/2850 3380/2432/2860 3368/2420/2848
f 3370/2433/2861 3381/2434/2862 3369/2422/2850
f 3384/2435/2863 3371/2436/2864 3372/2423/2851
f 3385/2437/2865 3372/2423/2851 3373/2425/2853
f 3386/2438/2866 3373/2425/2853 3374/2426/2854
f 3387/2439/2867 3374/2426/2854 3375/2427/2855
f 3388/2440/2868 3375/2427/2855 3376/2428/2856
f 3389/2441/2869 3376/2428/2856 3377/2429/2857
f 3378/2430/2858 3389/2441/2869 3377/2429/2857
f 3379/2431/2859 3390/2442/2870 3378/2430/2858
f 3380/2432/2860 3391/2443/2871 3379/2431/2859
f 3381/2434/2862 3392/2444/2872 3380/2432/2860
f 3382/2445/2873 3393/2446/2874 3381/2434/2862
f 3396/2447/2875 3383/2448/838 3384/2435/2863
f 3397/2449/2876 3384/2435/2863 3385/2437/2865
f 3398/2450/2877 3385/2437/2865 3386/2438/2866
f 3399/2451/2878 3386/2438/2866 3387/2439/2867
f 3400/2452/2879 3387/2439/2867 3388/2440/2868
f 3401/2453/2880 3388/2440/2868 3389/2441/2869
f 3390/2442/2870 3401/2453/2880 3389/2441/2869
f 3391/2443/2871 3402/2454/2881 3390/2442/2870
f 3392/2444/2872 3403/2455/2882 3391/2443/2871
f 3393/2446/2874 3404/2456/2883 3392/2444/2872
f 3394/2457/849 3405/2458/2884 3393/2446/2874
f 3408/2459/2885 3395/2460/2886 3396/2447/2875
f 3409/2461/2887 3396/2447/2875 3397/2449/2876
f 3410/2462/2888 3397/2449/2876 3398/2450/2877
f 3411/2463/2889 3398/2450/2877 3399/2451/2878
f 3412/2464/2890 3399/2451/2878 3400/2452/2879
f 3413/2465/2891 3400/2452/2879 3401/2453/2880
f 3402/2454/2881 3413/2465/2891 3401/2453/2880
f 3403/2455/2882 3414/2466/2892 3402/2454/2881
f 3404/2456/2883 3415/2467/2893 3403/2455/2882
f 3405/2458/2884 3416/2468/2894 3404/2456/2883
f 3406/2469/2895 3417/2470/2896 3405/2458/2884
f 3408/2459/2885 3419/2471/2897 3407/2472/2898
f 3409/2461/2887 3420/2473/2899 3408/2459/2885
f 3410/2462/2888 3421/2474/2900 3409/2461/2887
f 3411/2463/2889 3422/2475/2901 3410/2462/2888
f 3412/2464/2890 3423/2476/2902 3411/2463/2889
f 3425/2477/2903 3412/2464/2890 3413/2465/2891
f 3426/2478/2904 3413/2465/2891 3414/2466/2892
f 3427/2479/2905 3414/2466/2892 3415/2467/2893
f 3428/2480/2906 3415/2467/2893 3416/2468/2894
f 3429/2481/2907 3416/2468/2894 3417/2470/2896
f 3430/2482/2908 3417/2470/2896 3418/2483/2909
f 3420/2473/2899 3431/2484/2910 3419/2471/2897
f 3421/2474/2900 3432/2485/2911 3420/2473/2899
f 3422/2475/2901 3433/2486/2912 3421/2474/2900
f 3423/2476/2902 3434/2487/2913 3422/2475/2901
f 3424/2488/2914 3435/2489/2915 3423/2476/2902
f 3437/2490/2916 3424/2488/2914 3425/2477/2903
f 3438/2491/2917 3425/2477/2903 3426/2478/2904
f 3439/2492/2918 3426/2478/2904 3427/2479/2905
f 3440/2493/2919 3427/2479/2905 3428/2480/2906
f 3441/2494/2920 3428/2480/2906 3429/2481/2907
f 3442/2495/2921 3429/2481/2907 3430/2482/2908
f 3432/2485/2911 3443/2496/2922 3431/2484/2910
f 3433/2486/2912 3444/2497/2923 3432/2485/2911
f 3434/2487/2913 3445/2498/2924 3433/2486/2912
f 3435/2489/2915 3446/2499/2925 3434/2487/2913
f 3436/2500/2926 3447/2501/2927 3435/2489/2915
f 3449/2502/2928 3436/2500/2926 3437/2490/2916
f 3450/2503/2929 3437/2490/2916 3438/2491/2917
f 3451/2504/2930 3438/2491/2917 3439/2492/2918
f 3452/2505/2931 3439/2492/2918 3440/2493/2919
f 3453/2506/2932 3440/2493/2919 3441/2494/2920
f 3454/2507/2933 3441/2494/2920 3442/2495/2921
f 3444/2497/2923 3455/2508/2934 3443/2496/2922
f 3445/2498/2924 3456/2509/2935 3444/2497/2923
f 3446/2499/2925 3457/2510/2936 3445/2498/2924
f 3447/2501/2927 3458/2511/2937 3446/2499/2925
f 3448/2512/2938 3459/2513/2939 3447/2501/2927
f 3461/2514/2940 3448/2512/2938 3449/2502/2928
f 3462/2515/2941 3449/2502/2928 3450/2503/2929
f 3463/2516/2942 3450/2503/2929 3451/2504/2930
f 3464/2517/2943 3451/2504/2930 3452/2505/2931
f 3465/2518/2944 3452/2505/2931 3453/2506/2932
f 3466/2519/2945 3453/2506/2932 3454/2507/2933
f 3456/2509/2935 3467/176/2946 3455/2508/2934
f 3457/2510/2936 3468/1981/2947 3456/2509/2935
f 3458/2511/2937 3469/1982/2948 3457/2510/2936
f 3459/2513/2939 3470/1983/2949 3458/2511/2937
f 3460/2520/2950 3471/1985/2951 3459/2513/2939
f 3473/1986/2952 3460/2520/2950 3461/2514/2940
f 3474/1987/2953 3461/2514/2940 3462/2515/2941
f 3475/1988/2954 3462/2515/2941 3463/2516/2942
f 3476/1989/2955 3463/2516/2942 3464/2517/2943
f 3477/1990/2956 3464/2517/2943 3465/2518/2944
f 3478/1991/2957 3465/2518/2944 3466/2519/2945
f 3468/1981/2947 3479/2521/2958 3467/176/2946
f 3469/1982/2948 3480/2522/2959 3468/1981/2947
f 3470/1983/2949 3481/2523/2960 3469/1982/2948
f 3471/1985/2951 3482/2524/2961 3470/1983/2949
f 3472/1996/2962 3483/2525/2963 3471/1985/2951
f 3485/2526/2964 3472/1996/2962 3473/1986/2952
f 3486/2527/2965 3473/1986/2952 3474/1987/2953
f 3487/2528/2966 3474/1987/2953 3475/1988/2954
f 3488/2529/2967 3475/1988/2954 3476/1989/2955
f 3489/2530/2968 3476/1989/2955 3477/1990/2956
f 3490/2531/2969 3477/1990/2956 3478/1991/2957
f 3480/2522/2959 3491/2532/2970 3479/2521/2958
f 3481/2523/2960 3492/2533/2971 3480/2522/2959
f 3482/2524/2961 3493/2534/2972 3481/2523/2960
f 3483/2525/2963 3494/2535/2973 3482/2524/2961
f 3484/2536/2974 3495/2537/2975 3483/2525/2963
f 3497/2538/2976 3484/2536/2974 3485/2526/2964
f 3498/2539/2977 3485/2526/2964 3486/2527/2965
f 3499/2540/2978 3486/2527/2965 3487/2528/2966
f 3500/2541/2979 3487/2528/2966 3488/2529/2967
f 3501/2542/2980 3488/2529/2967 3489/2530/2968
f 3502/2543/2981 3489/2530/2968 3490/2531/2969
f 3492/2533/2971 3503/2544/2982 3491/2532/2970
f 3493/2534/2972 3504/2545/2983 3492/2533/2971
f 3494/2535/2973 3505/2546/2984 3493/2534/2972
f 3495/2537/2975 3506/2547/2985 3494/2535/2973
f 3496/2548/2986 3507/2549/2987 3495/2537/2975
f 3509/2550/2988 3496/2548/2986 3497/2538/2976
f 3510/2551/2989 3497/2538/2976 3498/2539/2977
f 3511/2552/2990 3498/2539/2977 3499/2540/2978
f 3512/2553/2991 3499/2540/2978 3500/2541/2979
f 3513/2554/2992 3500/2541/2979 3501/2542/2980
f 3514/2555/2993 3501/2542/2980 3502/2543/2981
f 3504/2545/2983 3515/2556/2994 3503/2544/2982
f 3505/2546/2984 3516/2557/2995 3504/2545/2983
f 3506/2547/2985 3517/2558/2996 3505/2546/2984
f 3507/2549/2987 3518/2559/2997 3506/2547/2985
f 3508/2560/2998 3519/2561/2999 3507/2549/2987
f 3521/2562/3000 3508/2560/2998 3509/2550/2988
f 3522/2563/3001 3509/2550/2988 3510/2551/2989
f 3523/2564/3002 3510/2551/2989 3511/2552/2990
f 3524/2565/3003 3511/2552/2990 3512/2553/2991
f 3525/2566/3004 3512/2553/2991 3513/2554/2992
f 3526/2567/3005 3513/2554/2992 3514/2555/2993
f 3516/2557/2995 3527/2568/3006 3515/2556/2994
f 3517/2558/2996 3528/2569/3007 3516/2557/2995
f 3518/2559/2997 3529/2570/3008 3517/2558/2996
f 3519/2561/2999 3530/2571/3009 3518/2559/2997
f 3520/2572/3010 3531/2573/3011 3519/2561/2999
f 3533/2574/3012 3520/2572/3010 3521/2562/3000
f 3534/2575/3013 3521/2562/3000 3522/2563/3001
f 3535/2576/3014 3522/2563/3001 3523/2564/3002
f 3536/2577/3015 3523/2564/3002 3524/2565/3003
f 3537/2578/3016 3524/2565/3003 3525/2566/3004
f 3538/2579/3017 3525/2566/3004 3526/2567/3005
f 3528/2569/3007 3539/2580/3018 3527/2568/3006
f 3529/2570/3008 3540/2581/3019 3528/2569/3007
f 3530/2571/3009 3541/2582/3020 3529/2570/3008
f 3531/2573/3011 3542/2583/3021 3530/2571/3009
f 3532/2584/3022 3543/2585/3023 3531/2573/3011
f 3545/2586/3024 3532/2584/3022 3533/2574/3012
f 3546/2587/3025 3533/2574/3012 3534/2575/3013
f 3547/2588/3026 3534/2575/3013 3535/2576/3014
f 3548/2589/3027 3535/2576/3014 3536/2577/3015
f 3549/2590/3028 3536/2577/3015 3537/2578/3016
f 3550/2591/3029 3537/2578/3016 3538/2579/3017
f 3540/2581/3019 3551/2592/3030 3539/2580/3018
f 3541/2582/3020 3552/2593/3031 3540/2581/3019
f 3542/2583/3021 3553/2594/3032 3541/2582/3020
f 3543/2585/3023 3554/2595/3033 3542/2583/3021
f 3544/2596/3034 3555/2597/3035 3543/2585/3023
f 3557/2598/3036 3544/2596/3034 3545/2586/3024
f 3558/2599/3037 3545/2586/3024 3546/2587/3025
f 3559/2600/3038 3546/2587/3025 3547/2588/3026
f 3560/2601/3039 3547/2588/3026 3548/2589/3027
f 3561/2602/3040 3548/2589/3027 3549/2590/3028
f 3562/2603/3041 3549/2590/3028 3550/2591/3029
f 3564/2604/3042 3551/2592/3030 3552/2593/3031
f 3565/2605/3043 3552/2593/3031 3553/2594/3032
f 3566/2606/3044 3553/2594/3032 3554/2595/3033
f 3555/2597/3035 3566/2606/3044 3554/2595/3033
f 3568/2607/3045 3555/2597/3035 3556/2608/3046
f 3569/2609/3047 3556/2608/3046 3557/2598/3036
f 3558/2599/3037 3569/2609/3047 3557/2598/3036
f 3571/2610/3048 3558/2599/3037 3559/2600/3038
f 3572/2611/3049 3559/2600/3038 3560/2601/3039
f 3573/2612/3050 3560/2601/3039 3561/2602/3040
f 3574/2613/3051 3561/2602/3040 3562/2603/3041
f 3576/2614/3052 3563/2615/3053 3564/2604/3042
f 3577/2616/3054 3564/2604/3042 3565/2605/3043
f 3578/2617/3055 3565/2605/3043 3566/2606/3044
f 3579/2618/3056 3566/2606/3044 3567/2619/3057
f 3580/2620/3058 3567/2619/3057 3568/2607/3045
f 3581/2621/3059 3568/2607/3045 3569/2609/3047
f 3582/2622/3060 3569/2609/3047 3570/2623/3061
f 3583/2624/3062 3570/2623/3061 3571/2610/3048
f 3584/2625/3063 3571/2610/3048 3572/2611/3049
f 3585/2626/3064 3572/2611/3049 3573/2612/3050
f 3586/2627/3065 3573/2612/3050 3574/2613/3051
f 3588/2628/3066 3575/2629/3067 3576/2614/3052
f 3589/2630/3068 3576/2614/3052 3577/2616/3054
f 3590/2631/3069 3577/2616/3054 3578/2617/3055
f 3591/2632/3070 3578/2617/3055 3579/2618/3056
f 3592/2633/3071 3579/2618/3056 3580/2620/3058
f 3593/2634/3072 3580/2620/3058 3581/2621/3059
f 3594/2635/3073 3581/2621/3059 3582/2622/3060
f 3595/2636/3074 3582/2622/3060 3583/2624/3062
f 3596/2637/3075 3583/2624/3062 3584/2625/3063
f 3597/2638/3076 3584/2625/3063 3585/2626/3064
f 3598/2639/3077 3585/2626/3064 3586/2627/3065
f 2940/815/2421 3587/2640/2423 3588/2628/3066
f 2941/816/2425 3588/2628/3066 3589/2630/3068
f 2942/817/2427 3589/2630/3068 3590/2631/3069
f 2943/818/2429 3590/2631/3069 3591/2632/3070
f 2944/826/2431 3591/2632/3070 3592/2633/3071
f 2945/819/2433 3592/2633/3071 3593/2634/3072
f 3594/2635/3073 2945/819/2433 3593/2634/3072
f 3595/2636/3074 2946/820/2434 3594/2635/3073
f 3596/2637/3075 2947/821/2435 3595/2636/3074
f 3597/2638/3076 2948/822/2437 3596/2637/3075
f 3598/2639/3077 2949/823/2439 3597/2638/3076
f 516/246/3 528/249/7 527/247/4
f 517/248/6 529/251/9 528/249/7
f 518/250/8 530/253/11 529/251/9
f 519/252/10 531/255/13 530/253/11
f 520/254/12 532/272/30 531/255/13
f 533/256/14 532/272/30 520/254/12
f 534/258/16 533/256/14 521/257/15
f 535/260/18 534/258/16 522/259/17
f 536/262/20 535/260/18 523/261/19
f 537/264/22 536/262/20 524/263/21
f 538/266/24 537/264/22 525/265/23
f 528/249/7 540/269/27 539/268/26
f 529/251/9 541/270/28 540/269/27
f 530/253/11 542/271/29 541/270/28
f 531/255/13 543/273/31 542/271/29
f 532/272/30 544/284/42 543/273/31
f 545/274/32 544/284/42 532/272/30
f 546/275/33 545/274/32 533/256/14
f 547/276/34 546/275/33 534/258/16
f 548/277/35 547/276/34 535/260/18
f 549/278/36 548/277/35 536/262/20
f 550/279/37 549/278/36 537/264/22
f 540/269/27 552/281/39 551/280/38
f 541/270/28 553/282/40 552/281/39
f 542/271/29 554/283/41 553/282/40
f 543/273/31 555/285/43 554/283/41
f 544/284/42 556/296/54 555/285/43
f 557/286/44 556/296/54 544/284/42
f 558/287/45 557/286/44 545/274/32
f 559/288/46 558/287/45 546/275/33
f 560/289/47 559/288/46 547/276/34
f 561/290/48 560/289/47 548/277/35
f 562/291/49 561/290/48 549/278/36
f 552/281/39 564/293/51 563/292/50
f 553/282/40 565/294/52 564/293/51
f 554/283/41 566/295/53 565/294/52
f 555/285/43 567/297/55 566/295/53
f 556/296/54 568/309/67 567/297/55
f 569/298/56 568/309/67 556/296/54
f 570/299/57 569/298/56 557/286/44
f 571/300/58 570/299/57 558/287/45
f 572/301/59 571/300/58 559/288/46
f 573/302/60 572/301/59 560/289/47
f 574/303/61 573/302/60 561/290/48
f 576/304/62 575/316/74 563/292/50
f 577/305/63 576/304/62 564/293/51
f 578/306/64 577/305/63 565/294/52
f 579/307/65 578/306/64 566/295/53
f 580/308/66 579/307/65 567/297/55
f 581/310/68 580/308/66 568/309/67
f 570/299/57 582/311/69 581/310/68
f 571/300/58 583/312/70 582/311/69
f 572/301/59 584/313/71 583/312/70
f 573/302/60 585/314/72 584/313/71
f 574/303/61 586/325/83 585/314/72
f 588/315/73 587/328/86 575/316/74
f 589/317/75 588/315/73 576/304/62
f 590/318/76 589/317/75 577/305/63
f 591/319/77 590/318/76 578/306/64
f 592/320/78 591/319/77 579/307/65
f 593/321/79 592/320/78 580/308/66
f 582/311/69 594/322/80 593/321/79
f 583/312/70 595/323/81 594/322/80
f 584/313/71 596/324/82 595/323/81
f 585/314/72 597/326/84 596/324/82
f 586/325/83 598/337/95 597/326/84
f 600/327/85 599/340/98 587/328/86
f 601/329/87 600/327/85 588/315/73
f 602/330/88 601/329/87 589/317/75
f 603/331/89 602/330/88 590/318/76
f 604/332/90 603/331/89 591/319/77
f 605/333/91 604/332/90 592/320/78
f 594/322/80 606/334/92 605/333/91
f 595/323/81 607/335/93 606/334/92
f 596/324/82 608/336/94 607/335/93
f 597/326/84 609/338/96 608/336/94
f 598/337/95 610/349/107 609/338/96
f 612/339/97 611/10/110 599/340/98
f 613/341/99 612/339/97 600/327/85
f 614/342/100 613/341/99 601/329/87
f 615/343/101 614/342/100 602/330/88
f 616/344/102 615/343/101 603/331/89
f 617/345/103 616/344/102 604/332/90
f 606/334/92 618/346/104 617/345/103
f 607/335/93 619/347/105 618/346/104
f 608/336/94 620/348/106 619/347/105
f 609/338/96 621/350/108 620/348/106
f 610/349/107 622/360/119 621/350/108
f 624/351/109 623/363/122 611/10/110
f 625/352/111 624/351/109 612/339/97
f 626/353/112 625/352/111 613/341/99
f 627/354/113 626/353/112 614/342/100
f 628/355/114 627/354/113 615/343/101
f 629/356/115 628/355/114 616/344/102
f 618/346/104 630/357/116 629/356/115
f 619/347/105 631/358/117 630/357/116
f 620/348/106 632/359/118 631/358/117
f 621/350/108 633/361/120 632/359/118
f 622/360/119 634/372/131 633/361/120
f 636/362/121 635/375/134 623/363/122
f 637/364/123 636/362/121 624/351/109
f 638/365/124 637/364/123 625/352/111
f 639/366/125 638/365/124 626/353/112
f 640/367/126 639/366/125 627/354/113
f 641/368/127 640/367/126 628/355/114
f 630/357/116 642/369/128 641/368/127
f 631/358/117 643/370/129 642/369/128
f 632/359/118 644/371/130 643/370/129
f 633/361/120 645/373/132 644/371/130
f 634/372/131 646/384/143 645/373/132
f 648/374/133 647/387/146 635/375/134
f 649/376/135 648/374/133 636/362/121
f 650/377/136 649/376/135 637/364/123
f 651/378/137 650/377/136 638/365/124
f 652/379/138 651/378/137 639/366/125
f 653/380/139 652/379/138 640/367/126
f 642/369/128 654/381/140 653/380/139
f 643/370/129 655/382/141 654/381/140
f 644/371/130 656/383/142 655/382/141
f 645/373/132 657/385/144 656/383/142
f 646/384/143 658/398/157 657/385/144
f 648/374/133 660/388/147 659/386/145
f 649/376/135 661/389/148 660/388/147
f 650/377/136 662/390/149 661/389/148
f 651/378/137 663/391/150 662/390/149
f 652/379/138 664/403/162 663/391/150
f 665/392/151 664/403/162 652/379/138
f 666/393/152 665/392/151 653/380/139
f 667/394/153 666/393/152 654/381/140
f 668/395/154 667/394/153 655/382/141
f 669/396/155 668/395/154 656/383/142
f 670/397/156 669/396/155 657/385/144
f 660/388/147 672/400/159 671/399/158
f 661/389/148 673/401/160 672/400/159
f 662/390/149 674/402/161 673/401/160
f 663/391/150 675/404/163 674/402/161
f 664/403/162 676/415/174 675/404/163
f 677/405/164 676/415/174 664/403/162
f 678/406/165 677/405/164 665/392/151
f 679/407/166 678/406/165 666/393/152
f 680/408/167 679/407/166 667/394/153
f 681/409/168 680/408/167 668/395/154
f 682/410/169 681/409/168 669/396/155
f 672/400/159 684/412/171 683/411/170
f 673/401/160 685/413/172 684/412/171
f 674/402/161 686/414/173 685/413/172
f 675/404/163 687/416/175 686/414/173
f 676/415/174 688/427/186 687/416/175
f 689/417/176 688/427/186 676/415/174
f 690/418/177 689/417/176 677/405/164
f 691/419/178 690/418/177 678/406/165
f 692/420/179 691/419/178 679/407/166
f 693/421/180 692/420/179 680/408/167
f 694/422/181 693/421/180 681/409/168
f 684/412/171 696/424/183 695/423/182
f 685/413/172 697/425/184 696/424/183
f 686/414/173 698/426/185 697/425/184
f 687/416/175 699/428/187 698/426/185
f 688/427/186 700/438/198 699/428/187
f 701/429/188 700/438/198 688/427/186
f 702/430/189 701/429/188 689/417/176
f 703/431/190 702/430/189 690/418/177
f 704/432/191 703/431/190 691/419/178
f 705/433/192 704/432/191 692/420/179
f 706/434/193 705/433/192 693/421/180
f 696/424/183 708/435/195 707/9/194
f 697/425/184 709/436/196 708/435/195
f 698/426/185 710/437/197 709/436/196
f 699/428/187 711/439/199 710/437/197
f 700/438/198 712/450/210 711/439/199
f 713/440/200 712/450/210 700/438/198
f 714/441/201 713/440/200 701/429/188
f 715/442/202 714/441/201 702/430/189
f 716/443/203 715/442/202 703/431/190
f 717/444/204 716/443/203 704/432/191
f 718/445/205 717/444/204 705/433/192
f 708/435/195 720/447/207 719/446/206
f 709/436/196 721/448/208 720/447/207
f 710/437/197 722/449/209 721/448/208
f 711/439/199 723/451/211 722/449/209
f 712/450/210 724/462/222 723/451/211
f 725/452/212 724/462/222 712/450/210
f 726/453/213 725/452/212 713/440/200
f 727/454/214 726/453/213 714/441/201
f 728/455/215 727/454/214 715/442/202
f 729/456/216 728/455/215 716/443/203
f 730/457/217 729/456/216 717/444/204
f 720/447/207 732/459/219 731/458/218
f 721/448/208 733/460/220 732/459/219
f 722/449/209 734/461/221 733/460/220
f 723/451/211 735/463/223 734/461/221
f 724/462/222 736/475/235 735/463/223
f 737/464/224 736/475/235 724/462/222
f 738/465/225 737/464/224 725/452/212
f 739/466/226 738/465/225 726/453/213
f 740/467/227 739/466/226 727/454/214
f 741/468/228 740/467/227 728/455/215
f 742/469/229 741/468/228 729/456/216
f 744/470/230 743/482/242 731/458/218
f 745/471/231 744/470/230 732/459/219
f 746/472/232 745/471/231 733/460/220
f 747/473/233 746/472/232 734/461/221
f 748/474/234 747/473/233 735/463/223
f 749/476/236 748/474/234 736/475/235
f 750/477/237 749/476/236 737/464/224
f 739/466/226 751/478/238 750/477/237
f 740/467/227 752/479/239 751/478/238
f 741/468/228 753/480/240 752/479/239
f 742/469/229 754/491/251 753/480/240
f 756/481/241 755/494/254 743/482/242
f 757/483/243 756/481/241 744/470/230
f 758/484/244 757/483/243 745/471/231
f 759/485/245 758/484/244 746/472/232
f 760/486/246 759/485/245 747/473/233
f 761/487/247 760/486/246 748/474/234
f 750/477/237 762/488/248 761/487/247
f 751/478/238 763/489/249 762/488/248
f 752/479/239 764/490/250 763/489/249
f 753/480/240 765/492/252 764/490/250
f 754/491/251 766/503/263 765/492/252
f 768/493/253 767/506/266 755/494/254
f 769/495/255 768/493/253 756/481/241
f 770/496/256 769/495/255 757/483/243
f 771/497/257 770/496/256 758/484/244
f 772/498/258 771/497/257 759/485/245
f 773/499/259 772/498/258 760/486/246
f 762/488/248 774/500/260 773/499/259
f 763/489/249 775/501/261 774/500/260
f 764/490/250 776/502/262 775/501/261
f 765/492/252 777/504/264 776/502/262
f 766/503/263 778/515/275 777/504/264
f 780/505/265 779/518/278 767/506/266
f 781/507/267 780/505/265 768/493/253
f 782/508/268 781/507/267 769/495/255
f 783/509/269 782/508/268 770/496/256
f 784/510/270 783/509/269 771/497/257
f 785/511/271 784/510/270 772/498/258
f 774/500/260 786/512/272 785/511/271
f 775/501/261 787/513/273 786/512/272
f 776/502/262 788/514/274 787/513/273
f 777/504/264 789/516/276 788/514/274
f 778/515/275 790/527/287 789/516/276
f 792/517/277 791/529/290 779/518/278
f 793/519/279 792/517/277 780/505/265
f 794/520/280 793/519/279 781/507/267
f 795/521/281 794/520/280 782/508/268
f 796/522/282 795/521/281 783/509/269
f 797/523/283 796/522/282 784/510/270
f 786/512/272 798/524/284 797/523/283
f 787/513/273 799/525/285 798/524/284
f 788/514/274 800/526/286 799/525/285
f 789/516/276 801/528/288 800/526/286
f 790/527/287 802/540/301 801/528/288
f 792/517/277 804/530/291 803/35/289
f 793/519/279 805/531/292 804/530/291
f 794/520/280 806/532/293 805/531/292
f 795/521/281 807/533/294 806/532/293
f 796/522/282 808/545/306 807/533/294
f 809/534/295 808/545/306 796/522/282
f 810/535/296 809/534/295 797/523/283
f 811/536/297 810/535/296 798/524/284
f 812/537/298 811/536/297 799/525/285
f 813/538/299 812/537/298 800/526/286
f 814/539/300 813/538/299 801/528/288
f 804/530/291 816/542/303 815/541/302
f 805/531/292 817/543/304 816/542/303
f 806/532/293 818/544/305 817/543/304
f 807/533/294 819/546/307 818/544/305
f 808/545/306 820/557/318 819/546/307
f 821/547/308 820/557/318 808/545/306
f 822/548/309 821/547/308 809/534/295
f 823/549/310 822/548/309 810/535/296
f 824/550/311 823/549/310 811/536/297
f 825/551/312 824/550/311 812/537/298
f 826/552/313 825/551/312 813/538/299
f 816/542/303 828/554/315 827/553/314
f 817/543/304 829/555/316 828/554/315
f 818/544/305 830/556/317 829/555/316
f 819/546/307 831/558/319 830/556/317
f 820/557/318 832/569/330 831/558/319
f 833/559/320 832/569/330 820/557/318
f 834/560/321 833/559/320 821/547/308
f 835/561/322 834/560/321 822/548/309
f 836/562/323 835/561/322 823/549/310
f 837/563/324 836/562/323 824/550/311
f 838/564/325 837/563/324 825/551/312
f 828/554/315 840/566/327 839/565/326
f 829/555/316 841/567/328 840/566/327
f 830/556/317 842/568/329 841/567/328
f 831/558/319 843/570/331 842/568/329
f 832/569/330 844/582/343 843/570/331
f 845/571/332 844/582/343 832/569/330
f 846/572/333 845/571/332 833/559/320
f 847/573/334 846/572/333 834/560/321
f 848/574/335 847/573/334 835/561/322
f 849/575/336 848/574/335 836/562/323
f 850/576/337 849/575/336 837/563/324
f 852/577/338 851/589/350 839/565/326
f 853/578/339 852/577/338 840/566/327
f 854/579/340 853/578/339 841/567/328
f 855/580/341 854/579/340 842/568/329
f 856/581/342 855/580/341 843/570/331
f 857/583/344 856/581/342 844/582/343
f 846/572/333 858/584/345 857/583/344
f 847/573/334 859/585/346 858/584/345
f 848/574/335 860/586/347 859/585/346
f 849/575/336 861/587/348 860/586/347
f 850/576/337 862/598/359 861/587/348
f 864/588/349 863/601/362 851/589/350
f 865/590/351 864/588/349 852/577/338
f 866/591/352 865/590/351 853/578/339
f 867/592/353 866/591/352 854/579/340
f 868/593/354 867/592/353 855/580/341
f 869/594/355 868/593/354 856/581/342
f 858/584/345 870/595/356 869/594/355
f 859/585/346 871/596/357 870/595/356
f 860/586/347 872/597/358 871/596/357
f 861/587/348 873/599/360 872/597/358
f 862/598/359 874/610/371 873/599/360
f 876/600/361 875/613/374 863/601/362
f 877/602/363 876/600/361 864/588/349
f 878/603/364 877/602/363 865/590/351
f 879/604/365 878/603/364 866/591/352
f 880/605/366 879/604/365 867/592/353
f 881/606/367 880/605/366 868/593/354
f 870/595/356 882/607/368 881/606/367
f 871/596/357 883/608/369 882/607/368
f 872/597/358 884/609/370 883/608/369
f 873/599/360 885/611/372 884/609/370
f 874/610/371 886/622/383 885/611/372
f 888/612/373 887/625/386 875/613/374
f 889/614/375 888/612/373 876/600/361
f 890/615/376 889/614/375 877/602/363
f 891/616/377 890/615/376 878/603/364
f 892/617/378 891/616/377 879/604/365
f 893/618/379 892/617/378 880/605/366
f 882/607/368 894/619/380 893/618/379
f 883/608/369 895/620/381 894/619/380
f 884/609/370 896/621/382 895/620/381
f 885/611/372 897/623/384 896/621/382
f 886/622/383 898/634/395 897/623/384
f 900/624/385 899/39/398 887/625/386
f 901/626/387 900/624/385 888/612/373
f 902/627/388 901/626/387 889/614/375
f 903/628/389 902/627/388 890/615/376
f 904/629/390 903/628/389 891/616/377
f 905/630/391 904/629/390 892/617/378
f 894/619/380 906/631/392 905/630/391
f 895/620/381 907/632/393 906/631/392
f 896/621/382 908/633/394 907/632/393
f 897/623/384 909/635/396 908/633/394
f 898/634/395 910/645/407 909/635/396
f 912/636/397 911/648/410 899/39/398
f 913/637/399 912/636/397 900/624/385
f 914/638/400 913/637/399 901/626/387
f 915/639/401 914/638/400 902/627/388
f 916/640/402 915/639/401 903/628/389
f 917/641/403 916/640/402 904/629/390
f 906/631/392 918/642/404 917/641/403
f 907/632/393 919/643/405 918/642/404
f 908/633/394 920/644/406 919/643/405
f 909/635/396 921/646/408 920/644/406
f 910/645/407 922/657/419 921/646/408
f 924/647/409 923/660/422 911/648/410
f 925/649/411 924/647/409 912/636/397
f 926/650/412 925/649/411 913/637/399
f 927/651/413 926/650/412 914/638/400
f 928/652/414 927/651/413 915/639/401
f 929/653/415 928/652/414 916/640/402
f 918/642/404 930/654/416 929/653/415
f 919/643/405 931/655/417 930/654/416
f 920/644/406 932/656/418 931/655/417
f 921/646/408 933/658/420 932/656/418
f 922/657/419 934/669/431 933/658/420
f 936/659/421 935/672/434 923/660/422
f 937/661/423 936/659/421 924/647/409
f 938/662/424 937/661/423 925/649/411
f 939/663/425 938/662/424 926/650/412
f 940/664/426 939/663/425 927/651/413
f 941/665/427 940/664/426 928/652/414
f 930/654/416 942/666/428 941/665/427
f 931/655/417 943/667/429 942/666/428
f 932/656/418 944/668/430 943/667/429
f 933/658/420 945/670/432 944/668/430
f 934/669/431 946/683/445 945/670/432
f 936/659/421 948/673/435 947/671/433
f 937/661/423 949/674/436 948/673/435
f 938/662/424 950/675/437 949/674/436
f 939/663/425 951/676/438 950/675/437
f 940/664/426 952/688/450 951/676/438
f 953/677/439 952/688/450 940/664/426
f 954/678/440 953/677/439 941/665/427
f 955/679/441 954/678/440 942/666/428
f 956/680/442 955/679/441 943/667/429
f 957/681/443 956/680/442 944/668/430
f 958/682/444 957/681/443 945/670/432
f 948/673/435 960/685/447 959/684/446
f 949/674/436 961/686/448 960/685/447
f 950/675/437 962/687/449 961/686/448
f 951/676/438 963/689/451 962/687/449
f 952/688/450 964/700/462 963/689/451
f 965/690/452 964/700/462 952/688/450
f 966/691/453 965/690/452 953/677/439
f 967/692/454 966/691/453 954/678/440
f 968/693/455 967/692/454 955/679/441
f 969/694/456 968/693/455 956/680/442
f 970/695/457 969/694/456 957/681/443
f 960/685/447 972/697/459 971/696/458
f 961/686/448 973/698/460 972/697/459
f 962/687/449 974/699/461 973/698/460
f 963/689/451 975/701/463 974/699/461
f 964/700/462 976/712/474 975/701/463
f 977/702/464 976/712/474 964/700/462
f 978/703/465 977/702/464 965/690/452
f 979/704/466 978/703/465 966/691/453
f 980/705/467 979/704/466 967/692/454
f 981/706/468 980/705/467 968/693/455
f 982/707/469 981/706/468 969/694/456
f 972/697/459 984/709/471 983/708/470
f 973/698/460 985/710/472 984/709/471
f 974/699/461 986/711/473 985/710/472
f 975/701/463 987/713/475 986/711/473
f 976/712/474 988/723/486 987/713/475
f 989/714/476 988/723/486 976/712/474
f 990/715/477 989/714/476 977/702/464
f 991/716/478 990/715/477 978/703/465
f 992/717/479 991/716/478 979/704/466
f 993/718/480 992/717/479 980/705/467
f 994/719/481 993/718/480 981/706/468
f 984/709/471 996/720/483 995/50/482
f 985/710/472 997/721/484 996/720/483
f 986/711/473 998/722/485 997/721/484
f 987/713/475 999/724/487 998/722/485
f 988/723/486 1000/735/498 999/724/487
f 1001/725/488 1000/735/498 988/723/486
f 1002/726/489 1001/725/488 989/714/476
f 1003/727/490 1002/726/489 990/715/477
f 1004/728/491 1003/727/490 991/716/478
f 1005/729/492 1004/728/491 992/717/479
f 1006/730/493 1005/729/492 993/718/480
f 996/720/483 1008/732/495 1007/731/494
f 997/721/484 1009/733/496 1008/732/495
f 998/722/485 1010/734/497 1009/733/496
f 999/724/487 1011/736/499 1010/734/497
f 1000/735/498 1012/747/510 1011/736/499
f 1013/737/500 1012/747/510 1000/735/498
f 1014/738/501 1013/737/500 1001/725/488
f 1015/739/502 1014/738/501 1002/726/489
f 1016/740/503 1015/739/502 1003/727/490
f 1017/741/504 1016/740/503 1004/728/491
f 1018/742/505 1017/741/504 1005/729/492
f 1008/732/495 1020/744/507 1019/743/506
f 1009/733/496 1021/745/508 1020/744/507
f 1010/734/497 1022/746/509 1021/745/508
f 1011/736/499 1023/748/511 1022/746/509
f 1012/747/510 1024/759/522 1023/748/511
f 1025/749/512 1024/759/522 1012/747/510
f 1026/750/513 1025/749/512 1013/737/500
f 1027/751/514 1026/750/513 1014/738/501
f 1028/752/515 1027/751/514 1015/739/502
f 1029/753/516 1028/752/515 1016/740/503
f 1030/754/517 1029/753/516 1017/741/504
f 1032/755/518 1031/766/529 1019/743/506
f 1033/756/519 1032/755/518 1020/744/507
f 1034/757/520 1033/756/519 1021/745/508
f 1035/758/521 1034/757/520 1022/746/509
f 1024/759/522 1036/771/534 1035/758/521
f 1037/760/523 1036/771/534 1024/759/522
f 1038/761/524 1037/760/523 1025/749/512
f 1027/751/514 1039/762/525 1038/761/524
f 1028/752/515 1040/763/526 1039/762/525
f 1029/753/516 1041/764/527 1040/763/526
f 1030/754/517 1042/776/539 1041/764/527
f 1044/765/528 1043/779/542 1031/766/529
f 1045/767/530 1044/765/528 1032/755/518
f 1046/768/531 1045/767/530 1033/756/519
f 1047/769/532 1046/768/531 1034/757/520
f 1048/770/533 1047/769/532 1035/758/521
f 1049/772/535 1048/770/533 1036/771/534
f 1038/761/524 1050/773/536 1049/772/535
f 1039/762/525 1051/774/537 1050/773/536
f 1040/763/526 1052/775/538 1051/774/537
f 1041/764/527 1053/777/540 1052/775/538
f 1042/776/539 1054/788/551 1053/777/540
f 1056/778/541 1055/791/554 1043/779/542
f 1057/780/543 1056/778/541 1044/765/528
f 1058/781/544 1057/780/543 1045/767/530
f 1059/782/545 1058/781/544 1046/768/531
f 1060/783/546 1059/782/545 1047/769/532
f 1061/784/547 1060/783/546 1048/770/533
f 1050/773/536 1062/785/548 1061/784/547
f 1051/774/537 1063/786/549 1062/785/548
f 1052/775/538 1064/787/550 1063/786/549
f 1053/777/540 1065/789/552 1064/787/550
f 1054/788/551 1066/800/563 1065/789/552
f 1068/790/553 1067/803/566 1055/791/554
f 1069/792/555 1068/790/553 1056/778/541
f 1070/793/556 1069/792/555 1057/780/543
f 1071/794/557 1070/793/556 1058/781/544
f 1072/795/558 1071/794/557 1059/782/545
f 1073/796/559 1072/795/558 1060/783/546
f 1062/785/548 1074/797/560 1073/796/559
f 1063/786/549 1075/798/561 1074/797/560
f 1064/787/550 1076/799/562 1075/798/561
f 1065/789/552 1077/801/564 1076/799/562
f 1066/800/563 1078/812/575 1077/801/564
f 1080/802/565 1079/814/577 1067/803/566
f 1081/804/567 1080/802/565 1068/790/553
f 1082/805/568 1081/804/567 1069/792/555
f 1083/806/569 1082/805/568 1070/793/556
f 1084/807/570 1083/806/569 1071/794/557
f 1085/808/571 1084/807/570 1072/795/558
f 1074/797/560 1086/809/572 1085/808/571
f 1075/798/561 1087/810/573 1086/809/572
f 1076/799/562 1088/811/574 1087/810/573
f 1077/801/564 1089/813/576 1088/811/574
f 1078/812/575 1090/825/578 1089/813/576
f 1080/802/565 516/815/3 515/13/5
f 1081/804/567 517/816/6 516/815/3
f 1082/805/568 518/817/8 517/816/6
f 1083/806/569 519/818/10 518/817/8
f 1084/807/570 520/826/12 519/818/10
f 521/819/15 520/826/12 1084/807/570
f 522/820/17 521/819/15 1085/808/571
f 523/821/19 522/820/17 1086/809/572
f 524/822/21 523/821/19 1087/810/573
f 525/823/23 524/822/21 1088/811/574
f 526/824/25 525/823/23 1089/813/576
f 1104/249/579 1103/247/602 1091/15/580
f 1105/251/582 1104/249/579 1092/246/581
f 1106/253/584 1105/251/582 1093/248/583
f 1107/255/586 1106/253/584 1094/250/585
f 1108/272/588 1107/255/586 1095/252/587
f 1109/256/590 1108/272/588 1096/254/589
f 1098/259/592 1110/258/594 1109/256/590
f 1099/261/593 1111/260/596 1110/258/594
f 1100/263/595 1112/262/598 1111/260/596
f 1101/265/597 1113/264/600 1112/262/598
f 1102/267/599 1114/266/611 1113/264/600
f 1116/269/601 1115/268/614 1103/247/602
f 1117/270/603 1116/269/601 1104/249/579
f 1118/271/604 1117/270/603 1105/251/582
f 1119/273/605 1118/271/604 1106/253/584
f 1120/284/606 1119/273/605 1107/255/586
f 1121/274/607 1120/284/606 1108/272/588
f 1110/258/594 1122/275/608 1121/274/607
f 1111/260/596 1123/276/609 1122/275/608
f 1112/262/598 1124/277/610 1123/276/609
f 1113/264/600 1125/278/612 1124/277/610
f 1114/266/611 1126/279/623 1125/278/612
f 1128/281/613 1127/280/626 1115/268/614
f 1129/282/615 1128/281/613 1116/269/601
f 1130/283/616 1129/282/615 1117/270/603
f 1131/285/617 1130/283/616 1118/271/604
f 1132/296/618 1131/285/617 1119/273/605
f 1133/286/619 1132/296/618 1120/284/606
f 1122/275/608 1134/287/620 1133/286/619
f 1123/276/609 1135/288/621 1134/287/620
f 1124/277/610 1136/289/622 1135/288/621
f 1125/278/612 1137/290/624 1136/289/622
f 1126/279/623 1138/291/635 1137/290/624
f 1140/293/625 1139/292/638 1127/280/626
f 1141/294/627 1140/293/625 1128/281/613
f 1142/295/628 1141/294/627 1129/282/615
f 1143/297/629 1142/295/628 1130/283/616
f 1144/309/630 1143/297/629 1131/285/617
f 1145/298/631 1144/309/630 1132/296/618
f 1134/287/620 1146/299/632 1145/298/631
f 1135/288/621 1147/300/633 1146/299/632
f 1136/289/622 1148/301/634 1147/300/633
f 1137/290/624 1149/302/636 1148/301/634
f 1138/291/635 1150/303/647 1149/302/636
f 1152/304/637 1151/316/650 1139/292/638
f 1153/305/639 1152/304/637 1140/293/625
f 1154/306/640 1153/305/639 1141/294/627
f 1155/307/641 1154/306/640 1142/295/628
f 1156/308/642 1155/307/641 1143/297/629
f 1157/310/643 1156/308/642 1144/309/630
f 1146/299/632 1158/311/644 1157/310/643
f 1147/300/633 1159/312/645 1158/311/644
f 1148/301/634 1160/313/646 1159/312/645
f 1149/302/636 1161/314/648 1160/313/646
f 1150/303/647 1162/325/659 1161/314/648
f 1164/315/649 1163/328/662 1151/316/650
f 1165/317/651 1164/315/649 1152/304/637
f 1166/318/652 1165/317/651 1153/305/639
f 1167/319/653 1166/318/652 1154/306/640
f 1168/320/654 1167/319/653 1155/307/641
f 1169/321/655 1168/320/654 1156/308/642
f 1158/311/644 1170/322/656 1169/321/655
f 1159/312/645 1171/323/657 1170/322/656
f 1160/313/646 1172/324/658 1171/323/657
f 1161/314/648 1173/326/660 1172/324/658
f 1162/325/659 1174/337/671 1173/326/660
f 1164/315/649 1176/327/663 1175/340/661
f 1165/317/651 1177/329/664 1176/327/663
f 1166/318/652 1178/330/674 1177/329/664
f 1179/331/665 1178/330/674 1166/318/652
f 1168/320/654 1180/332/677 1179/331/665
f 1181/333/666 1180/332/677 1168/320/654
f 1182/334/667 1181/333/666 1169/321/655
f 1171/323/657 1183/335/682 1182/334/667
f 1184/336/668 1183/335/682 1171/323/657
f 1185/338/669 1184/336/668 1172/324/658
f 1186/349/670 1185/338/669 1173/326/660
f 1176/327/663 1188/339/673 1187/10/672
f 1177/329/664 1189/341/675 1188/339/673
f 1178/330/674 1190/342/676 1189/341/675
f 1179/331/665 1191/343/678 1190/342/676
f 1180/332/677 1192/344/690 1191/343/678
f 1193/345/679 1192/344/690 1180/332/677
f 1194/346/680 1193/345/679 1181/333/666
f 1195/347/681 1194/346/680 1182/334/667
f 1196/348/683 1195/347/681 1183/335/682
f 1197/350/684 1196/348/683 1184/336/668
f 1198/360/685 1197/350/684 1185/338/669
f 1188/339/673 1200/351/687 1199/363/686
f 1189/341/675 1201/352/688 1200/351/687
f 1190/342/676 1202/353/689 1201/352/688
f 1191/343/678 1203/354/691 1202/353/689
f 1192/344/690 1204/355/701 1203/354/691
f 1205/356/692 1204/355/701 1192/344/690
f 1206/357/693 1205/356/692 1193/345/679
f 1207/358/694 1206/357/693 1194/346/680
f 1208/359/695 1207/358/694 1195/347/681
f 1209/361/696 1208/359/695 1196/348/683
f 1210/372/697 1209/361/696 1197/350/684
f 1200/351/687 1212/362/698 1211/375/433
f 1201/352/688 1213/364/699 1212/362/698
f 1202/353/689 1214/365/700 1213/364/699
f 1203/354/691 1215/366/702 1214/365/700
f 1204/355/701 1216/367/711 1215/366/702
f 1217/368/703 1216/367/711 1204/355/701
f 1218/369/704 1217/368/703 1205/356/692
f 1219/370/705 1218/369/704 1206/357/693
f 1220/371/706 1219/370/705 1207/358/694
f 1221/373/707 1220/371/706 1208/359/695
f 1222/384/444 1221/373/707 1209/361/696
f 1212/362/698 1224/374/708 1223/387/434
f 1213/364/699 1225/376/709 1224/374/708
f 1214/365/700 1226/377/710 1225/376/709
f 1215/366/702 1227/378/712 1226/377/710
f 1216/367/711 1228/379/723 1227/378/712
f 1229/380/713 1228/379/723 1216/367/711
f 1230/381/714 1229/380/713 1217/368/703
f 1231/382/715 1230/381/714 1218/369/704
f 1232/383/716 1231/382/715 1219/370/705
f 1233/385/717 1232/383/716 1220/371/706
f 1234/398/445 1233/385/717 1221/373/707
f 1236/388/718 1235/386/730 1223/387/434
f 1237/389/719 1236/388/718 1224/374/708
f 1238/390/720 1237/389/719 1225/376/709
f 1239/391/721 1238/390/720 1226/377/710
f 1240/403/722 1239/391/721 1227/378/712
f 1241/392/724 1240/403/722 1228/379/723
f 1230/381/714 1242/393/725 1241/392/724
f 1231/382/715 1243/394/726 1242/393/725
f 1232/383/716 1244/395/727 1243/394/726
f 1233/385/717 1245/396/728 1244/395/727
f 1234/398/445 1246/397/739 1245/396/728
f 1248/400/729 1247/399/742 1235/386/730
f 1249/401/731 1248/400/729 1236/388/718
f 1250/402/732 1249/401/731 1237/389/719
f 1251/404/733 1250/402/732 1238/390/720
f 1252/415/734 1251/404/733 1239/391/721
f 1253/405/735 1252/415/734 1240/403/722
f 1242/393/725 1254/406/736 1253/405/735
f 1243/394/726 1255/407/737 1254/406/736
f 1244/395/727 1256/408/738 1255/407/737
f 1245/396/728 1257/409/740 1256/408/738
f 1246/397/739 1258/410/751 1257/409/740
f 1260/412/741 1259/411/754 1247/399/742
f 1261/413/743 1260/412/741 1248/400/729
f 1262/414/744 1261/413/743 1249/401/731
f 1263/416/745 1262/414/744 1250/402/732
f 1264/427/746 1263/416/745 1251/404/733
f 1265/417/747 1264/427/746 1252/415/734
f 1254/406/736 1266/418/748 1265/417/747
f 1255/407/737 1267/419/749 1266/418/748
f 1256/408/738 1268/420/750 1267/419/749
f 1257/409/740 1269/421/752 1268/420/750
f 1258/410/751 1270/422/763 1269/421/752
f 1272/424/753 1271/423/766 1259/411/754
f 1273/425/755 1272/424/753 1260/412/741
f 1274/426/756 1273/425/755 1261/413/743
f 1275/428/757 1274/426/756 1262/414/744
f 1276/438/758 1275/428/757 1263/416/745
f 1277/429/759 1276/438/758 1264/427/746
f 1266/418/748 1278/430/760 1277/429/759
f 1267/419/749 1279/431/761 1278/430/760
f 1268/420/750 1280/432/762 1279/431/761
f 1269/421/752 1281/433/764 1280/432/762
f 1270/422/763 1282/434/775 1281/433/764
f 1284/435/765 1283/9/778 1271/423/766
f 1285/436/767 1284/435/765 1272/424/753
f 1286/437/768 1285/436/767 1273/425/755
f 1287/439/769 1286/437/768 1274/426/756
f 1288/450/770 1287/439/769 1275/428/757
f 1289/440/771 1288/450/770 1276/438/758
f 1290/441/772 1289/440/771 1277/429/759
f 1279/431/761 1291/442/773 1290/441/772
f 1280/432/762 1292/443/774 1291/442/773
f 1281/433/764 1293/444/776 1292/443/774
f 1282/434/775 1294/445/789 1293/444/776
f 1284/435/765 1296/447/779 1295/446/777
f 1285/436/767 1297/448/780 1296/447/779
f 1286/437/768 1298/449/781 1297/448/780
f 1287/439/769 1299/451/782 1298/449/781
f 1288/450/770 1300/462/794 1299/451/782
f 1301/452/783 1300/462/794 1288/450/770
f 1302/453/784 1301/452/783 1289/440/771
f 1303/454/785 1302/453/784 1290/441/772
f 1304/455/786 1303/454/785 1291/442/773
f 1305/456/787 1304/455/786 1292/443/774
f 1306/457/788 1305/456/787 1293/444/776
f 1296/447/779 1308/459/791 1307/458/790
f 1297/448/780 1309/460/792 1308/459/791
f 1298/449/781 1310/461/793 1309/460/792
f 1299/451/782 1311/463/795 1310/461/793
f 1300/462/794 1312/475/806 1311/463/795
f 1313/464/796 1312/475/806 1300/462/794
f 1314/465/797 1313/464/796 1301/452/783
f 1315/466/798 1314/465/797 1302/453/784
f 1316/467/799 1315/466/798 1303/454/785
f 1317/468/800 1316/467/799 1304/455/786
f 1318/469/801 1317/468/800 1305/456/787
f 1308/459/791 1320/470/803 1319/482/802
f 1309/460/792 1321/471/804 1320/470/803
f 1310/461/793 1322/472/805 1321/471/804
f 1311/463/795 1323/473/807 1322/472/805
f 1312/475/806 1324/474/818 1323/473/807
f 1325/476/808 1324/474/818 1312/475/806
f 1326/477/809 1325/476/808 1313/464/796
f 1327/478/810 1326/477/809 1314/465/797
f 1328/479/811 1327/478/810 1315/466/798
f 1329/480/812 1328/479/811 1316/467/799
f 1330/491/813 1329/480/812 1317/468/800
f 1320/470/803 1332/481/815 1331/494/814
f 1321/471/804 1333/483/816 1332/481/815
f 1322/472/805 1334/484/817 1333/483/816
f 1323/473/807 1335/485/819 1334/484/817
f 1324/474/818 1336/486/830 1335/485/819
f 1337/487/820 1336/486/830 1324/474/818
f 1338/488/821 1337/487/820 1325/476/808
f 1339/489/822 1338/488/821 1326/477/809
f 1340/490/823 1339/489/822 1327/478/810
f 1341/492/824 1340/490/823 1328/479/811
f 1342/503/825 1341/492/824 1329/480/812
f 1332/481/815 1344/493/827 1343/506/826
f 1333/483/816 1345/495/828 1344/493/827
f 1334/484/817 1346/496/829 1345/495/828
f 1335/485/819 1347/497/831 1346/496/829
f 1336/486/830 1348/498/842 1347/497/831
f 1349/499/832 1348/498/842 1336/486/830
f 1350/500/833 1349/499/832 1337/487/820
f 1351/501/834 1350/500/833 1338/488/821
f 1352/502/835 1351/501/834 1339/489/822
f 1353/504/836 1352/502/835 1340/490/823
f 1354/515/837 1353/504/836 1341/492/824
f 1344/493/827 1356/505/839 1355/518/838
f 1345/495/828 1357/507/840 1356/505/839
f 1346/496/829 1358/508/841 1357/507/840
f 1347/497/831 1359/509/843 1358/508/841
f 1348/498/842 1360/510/854 1359/509/843
f 1361/511/844 1360/510/854 1348/498/842
f 1362/512/845 1361/511/844 1349/499/832
f 1363/513/846 1362/512/845 1350/500/833
f 1364/514/847 1363/513/846 1351/501/834
f 1365/516/848 1364/514/847 1352/502/835
f 1366/527/849 1365/516/848 1353/504/836
f 1356/505/839 1368/517/851 1367/529/850
f 1357/507/840 1369/519/852 1368/517/851
f 1358/508/841 1370/520/853 1369/519/852
f 1359/509/843 1371/521/855 1370/520/853
f 1360/510/854 1372/522/867 1371/521/855
f 1373/523/856 1372/522/867 1360/510/854
f 1374/524/857 1373/523/856 1361/511/844
f 1375/525/858 1374/524/857 1362/512/845
f 1376/526/859 1375/525/858 1363/513/846
f 1377/528/860 1376/526/859 1364/514/847
f 1378/540/861 1377/528/860 1365/516/848
f 1380/530/862 1379/35/874 1367/529/850
f 1381/531/863 1380/530/862 1368/517/851
f 1382/532/864 1381/531/863 1369/519/852
f 1383/533/865 1382/532/864 1370/520/853
f 1384/545/866 1383/533/865 1371/521/855
f 1385/534/868 1384/545/866 1372/522/867
f 1374/524/857 1386/535/869 1385/534/868
f 1375/525/858 1387/536/870 1386/535/869
f 1376/526/859 1388/537/871 1387/536/870
f 1377/528/860 1389/538/872 1388/537/871
f 1378/540/861 1390/539/883 1389/538/872
f 1392/542/873 1391/541/886 1379/35/874
f 1393/543/875 1392/542/873 1380/530/862
f 1394/544/876 1393/543/875 1381/531/863
f 1395/546/877 1394/544/876 1382/532/864
f 1396/557/878 1395/546/877 1383/533/865
f 1397/547/879 1396/557/878 1384/545/866
f 1386/535/869 1398/548/880 1397/547/879
f 1387/536/870 1399/549/881 1398/548/880
f 1388/537/871 1400/550/882 1399/549/881
f 1389/538/872 1401/551/884 1400/550/882
f 1390/539/883 1402/552/895 1401/551/884
f 1404/554/885 1403/553/898 1391/541/886
f 1405/555/887 1404/554/885 1392/542/873
f 1406/556/888 1405/555/887 1393/543/875
f 1407/558/889 1406/556/888 1394/544/876
f 1408/569/890 1407/558/889 1395/546/877
f 1409/559/891 1408/569/890 1396/557/878
f 1398/548/880 1410/560/892 1409/559/891
f 1399/549/881 1411/561/893 1410/560/892
f 1400/550/882 1412/562/894 1411/561/893
f 1401/551/884 1413/563/896 1412/562/894
f 1402/552/895 1414/564/907 1413/563/896
f 1416/566/897 1415/565/910 1403/553/898
f 1417/567/899 1416/566/897 1404/554/885
f 1418/568/900 1417/567/899 1405/555/887
f 1419/570/901 1418/568/900 1406/556/888
f 1420/582/902 1419/570/901 1407/558/889
f 1421/571/903 1420/582/902 1408/569/890
f 1410/560/892 1422/572/904 1421/571/903
f 1411/561/893 1423/573/905 1422/572/904
f 1412/562/894 1424/574/906 1423/573/905
f 1413/563/896 1425/575/908 1424/574/906
f 1414/564/907 1426/576/919 1425/575/908
f 1428/577/909 1427/589/922 1415/565/910
f 1429/578/911 1428/577/909 1416/566/897
f 1430/579/912 1429/578/911 1417/567/899
f 1431/580/913 1430/579/912 1418/568/900
f 1432/581/914 1431/580/913 1419/570/901
f 1433/583/915 1432/581/914 1420/582/902
f 1422/572/904 1434/584/916 1433/583/915
f 1423/573/905 1435/585/917 1434/584/916
f 1424/574/906 1436/586/918 1435/585/917
f 1425/575/908 1437/587/920 1436/586/918
f 1426/576/919 1438/598/931 1437/587/920
f 1440/588/921 1439/601/934 1427/589/922
f 1441/590/923 1440/588/921 1428/577/909
f 1442/591/924 1441/590/923 1429/578/911
f 1443/592/925 1442/591/924 1430/579/912
f 1444/593/926 1443/592/925 1431/580/913
f 1445/594/927 1444/593/926 1432/581/914
f 1434/584/916 1446/595/928 1445/594/927
f 1435/585/917 1447/596/929 1446/595/928
f 1436/586/918 1448/597/930 1447/596/929
f 1437/587/920 1449/599/932 1448/597/930
f 1438/598/931 1450/610/943 1449/599/932
f 1452/600/933 1451/613/946 1439/601/934
f 1453/602/935 1452/600/933 1440/588/921
f 1454/603/936 1453/602/935 1441/590/923
f 1455/604/937 1454/603/936 1442/591/924
f 1456/605/938 1455/604/937 1443/592/925
f 1457/606/939 1456/605/938 1444/593/926
f 1446/595/928 1458/607/940 1457/606/939
f 1447/596/929 1459/608/941 1458/607/940
f 1448/597/930 1460/609/942 1459/608/941
f 1449/599/932 1461/611/944 1460/609/942
f 1450/610/943 1462/622/957 1461/611/944
f 1452/600/933 1464/612/947 1463/625/945
f 1453/602/935 1465/614/948 1464/612/947
f 1454/603/936 1466/615/949 1465/614/948
f 1455/604/937 1467/616/961 1466/615/949
f 1468/617/950 1467/616/961 1455/604/937
f 1469/618/951 1468/617/950 1456/605/938
f 1470/619/952 1469/618/951 1457/606/939
f 1471/620/953 1470/619/952 1458/607/940
f 1472/621/954 1471/620/953 1459/608/941
f 1473/623/955 1472/621/954 1460/609/942
f 1474/634/956 1473/623/955 1461/611/944
f 1464/612/947 1476/624/959 1475/39/958
f 1465/614/948 1477/626/960 1476/624/959
f 1466/615/949 1478/627/962 1477/626/960
f 1467/616/961 1479/628/963 1478/627/962
f 1468/617/950 1480/629/974 1479/628/963
f 1481/630/964 1480/629/974 1468/617/950
f 1482/631/965 1481/630/964 1469/618/951
f 1483/632/966 1482/631/965 1470/619/952
f 1484/633/967 1483/632/966 1471/620/953
f 1485/635/968 1484/633/967 1472/621/954
f 1486/645/969 1485/635/968 1473/623/955
f 1476/624/959 1488/636/971 1487/648/970
f 1477/626/960 1489/637/972 1488/636/971
f 1478/627/962 1490/638/973 1489/637/972
f 1479/628/963 1491/639/975 1490/638/973
f 1480/629/974 1492/640/986 1491/639/975
f 1493/641/976 1492/640/986 1480/629/974
f 1494/642/977 1493/641/976 1481/630/964
f 1495/643/978 1494/642/977 1482/631/965
f 1496/644/979 1495/643/978 1483/632/966
f 1497/646/980 1496/644/979 1484/633/967
f 1498/657/981 1497/646/980 1485/635/968
f 1488/636/971 1500/647/983 1499/660/982
f 1489/637/972 1501/649/984 1500/647/983
f 1490/638/973 1502/650/985 1501/649/984
f 1491/639/975 1503/651/987 1502/650/985
f 1492/640/986 1504/652/997 1503/651/987
f 1505/653/988 1504/652/997 1492/640/986
f 1506/654/989 1505/653/988 1493/641/976
f 1507/655/990 1506/654/989 1494/642/977
f 1508/656/991 1507/655/990 1495/643/978
f 1509/658/992 1508/656/991 1496/644/979
f 1510/669/993 1509/658/992 1497/646/980
f 1500/647/983 1512/659/994 1511/672/146
f 1501/649/984 1513/661/995 1512/659/994
f 1502/650/985 1514/662/996 1513/661/995
f 1503/651/987 1515/663/998 1514/662/996
f 1504/652/997 1516/664/1009 1515/663/998
f 1517/665/999 1516/664/1009 1504/652/997
f 1518/666/1000 1517/665/999 1505/653/988
f 1519/667/1001 1518/666/1000 1506/654/989
f 1520/668/1002 1519/667/1001 1507/655/990
f 1521/670/1003 1520/668/1002 1508/656/991
f 1522/683/157 1521/670/1003 1509/658/992
f 1524/673/1004 1523/671/1016 1511/672/146
f 1525/674/1005 1524/673/1004 1512/659/994
f 1526/675/1006 1525/674/1005 1513/661/995
f 1527/676/1007 1526/675/1006 1514/662/996
f 1528/688/1008 1527/676/1007 1515/663/998
f 1529/677/1010 1528/688/1008 1516/664/1009
f 1518/666/1000 1530/678/1011 1529/677/1010
f 1519/667/1001 1531/679/1012 1530/678/1011
f 1520/668/1002 1532/680/1013 1531/679/1012
f 1521/670/1003 1533/681/1014 1532/680/1013
f 1522/683/157 1534/682/1025 1533/681/1014
f 1536/685/1015 1535/684/1028 1523/671/1016
f 1537/686/1017 1536/685/1015 1524/673/1004
f 1538/687/1018 1537/686/1017 1525/674/1005
f 1539/689/1019 1538/687/1018 1526/675/1006
f 1540/700/1020 1539/689/1019 1527/676/1007
f 1541/690/1021 1540/700/1020 1528/688/1008
f 1530/678/1011 1542/691/1022 1541/690/1021
f 1531/679/1012 1543/692/1023 1542/691/1022
f 1532/680/1013 1544/693/1024 1543/692/1023
f 1533/681/1014 1545/694/1026 1544/693/1024
f 1534/682/1025 1546/695/1037 1545/694/1026
f 1548/697/1027 1547/696/1040 1535/684/1028
f 1549/698/1029 1548/697/1027 1536/685/1015
f 1550/699/1030 1549/698/1029 1537/686/1017
f 1551/701/1031 1550/699/1030 1538/687/1018
f 1552/712/1032 1551/701/1031 1539/689/1019
f 1553/702/1033 1552/712/1032 1540/700/1020
f 1542/691/1022 1554/703/1034 1553/702/1033
f 1543/692/1023 1555/704/1035 1554/703/1034
f 1544/693/1024 1556/705/1036 1555/704/1035
f 1545/694/1026 1557/706/1038 1556/705/1036
f 1546/695/1037 1558/707/1049 1557/706/1038
f 1560/709/1039 1559/708/1052 1547/696/1040
f 1561/710/1041 1560/709/1039 1548/697/1027
f 1562/711/1042 1561/710/1041 1549/698/1029
f 1563/713/1043 1562/711/1042 1550/699/1030
f 1564/723/1044 1563/713/1043 1551/701/1031
f 1565/714/1045 1564/723/1044 1552/712/1032
f 1554/703/1034 1566/715/1046 1565/714/1045
f 1555/704/1035 1567/716/1047 1566/715/1046
f 1556/705/1036 1568/717/1048 1567/716/1047
f 1557/706/1038 1569/718/1050 1568/717/1048
f 1558/707/1049 1570/719/1060 1569/718/1050
f 1572/720/1051 1571/50/1063 1559/708/1052
f 1573/721/1053 1572/720/1051 1560/709/1039
f 1574/722/1054 1573/721/1053 1561/710/1041
f 1575/724/1055 1574/722/1054 1562/711/1042
f 1564/723/1044 1576/735/1067 1575/724/1055
f 1577/725/1056 1576/735/1067 1564/723/1044
f 1578/726/1057 1577/725/1056 1565/714/1045
f 1567/716/1047 1579/727/1058 1578/726/1057
f 1568/717/1048 1580/728/1059 1579/727/1058
f 1569/718/1050 1581/729/1061 1580/728/1059
f 1570/719/1060 1582/730/1075 1581/729/1061
f 1572/720/1051 1584/732/1064 1583/731/1062
f 1573/721/1053 1585/733/1065 1584/732/1064
f 1574/722/1054 1586/734/1066 1585/733/1065
f 1575/724/1055 1587/736/1068 1586/734/1066
f 1576/735/1067 1588/747/1080 1587/736/1068
f 1589/737/1069 1588/747/1080 1576/735/1067
f 1590/738/1070 1589/737/1069 1577/725/1056
f 1591/739/1071 1590/738/1070 1578/726/1057
f 1592/740/1072 1591/739/1071 1579/727/1058
f 1593/741/1073 1592/740/1072 1580/728/1059
f 1594/742/1074 1593/741/1073 1581/729/1061
f 1584/732/1064 1596/744/1077 1595/743/1076
f 1585/733/1065 1597/745/1078 1596/744/1077
f 1586/734/1066 1598/746/1079 1597/745/1078
f 1587/736/1068 1599/748/1081 1598/746/1079
f 1588/747/1080 1600/759/1092 1599/748/1081
f 1601/749/1082 1600/759/1092 1588/747/1080
f 1602/750/1083 1601/749/1082 1589/737/1069
f 1603/751/1084 1602/750/1083 1590/738/1070
f 1604/752/1085 1603/751/1084 1591/739/1071
f 1605/753/1086 1604/752/1085 1592/740/1072
f 1606/754/1087 1605/753/1086 1593/741/1073
f 1596/744/1077 1608/755/1089 1607/766/1088
f 1597/745/1078 1609/756/1090 1608/755/1089
f 1598/746/1079 1610/757/1091 1609/756/1090
f 1599/748/1081 1611/758/1093 1610/757/1091
f 1600/759/1092 1612/771/1104 1611/758/1093
f 1613/760/1094 1612/771/1104 1600/759/1092
f 1614/761/1095 1613/760/1094 1601/749/1082
f 1615/762/1096 1614/761/1095 1602/750/1083
f 1616/763/1097 1615/762/1096 1603/751/1084
f 1617/764/1098 1616/763/1097 1604/752/1085
f 1618/776/1099 1617/764/1098 1605/753/1086
f 1608/755/1089 1620/765/1101 1619/779/1100
f 1609/756/1090 1621/767/1102 1620/765/1101
f 1610/757/1091 1622/768/1103 1621/767/1102
f 1611/758/1093 1623/769/1105 1622/768/1103
f 1612/771/1104 1624/770/1116 1623/769/1105
f 1625/772/1106 1624/770/1116 1612/771/1104
f 1626/773/1107 1625/772/1106 1613/760/1094
f 1627/774/1108 1626/773/1107 1614/761/1095
f 1628/775/1109 1627/774/1108 1615/762/1096
f 1629/777/1110 1628/775/1109 1616/763/1097
f 1630/788/1111 1629/777/1110 1617/764/1098
f 1620/765/1101 1632/778/1113 1631/791/1112
f 1621/767/1102 1633/780/1114 1632/778/1113
f 1622/768/1103 1634/781/1115 1633/780/1114
f 1623/769/1105 1635/782/1117 1634/781/1115
f 1624/770/1116 1636/783/1128 1635/782/1117
f 1637/784/1118 1636/783/1128 1624/770/1116
f 1638/785/1119 1637/784/1118 1625/772/1106
f 1639/786/1120 1638/785/1119 1626/773/1107
f 1640/787/1121 1639/786/1120 1627/774/1108
f 1641/789/1122 1640/787/1121 1628/775/1109
f 1642/800/1123 1641/789/1122 1629/777/1110
f 1632/778/1113 1644/790/1125 1643/803/1124
f 1633/780/1114 1645/792/1126 1644/790/1125
f 1634/781/1115 1646/793/1127 1645/792/1126
f 1635/782/1117 1647/794/1129 1646/793/1127
f 1636/783/1128 1648/795/1140 1647/794/1129
f 1649/796/1130 1648/795/1140 1636/783/1128
f 1650/797/1131 1649/796/1130 1637/784/1118
f 1651/798/1132 1650/797/1131 1638/785/1119
f 1652/799/1133 1651/798/1132 1639/786/1120
f 1653/801/1134 1652/799/1133 1640/787/1121
f 1654/812/1135 1653/801/1134 1641/789/1122
f 1644/790/1125 1656/802/1137 1655/814/1136
f 1645/792/1126 1657/804/1138 1656/802/1137
f 1646/793/1127 1658/805/1139 1657/804/1138
f 1647/794/1129 1659/806/1141 1658/805/1139
f 1648/795/1140 1660/807/1148 1659/806/1141
f 1661/808/1142 1660/807/1148 1648/795/1140
f 1662/809/1143 1661/808/1142 1649/796/1130
f 1663/810/1144 1662/809/1143 1650/797/1131
f 1664/811/1145 1663/810/1144 1651/798/1132
f 1665/813/1146 1664/811/1145 1652/799/1133
f 1666/825/1147 1665/813/1146 1653/801/1134
f 1092/815/581 1091/13/580 1655/814/1136
f 1093/816/583 1092/815/581 1656/802/1137
f 1094/817/585 1093/816/583 1657/804/1138
f 1095/818/587 1094/817/585 1658/805/1139
f 1096/826/589 1095/818/587 1659/806/1141
f 1097/819/591 1096/826/589 1660/807/1148
f 1662/809/1143 1098/820/592 1097/819/591
f 1663/810/1144 1099/821/593 1098/820/592
f 1664/811/1145 1100/822/595 1099/821/593
f 1665/813/1146 1101/823/597 1100/822/595
f 1666/825/1147 1102/824/599 1101/823/597
f 1680/827/1149 1679/140/1172 1667/15/1150
f 1681/828/1152 1680/827/1149 1668/246/1151
f 1682/829/1154 1681/828/1152 1669/248/1153
f 1683/830/1156 1682/829/1154 1670/250/1155
f 1684/831/1158 1683/830/1156 1671/252/1157
f 1685/832/1160 1684/831/1158 1672/254/1159
f 1674/259/1162 1686/833/1164 1685/832/1160
f 1675/261/1163 1687/834/1166 1686/833/1164
f 1676/263/1165 1688/835/1168 1687/834/1166
f 1677/265/1167 1689/836/1170 1688/835/1168
f 1678/267/1169 1690/847/1183 1689/836/1170
f 1680/827/1149 1692/837/1173 1691/70/1171
f 1681/828/1152 1693/838/1174 1692/837/1173
f 1682/829/1154 1694/839/1175 1693/838/1174
f 1683/830/1156 1695/840/1176 1694/839/1175
f 1684/831/1158 1696/851/1188 1695/840/1176
f 1697/841/1177 1696/851/1188 1684/831/1158
f 1698/842/1178 1697/841/1177 1685/832/1160
f 1699/843/1179 1698/842/1178 1686/833/1164
f 1700/844/1180 1699/843/1179 1687/834/1166
f 1701/845/1181 1700/844/1180 1688/835/1168
f 1702/846/1182 1701/845/1181 1689/836/1170
f 1692/837/1173 1704/848/1185 1703/69/1184
f 1693/838/1174 1705/849/1186 1704/848/1185
f 1694/839/1175 1706/850/1187 1705/849/1186
f 1695/840/1176 1707/852/1189 1706/850/1187
f 1696/851/1188 1708/864/1201 1707/852/1189
f 1709/853/1190 1708/864/1201 1696/851/1188
f 1710/854/1191 1709/853/1190 1697/841/1177
f 1711/855/1192 1710/854/1191 1698/842/1178
f 1712/856/1193 1711/855/1192 1699/843/1179
f 1713/857/1194 1712/856/1193 1700/844/1180
f 1714/858/1195 1713/857/1194 1701/845/1181
f 1716/859/1196 1715/124/1208 1703/69/1184
f 1717/860/1197 1716/859/1196 1704/848/1185
f 1718/861/1198 1717/860/1197 1705/849/1186
f 1719/862/1199 1718/861/1198 1706/850/1187
f 1720/863/1200 1719/862/1199 1707/852/1189
f 1721/865/1202 1720/863/1200 1708/864/1201
f 1710/854/1191 1722/866/1203 1721/865/1202
f 1711/855/1192 1723/867/1204 1722/866/1203
f 1712/856/1193 1724/868/1205 1723/867/1204
f 1713/857/1194 1725/869/1206 1724/868/1205
f 1714/858/1195 1726/879/1217 1725/869/1206
f 1728/870/1207 1727/118/1220 1715/124/1208
f 1729/871/1209 1728/870/1207 1716/859/1196
f 1730/872/1210 1729/871/1209 1717/860/1197
f 1731/873/1211 1730/872/1210 1718/861/1198
f 1732/874/1212 1731/873/1211 1719/862/1199
f 1733/875/1213 1732/874/1212 1720/863/1200
f 1722/866/1203 1734/876/1214 1733/875/1213
f 1723/867/1204 1735/877/1215 1734/876/1214
f 1724/868/1205 1736/878/1216 1735/877/1215
f 1725/869/1206 1737/880/1218 1736/878/1216
f 1726/879/1217 1738/891/1231 1737/880/1218
f 1728/870/1207 1740/881/1221 1739/73/1219
f 1729/871/1209 1741/882/1222 1740/881/1221
f 1730/872/1210 1742/883/1223 1741/882/1222
f 1731/873/1211 1743/884/1224 1742/883/1223
f 1732/874/1212 1744/892/1232 1743/884/1224
f 1745/885/1225 1744/892/1232 1732/874/1212
f 1746/886/1226 1745/885/1225 1733/875/1213
f 1747/887/1227 1746/886/1226 1734/876/1214
f 1748/888/1228 1747/887/1227 1735/877/1215
f 1749/889/1229 1748/888/1228 1736/878/1216
f 1750/890/1230 1749/889/1229 1737/880/1218
f 1668/815/1151 1667/13/1150 1739/73/1219
f 1669/816/1153 1668/815/1151 1740/881/1221
f 1670/817/1155 1669/816/1153 1741/882/1222
f 1671/818/1157 1670/817/1155 1742/883/1223
f 1672/826/1159 1671/818/1157 1743/884/1224
f 1673/819/1161 1672/826/1159 1744/892/1232
f 1746/886/1226 1674/820/1162 1673/819/1161
f 1747/887/1227 1675/821/1163 1674/820/1162
f 1748/888/1228 1676/822/1165 1675/821/1163
f 1749/889/1229 1677/823/1167 1676/822/1165
f 1750/890/1230 1678/824/1169 1677/823/1167
f 1752/246/1233 1764/894/1237 1763/893/1234
f 1753/248/1236 1765/895/1239 1764/894/1237
f 1754/250/1238 1766/896/1241 1765/895/1239
f 1755/252/1240 1767/897/1243 1766/896/1241
f 1756/254/1242 1768/908/1260 1767/897/1243
f 1769/898/1244 1768/908/1260 1756/254/1242
f 1770/899/1246 1769/898/1244 1757/257/1245
f 1771/900/1248 1770/899/1246 1758/259/1247
f 1772/901/1250 1771/900/1248 1759/261/1249
f 1773/902/1252 1772/901/1250 1760/263/1251
f 1774/903/1254 1773/902/1252 1761/265/1253
f 1764/894/1237 1776/905/1257 1775/904/1256
f 1765/895/1239 1777/906/1258 1776/905/1257
f 1766/896/1241 1778/907/1259 1777/906/1258
f 1767/897/1243 1779/909/1261 1778/907/1259
f 1768/908/1260 1780/920/1272 1779/909/1261
f 1781/910/1262 1780/920/1272 1768/908/1260
f 1782/911/1263 1781/910/1262 1769/898/1244
f 1783/912/1264 1782/911/1263 1770/899/1246
f 1784/913/1265 1783/912/1264 1771/900/1248
f 1785/914/1266 1784/913/1265 1772/901/1250
f 1786/915/1267 1785/914/1266 1773/902/1252
f 1776/905/1257 1788/917/1269 1787/916/1268
f 1777/906/1258 1789/918/1270 1788/917/1269
f 1778/907/1259 1790/919/1271 1789/918/1270
f 1779/909/1261 1791/921/1273 1790/919/1271
f 1780/920/1272 1792/932/1284 1791/921/1273
f 1793/922/1274 1792/932/1284 1780/920/1272
f 1794/923/1275 1793/922/1274 1781/910/1262
f 1795/924/1276 1794/923/1275 1782/911/1263
f 1796/925/1277 1795/924/1276 1783/912/1264
f 1797/926/1278 1796/925/1277 1784/913/1265
f 1798/927/1279 1797/926/1278 1785/914/1266
f 1788/917/1269 1800/929/1281 1799/928/1280
f 1789/918/1270 1801/930/1282 1800/929/1281
f 1790/919/1271 1802/931/1283 1801/930/1282
f 1791/921/1273 1803/933/1285 1802/931/1283
f 1792/932/1284 1804/944/1296 1803/933/1285
f 1805/934/1286 1804/944/1296 1792/932/1284
f 1806/935/1287 1805/934/1286 1793/922/1274
f 1807/936/1288 1806/935/1287 1794/923/1275
f 1808/937/1289 1807/936/1288 1795/924/1276
f 1809/938/1290 1808/937/1289 1796/925/1277
f 1810/939/1291 1809/938/1290 1797/926/1278
f 1800/929/1281 1812/941/1293 1811/940/1292
f 1801/930/1282 1813/942/1294 1812/941/1293
f 1802/931/1283 1814/943/1295 1813/942/1294
f 1803/933/1285 1815/945/1297 1814/943/1295
f 1804/944/1296 1816/957/1309 1815/945/1297
f 1817/946/1298 1816/957/1309 1804/944/1296
f 1818/947/1299 1817/946/1298 1805/934/1286
f 1819/948/1300 1818/947/1299 1806/935/1287
f 1820/949/1301 1819/948/1300 1807/936/1288
f 1821/950/1302 1820/949/1301 1808/937/1289
f 1822/951/1303 1821/950/1302 1809/938/1290
f 1824/952/1304 1823/964/1316 1811/940/1292
f 1825/953/1305 1824/952/1304 1812/941/1293
f 1826/954/1306 1825/953/1305 1813/942/1294
f 1827/955/1307 1826/954/1306 1814/943/1295
f 1828/956/1308 1827/955/1307 1815/945/1297
f 1829/958/1310 1828/956/1308 1816/957/1309
f 1818/947/1299 1830/959/1311 1829/958/1310
f 1819/948/1300 1831/960/1312 1830/959/1311
f 1820/949/1301 1832/961/1313 1831/960/1312
f 1821/950/1302 1833/962/1314 1832/961/1313
f 1822/951/1303 1834/973/1325 1833/962/1314
f 1836/963/1315 1835/976/1328 1823/964/1316
f 1837/965/1317 1836/963/1315 1824/952/1304
f 1838/966/1318 1837/965/1317 1825/953/1305
f 1839/967/1319 1838/966/1318 1826/954/1306
f 1840/968/1320 1839/967/1319 1827/955/1307
f 1841/969/1321 1840/968/1320 1828/956/1308
f 1830/959/1311 1842/970/1322 1841/969/1321
f 1831/960/1312 1843/971/1323 1842/970/1322
f 1832/961/1313 1844/972/1324 1843/971/1323
f 1833/962/1314 1845/974/1326 1844/972/1324
f 1834/973/1325 1846/985/1337 1845/974/1326
f 1848/975/1327 1847/988/1340 1835/976/1328
f 1849/977/1329 1848/975/1327 1836/963/1315
f 1850/978/1330 1849/977/1329 1837/965/1317
f 1851/979/1331 1850/978/1330 1838/966/1318
f 1852/980/1332 1851/979/1331 1839/967/1319
f 1853/981/1333 1852/980/1332 1840/968/1320
f 1842/970/1322 1854/982/1334 1853/981/1333
f 1843/971/1323 1855/983/1335 1854/982/1334
f 1844/972/1324 1856/984/1336 1855/983/1335
f 1845/974/1326 1857/986/1338 1856/984/1336
f 1846/985/1337 1858/997/1349 1857/986/1338
f 1860/987/1339 1859/1000/1352 1847/988/1340
f 1861/989/1341 1860/987/1339 1848/975/1327
f 1862/990/1342 1861/989/1341 1849/977/1329
f 1863/991/1343 1862/990/1342 1850/978/1330
f 1864/992/1344 1863/991/1343 1851/979/1331
f 1865/993/1345 1864/992/1344 1852/980/1332
f 1854/982/1334 1866/994/1346 1865/993/1345
f 1855/983/1335 1867/995/1347 1866/994/1346
f 1856/984/1336 1868/996/1348 1867/995/1347
f 1857/986/1338 1869/998/1350 1868/996/1348
f 1858/997/1349 1870/1009/1361 1869/998/1350
f 1872/999/1351 1871/1012/1364 1859/1000/1352
f 1873/1001/1353 1872/999/1351 1860/987/1339
f 1874/1002/1354 1873/1001/1353 1861/989/1341
f 1875/1003/1355 1874/1002/1354 1862/990/1342
f 1876/1004/1356 1875/1003/1355 1863/991/1343
f 1877/1005/1357 1876/1004/1356 1864/992/1344
f 1866/994/1346 1878/1006/1358 1877/1005/1357
f 1867/995/1347 1879/1007/1359 1878/1006/1358
f 1868/996/1348 1880/1008/1360 1879/1007/1359
f 1869/998/1350 1881/1010/1362 1880/1008/1360
f 1870/1009/1361 1882/1023/1375 1881/1010/1362
f 1872/999/1351 1884/1013/1365 1883/1011/1363
f 1873/1001/1353 1885/1014/1366 1884/1013/1365
f 1874/1002/1354 1886/1015/1367 1885/1014/1366
f 1875/1003/1355 1887/1016/1368 1886/1015/1367
f 1876/1004/1356 1888/1028/1380 1887/1016/1368
f 1889/1017/1369 1888/1028/1380 1876/1004/1356
f 1890/1018/1370 1889/1017/1369 1877/1005/1357
f 1891/1019/1371 1890/1018/1370 1878/1006/1358
f 1892/1020/1372 1891/1019/1371 1879/1007/1359
f 1893/1021/1373 1892/1020/1372 1880/1008/1360
f 1894/1022/1374 1893/1021/1373 1881/1010/1362
f 1884/1013/1365 1896/1025/1377 1895/1024/1376
f 1885/1014/1366 1897/1026/1378 1896/1025/1377
f 1886/1015/1367 1898/1027/1379 1897/1026/1378
f 1887/1016/1368 1899/1029/1381 1898/1027/1379
f 1888/1028/1380 1900/1040/1392 1899/1029/1381
f 1901/1030/1382 1900/1040/1392 1888/1028/1380
f 1902/1031/1383 1901/1030/1382 1889/1017/1369
f 1903/1032/1384 1902/1031/1383 1890/1018/1370
f 1904/1033/1385 1903/1032/1384 1891/1019/1371
f 1905/1034/1386 1904/1033/1385 1892/1020/1372
f 1906/1035/1387 1905/1034/1386 1893/1021/1373
f 1896/1025/1377 1908/1037/1389 1907/1036/1388
f 1897/1026/1378 1909/1038/1390 1908/1037/1389
f 1898/1027/1379 1910/1039/1391 1909/1038/1390
f 1899/1029/1381 1911/1041/1393 1910/1039/1391
f 1900/1040/1392 1912/1052/1404 1911/1041/1393
f 1913/1042/1394 1912/1052/1404 1900/1040/1392
f 1914/1043/1395 1913/1042/1394 1901/1030/1382
f 1915/1044/1396 1914/1043/1395 1902/1031/1383
f 1916/1045/1397 1915/1044/1396 1903/1032/1384
f 1917/1046/1398 1916/1045/1397 1904/1033/1385
f 1918/1047/1399 1917/1046/1398 1905/1034/1386
f 1908/1037/1389 1920/1049/1401 1919/1048/1400
f 1909/1038/1390 1921/1050/1402 1920/1049/1401
f 1910/1039/1391 1922/1051/1403 1921/1050/1402
f 1911/1041/1393 1923/1053/1405 1922/1051/1403
f 1912/1052/1404 1924/1065/1417 1923/1053/1405
f 1925/1054/1406 1924/1065/1417 1912/1052/1404
f 1926/1055/1407 1925/1054/1406 1913/1042/1394
f 1927/1056/1408 1926/1055/1407 1914/1043/1395
f 1928/1057/1409 1927/1056/1408 1915/1044/1396
f 1929/1058/1410 1928/1057/1409 1916/1045/1397
f 1930/1059/1411 1929/1058/1410 1917/1046/1398
f 1932/1060/1412 1931/1072/1424 1919/1048/1400
f 1933/1061/1413 1932/1060/1412 1920/1049/1401
f 1934/1062/1414 1933/1061/1413 1921/1050/1402
f 1935/1063/1415 1934/1062/1414 1922/1051/1403
f 1936/1064/1416 1935/1063/1415 1923/1053/1405
f 1937/1066/1418 1936/1064/1416 1924/1065/1417
f 1926/1055/1407 1938/1067/1419 1937/1066/1418
f 1927/1056/1408 1939/1068/1420 1938/1067/1419
f 1928/1057/1409 1940/1069/1421 1939/1068/1420
f 1929/1058/1410 1941/1070/1422 1940/1069/1421
f 1930/1059/1411 1942/1081/1433 1941/1070/1422
f 1944/1071/1423 1943/1084/1436 1931/1072/1424
f 1945/1073/1425 1944/1071/1423 1932/1060/1412
f 1946/1074/1426 1945/1073/1425 1933/1061/1413
f 1947/1075/1427 1946/1074/1426 1934/1062/1414
f 1948/1076/1428 1947/1075/1427 1935/1063/1415
f 1949/1077/1429 1948/1076/1428 1936/1064/1416
f 1938/1067/1419 1950/1078/1430 1949/1077/1429
f 1939/1068/1420 1951/1079/1431 1950/1078/1430
f 1940/1069/1421 1952/1080/1432 1951/1079/1431
f 1941/1070/1422 1953/1082/1434 1952/1080/1432
f 1942/1081/1433 1954/1093/1445 1953/1082/1434
f 1956/1083/1435 1955/1096/1448 1943/1084/1436
f 1957/1085/1437 1956/1083/1435 1944/1071/1423
f 1958/1086/1438 1957/1085/1437 1945/1073/1425
f 1959/1087/1439 1958/1086/1438 1946/1074/1426
f 1960/1088/1440 1959/1087/1439 1947/1075/1427
f 1961/1089/1441 1960/1088/1440 1948/1076/1428
f 1950/1078/1430 1962/1090/1442 1961/1089/1441
f 1951/1079/1431 1963/1091/1443 1962/1090/1442
f 1952/1080/1432 1964/1092/1444 1963/1091/1443
f 1953/1082/1434 1965/1094/1446 1964/1092/1444
f 1954/1093/1445 1966/1105/1457 1965/1094/1446
f 1968/1095/1447 1967/1108/1460 1955/1096/1448
f 1969/1097/1449 1968/1095/1447 1956/1083/1435
f 1970/1098/1450 1969/1097/1449 1957/1085/1437
f 1971/1099/1451 1970/1098/1450 1958/1086/1438
f 1972/1100/1452 1971/1099/1451 1959/1087/1439
f 1973/1101/1453 1972/1100/1452 1960/1088/1440
f 1962/1090/1442 1974/1102/1454 1973/1101/1453
f 1963/1091/1443 1975/1103/1455 1974/1102/1454
f 1964/1092/1444 1976/1104/1456 1975/1103/1455
f 1965/1094/1446 1977/1106/1458 1976/1104/1456
f 1966/1105/1457 1978/1117/1469 1977/1106/1458
f 1980/1107/1459 1979/1120/1472 1967/1108/1460
f 1981/1109/1461 1980/1107/1459 1968/1095/1447
f 1982/1110/1462 1981/1109/1461 1969/1097/1449
f 1983/1111/1463 1982/1110/1462 1970/1098/1450
f 1984/1112/1464 1983/1111/1463 1971/1099/1451
f 1985/1113/1465 1984/1112/1464 1972/1100/1452
f 1974/1102/1454 1986/1114/1466 1985/1113/1465
f 1975/1103/1455 1987/1115/1467 1986/1114/1466
f 1976/1104/1456 1988/1116/1468 1987/1115/1467
f 1977/1106/1458 1989/1118/1470 1988/1116/1468
f 1978/1117/1469 1990/1129/1481 1989/1118/1470
f 1992/1119/1471 1991/1132/1484 1979/1120/1472
f 1993/1121/1473 1992/1119/1471 1980/1107/1459
f 1994/1122/1474 1993/1121/1473 1981/1109/1461
f 1995/1123/1475 1994/1122/1474 1982/1110/1462
f 1996/1124/1476 1995/1123/1475 1983/1111/1463
f 1997/1125/1477 1996/1124/1476 1984/1112/1464
f 1986/1114/1466 1998/1126/1478 1997/1125/1477
f 1987/1115/1467 1999/1127/1479 1998/1126/1478
f 1988/1116/1468 2000/1128/1480 1999/1127/1479
f 1989/1118/1470 2001/1130/1482 2000/1128/1480
f 1990/1129/1481 2002/1141/1493 2001/1130/1482
f 2004/1131/1483 2003/1144/1496 1991/1132/1484
f 2005/1133/1485 2004/1131/1483 1992/1119/1471
f 2006/1134/1486 2005/1133/1485 1993/1121/1473
f 2007/1135/1487 2006/1134/1486 1994/1122/1474
f 2008/1136/1488 2007/1135/1487 1995/1123/1475
f 2009/1137/1489 2008/1136/1488 1996/1124/1476
f 1998/1126/1478 2010/1138/1490 2009/1137/1489
f 1999/1127/1479 2011/1139/1491 2010/1138/1490
f 2000/1128/1480 2012/1140/1492 2011/1139/1491
f 2001/1130/1482 2013/1142/1494 2012/1140/1492
f 2002/1141/1493 2014/1153/1505 2013/1142/1494
f 2016/1143/1495 2015/1156/1508 2003/1144/1496
f 2017/1145/1497 2016/1143/1495 2004/1131/1483
f 2018/1146/1498 2017/1145/1497 2005/1133/1485
f 2019/1147/1499 2018/1146/1498 2006/1134/1486
f 2020/1148/1500 2019/1147/1499 2007/1135/1487
f 2021/1149/1501 2020/1148/1500 2008/1136/1488
f 2010/1138/1490 2022/1150/1502 2021/1149/1501
f 2011/1139/1491 2023/1151/1503 2022/1150/1502
f 2012/1140/1492 2024/1152/1504 2023/1151/1503
f 2013/1142/1494 2025/1154/1506 2024/1152/1504
f 2014/1153/1505 2026/1165/1517 2025/1154/1506
f 2028/1155/1507 2027/1168/1520 2015/1156/1508
f 2029/1157/1509 2028/1155/1507 2016/1143/1495
f 2030/1158/1510 2029/1157/1509 2017/1145/1497
f 2031/1159/1511 2030/1158/1510 2018/1146/1498
f 2032/1160/1512 2031/1159/1511 2019/1147/1499
f 2033/1161/1513 2032/1160/1512 2020/1148/1500
f 2022/1150/1502 2034/1162/1514 2033/1161/1513
f 2023/1151/1503 2035/1163/1515 2034/1162/1514
f 2024/1152/1504 2036/1164/1516 2035/1163/1515
f 2025/1154/1506 2037/1166/1518 2036/1164/1516
f 2026/1165/1517 2038/1179/1531 2037/1166/1518
f 2028/1155/1507 2040/1169/1521 2039/1167/1519
f 2029/1157/1509 2041/1170/1522 2040/1169/1521
f 2030/1158/1510 2042/1171/1523 2041/1170/1522
f 2031/1159/1511 2043/1172/1524 2042/1171/1523
f 2032/1160/1512 2044/1184/1536 2043/1172/1524
f 2045/1173/1525 2044/1184/1536 2032/1160/1512
f 2046/1174/1526 2045/1173/1525 2033/1161/1513
f 2047/1175/1527 2046/1174/1526 2034/1162/1514
f 2048/1176/1528 2047/1175/1527 2035/1163/1515
f 2049/1177/1529 2048/1176/1528 2036/1164/1516
f 2050/1178/1530 2049/1177/1529 2037/1166/1518
f 2040/1169/1521 2052/1181/1533 2051/1180/1532
f 2041/1170/1522 2053/1182/1534 2052/1181/1533
f 2042/1171/1523 2054/1183/1535 2053/1182/1534
f 2043/1172/1524 2055/1185/1537 2054/1183/1535
f 2044/1184/1536 2056/1196/1548 2055/1185/1537
f 2057/1186/1538 2056/1196/1548 2044/1184/1536
f 2058/1187/1539 2057/1186/1538 2045/1173/1525
f 2059/1188/1540 2058/1187/1539 2046/1174/1526
f 2060/1189/1541 2059/1188/1540 2047/1175/1527
f 2061/1190/1542 2060/1189/1541 2048/1176/1528
f 2062/1191/1543 2061/1190/1542 2049/1177/1529
f 2052/1181/1533 2064/1193/1545 2063/1192/1544
f 2053/1182/1534 2065/1194/1546 2064/1193/1545
f 2054/1183/1535 2066/1195/1547 2065/1194/1546
f 2055/1185/1537 2067/1197/1549 2066/1195/1547
f 2056/1196/1548 2068/1208/1560 2067/1197/1549
f 2069/1198/1550 2068/1208/1560 2056/1196/1548
f 2070/1199/1551 2069/1198/1550 2057/1186/1538
f 2071/1200/1552 2070/1199/1551 2058/1187/1539
f 2072/1201/1553 2071/1200/1552 2059/1188/1540
f 2073/1202/1554 2072/1201/1553 2060/1189/1541
f 2074/1203/1555 2073/1202/1554 2061/1190/1542
f 2064/1193/1545 2076/1205/1557 2075/1204/1556
f 2065/1194/1546 2077/1206/1558 2076/1205/1557
f 2066/1195/1547 2078/1207/1559 2077/1206/1558
f 2067/1197/1549 2079/1209/1561 2078/1207/1559
f 2068/1208/1560 2080/1220/1572 2079/1209/1561
f 2081/1210/1562 2080/1220/1572 2068/1208/1560
f 2082/1211/1563 2081/1210/1562 2069/1198/1550
f 2083/1212/1564 2082/1211/1563 2070/1199/1551
f 2084/1213/1565 2083/1212/1564 2071/1200/1552
f 2085/1214/1566 2084/1213/1565 2072/1201/1553
f 2086/1215/1567 2085/1214/1566 2073/1202/1554
f 2076/1205/1557 2088/1217/1569 2087/1216/1568
f 2077/1206/1558 2089/1218/1570 2088/1217/1569
f 2078/1207/1559 2090/1219/1571 2089/1218/1570
f 2079/1209/1561 2091/1221/1573 2090/1219/1571
f 2080/1220/1572 2092/1232/1584 2091/1221/1573
f 2093/1222/1574 2092/1232/1584 2080/1220/1572
f 2094/1223/1575 2093/1222/1574 2081/1210/1562
f 2095/1224/1576 2094/1223/1575 2082/1211/1563
f 2096/1225/1577 2095/1224/1576 2083/1212/1564
f 2097/1226/1578 2096/1225/1577 2084/1213/1565
f 2098/1227/1579 2097/1226/1578 2085/1214/1566
f 2088/1217/1569 2100/1229/1581 2099/1228/1580
f 2089/1218/1570 2101/1230/1582 2100/1229/1581
f 2090/1219/1571 2102/1231/1583 2101/1230/1582
f 2091/1221/1573 2103/1233/1585 2102/1231/1583
f 2092/1232/1584 2104/1244/1596 2103/1233/1585
f 2105/1234/1586 2104/1244/1596 2092/1232/1584
f 2106/1235/1587 2105/1234/1586 2093/1222/1574
f 2107/1236/1588 2106/1235/1587 2094/1223/1575
f 2108/1237/1589 2107/1236/1588 2095/1224/1576
f 2109/1238/1590 2108/1237/1589 2096/1225/1577
f 2110/1239/1591 2109/1238/1590 2097/1226/1578
f 2100/1229/1581 2112/1241/1593 2111/1240/1592
f 2101/1230/1582 2113/1242/1594 2112/1241/1593
f 2102/1231/1583 2114/1243/1595 2113/1242/1594
f 2103/1233/1585 2115/1245/1597 2114/1243/1595
f 2104/1244/1596 2116/1256/1608 2115/1245/1597
f 2117/1246/1598 2116/1256/1608 2104/1244/1596
f 2118/1247/1599 2117/1246/1598 2105/1234/1586
f 2119/1248/1600 2118/1247/1599 2106/1235/1587
f 2120/1249/1601 2119/1248/1600 2107/1236/1588
f 2121/1250/1602 2120/1249/1601 2108/1237/1589
f 2122/1251/1603 2121/1250/1602 2109/1238/1590
f 2112/1241/1593 2124/1262/1614 2123/1252/1604
f 2125/1253/1605 2124/1262/1614 2112/1241/1593
f 2114/1243/1595 2126/1265/1617 2125/1253/1605
f 2127/1254/1606 2126/1265/1617 2114/1243/1595
f 2128/1255/1607 2127/1254/1606 2115/1245/1597
f 2129/1257/1609 2128/1255/1607 2116/1256/1608
f 2130/1258/1610 2129/1257/1609 2117/1246/1598
f 2119/1248/1600 2131/1269/1621 2130/1258/1610
f 2132/1259/1611 2131/1269/1621 2119/1248/1600
f 2121/1250/1602 2133/1272/1624 2132/1259/1611
f 2134/1260/1612 2133/1272/1624 2121/1250/1602
f 2136/1261/1613 2135/1276/1628 2123/1252/1604
f 2137/1263/1615 2136/1261/1613 2124/1262/1614
f 2138/1264/1616 2137/1263/1615 2125/1253/1605
f 2139/1266/1618 2138/1264/1616 2126/1265/1617
f 2140/1267/1619 2139/1266/1618 2127/1254/1606
f 2141/1268/1620 2140/1267/1619 2128/1255/1607
f 2130/1258/1610 2142/1270/1622 2141/1268/1620
f 2131/1269/1621 2143/1271/1623 2142/1270/1622
f 2132/1259/1611 2144/1273/1625 2143/1271/1623
f 2133/1272/1624 2145/1274/1626 2144/1273/1625
f 2134/1260/1612 2146/1285/1637 2145/1274/1626
f 2148/1275/1627 2147/1288/1640 2135/1276/1628
f 2149/1277/1629 2148/1275/1627 2136/1261/1613
f 2150/1278/1630 2149/1277/1629 2137/1263/1615
f 2151/1279/1631 2150/1278/1630 2138/1264/1616
f 2152/1280/1632 2151/1279/1631 2139/1266/1618
f 2153/1281/1633 2152/1280/1632 2140/1267/1619
f 2142/1270/1622 2154/1282/1634 2153/1281/1633
f 2143/1271/1623 2155/1283/1635 2154/1282/1634
f 2144/1273/1625 2156/1284/1636 2155/1283/1635
f 2145/1274/1626 2157/1286/1638 2156/1284/1636
f 2146/1285/1637 2158/1297/1649 2157/1286/1638
f 2160/1287/1639 2159/1300/1652 2147/1288/1640
f 2161/1289/1641 2160/1287/1639 2148/1275/1627
f 2162/1290/1642 2161/1289/1641 2149/1277/1629
f 2163/1291/1643 2162/1290/1642 2150/1278/1630
f 2164/1292/1644 2163/1291/1643 2151/1279/1631
f 2165/1293/1645 2164/1292/1644 2152/1280/1632
f 2154/1282/1634 2166/1294/1646 2165/1293/1645
f 2155/1283/1635 2167/1295/1647 2166/1294/1646
f 2156/1284/1636 2168/1296/1648 2167/1295/1647
f 2157/1286/1638 2169/1298/1650 2168/1296/1648
f 2158/1297/1649 2170/1309/1661 2169/1298/1650
f 2172/1299/1651 2171/1312/1664 2159/1300/1652
f 2173/1301/1653 2172/1299/1651 2160/1287/1639
f 2174/1302/1654 2173/1301/1653 2161/1289/1641
f 2175/1303/1655 2174/1302/1654 2162/1290/1642
f 2176/1304/1656 2175/1303/1655 2163/1291/1643
f 2177/1305/1657 2176/1304/1656 2164/1292/1644
f 2166/1294/1646 2178/1306/1658 2177/1305/1657
f 2167/1295/1647 2179/1307/1659 2178/1306/1658
f 2168/1296/1648 2180/1308/1660 2179/1307/1659
f 2169/1298/1650 2181/1310/1662 2180/1308/1660
f 2170/1309/1661 2182/1323/1675 2181/1310/1662
f 2172/1299/1651 2184/1313/1665 2183/1311/1663
f 2173/1301/1653 2185/1314/1666 2184/1313/1665
f 2174/1302/1654 2186/1315/1667 2185/1314/1666
f 2175/1303/1655 2187/1316/1668 2186/1315/1667
f 2176/1304/1656 2188/1324/1680 2187/1316/1668
f 2189/1317/1669 2188/1324/1680 2176/1304/1656
f 2190/1318/1670 2189/1317/1669 2177/1305/1657
f 2191/1319/1671 2190/1318/1670 2178/1306/1658
f 2192/1320/1672 2191/1319/1671 2179/1307/1659
f 2193/1321/1673 2192/1320/1672 2180/1308/1660
f 2194/1322/1674 2193/1321/1673 2181/1310/1662
f 2184/1313/1665 2196/530/1677 2195/35/1676
f 2185/1314/1666 2197/531/1678 2196/530/1677
f 2186/1315/1667 2198/532/1679 2197/531/1678
f 2187/1316/1668 2199/533/1681 2198/532/1679
f 2188/1324/1680 2200/545/1692 2199/533/1681
f 2201/534/1682 2200/545/1692 2188/1324/1680
f 2202/535/1683 2201/534/1682 2189/1317/1669
f 2203/536/1684 2202/535/1683 2190/1318/1670
f 2204/537/1685 2203/536/1684 2191/1319/1671
f 2205/538/1686 2204/537/1685 2192/1320/1672
f 2206/539/1687 2205/538/1686 2193/1321/1673
f 2196/530/1677 2208/1326/1689 2207/1325/1688
f 2197/531/1678 2209/1327/1690 2208/1326/1689
f 2198/532/1679 2210/1328/1691 2209/1327/1690
f 2199/533/1681 2211/1329/1693 2210/1328/1691
f 2200/545/1692 2212/1340/1704 2211/1329/1693
f 2213/1330/1694 2212/1340/1704 2200/545/1692
f 2214/1331/1695 2213/1330/1694 2201/534/1682
f 2215/1332/1696 2214/1331/1695 2202/535/1683
f 2216/1333/1697 2215/1332/1696 2203/536/1684
f 2217/1334/1698 2216/1333/1697 2204/537/1685
f 2218/1335/1699 2217/1334/1698 2205/538/1686
f 2208/1326/1689 2220/1337/1701 2219/1336/1700
f 2209/1327/1690 2221/1338/1702 2220/1337/1701
f 2210/1328/1691 2222/1339/1703 2221/1338/1702
f 2211/1329/1693 2223/1341/1705 2222/1339/1703
f 2212/1340/1704 2224/1352/1716 2223/1341/1705
f 2225/1342/1706 2224/1352/1716 2212/1340/1704
f 2226/1343/1707 2225/1342/1706 2213/1330/1694
f 2227/1344/1708 2226/1343/1707 2214/1331/1695
f 2228/1345/1709 2227/1344/1708 2215/1332/1696
f 2229/1346/1710 2228/1345/1709 2216/1333/1697
f 2230/1347/1711 2229/1346/1710 2217/1334/1698
f 2220/1337/1701 2232/1349/1713 2231/1348/1712
f 2221/1338/1702 2233/1350/1714 2232/1349/1713
f 2222/1339/1703 2234/1351/1715 2233/1350/1714
f 2223/1341/1705 2235/1353/1717 2234/1351/1715
f 2224/1352/1716 2236/1365/1729 2235/1353/1717
f 2237/1354/1718 2236/1365/1729 2224/1352/1716
f 2238/1355/1719 2237/1354/1718 2225/1342/1706
f 2239/1356/1720 2238/1355/1719 2226/1343/1707
f 2240/1357/1721 2239/1356/1720 2227/1344/1708
f 2241/1358/1722 2240/1357/1721 2228/1345/1709
f 2242/1359/1723 2241/1358/1722 2229/1346/1710
f 2244/1360/1724 2243/1372/1736 2231/1348/1712
f 2245/1361/1725 2244/1360/1724 2232/1349/1713
f 2246/1362/1726 2245/1361/1725 2233/1350/1714
f 2247/1363/1727 2246/1362/1726 2234/1351/1715
f 2248/1364/1728 2247/1363/1727 2235/1353/1717
f 2249/1366/1730 2248/1364/1728 2236/1365/1729
f 2238/1355/1719 2250/1367/1731 2249/1366/1730
f 2239/1356/1720 2251/1368/1732 2250/1367/1731
f 2240/1357/1721 2252/1369/1733 2251/1368/1732
f 2241/1358/1722 2253/1370/1734 2252/1369/1733
f 2242/1359/1723 2254/1381/1745 2253/1370/1734
f 2256/1371/1735 2255/1384/1748 2243/1372/1736
f 2257/1373/1737 2256/1371/1735 2244/1360/1724
f 2258/1374/1738 2257/1373/1737 2245/1361/1725
f 2259/1375/1739 2258/1374/1738 2246/1362/1726
f 2260/1376/1740 2259/1375/1739 2247/1363/1727
f 2261/1377/1741 2260/1376/1740 2248/1364/1728
f 2250/1367/1731 2262/1378/1742 2261/1377/1741
f 2251/1368/1732 2263/1379/1743 2262/1378/1742
f 2252/1369/1733 2264/1380/1744 2263/1379/1743
f 2253/1370/1734 2265/1382/1746 2264/1380/1744
f 2254/1381/1745 2266/1393/1757 2265/1382/1746
f 2268/1383/1747 2267/1396/1760 2255/1384/1748
f 2269/1385/1749 2268/1383/1747 2256/1371/1735
f 2270/1386/1750 2269/1385/1749 2257/1373/1737
f 2271/1387/1751 2270/1386/1750 2258/1374/1738
f 2272/1388/1752 2271/1387/1751 2259/1375/1739
f 2273/1389/1753 2272/1388/1752 2260/1376/1740
f 2262/1378/1742 2274/1390/1754 2273/1389/1753
f 2263/1379/1743 2275/1391/1755 2274/1390/1754
f 2264/1380/1744 2276/1392/1756 2275/1391/1755
f 2265/1382/1746 2277/1394/1758 2276/1392/1756
f 2266/1393/1757 2278/1405/1769 2277/1394/1758
f 2280/1395/1759 2279/1408/1772 2267/1396/1760
f 2281/1397/1761 2280/1395/1759 2268/1383/1747
f 2282/1398/1762 2281/1397/1761 2269/1385/1749
f 2283/1399/1763 2282/1398/1762 2270/1386/1750
f 2284/1400/1764 2283/1399/1763 2271/1387/1751
f 2285/1401/1765 2284/1400/1764 2272/1388/1752
f 2274/1390/1754 2286/1402/1766 2285/1401/1765
f 2275/1391/1755 2287/1403/1767 2286/1402/1766
f 2276/1392/1756 2288/1404/1768 2287/1403/1767
f 2277/1394/1758 2289/1406/1770 2288/1404/1768
f 2278/1405/1769 2290/1417/1781 2289/1406/1770
f 2292/1407/1771 2291/1420/1784 2279/1408/1772
f 2293/1409/1773 2292/1407/1771 2280/1395/1759
f 2294/1410/1774 2293/1409/1773 2281/1397/1761
f 2295/1411/1775 2294/1410/1774 2282/1398/1762
f 2296/1412/1776 2295/1411/1775 2283/1399/1763
f 2297/1413/1777 2296/1412/1776 2284/1400/1764
f 2286/1402/1766 2298/1414/1778 2297/1413/1777
f 2287/1403/1767 2299/1415/1779 2298/1414/1778
f 2288/1404/1768 2300/1416/1780 2299/1415/1779
f 2289/1406/1770 2301/1418/1782 2300/1416/1780
f 2290/1417/1781 2302/1429/1793 2301/1418/1782
f 2304/1419/1783 2303/1432/1796 2291/1420/1784
f 2305/1421/1785 2304/1419/1783 2292/1407/1771
f 2306/1422/1786 2305/1421/1785 2293/1409/1773
f 2307/1423/1787 2306/1422/1786 2294/1410/1774
f 2308/1424/1788 2307/1423/1787 2295/1411/1775
f 2309/1425/1789 2308/1424/1788 2296/1412/1776
f 2298/1414/1778 2310/1426/1790 2309/1425/1789
f 2299/1415/1779 2311/1427/1791 2310/1426/1790
f 2300/1416/1780 2312/1428/1792 2311/1427/1791
f 2301/1418/1782 2313/1430/1794 2312/1428/1792
f 2302/1429/1793 2314/1443/1807 2313/1430/1794
f 2304/1419/1783 2316/1433/1797 2315/1431/1795
f 2305/1421/1785 2317/1434/1798 2316/1433/1797
f 2306/1422/1786 2318/1435/1799 2317/1434/1798
f 2307/1423/1787 2319/1436/1800 2318/1435/1799
f 2308/1424/1788 2320/1449/1813 2319/1436/1800
f 2321/1437/1801 2320/1449/1813 2308/1424/1788
f 2322/1438/1802 2321/1437/1801 2309/1425/1789
f 2323/1439/1803 2322/1438/1802 2310/1426/1790
f 2324/1440/1804 2323/1439/1803 2311/1427/1791
f 2325/1441/1805 2324/1440/1804 2312/1428/1792
f 2326/1442/1806 2325/1441/1805 2313/1430/1794
f 2328/1444/1808 2327/1456/1820 2315/1431/1795
f 2329/1445/1809 2328/1444/1808 2316/1433/1797
f 2330/1446/1810 2329/1445/1809 2317/1434/1798
f 2331/1447/1811 2330/1446/1810 2318/1435/1799
f 2332/1448/1812 2331/1447/1811 2319/1436/1800
f 2333/1450/1814 2332/1448/1812 2320/1449/1813
f 2322/1438/1802 2334/1451/1815 2333/1450/1814
f 2323/1439/1803 2335/1452/1816 2334/1451/1815
f 2324/1440/1804 2336/1453/1817 2335/1452/1816
f 2325/1441/1805 2337/1454/1818 2336/1453/1817
f 2326/1442/1806 2338/1466/1830 2337/1454/1818
f 2328/1444/1808 2340/1457/1821 2339/1455/1819
f 2329/1445/1809 2341/1469/1833 2340/1457/1821
f 2342/1458/1822 2341/1469/1833 2329/1445/1809
f 2343/1459/1823 2342/1458/1822 2330/1446/1810
f 2344/1460/1824 2343/1459/1823 2331/1447/1811
f 2345/1461/1825 2344/1460/1824 2332/1448/1812
f 2334/1451/1815 2346/1462/1826 2345/1461/1825
f 2335/1452/1816 2347/1463/1827 2346/1462/1826
f 2336/1453/1817 2348/1464/1828 2347/1463/1827
f 2337/1454/1818 2349/1476/1840 2348/1464/1828
f 2350/1465/1829 2349/1476/1840 2337/1454/1818
f 2352/1467/1831 2351/1480/1844 2339/1455/1819
f 2353/1468/1832 2352/1467/1831 2340/1457/1821
f 2354/1470/1834 2353/1468/1832 2341/1469/1833
f 2355/1471/1835 2354/1470/1834 2342/1458/1822
f 2356/1472/1836 2355/1471/1835 2343/1459/1823
f 2357/1473/1837 2356/1472/1836 2344/1460/1824
f 2346/1462/1826 2358/1474/1838 2357/1473/1837
f 2347/1463/1827 2359/1475/1839 2358/1474/1838
f 2348/1464/1828 2360/1477/1841 2359/1475/1839
f 2349/1476/1840 2361/1478/1842 2360/1477/1841
f 2350/1465/1829 2362/1489/1853 2361/1478/1842
f 2364/1479/1843 2363/1492/1856 2351/1480/1844
f 2365/1481/1845 2364/1479/1843 2352/1467/1831
f 2366/1482/1846 2365/1481/1845 2353/1468/1832
f 2367/1483/1847 2366/1482/1846 2354/1470/1834
f 2368/1484/1848 2367/1483/1847 2355/1471/1835
f 2369/1485/1849 2368/1484/1848 2356/1472/1836
f 2358/1474/1838 2370/1486/1850 2369/1485/1849
f 2359/1475/1839 2371/1487/1851 2370/1486/1850
f 2360/1477/1841 2372/1488/1852 2371/1487/1851
f 2361/1478/1842 2373/1490/1854 2372/1488/1852
f 2362/1489/1853 2374/1501/1865 2373/1490/1854
f 2376/1491/1855 2375/1504/1868 2363/1492/1856
f 2377/1493/1857 2376/1491/1855 2364/1479/1843
f 2378/1494/1858 2377/1493/1857 2365/1481/1845
f 2379/1495/1859 2378/1494/1858 2366/1482/1846
f 2380/1496/1860 2379/1495/1859 2367/1483/1847
f 2381/1497/1861 2380/1496/1860 2368/1484/1848
f 2370/1486/1850 2382/1498/1862 2381/1497/1861
f 2371/1487/1851 2383/1499/1863 2382/1498/1862
f 2372/1488/1852 2384/1500/1864 2383/1499/1863
f 2373/1490/1854 2385/1502/1866 2384/1500/1864
f 2374/1501/1865 2386/1513/1877 2385/1502/1866
f 2388/1503/1867 2387/1516/1880 2375/1504/1868
f 2389/1505/1869 2388/1503/1867 2376/1491/1855
f 2390/1506/1870 2389/1505/1869 2377/1493/1857
f 2391/1507/1871 2390/1506/1870 2378/1494/1858
f 2392/1508/1872 2391/1507/1871 2379/1495/1859
f 2393/1509/1873 2392/1508/1872 2380/1496/1860
f 2382/1498/1862 2394/1510/1874 2393/1509/1873
f 2383/1499/1863 2395/1511/1875 2394/1510/1874
f 2384/1500/1864 2396/1512/1876 2395/1511/1875
f 2385/1502/1866 2397/1514/1878 2396/1512/1876
f 2386/1513/1877 2398/1525/1889 2397/1514/1878
f 2400/1515/1879 2399/1528/1892 2387/1516/1880
f 2401/1517/1881 2400/1515/1879 2388/1503/1867
f 2402/1518/1882 2401/1517/1881 2389/1505/1869
f 2403/1519/1883 2402/1518/1882 2390/1506/1870
f 2404/1520/1884 2403/1519/1883 2391/1507/1871
f 2405/1521/1885 2404/1520/1884 2392/1508/1872
f 2394/1510/1874 2406/1522/1886 2405/1521/1885
f 2395/1511/1875 2407/1523/1887 2406/1522/1886
f 2396/1512/1876 2408/1524/1888 2407/1523/1887
f 2397/1514/1878 2409/1526/1890 2408/1524/1888
f 2398/1525/1889 2410/1539/1903 2409/1526/1890
f 2400/1515/1879 2412/1529/1893 2411/1527/1891
f 2401/1517/1881 2413/1530/1894 2412/1529/1893
f 2402/1518/1882 2414/1531/1895 2413/1530/1894
f 2403/1519/1883 2415/1532/1896 2414/1531/1895
f 2404/1520/1884 2416/1544/1908 2415/1532/1896
f 2417/1533/1897 2416/1544/1908 2404/1520/1884
f 2418/1534/1898 2417/1533/1897 2405/1521/1885
f 2419/1535/1899 2418/1534/1898 2406/1522/1886
f 2420/1536/1900 2419/1535/1899 2407/1523/1887
f 2421/1537/1901 2420/1536/1900 2408/1524/1888
f 2422/1538/1902 2421/1537/1901 2409/1526/1890
f 2412/1529/1893 2424/1541/1905 2423/1540/1904
f 2413/1530/1894 2425/1542/1906 2424/1541/1905
f 2414/1531/1895 2426/1543/1907 2425/1542/1906
f 2415/1532/1896 2427/1545/1909 2426/1543/1907
f 2416/1544/1908 2428/1556/1920 2427/1545/1909
f 2429/1546/1910 2428/1556/1920 2416/1544/1908
f 2430/1547/1911 2429/1546/1910 2417/1533/1897
f 2431/1548/1912 2430/1547/1911 2418/1534/1898
f 2432/1549/1913 2431/1548/1912 2419/1535/1899
f 2433/1550/1914 2432/1549/1913 2420/1536/1900
f 2434/1551/1915 2433/1550/1914 2421/1537/1901
f 2424/1541/1905 2436/1553/1917 2435/1552/1916
f 2425/1542/1906 2437/1554/1918 2436/1553/1917
f 2426/1543/1907 2438/1555/1919 2437/1554/1918
f 2427/1545/1909 2439/1557/1921 2438/1555/1919
f 2428/1556/1920 2440/1568/1932 2439/1557/1921
f 2441/1558/1922 2440/1568/1932 2428/1556/1920
f 2442/1559/1923 2441/1558/1922 2429/1546/1910
f 2443/1560/1924 2442/1559/1923 2430/1547/1911
f 2444/1561/1925 2443/1560/1924 2431/1548/1912
f 2445/1562/1926 2444/1561/1925 2432/1549/1913
f 2446/1563/1927 2445/1562/1926 2433/1550/1914
f 2436/1553/1917 2448/1565/1929 2447/1564/1928
f 2437/1554/1918 2449/1566/1930 2448/1565/1929
f 2438/1555/1919 2450/1567/1931 2449/1566/1930
f 2439/1557/1921 2451/1569/1933 2450/1567/1931
f 2440/1568/1932 2452/1580/1944 2451/1569/1933
f 2453/1570/1934 2452/1580/1944 2440/1568/1932
f 2454/1571/1935 2453/1570/1934 2441/1558/1922
f 2455/1572/1936 2454/1571/1935 2442/1559/1923
f 2456/1573/1937 2455/1572/1936 2443/1560/1924
f 2457/1574/1938 2456/1573/1937 2444/1561/1925
f 2458/1575/1939 2457/1574/1938 2445/1562/1926
f 2448/1565/1929 2460/1577/1941 2459/1576/1940
f 2449/1566/1930 2461/1578/1942 2460/1577/1941
f 2450/1567/1931 2462/1579/1943 2461/1578/1942
f 2451/1569/1933 2463/1581/1945 2462/1579/1943
f 2452/1580/1944 2464/1592/1956 2463/1581/1945
f 2465/1582/1946 2464/1592/1956 2452/1580/1944
f 2466/1583/1947 2465/1582/1946 2453/1570/1934
f 2467/1584/1948 2466/1583/1947 2454/1571/1935
f 2468/1585/1949 2467/1584/1948 2455/1572/1936
f 2469/1586/1950 2468/1585/1949 2456/1573/1937
f 2470/1587/1951 2469/1586/1950 2457/1574/1938
f 2460/1577/1941 2472/1589/1953 2471/1588/1952
f 2461/1578/1942 2473/1590/1954 2472/1589/1953
f 2462/1579/1943 2474/1591/1955 2473/1590/1954
f 2463/1581/1945 2475/1593/1957 2474/1591/1955
f 2464/1592/1956 2476/1604/1968 2475/1593/1957
f 2477/1594/1958 2476/1604/1968 2464/1592/1956
f 2478/1595/1959 2477/1594/1958 2465/1582/1946
f 2479/1596/1960 2478/1595/1959 2466/1583/1947
f 2480/1597/1961 2479/1596/1960 2467/1584/1948
f 2481/1598/1962 2480/1597/1961 2468/1585/1949
f 2482/1599/1963 2481/1598/1962 2469/1586/1950
f 2472/1589/1953 2484/1601/1965 2483/1600/1964
f 2473/1590/1954 2485/1602/1966 2484/1601/1965
f 2474/1591/1955 2486/1603/1967 2485/1602/1966
f 2475/1593/1957 2487/1605/1969 2486/1603/1967
f 2476/1604/1968 2488/1616/1980 2487/1605/1969
f 2489/1606/1970 2488/1616/1980 2476/1604/1968
f 2490/1607/1971 2489/1606/1970 2477/1594/1958
f 2491/1608/1972 2490/1607/1971 2478/1595/1959
f 2492/1609/1973 2491/1608/1972 2479/1596/1960
f 2493/1610/1974 2492/1609/1973 2480/1597/1961
f 2494/1611/1975 2493/1610/1974 2481/1598/1962
f 2484/1601/1965 2496/1613/1977 2495/1612/1976
f 2485/1602/1966 2497/1614/1978 2496/1613/1977
f 2486/1603/1967 2498/1615/1979 2497/1614/1978
f 2487/1605/1969 2499/1617/1981 2498/1615/1979
f 2488/1616/1980 2500/1628/1992 2499/1617/1981
f 2501/1618/1982 2500/1628/1992 2488/1616/1980
f 2502/1619/1983 2501/1618/1982 2489/1606/1970
f 2503/1620/1984 2502/1619/1983 2490/1607/1971
f 2504/1621/1985 2503/1620/1984 2491/1608/1972
f 2505/1622/1986 2504/1621/1985 2492/1609/1973
f 2506/1623/1987 2505/1622/1986 2493/1610/1974
f 2496/1613/1977 2508/1625/1989 2507/1624/1988
f 2497/1614/1978 2509/1626/1990 2508/1625/1989
f 2498/1615/1979 2510/1627/1991 2509/1626/1990
f 2499/1617/1981 2511/1629/1993 2510/1627/1991
f 2500/1628/1992 2512/1640/2004 2511/1629/1993
f 2513/1630/1994 2512/1640/2004 2500/1628/1992
f 2514/1631/1995 2513/1630/1994 2501/1618/1982
f 2515/1632/1996 2514/1631/1995 2502/1619/1983
f 2516/1633/1997 2515/1632/1996 2503/1620/1984
f 2517/1634/1998 2516/1633/1997 2504/1621/1985
f 2518/1635/1999 2517/1634/1998 2505/1622/1986
f 2508/1625/1989 2520/1637/2001 2519/1636/2000
f 2509/1626/1990 2521/1638/2002 2520/1637/2001
f 2510/1627/1991 2522/1639/2003 2521/1638/2002
f 2511/1629/1993 2523/1641/2005 2522/1639/2003
f 2512/1640/2004 2524/1652/2016 2523/1641/2005
f 2525/1642/2006 2524/1652/2016 2512/1640/2004
f 2526/1643/2007 2525/1642/2006 2513/1630/1994
f 2527/1644/2008 2526/1643/2007 2514/1631/1995
f 2528/1645/2009 2527/1644/2008 2515/1632/1996
f 2529/1646/2010 2528/1645/2009 2516/1633/1997
f 2530/1647/2011 2529/1646/2010 2517/1634/1998
f 2520/1637/2001 2532/1649/2013 2531/1648/2012
f 2521/1638/2002 2533/1650/2014 2532/1649/2013
f 2522/1639/2003 2534/1651/2015 2533/1650/2014
f 2523/1641/2005 2535/1653/2017 2534/1651/2015
f 2524/1652/2016 2536/1664/2028 2535/1653/2017
f 2537/1654/2018 2536/1664/2028 2524/1652/2016
f 2538/1655/2019 2537/1654/2018 2525/1642/2006
f 2539/1656/2020 2538/1655/2019 2526/1643/2007
f 2540/1657/2021 2539/1656/2020 2527/1644/2008
f 2541/1658/2022 2540/1657/2021 2528/1645/2009
f 2542/1659/2023 2541/1658/2022 2529/1646/2010
f 2532/1649/2013 2544/1661/2025 2543/1660/2024
f 2533/1650/2014 2545/1662/2026 2544/1661/2025
f 2534/1651/2015 2546/1663/2027 2545/1662/2026
f 2535/1653/2017 2547/1665/2029 2546/1663/2027
f 2536/1664/2028 2548/1676/2040 2547/1665/2029
f 2549/1666/2030 2548/1676/2040 2536/1664/2028
f 2550/1667/2031 2549/1666/2030 2537/1654/2018
f 2551/1668/2032 2550/1667/2031 2538/1655/2019
f 2552/1669/2033 2551/1668/2032 2539/1656/2020
f 2553/1670/2034 2552/1669/2033 2540/1657/2021
f 2554/1671/2035 2553/1670/2034 2541/1658/2022
f 2544/1661/2025 2556/1673/2037 2555/1672/2036
f 2545/1662/2026 2557/1674/2038 2556/1673/2037
f 2546/1663/2027 2558/1675/2039 2557/1674/2038
f 2547/1665/2029 2559/1677/2041 2558/1675/2039
f 2548/1676/2040 2560/1688/2052 2559/1677/2041
f 2561/1678/2042 2560/1688/2052 2548/1676/2040
f 2562/1679/2043 2561/1678/2042 2549/1666/2030
f 2563/1680/2044 2562/1679/2043 2550/1667/2031
f 2564/1681/2045 2563/1680/2044 2551/1668/2032
f 2565/1682/2046 2564/1681/2045 2552/1669/2033
f 2566/1683/2047 2565/1682/2046 2553/1670/2034
f 2556/1673/2037 2568/1685/2049 2567/1684/2048
f 2557/1674/2038 2569/1686/2050 2568/1685/2049
f 2558/1675/2039 2570/1687/2051 2569/1686/2050
f 2559/1677/2041 2571/1689/2053 2570/1687/2051
f 2560/1688/2052 2572/1700/2064 2571/1689/2053
f 2573/1690/2054 2572/1700/2064 2560/1688/2052
f 2574/1691/2055 2573/1690/2054 2561/1678/2042
f 2575/1692/2056 2574/1691/2055 2562/1679/2043
f 2576/1693/2057 2575/1692/2056 2563/1680/2044
f 2577/1694/2058 2576/1693/2057 2564/1681/2045
f 2578/1695/2059 2577/1694/2058 2565/1682/2046
f 2568/1685/2049 2580/1697/2061 2579/1696/2060
f 2569/1686/2050 2581/1698/2062 2580/1697/2061
f 2570/1687/2051 2582/1699/2063 2581/1698/2062
f 2571/1689/2053 2583/1701/2065 2582/1699/2063
f 2572/1700/2064 2584/1712/2076 2583/1701/2065
f 2585/1702/2066 2584/1712/2076 2572/1700/2064
f 2586/1703/2067 2585/1702/2066 2573/1690/2054
f 2587/1704/2068 2586/1703/2067 2574/1691/2055
f 2588/1705/2069 2587/1704/2068 2575/1692/2056
f 2589/1706/2070 2588/1705/2069 2576/1693/2057
f 2590/1707/2071 2589/1706/2070 2577/1694/2058
f 2580/1697/2061 2592/1709/2073 2591/1708/2072
f 2581/1698/2062 2593/1710/2074 2592/1709/2073
f 2582/1699/2063 2594/1711/2075 2593/1710/2074
f 2583/1701/2065 2595/1713/2077 2594/1711/2075
f 2584/1712/2076 2596/1724/2088 2595/1713/2077
f 2597/1714/2078 2596/1724/2088 2584/1712/2076
f 2598/1715/2079 2597/1714/2078 2585/1702/2066
f 2599/1716/2080 2598/1715/2079 2586/1703/2067
f 2600/1717/2081 2599/1716/2080 2587/1704/2068
f 2601/1718/2082 2600/1717/2081 2588/1705/2069
f 2602/1719/2083 2601/1718/2082 2589/1706/2070
f 2592/1709/2073 2604/1721/2085 2603/1720/2084
f 2593/1710/2074 2605/1722/2086 2604/1721/2085
f 2594/1711/2075 2606/1723/2087 2605/1722/2086
f 2595/1713/2077 2607/1725/2089 2606/1723/2087
f 2596/1724/2088 2608/1736/2100 2607/1725/2089
f 2609/1726/2090 2608/1736/2100 2596/1724/2088
f 2610/1727/2091 2609/1726/2090 2597/1714/2078
f 2611/1728/2092 2610/1727/2091 2598/1715/2079
f 2612/1729/2093 2611/1728/2092 2599/1716/2080
f 2613/1730/2094 2612/1729/2093 2600/1717/2081
f 2614/1731/2095 2613/1730/2094 2601/1718/2082
f 2604/1721/2085 2616/1733/2097 2615/1732/2096
f 2605/1722/2086 2617/1734/2098 2616/1733/2097
f 2606/1723/2087 2618/1735/2099 2617/1734/2098
f 2607/1725/2089 2619/1737/2101 2618/1735/2099
f 2608/1736/2100 2620/1749/2113 2619/1737/2101
f 2621/1738/2102 2620/1749/2113 2608/1736/2100
f 2622/1739/2103 2621/1738/2102 2609/1726/2090
f 2623/1740/2104 2622/1739/2103 2610/1727/2091
f 2624/1741/2105 2623/1740/2104 2611/1728/2092
f 2625/1742/2106 2624/1741/2105 2612/1729/2093
f 2626/1743/2107 2625/1742/2106 2613/1730/2094
f 2628/1744/2108 2627/1755/2119 2615/1732/2096
f 2629/1745/2109 2628/1744/2108 2616/1733/2097
f 2630/1746/2110 2629/1745/2109 2617/1734/2098
f 2631/1747/2111 2630/1746/2110 2618/1735/2099
f 2632/1748/2112 2631/1747/2111 2619/1737/2101
f 2633/1750/2114 2632/1748/2112 2620/1749/2113
f 2622/1739/2103 2634/1751/2115 2633/1750/2114
f 2623/1740/2104 2635/1752/2116 2634/1751/2115
f 2624/1741/2105 2636/1753/2117 2635/1752/2116
f 2625/1742/2106 2637/1754/2118 2636/1753/2117
f 2626/1743/2107 2638/1756/2120 2637/1754/2118
f 1752/815/1233 1751/13/1235 2627/1755/2119
f 1753/816/1236 1752/815/1233 2628/1744/2108
f 1754/817/1238 1753/816/1236 2629/1745/2109
f 1755/818/1240 1754/817/1238 2630/1746/2110
f 1756/826/1242 1755/818/1240 2631/1747/2111
f 1757/819/1245 1756/826/1242 2632/1748/2112
f 2634/1751/2115 1758/820/1247 1757/819/1245
f 2635/1752/2116 1759/821/1249 1758/820/1247
f 2636/1753/2117 1760/822/1251 1759/821/1249
f 2637/1754/2118 1761/823/1253 1760/822/1251
f 2638/1756/2120 1762/824/1255 1761/823/1253
f 2652/1757/2121 2651/1768/2144 2639/15/2122
f 2653/1758/2124 2652/1757/2121 2640/246/2123
f 2654/1759/2126 2653/1758/2124 2641/248/2125
f 2655/1760/2128 2654/1759/2126 2642/250/2127
f 2656/1761/2130 2655/1760/2128 2643/252/2129
f 2657/1762/2132 2656/1761/2130 2644/254/2131
f 2646/259/2134 2658/1763/2136 2657/1762/2132
f 2647/261/2135 2659/1764/2138 2658/1763/2136
f 2648/263/2137 2660/1765/2140 2659/1764/2138
f 2649/265/2139 2661/1766/2142 2660/1765/2140
f 2650/267/2141 2662/1777/2153 2661/1766/2142
f 2664/1767/2143 2663/1780/2156 2651/1768/2144
f 2665/1769/2145 2664/1767/2143 2652/1757/2121
f 2666/1770/2146 2665/1769/2145 2653/1758/2124
f 2667/1771/2147 2666/1770/2146 2654/1759/2126
f 2668/1772/2148 2667/1771/2147 2655/1760/2128
f 2669/1773/2149 2668/1772/2148 2656/1761/2130
f 2658/1763/2136 2670/1774/2150 2669/1773/2149
f 2659/1764/2138 2671/1775/2151 2670/1774/2150
f 2660/1765/2140 2672/1776/2152 2671/1775/2151
f 2661/1766/2142 2673/1778/2154 2672/1776/2152
f 2662/1777/2153 2674/1789/2165 2673/1778/2154
f 2676/1779/2155 2675/1792/2168 2663/1780/2156
f 2677/1781/2157 2676/1779/2155 2664/1767/2143
f 2678/1782/2158 2677/1781/2157 2665/1769/2145
f 2679/1783/2159 2678/1782/2158 2666/1770/2146
f 2680/1784/2160 2679/1783/2159 2667/1771/2147
f 2681/1785/2161 2680/1784/2160 2668/1772/2148
f 2670/1774/2150 2682/1786/2162 2681/1785/2161
f 2671/1775/2151 2683/1787/2163 2682/1786/2162
f 2672/1776/2152 2684/1788/2164 2683/1787/2163
f 2673/1778/2154 2685/1790/2166 2684/1788/2164
f 2674/1789/2165 2686/1801/2177 2685/1790/2166
f 2688/1791/2167 2687/1804/2180 2675/1792/2168
f 2689/1793/2169 2688/1791/2167 2676/1779/2155
f 2690/1794/2170 2689/1793/2169 2677/1781/2157
f 2691/1795/2171 2690/1794/2170 2678/1782/2158
f 2692/1796/2172 2691/1795/2171 2679/1783/2159
f 2693/1797/2173 2692/1796/2172 2680/1784/2160
f 2682/1786/2162 2694/1798/2174 2693/1797/2173
f 2683/1787/2163 2695/1799/2175 2694/1798/2174
f 2684/1788/2164 2696/1800/2176 2695/1799/2175
f 2685/1790/2166 2697/1802/2178 2696/1800/2176
f 2686/1801/2177 2698/1813/2189 2697/1802/2178
f 2700/1803/2179 2699/237/2192 2687/1804/2180
f 2701/1805/2181 2700/1803/2179 2688/1791/2167
f 2702/1806/2182 2701/1805/2181 2689/1793/2169
f 2703/1807/2183 2702/1806/2182 2690/1794/2170
f 2704/1808/2184 2703/1807/2183 2691/1795/2171
f 2705/1809/2185 2704/1808/2184 2692/1796/2172
f 2694/1798/2174 2706/1810/2186 2705/1809/2185
f 2695/1799/2175 2707/1811/2187 2706/1810/2186
f 2696/1800/2176 2708/1812/2188 2707/1811/2187
f 2697/1802/2178 2709/1814/2190 2708/1812/2188
f 2698/1813/2189 2710/1824/2201 2709/1814/2190
f 2712/1815/2191 2711/1827/2204 2699/237/2192
f 2713/1816/2193 2712/1815/2191 2700/1803/2179
f 2714/1817/2194 2713/1816/2193 2701/1805/2181
f 2715/1818/2195 2714/1817/2194 2702/1806/2182
f 2716/1819/2196 2715/1818/2195 2703/1807/2183
f 2717/1820/2197 2716/1819/2196 2704/1808/2184
f 2706/1810/2186 2718/1821/2198 2717/1820/2197
f 2707/1811/2187 2719/1822/2199 2718/1821/2198
f 2708/1812/2188 2720/1823/2200 2719/1822/2199
f 2709/1814/2190 2721/1825/2202 2720/1823/2200
f 2710/1824/2201 2722/1838/2215 2721/1825/2202
f 2712/1815/2191 2724/1828/2205 2723/1826/2203
f 2713/1816/2193 2725/1829/2206 2724/1828/2205
f 2714/1817/2194 2726/1830/2207 2725/1829/2206
f 2715/1818/2195 2727/1831/2208 2726/1830/2207
f 2716/1819/2196 2728/1843/2220 2727/1831/2208
f 2729/1832/2209 2728/1843/2220 2716/1819/2196
f 2730/1833/2210 2729/1832/2209 2717/1820/2197
f 2731/1834/2211 2730/1833/2210 2718/1821/2198
f 2732/1835/2212 2731/1834/2211 2719/1822/2199
f 2733/1836/2213 2732/1835/2212 2720/1823/2200
f 2734/1837/2214 2733/1836/2213 2721/1825/2202
f 2724/1828/2205 2736/1840/2217 2735/1839/2216
f 2725/1829/2206 2737/1841/2218 2736/1840/2217
f 2726/1830/2207 2738/1842/2219 2737/1841/2218
f 2727/1831/2208 2739/1844/2221 2738/1842/2219
f 2728/1843/2220 2740/1855/2232 2739/1844/2221
f 2741/1845/2222 2740/1855/2232 2728/1843/2220
f 2742/1846/2223 2741/1845/2222 2729/1832/2209
f 2743/1847/2224 2742/1846/2223 2730/1833/2210
f 2744/1848/2225 2743/1847/2224 2731/1834/2211
f 2745/1849/2226 2744/1848/2225 2732/1835/2212
f 2746/1850/2227 2745/1849/2226 2733/1836/2213
f 2736/1840/2217 2748/1852/2229 2747/1851/2228
f 2737/1841/2218 2749/1853/2230 2748/1852/2229
f 2738/1842/2219 2750/1854/2231 2749/1853/2230
f 2739/1844/2221 2751/1856/2233 2750/1854/2231
f 2740/1855/2232 2752/1866/2244 2751/1856/2233
f 2753/1857/2234 2752/1866/2244 2740/1855/2232
f 2754/1858/2235 2753/1857/2234 2741/1845/2222
f 2755/1859/2236 2754/1858/2235 2742/1846/2223
f 2756/1860/2237 2755/1859/2236 2743/1847/2224
f 2757/1861/2238 2756/1860/2237 2744/1848/2225
f 2758/1862/2239 2757/1861/2238 2745/1849/2226
f 2748/1852/2229 2760/1863/2241 2759/184/2240
f 2749/1853/2230 2761/1864/2242 2760/1863/2241
f 2750/1854/2231 2762/1865/2243 2761/1864/2242
f 2751/1856/2233 2763/1867/2245 2762/1865/2243
f 2752/1866/2244 2764/1878/2256 2763/1867/2245
f 2765/1868/2246 2764/1878/2256 2752/1866/2244
f 2766/1869/2247 2765/1868/2246 2753/1857/2234
f 2767/1870/2248 2766/1869/2247 2754/1858/2235
f 2768/1871/2249 2767/1870/2248 2755/1859/2236
f 2769/1872/2250 2768/1871/2249 2756/1860/2237
f 2770/1873/2251 2769/1872/2250 2757/1861/2238
f 2760/1863/2241 2772/1875/2253 2771/1874/2252
f 2761/1864/2242 2773/1876/2254 2772/1875/2253
f 2762/1865/2243 2774/1877/2255 2773/1876/2254
f 2763/1867/2245 2775/1879/2257 2774/1877/2255
f 2764/1878/2256 2776/1891/2269 2775/1879/2257
f 2777/1880/2258 2776/1891/2269 2764/1878/2256
f 2778/1881/2259 2777/1880/2258 2765/1868/2246
f 2779/1882/2260 2778/1881/2259 2766/1869/2247
f 2780/1883/2261 2779/1882/2260 2767/1870/2248
f 2781/1884/2262 2780/1883/2261 2768/1871/2249
f 2782/1885/2263 2781/1884/2262 2769/1872/2250
f 2784/1886/2264 2783/1898/2276 2771/1874/2252
f 2785/1887/2265 2784/1886/2264 2772/1875/2253
f 2786/1888/2266 2785/1887/2265 2773/1876/2254
f 2787/1889/2267 2786/1888/2266 2774/1877/2255
f 2788/1890/2268 2787/1889/2267 2775/1879/2257
f 2789/1892/2270 2788/1890/2268 2776/1891/2269
f 2778/1881/2259 2790/1893/2271 2789/1892/2270
f 2779/1882/2260 2791/1894/2272 2790/1893/2271
f 2780/1883/2261 2792/1895/2273 2791/1894/2272
f 2781/1884/2262 2793/1896/2274 2792/1895/2273
f 2782/1885/2263 2794/1907/2285 2793/1896/2274
f 2796/1897/2275 2795/1910/2288 2783/1898/2276
f 2797/1899/2277 2796/1897/2275 2784/1886/2264
f 2798/1900/2278 2797/1899/2277 2785/1887/2265
f 2799/1901/2279 2798/1900/2278 2786/1888/2266
f 2800/1902/2280 2799/1901/2279 2787/1889/2267
f 2801/1903/2281 2800/1902/2280 2788/1890/2268
f 2790/1893/2271 2802/1904/2282 2801/1903/2281
f 2791/1894/2272 2803/1905/2283 2802/1904/2282
f 2792/1895/2273 2804/1906/2284 2803/1905/2283
f 2793/1896/2274 2805/1908/2286 2804/1906/2284
f 2794/1907/2285 2806/1919/2297 2805/1908/2286
f 2808/1909/2287 2807/1922/2300 2795/1910/2288
f 2809/1911/2289 2808/1909/2287 2796/1897/2275
f 2810/1912/2290 2809/1911/2289 2797/1899/2277
f 2811/1913/2291 2810/1912/2290 2798/1900/2278
f 2812/1914/2292 2811/1913/2291 2799/1901/2279
f 2813/1915/2293 2812/1914/2292 2800/1902/2280
f 2802/1904/2282 2814/1916/2294 2813/1915/2293
f 2803/1905/2283 2815/1917/2295 2814/1916/2294
f 2804/1906/2284 2816/1918/2296 2815/1917/2295
f 2805/1908/2286 2817/1920/2298 2816/1918/2296
f 2806/1919/2297 2818/1931/2309 2817/1920/2298
f 2820/1921/2299 2819/206/2312 2807/1922/2300
f 2821/1923/2301 2820/1921/2299 2808/1909/2287
f 2822/1924/2302 2821/1923/2301 2809/1911/2289
f 2823/1925/2303 2822/1924/2302 2810/1912/2290
f 2824/1926/2304 2823/1925/2303 2811/1913/2291
f 2825/1927/2305 2824/1926/2304 2812/1914/2292
f 2814/1916/2294 2826/1928/2306 2825/1927/2305
f 2815/1917/2295 2827/1929/2307 2826/1928/2306
f 2816/1918/2296 2828/1930/2308 2827/1929/2307
f 2817/1920/2298 2829/1932/2310 2828/1930/2308
f 2818/1931/2309 2830/1942/2321 2829/1932/2310
f 2832/1933/2311 2831/1945/2324 2819/206/2312
f 2833/1934/2313 2832/1933/2311 2820/1921/2299
f 2834/1935/2314 2833/1934/2313 2821/1923/2301
f 2835/1936/2315 2834/1935/2314 2822/1924/2302
f 2836/1937/2316 2835/1936/2315 2823/1925/2303
f 2837/1938/2317 2836/1937/2316 2824/1926/2304
f 2826/1928/2306 2838/1939/2318 2837/1938/2317
f 2827/1929/2307 2839/1940/2319 2838/1939/2318
f 2828/1930/2308 2840/1941/2320 2839/1940/2319
f 2829/1932/2310 2841/1943/2322 2840/1941/2320
f 2830/1942/2321 2842/1956/2335 2841/1943/2322
f 2832/1933/2311 2844/1946/2325 2843/1944/2323
f 2833/1934/2313 2845/1947/2326 2844/1946/2325
f 2834/1935/2314 2846/1948/2327 2845/1947/2326
f 2835/1936/2315 2847/1949/2328 2846/1948/2327
f 2836/1937/2316 2848/1961/2340 2847/1949/2328
f 2849/1950/2329 2848/1961/2340 2836/1937/2316
f 2850/1951/2330 2849/1950/2329 2837/1938/2317
f 2851/1952/2331 2850/1951/2330 2838/1939/2318
f 2852/1953/2332 2851/1952/2331 2839/1940/2319
f 2853/1954/2333 2852/1953/2332 2840/1941/2320
f 2854/1955/2334 2853/1954/2333 2841/1943/2322
f 2844/1946/2325 2856/1958/2337 2855/1957/2336
f 2845/1947/2326 2857/1959/2338 2856/1958/2337
f 2846/1948/2327 2858/1960/2339 2857/1959/2338
f 2847/1949/2328 2859/1962/2341 2858/1960/2339
f 2848/1961/2340 2860/1973/2352 2859/1962/2341
f 2861/1963/2342 2860/1973/2352 2848/1961/2340
f 2862/1964/2343 2861/1963/2342 2849/1950/2329
f 2863/1965/2344 2862/1964/2343 2850/1951/2330
f 2864/1966/2345 2863/1965/2344 2851/1952/2331
f 2865/1967/2346 2864/1966/2345 2852/1953/2332
f 2866/1968/2347 2865/1967/2346 2853/1954/2333
f 2856/1958/2337 2868/1970/2349 2867/1969/2348
f 2857/1959/2338 2869/1971/2350 2868/1970/2349
f 2858/1960/2339 2870/1972/2351 2869/1971/2350
f 2859/1962/2341 2871/1974/2353 2870/1972/2351
f 2860/1973/2352 2872/1984/2364 2871/1974/2353
f 2873/1975/2354 2872/1984/2364 2860/1973/2352
f 2874/1976/2355 2873/1975/2354 2861/1963/2342
f 2875/1977/2356 2874/1976/2355 2862/1964/2343
f 2876/1978/2357 2875/1977/2356 2863/1965/2344
f 2877/1979/2358 2876/1978/2357 2864/1966/2345
f 2878/1980/2359 2877/1979/2358 2865/1967/2346
f 2868/1970/2349 2880/1981/2361 2879/176/2360
f 2869/1971/2350 2881/1982/2362 2880/1981/2361
f 2870/1972/2351 2882/1983/2363 2881/1982/2362
f 2871/1974/2353 2883/1985/2365 2882/1983/2363
f 2872/1984/2364 2884/1996/2376 2883/1985/2365
f 2885/1986/2366 2884/1996/2376 2872/1984/2364
f 2886/1987/2367 2885/1986/2366 2873/1975/2354
f 2887/1988/2368 2886/1987/2367 2874/1976/2355
f 2888/1989/2369 2887/1988/2368 2875/1977/2356
f 2889/1990/2370 2888/1989/2369 2876/1978/2357
f 2890/1991/2371 2889/1990/2370 2877/1979/2358
f 2880/1981/2361 2892/1993/2373 2891/1992/2372
f 2881/1982/2362 2893/1994/2374 2892/1993/2373
f 2882/1983/2363 2894/1995/2375 2893/1994/2374
f 2883/1985/2365 2895/1997/2377 2894/1995/2375
f 2884/1996/2376 2896/2008/2388 2895/1997/2377
f 2897/1998/2378 2896/2008/2388 2884/1996/2376
f 2898/1999/2379 2897/1998/2378 2885/1986/2366
f 2899/2000/2380 2898/1999/2379 2886/1987/2367
f 2900/2001/2381 2899/2000/2380 2887/1988/2368
f 2901/2002/2382 2900/2001/2381 2888/1989/2369
f 2902/2003/2383 2901/2002/2382 2889/1990/2370
f 2892/1993/2373 2904/2005/2385 2903/2004/2384
f 2893/1994/2374 2905/2006/2386 2904/2005/2385
f 2894/1995/2375 2906/2007/2387 2905/2006/2386
f 2895/1997/2377 2907/2009/2389 2906/2007/2387
f 2896/2008/2388 2908/2019/2399 2907/2009/2389
f 2909/2010/2390 2908/2019/2399 2896/2008/2388
f 2910/2011/2391 2909/2010/2390 2897/1998/2378
f 2911/2012/2392 2910/2011/2391 2898/1999/2379
f 2912/2013/2393 2911/2012/2392 2899/2000/2380
f 2913/2014/2394 2912/2013/2393 2900/2001/2381
f 2914/2015/2395 2913/2014/2394 2901/2002/2382
f 2916/2016/2396 2915/2027/2407 2903/2004/2384
f 2905/2006/2386 2917/2017/2397 2916/2016/2396
f 2906/2007/2387 2918/2018/2398 2917/2017/2397
f 2907/2009/2389 2919/2020/2400 2918/2018/2398
f 2908/2019/2399 2920/2031/2411 2919/2020/2400
f 2921/2021/2401 2920/2031/2411 2908/2019/2399
f 2922/2022/2402 2921/2021/2401 2909/2010/2390
f 2923/2023/2403 2922/2022/2402 2910/2011/2391
f 2924/2024/2404 2923/2023/2403 2911/2012/2392
f 2913/2014/2394 2925/2025/2405 2924/2024/2404
f 2914/2015/2395 2926/2039/2419 2925/2025/2405
f 2916/2016/2396 2928/2028/2408 2927/2026/2406
f 2917/2017/2397 2929/2029/2409 2928/2028/2408
f 2918/2018/2398 2930/2030/2410 2929/2029/2409
f 2919/2020/2400 2931/2032/2412 2930/2030/2410
f 2920/2031/2411 2932/2040/2420 2931/2032/2412
f 2933/2033/2413 2932/2040/2420 2920/2031/2411
f 2934/2034/2414 2933/2033/2413 2921/2021/2401
f 2935/2035/2415 2934/2034/2414 2922/2022/2402
f 2936/2036/2416 2935/2035/2415 2923/2023/2403
f 2937/2037/2417 2936/2036/2416 2924/2024/2404
f 2938/2038/2418 2937/2037/2417 2925/2025/2405
f 2928/2028/2408 2640/815/2123 2639/13/2122
f 2929/2029/2409 2641/816/2125 2640/815/2123
f 2642/817/2127 2641/816/2125 2929/2029/2409
f 2643/818/2129 2642/817/2127 2930/2030/2410
f 2644/826/2131 2643/818/2129 2931/2032/2412
f 2645/819/2133 2644/826/2131 2932/2040/2420
f 2934/2034/2414 2646/820/2134 2645/819/2133
f 2935/2035/2415 2647/821/2135 2646/820/2134
f 2936/2036/2416 2648/822/2137 2647/821/2135
f 2937/2037/2417 2649/823/2139 2648/822/2137
f 2650/824/2141 2649/823/2139 2937/2037/2417
f 2940/246/2421 2952/2051/2443 2951/2041/2422
f 2953/2042/2424 2952/2051/2443 2940/246/2421
f 2954/2043/2426 2953/2042/2424 2941/248/2425
f 2955/2044/2428 2954/2043/2426 2942/250/2427
f 2956/2045/2430 2955/2044/2428 2943/252/2429
f 2957/2046/2432 2956/2045/2430 2944/254/2431
f 2946/259/2434 2958/2047/2436 2957/2046/2432
f 2947/261/2435 2959/2048/2438 2958/2047/2436
f 2948/263/2437 2960/2049/2440 2959/2048/2438
f 2949/265/2439 2961/2050/2442 2960/2049/2440
f 2950/267/2441 2962/2063/2455 2961/2050/2442
f 2952/2051/2443 2964/2053/2445 2963/2052/2444
f 2953/2042/2424 2965/2054/2446 2964/2053/2445
f 2954/2043/2426 2966/2055/2447 2965/2054/2446
f 2955/2044/2428 2967/2056/2448 2966/2055/2447
f 2956/2045/2430 2968/2068/2460 2967/2056/2448
f 2969/2057/2449 2968/2068/2460 2956/2045/2430
f 2970/2058/2450 2969/2057/2449 2957/2046/2432
f 2971/2059/2451 2970/2058/2450 2958/2047/2436
f 2972/2060/2452 2971/2059/2451 2959/2048/2438
f 2973/2061/2453 2972/2060/2452 2960/2049/2440
f 2974/2062/2454 2973/2061/2453 2961/2050/2442
f 2964/2053/2445 2976/2065/2457 2975/2064/2456
f 2965/2054/2446 2977/2066/2458 2976/2065/2457
f 2966/2055/2447 2978/2067/2459 2977/2066/2458
f 2967/2056/2448 2979/2069/2461 2978/2067/2459
f 2968/2068/2460 2980/2080/2472 2979/2069/2461
f 2981/2070/2462 2980/2080/2472 2968/2068/2460
f 2982/2071/2463 2981/2070/2462 2969/2057/2449
f 2983/2072/2464 2982/2071/2463 2970/2058/2450
f 2984/2073/2465 2983/2072/2464 2971/2059/2451
f 2985/2074/2466 2984/2073/2465 2972/2060/2452
f 2986/2075/2467 2985/2074/2466 2973/2061/2453
f 2976/2065/2457 2988/2077/2469 2987/2076/2468
f 2977/2066/2458 2989/2078/2470 2988/2077/2469
f 2978/2067/2459 2990/2079/2471 2989/2078/2470
f 2979/2069/2461 2991/2081/2473 2990/2079/2471
f 2980/2080/2472 2992/2092/2484 2991/2081/2473
f 2993/2082/2474 2992/2092/2484 2980/2080/2472
f 2994/2083/2475 2993/2082/2474 2981/2070/2462
f 2995/2084/2476 2994/2083/2475 2982/2071/2463
f 2996/2085/2477 2995/2084/2476 2983/2072/2464
f 2997/2086/2478 2996/2085/2477 2984/2073/2465
f 2998/2087/2479 2997/2086/2478 2985/2074/2466
f 2988/2077/2469 3000/2089/2481 2999/2088/2480
f 2989/2078/2470 3001/2090/2482 3000/2089/2481
f 2990/2079/2471 3002/2091/2483 3001/2090/2482
f 2991/2081/2473 3003/2093/2485 3002/2091/2483
f 2992/2092/2484 3004/2104/2496 3003/2093/2485
f 3005/2094/2486 3004/2104/2496 2992/2092/2484
f 3006/2095/2487 3005/2094/2486 2993/2082/2474
f 3007/2096/2488 3006/2095/2487 2994/2083/2475
f 3008/2097/2489 3007/2096/2488 2995/2084/2476
f 3009/2098/2490 3008/2097/2489 2996/2085/2477
f 3010/2099/2491 3009/2098/2490 2997/2086/2478
f 3000/2089/2481 3012/2101/2493 3011/2100/2492
f 3001/2090/2482 3013/2102/2494 3012/2101/2493
f 3002/2091/2483 3014/2103/2495 3013/2102/2494
f 3003/2093/2485 3015/2105/2497 3014/2103/2495
f 3004/2104/2496 3016/2116/2508 3015/2105/2497
f 3017/2106/2498 3016/2116/2508 3004/2104/2496
f 3018/2107/2499 3017/2106/2498 3005/2094/2486
f 3019/2108/2500 3018/2107/2499 3006/2095/2487
f 3020/2109/2501 3019/2108/2500 3007/2096/2488
f 3021/2110/2502 3020/2109/2501 3008/2097/2489
f 3022/2111/2503 3021/2110/2502 3009/2098/2490
f 3012/2101/2493 3024/2113/2505 3023/2112/2504
f 3013/2102/2494 3025/2114/2506 3024/2113/2505
f 3014/2103/2495 3026/2115/2507 3025/2114/2506
f 3015/2105/2497 3027/2117/2509 3026/2115/2507
f 3016/2116/2508 3028/2128/2520 3027/2117/2509
f 3029/2118/2510 3028/2128/2520 3016/2116/2508
f 3030/2119/2511 3029/2118/2510 3017/2106/2498
f 3031/2120/2512 3030/2119/2511 3018/2107/2499
f 3032/2121/2513 3031/2120/2512 3019/2108/2500
f 3033/2122/2514 3032/2121/2513 3020/2109/2501
f 3034/2123/2515 3033/2122/2514 3021/2110/2502
f 3024/2113/2505 3036/2125/2517 3035/2124/2516
f 3025/2114/2506 3037/2126/2518 3036/2125/2517
f 3026/2115/2507 3038/2127/2519 3037/2126/2518
f 3027/2117/2509 3039/2129/2521 3038/2127/2519
f 3028/2128/2520 3040/2140/2532 3039/2129/2521
f 3041/2130/2522 3040/2140/2532 3028/2128/2520
f 3042/2131/2523 3041/2130/2522 3029/2118/2510
f 3043/2132/2524 3042/2131/2523 3030/2119/2511
f 3044/2133/2525 3043/2132/2524 3031/2120/2512
f 3045/2134/2526 3044/2133/2525 3032/2121/2513
f 3046/2135/2527 3045/2134/2526 3033/2122/2514
f 3036/2125/2517 3048/2137/2529 3047/2136/2528
f 3037/2126/2518 3049/2138/2530 3048/2137/2529
f 3038/2127/2519 3050/2139/2531 3049/2138/2530
f 3039/2129/2521 3051/2141/2533 3050/2139/2531
f 3040/2140/2532 3052/2152/2544 3051/2141/2533
f 3053/2142/2534 3052/2152/2544 3040/2140/2532
f 3054/2143/2535 3053/2142/2534 3041/2130/2522
f 3055/2144/2536 3054/2143/2535 3042/2131/2523
f 3056/2145/2537 3055/2144/2536 3043/2132/2524
f 3057/2146/2538 3056/2145/2537 3044/2133/2525
f 3058/2147/2539 3057/2146/2538 3045/2134/2526
f 3048/2137/2529 3060/2149/2541 3059/2148/2540
f 3049/2138/2530 3061/2150/2542 3060/2149/2541
f 3050/2139/2531 3062/2151/2543 3061/2150/2542
f 3051/2141/2533 3063/2153/2545 3062/2151/2543
f 3052/2152/2544 3064/2160/2556 3063/2153/2545
f 3065/2154/2546 3064/2160/2556 3052/2152/2544
f 3066/2155/2547 3065/2154/2546 3053/2142/2534
f 3067/2156/2548 3066/2155/2547 3054/2143/2535
f 3068/2157/2549 3067/2156/2548 3055/2144/2536
f 3069/2158/2550 3068/2157/2549 3056/2145/2537
f 3070/2159/2551 3069/2158/2550 3057/2146/2538
f 3060/2149/2541 3072/1803/2553 3071/237/2552
f 3061/2150/2542 3073/1805/2554 3072/1803/2553
f 3062/2151/2543 3074/1806/2555 3073/1805/2554
f 3063/2153/2545 3075/1807/2557 3074/1806/2555
f 3064/2160/2556 3076/1808/2568 3075/1807/2557
f 3077/1809/2558 3076/1808/2568 3064/2160/2556
f 3078/1810/2559 3077/1809/2558 3065/2154/2546
f 3079/1811/2560 3078/1810/2559 3066/2155/2547
f 3080/1812/2561 3079/1811/2560 3067/2156/2548
f 3081/1814/2562 3080/1812/2561 3068/2157/2549
f 3082/1824/2563 3081/1814/2562 3069/2158/2550
f 3072/1803/2553 3084/2162/2565 3083/2161/2564
f 3073/1805/2554 3085/2163/2566 3084/2162/2565
f 3074/1806/2555 3086/2164/2567 3085/2163/2566
f 3075/1807/2557 3087/2165/2569 3086/2164/2567
f 3076/1808/2568 3088/2177/2581 3087/2165/2569
f 3089/2166/2570 3088/2177/2581 3076/1808/2568
f 3090/2167/2571 3089/2166/2570 3077/1809/2558
f 3091/2168/2572 3090/2167/2571 3078/1810/2559
f 3092/2169/2573 3091/2168/2572 3079/1811/2560
f 3093/2170/2574 3092/2169/2573 3080/1812/2561
f 3094/2171/2575 3093/2170/2574 3081/1814/2562
f 3096/2172/2576 3095/2184/2588 3083/2161/2564
f 3097/2173/2577 3096/2172/2576 3084/2162/2565
f 3098/2174/2578 3097/2173/2577 3085/2163/2566
f 3099/2175/2579 3098/2174/2578 3086/2164/2567
f 3100/2176/2580 3099/2175/2579 3087/2165/2569
f 3101/2178/2582 3100/2176/2580 3088/2177/2581
f 3090/2167/2571 3102/2179/2583 3101/2178/2582
f 3091/2168/2572 3103/2180/2584 3102/2179/2583
f 3092/2169/2573 3104/2181/2585 3103/2180/2584
f 3093/2170/2574 3105/2182/2586 3104/2181/2585
f 3094/2171/2575 3106/2193/2597 3105/2182/2586
f 3108/2183/2587 3107/2196/2600 3095/2184/2588
f 3109/2185/2589 3108/2183/2587 3096/2172/2576
f 3110/2186/2590 3109/2185/2589 3097/2173/2577
f 3111/2187/2591 3110/2186/2590 3098/2174/2578
f 3112/2188/2592 3111/2187/2591 3099/2175/2579
f 3113/2189/2593 3112/2188/2592 3100/2176/2580
f 3102/2179/2583 3114/2190/2594 3113/2189/2593
f 3103/2180/2584 3115/2191/2595 3114/2190/2594
f 3104/2181/2585 3116/2192/2596 3115/2191/2595
f 3105/2182/2586 3117/2194/2598 3116/2192/2596
f 3106/2193/2597 3118/2204/2608 3117/2194/2598
f 3120/2195/2599 3119/2207/2611 3107/2196/2600
f 3121/2197/2601 3120/2195/2599 3108/2183/2587
f 3122/2198/2602 3121/2197/2601 3109/2185/2589
f 3123/2199/2603 3122/2198/2602 3110/2186/2590
f 3112/2188/2592 3124/2212/2616 3123/2199/2603
f 3125/2200/2604 3124/2212/2616 3112/2188/2592
f 3126/2201/2605 3125/2200/2604 3113/2189/2593
f 3115/2191/2595 3127/2202/2606 3126/2201/2605
f 3116/2192/2596 3128/2203/2607 3127/2202/2606
f 3117/2194/2598 3129/2205/2609 3128/2203/2607
f 3118/2204/2608 3130/2217/2621 3129/2205/2609
f 3132/2206/2610 3131/2220/2624 3119/2207/2611
f 3133/2208/2612 3132/2206/2610 3120/2195/2599
f 3134/2209/2613 3133/2208/2612 3121/2197/2601
f 3135/2210/2614 3134/2209/2613 3122/2198/2602
f 3136/2211/2615 3135/2210/2614 3123/2199/2603
f 3137/2213/2617 3136/2211/2615 3124/2212/2616
f 3126/2201/2605 3138/2214/2618 3137/2213/2617
f 3127/2202/2606 3139/2215/2619 3138/2214/2618
f 3128/2203/2607 3140/2216/2620 3139/2215/2619
f 3129/2205/2609 3141/2218/2622 3140/2216/2620
f 3130/2217/2621 3142/2229/2633 3141/2218/2622
f 3144/2219/2623 3143/2232/2636 3131/2220/2624
f 3145/2221/2625 3144/2219/2623 3132/2206/2610
f 3146/2222/2626 3145/2221/2625 3133/2208/2612
f 3147/2223/2627 3146/2222/2626 3134/2209/2613
f 3148/2224/2628 3147/2223/2627 3135/2210/2614
f 3149/2225/2629 3148/2224/2628 3136/2211/2615
f 3138/2214/2618 3150/2226/2630 3149/2225/2629
f 3139/2215/2619 3151/2227/2631 3150/2226/2630
f 3140/2216/2620 3152/2228/2632 3151/2227/2631
f 3141/2218/2622 3153/2230/2634 3152/2228/2632
f 3142/2229/2633 3154/2241/2645 3153/2230/2634
f 3156/2231/2635 3155/2244/2648 3143/2232/2636
f 3157/2233/2637 3156/2231/2635 3144/2219/2623
f 3158/2234/2638 3157/2233/2637 3145/2221/2625
f 3159/2235/2639 3158/2234/2638 3146/2222/2626
f 3160/2236/2640 3159/2235/2639 3147/2223/2627
f 3161/2237/2641 3160/2236/2640 3148/2224/2628
f 3150/2226/2630 3162/2238/2642 3161/2237/2641
f 3151/2227/2631 3163/2239/2643 3162/2238/2642
f 3152/2228/2632 3164/2240/2644 3163/2239/2643
f 3153/2230/2634 3165/2242/2646 3164/2240/2644
f 3154/2241/2645 3166/2253/2657 3165/2242/2646
f 3168/2243/2647 3167/2256/2660 3155/2244/2648
f 3169/2245/2649 3168/2243/2647 3156/2231/2635
f 3170/2246/2650 3169/2245/2649 3157/2233/2637
f 3171/2247/2651 3170/2246/2650 3158/2234/2638
f 3172/2248/2652 3171/2247/2651 3159/2235/2639
f 3173/2249/2653 3172/2248/2652 3160/2236/2640
f 3162/2238/2642 3174/2250/2654 3173/2249/2653
f 3163/2239/2643 3175/2251/2655 3174/2250/2654
f 3164/2240/2644 3176/2252/2656 3175/2251/2655
f 3165/2242/2646 3177/2254/2658 3176/2252/2656
f 3166/2253/2657 3178/2265/2669 3177/2254/2658
f 3180/2255/2659 3179/2268/2672 3167/2256/2660
f 3181/2257/2661 3180/2255/2659 3168/2243/2647
f 3182/2258/2662 3181/2257/2661 3169/2245/2649
f 3183/2259/2663 3182/2258/2662 3170/2246/2650
f 3184/2260/2664 3183/2259/2663 3171/2247/2651
f 3185/2261/2665 3184/2260/2664 3172/2248/2652
f 3174/2250/2654 3186/2262/2666 3185/2261/2665
f 3175/2251/2655 3187/2263/2667 3186/2262/2666
f 3176/2252/2656 3188/2264/2668 3187/2263/2667
f 3177/2254/2658 3189/2266/2670 3188/2264/2668
f 3178/2265/2669 3190/2277/2681 3189/2266/2670
f 3192/2267/2671 3191/2279/2684 3179/2268/2672
f 3193/2269/2673 3192/2267/2671 3180/2255/2659
f 3194/2270/2674 3193/2269/2673 3181/2257/2661
f 3195/2271/2675 3194/2270/2674 3182/2258/2662
f 3196/2272/2676 3195/2271/2675 3183/2259/2663
f 3197/2273/2677 3196/2272/2676 3184/2260/2664
f 3186/2262/2666 3198/2274/2678 3197/2273/2677
f 3187/2263/2667 3199/2275/2679 3198/2274/2678
f 3188/2264/2668 3200/2276/2680 3199/2275/2679
f 3189/2266/2670 3201/2278/2682 3200/2276/2680
f 3190/2277/2681 3202/2280/2693 3201/2278/2682
f 3204/1863/2683 3203/184/2696 3191/2279/2684
f 3205/1864/2685 3204/1863/2683 3192/2267/2671
f 3206/1865/2686 3205/1864/2685 3193/2269/2673
f 3207/1867/2687 3206/1865/2686 3194/2270/2674
f 3208/1878/2688 3207/1867/2687 3195/2271/2675
f 3209/1868/2689 3208/1878/2688 3196/2272/2676
f 3198/2274/2678 3210/1869/2690 3209/1868/2689
f 3199/2275/2679 3211/1870/2691 3210/1869/2690
f 3200/2276/2680 3212/1871/2692 3211/1870/2691
f 3201/2278/2682 3213/1872/2694 3212/1871/2692
f 3202/2280/2693 3214/1873/2705 3213/1872/2694
f 3216/2281/2695 3215/2292/2708 3203/184/2696
f 3217/2282/2697 3216/2281/2695 3204/1863/2683
f 3218/2283/2698 3217/2282/2697 3205/1864/2685
f 3219/2284/2699 3218/2283/2698 3206/1865/2686
f 3220/2285/2700 3219/2284/2699 3207/1867/2687
f 3221/2286/2701 3220/2285/2700 3208/1878/2688
f 3210/1869/2690 3222/2287/2702 3221/2286/2701
f 3211/1870/2691 3223/2288/2703 3222/2287/2702
f 3212/1871/2692 3224/2289/2704 3223/2288/2703
f 3213/1872/2694 3225/2290/2706 3224/2289/2704
f 3214/1873/2705 3226/2301/2717 3225/2290/2706
f 3228/2291/2707 3227/2304/2720 3215/2292/2708
f 3229/2293/2709 3228/2291/2707 3216/2281/2695
f 3230/2294/2710 3229/2293/2709 3217/2282/2697
f 3231/2295/2711 3230/2294/2710 3218/2283/2698
f 3232/2296/2712 3231/2295/2711 3219/2284/2699
f 3233/2297/2713 3232/2296/2712 3220/2285/2700
f 3222/2287/2702 3234/2298/2714 3233/2297/2713
f 3223/2288/2703 3235/2299/2715 3234/2298/2714
f 3224/2289/2704 3236/2300/2716 3235/2299/2715
f 3225/2290/2706 3237/2302/2718 3236/2300/2716
f 3226/2301/2717 3238/2315/2731 3237/2302/2718
f 3228/2291/2707 3240/2305/2721 3239/2303/2719
f 3229/2293/2709 3241/2306/2722 3240/2305/2721
f 3230/2294/2710 3242/2307/2723 3241/2306/2722
f 3231/2295/2711 3243/2308/2724 3242/2307/2723
f 3232/2296/2712 3244/2320/2736 3243/2308/2724
f 3245/2309/2725 3244/2320/2736 3232/2296/2712
f 3246/2310/2726 3245/2309/2725 3233/2297/2713
f 3247/2311/2727 3246/2310/2726 3234/2298/2714
f 3248/2312/2728 3247/2311/2727 3235/2299/2715
f 3249/2313/2729 3248/2312/2728 3236/2300/2716
f 3250/2314/2730 3249/2313/2729 3237/2302/2718
f 3240/2305/2721 3252/2317/2733 3251/2316/2732
f 3241/2306/2722 3253/2318/2734 3252/2317/2733
f 3242/2307/2723 3254/2319/2735 3253/2318/2734
f 3243/2308/2724 3255/2321/2737 3254/2319/2735
f 3244/2320/2736 3256/2333/2749 3255/2321/2737
f 3257/2322/2738 3256/2333/2749 3244/2320/2736
f 3258/2323/2739 3257/2322/2738 3245/2309/2725
f 3259/2324/2740 3258/2323/2739 3246/2310/2726
f 3260/2325/2741 3259/2324/2740 3247/2311/2727
f 3261/2326/2742 3260/2325/2741 3248/2312/2728
f 3262/2327/2743 3261/2326/2742 3249/2313/2729
f 3264/2328/2744 3263/2340/2756 3251/2316/2732
f 3265/2329/2745 3264/2328/2744 3252/2317/2733
f 3266/2330/2746 3265/2329/2745 3253/2318/2734
f 3267/2331/2747 3266/2330/2746 3254/2319/2735
f 3268/2332/2748 3267/2331/2747 3255/2321/2737
f 3269/2334/2750 3268/2332/2748 3256/2333/2749
f 3258/2323/2739 3270/2335/2751 3269/2334/2750
f 3259/2324/2740 3271/2336/2752 3270/2335/2751
f 3260/2325/2741 3272/2337/2753 3271/2336/2752
f 3261/2326/2742 3273/2338/2754 3272/2337/2753
f 3262/2327/2743 3274/2351/2767 3273/2338/2754
f 3264/2328/2744 3276/2341/2757 3275/2339/2755
f 3265/2329/2745 3277/2342/2758 3276/2341/2757
f 3266/2330/2746 3278/2343/2759 3277/2342/2758
f 3267/2331/2747 3279/2344/2760 3278/2343/2759
f 3268/2332/2748 3280/2356/2772 3279/2344/2760
f 3281/2345/2761 3280/2356/2772 3268/2332/2748
f 3282/2346/2762 3281/2345/2761 3269/2334/2750
f 3283/2347/2763 3282/2346/2762 3270/2335/2751
f 3284/2348/2764 3283/2347/2763 3271/2336/2752
f 3285/2349/2765 3284/2348/2764 3272/2337/2753
f 3286/2350/2766 3285/2349/2765 3273/2338/2754
f 3276/2341/2757 3288/2353/2769 3287/2352/2768
f 3277/2342/2758 3289/2354/2770 3288/2353/2769
f 3278/2343/2759 3290/2355/2771 3289/2354/2770
f 3279/2344/2760 3291/2357/2773 3290/2355/2771
f 3280/2356/2772 3292/2369/2785 3291/2357/2773
f 3293/2358/2774 3292/2369/2785 3280/2356/2772
f 3294/2359/2775 3293/2358/2774 3281/2345/2761
f 3295/2360/2776 3294/2359/2775 3282/2346/2762
f 3296/2361/2777 3295/2360/2776 3283/2347/2763
f 3297/2362/2778 3296/2361/2777 3284/2348/2764
f 3298/2363/2779 3297/2362/2778 3285/2349/2765
f 3300/2364/2780 3299/2376/2792 3287/2352/2768
f 3301/2365/2781 3300/2364/2780 3288/2353/2769
f 3302/2366/2782 3301/2365/2781 3289/2354/2770
f 3303/2367/2783 3302/2366/2782 3290/2355/2771
f 3304/2368/2784 3303/2367/2783 3291/2357/2773
f 3305/2370/2786 3304/2368/2784 3292/2369/2785
f 3294/2359/2775 3306/2371/2787 3305/2370/2786
f 3295/2360/2776 3307/2372/2788 3306/2371/2787
f 3296/2361/2777 3308/2373/2789 3307/2372/2788
f 3297/2362/2778 3309/2374/2790 3308/2373/2789
f 3298/2363/2779 3310/2385/2801 3309/2374/2790
f 3312/2375/2791 3311/2388/2804 3299/2376/2792
f 3313/2377/2793 3312/2375/2791 3300/2364/2780
f 3314/2378/2794 3313/2377/2793 3301/2365/2781
f 3315/2379/2795 3314/2378/2794 3302/2366/2782
f 3316/2380/2796 3315/2379/2795 3303/2367/2783
f 3317/2381/2797 3316/2380/2796 3304/2368/2784
f 3306/2371/2787 3318/2382/2798 3317/2381/2797
f 3307/2372/2788 3319/2383/2799 3318/2382/2798
f 3308/2373/2789 3320/2384/2800 3319/2383/2799
f 3309/2374/2790 3321/2386/2802 3320/2384/2800
f 3310/2385/2801 3322/2397/2813 3321/2386/2802
f 3324/2387/2803 3323/2399/2816 3311/2388/2804
f 3325/2389/2805 3324/2387/2803 3312/2375/2791
f 3326/2390/2806 3325/2389/2805 3313/2377/2793
f 3327/2391/2807 3326/2390/2806 3314/2378/2794
f 3328/2392/2808 3327/2391/2807 3315/2379/2795
f 3329/2393/2809 3328/2392/2808 3316/2380/2796
f 3318/2382/2798 3330/2394/2810 3329/2393/2809
f 3319/2383/2799 3331/2395/2811 3330/2394/2810
f 3320/2384/2800 3332/2396/2812 3331/2395/2811
f 3321/2386/2802 3333/2398/2814 3332/2396/2812
f 3322/2397/2813 3334/2400/2825 3333/2398/2814
f 3336/1921/2815 3335/206/2828 3323/2399/2816
f 3337/1923/2817 3336/1921/2815 3324/2387/2803
f 3338/1924/2818 3337/1923/2817 3325/2389/2805
f 3339/1925/2819 3338/1924/2818 3326/2390/2806
f 3340/1926/2820 3339/1925/2819 3327/2391/2807
f 3341/1927/2821 3340/1926/2820 3328/2392/2808
f 3330/2394/2810 3342/1928/2822 3341/1927/2821
f 3331/2395/2811 3343/1929/2823 3342/1928/2822
f 3332/2396/2812 3344/1930/2824 3343/1929/2823
f 3333/2398/2814 3345/1932/2826 3344/1930/2824
f 3334/2400/2825 3346/1942/2837 3345/1932/2826
f 3348/2401/2827 3347/2412/2840 3335/206/2828
f 3349/2402/2829 3348/2401/2827 3336/1921/2815
f 3350/2403/2830 3349/2402/2829 3337/1923/2817
f 3351/2404/2831 3350/2403/2830 3338/1924/2818
f 3352/2405/2832 3351/2404/2831 3339/1925/2819
f 3353/2406/2833 3352/2405/2832 3340/1926/2820
f 3342/1928/2822 3354/2407/2834 3353/2406/2833
f 3343/1929/2823 3355/2408/2835 3354/2407/2834
f 3344/1930/2824 3356/2409/2836 3355/2408/2835
f 3345/1932/2826 3357/2410/2838 3356/2409/2836
f 3346/1942/2837 3358/2421/2849 3357/2410/2838
f 3360/2411/2839 3359/2424/2852 3347/2412/2840
f 3361/2413/2841 3360/2411/2839 3348/2401/2827
f 3362/2414/2842 3361/2413/2841 3349/2402/2829
f 3363/2415/2843 3362/2414/2842 3350/2403/2830
f 3364/2416/2844 3363/2415/2843 3351/2404/2831
f 3365/2417/2845 3364/2416/2844 3352/2405/2832
f 3354/2407/2834 3366/2418/2846 3365/2417/2845
f 3355/2408/2835 3367/2419/2847 3366/2418/2846
f 3356/2409/2836 3368/2420/2848 3367/2419/2847
f 3357/2410/2838 3369/2422/2850 3368/2420/2848
f 3358/2421/2849 3370/2433/2861 3369/2422/2850
f 3372/2423/2851 3371/2436/2864 3359/2424/2852
f 3373/2425/2853 3372/2423/2851 3360/2411/2839
f 3374/2426/2854 3373/2425/2853 3361/2413/2841
f 3375/2427/2855 3374/2426/2854 3362/2414/2842
f 3376/2428/2856 3375/2427/2855 3363/2415/2843
f 3377/2429/2857 3376/2428/2856 3364/2416/2844
f 3366/2418/2846 3378/2430/2858 3377/2429/2857
f 3367/2419/2847 3379/2431/2859 3378/2430/2858
f 3368/2420/2848 3380/2432/2860 3379/2431/2859
f 3369/2422/2850 3381/2434/2862 3380/2432/2860
f 3370/2433/2861 3382/2445/2873 3381/2434/2862
f 3384/2435/2863 3383/2448/838 3371/2436/2864
f 3385/2437/2865 3384/2435/2863 3372/2423/2851
f 3386/2438/2866 3385/2437/2865 3373/2425/2853
f 3387/2439/2867 3386/2438/2866 3374/2426/2854
f 3388/2440/2868 3387/2439/2867 3375/2427/2855
f 3389/2441/2869 3388/2440/2868 3376/2428/2856
f 3378/2430/2858 3390/2442/2870 3389/2441/2869
f 3379/2431/2859 3391/2443/2871 3390/2442/2870
f 3380/2432/2860 3392/2444/2872 3391/2443/2871
f 3381/2434/2862 3393/2446/2874 3392/2444/2872
f 3382/2445/2873 3394/2457/849 3393/2446/2874
f 3396/2447/2875 3395/2460/2886 3383/2448/838
f 3397/2449/2876 3396/2447/2875 3384/2435/2863
f 3398/2450/2877 3397/2449/2876 3385/2437/2865
f 3399/2451/2878 3398/2450/2877 3386/2438/2866
f 3400/2452/2879 3399/2451/2878 3387/2439/2867
f 3401/2453/2880 3400/2452/2879 3388/2440/2868
f 3390/2442/2870 3402/2454/2881 3401/2453/2880
f 3391/2443/2871 3403/2455/2882 3402/2454/2881
f 3392/2444/2872 3404/2456/2883 3403/2455/2882
f 3393/2446/2874 3405/2458/2884 3404/2456/2883
f 3394/2457/849 3406/2469/2895 3405/2458/2884
f 3408/2459/2885 3407/2472/2898 3395/2460/2886
f 3409/2461/2887 3408/2459/2885 3396/2447/2875
f 3410/2462/2888 3409/2461/2887 3397/2449/2876
f 3411/2463/2889 3410/2462/2888 3398/2450/2877
f 3412/2464/2890 3411/2463/2889 3399/2451/2878
f 3413/2465/2891 3412/2464/2890 3400/2452/2879
f 3402/2454/2881 3414/2466/2892 3413/2465/2891
f 3403/2455/2882 3415/2467/2893 3414/2466/2892
f 3404/2456/2883 3416/2468/2894 3415/2467/2893
f 3405/2458/2884 3417/2470/2896 3416/2468/2894
f 3406/2469/2895 3418/2483/2909 3417/2470/2896
f 3408/2459/2885 3420/2473/2899 3419/2471/2897
f 3409/2461/2887 3421/2474/2900 3420/2473/2899
f 3410/2462/2888 3422/2475/2901 3421/2474/2900
f 3411/2463/2889 3423/2476/2902 3422/2475/2901
f 3412/2464/2890 3424/2488/2914 3423/2476/2902
f 3425/2477/2903 3424/2488/2914 3412/2464/2890
f 3426/2478/2904 3425/2477/2903 3413/2465/2891
f 3427/2479/2905 3426/2478/2904 3414/2466/2892
f 3428/2480/2906 3427/2479/2905 3415/2467/2893
f 3429/2481/2907 3428/2480/2906 3416/2468/2894
f 3430/2482/2908 3429/2481/2907 3417/2470/2896
f 3420/2473/2899 3432/2485/2911 3431/2484/2910
f 3421/2474/2900 3433/2486/2912 3432/2485/2911
f 3422/2475/2901 3434/2487/2913 3433/2486/2912
f 3423/2476/2902 3435/2489/2915 3434/2487/2913
f 3424/2488/2914 3436/2500/2926 3435/2489/2915
f 3437/2490/2916 3436/2500/2926 3424/2488/2914
f 3438/2491/2917 3437/2490/2916 3425/2477/2903
f 3439/2492/2918 3438/2491/2917 3426/2478/2904
f 3440/2493/2919 3439/2492/2918 3427/2479/2905
f 3441/2494/2920 3440/2493/2919 3428/2480/2906
f 3442/2495/2921 3441/2494/2920 3429/2481/2907
f 3432/2485/2911 3444/2497/2923 3443/2496/2922
f 3433/2486/2912 3445/2498/2924 3444/2497/2923
f 3434/2487/2913 3446/2499/2925 3445/2498/2924
f 3435/2489/2915 3447/2501/2927 3446/2499/2925
f 3436/2500/2926 3448/2512/2938 3447/2501/2927
f 3449/2502/2928 3448/2512/2938 3436/2500/2926
f 3450/2503/2929 3449/2502/2928 3437/2490/2916
f 3451/2504/2930 3450/2503/2929 3438/2491/2917
f 3452/2505/2931 3451/2504/2930 3439/2492/2918
f 3453/2506/2932 3452/2505/2931 3440/2493/2919
f 3454/2507/2933 3453/2506/2932 3441/2494/2920
f 3444/2497/2923 3456/2509/2935 3455/2508/2934
f 3445/2498/2924 3457/2510/2936 3456/2509/2935
f 3446/2499/2925 3458/2511/2937 3457/2510/2936
f 3447/2501/2927 3459/2513/2939 3458/2511/2937
f 3448/2512/2938 3460/2520/2950 3459/2513/2939
f 3461/2514/2940 3460/2520/2950 3448/2512/2938
f 3462/2515/2941 3461/2514/2940 3449/2502/2928
f 3463/2516/2942 3462/2515/2941 3450/2503/2929
f 3464/2517/2943 3463/2516/2942 3451/2504/2930
f 3465/2518/2944 3464/2517/2943 3452/2505/2931
f 3466/2519/2945 3465/2518/2944 3453/2506/2932
f 3456/2509/2935 3468/1981/2947 3467/176/2946
f 3457/2510/2936 3469/1982/2948 3468/1981/2947
f 3458/2511/2937 3470/1983/2949 3469/1982/2948
f 3459/2513/2939 3471/1985/2951 3470/1983/2949
f 3460/2520/2950 3472/1996/2962 3471/1985/2951
f 3473/1986/2952 3472/1996/2962 3460/2520/2950
f 3474/1987/2953 3473/1986/2952 3461/2514/2940
f 3475/1988/2954 3474/1987/2953 3462/2515/2941
f 3476/1989/2955 3475/1988/2954 3463/2516/2942
f 3477/1990/2956 3476/1989/2955 3464/2517/2943
f 3478/1991/2957 3477/1990/2956 3465/2518/2944
f 3468/1981/2947 3480/2522/2959 3479/2521/2958
f 3469/1982/2948 3481/2523/2960 3480/2522/2959
f 3470/1983/2949 3482/2524/2961 3481/2523/2960
f 3471/1985/2951 3483/2525/2963 3482/2524/2961
f 3472/1996/2962 3484/2536/2974 3483/2525/2963
f 3485/2526/2964 3484/2536/2974 3472/1996/2962
f 3486/2527/2965 3485/2526/2964 3473/1986/2952
f 3487/2528/2966 3486/2527/2965 3474/1987/2953
f 3488/2529/2967 3487/2528/2966 3475/1988/2954
f 3489/2530/2968 3488/2529/2967 3476/1989/2955
f 3490/2531/2969 3489/2530/2968 3477/1990/2956
f 3480/2522/2959 3492/2533/2971 3491/2532/2970
f 3481/2523/2960 3493/2534/2972 3492/2533/2971
f 3482/2524/2961 3494/2535/2973 3493/2534/2972
f 3483/2525/2963 3495/2537/2975 3494/2535/2973
f 3484/2536/2974 3496/2548/2986 3495/2537/2975
f 3497/2538/2976 3496/2548/2986 3484/2536/2974
f 3498/2539/2977 3497/2538/2976 3485/2526/2964
f 3499/2540/2978 3498/2539/2977 3486/2527/2965
f 3500/2541/2979 3499/2540/2978 3487/2528/2966
f 3501/2542/2980 3500/2541/2979 3488/2529/2967
f 3502/2543/2981 3501/2542/2980 3489/2530/2968
f 3492/2533/2971 3504/2545/2983 3503/2544/2982
f 3493/2534/2972 3505/2546/2984 3504/2545/2983
f 3494/2535/2973 3506/2547/2985 3505/2546/2984
f 3495/2537/2975 3507/2549/2987 3506/2547/2985
f 3496/2548/2986 3508/2560/2998 3507/2549/2987
f 3509/2550/2988 3508/2560/2998 3496/2548/2986
f 3510/2551/2989 3509/2550/2988 3497/2538/2976
f 3511/2552/2990 3510/2551/2989 3498/2539/2977
f 3512/2553/2991 3511/2552/2990 3499/2540/2978
f 3513/2554/2992 3512/2553/2991 3500/2541/2979
f 3514/2555/2993 3513/2554/2992 3501/2542/2980
f 3504/2545/2983 3516/2557/2995 3515/2556/2994
f 3505/2546/2984 3517/2558/2996 3516/2557/2995
f 3506/2547/2985 3518/2559/2997 3517/2558/2996
f 3507/2549/2987 3519/2561/2999 3518/2559/2997
f 3508/2560/2998 3520/2572/3010 3519/2561/2999
f 3521/2562/3000 3520/2572/3010 3508/2560/2998
f 3522/2563/3001 3521/2562/3000 3509/2550/2988
f 3523/2564/3002 3522/2563/3001 3510/2551/2989
f 3524/2565/3003 3523/2564/3002 3511/2552/2990
f 3525/2566/3004 3524/2565/3003 3512/2553/2991
f 3526/2567/3005 3525/2566/3004 3513/2554/2992
f 3516/2557/2995 3528/2569/3007 3527/2568/3006
f 3517/2558/2996 3529/2570/3008 3528/2569/3007
f 3518/2559/2997 3530/2571/3009 3529/2570/3008
f 3519/2561/2999 3531/2573/3011 3530/2571/3009
f 3520/2572/3010 3532/2584/3022 3531/2573/3011
f 3533/2574/3012 3532/2584/3022 3520/2572/3010
f 3534/2575/3013 3533/2574/3012 3521/2562/3000
f 3535/2576/3014 3534/2575/3013 3522/2563/3001
f 3536/2577/3015 3535/2576/3014 3523/2564/3002
f 3537/2578/3016 3536/2577/3015 3524/2565/3003
f 3538/2579/3017 3537/2578/3016 3525/2566/3004
f 3528/2569/3007 3540/2581/3019 3539/2580/3018
f 3529/2570/3008 3541/2582/3020 3540/2581/3019
f 3530/2571/3009 3542/2583/3021 3541/2582/3020
f 3531/2573/3011 3543/2585/3023 3542/2583/3021
f 3532/2584/3022 3544/2596/3034 3543/2585/3023
f 3545/2586/3024 3544/2596/3034 3532/2584/3022
f 3546/2587/3025 3545/2586/3024 3533/2574/3012
f 3547/2588/3026 3546/2587/3025 3534/2575/3013
f 3548/2589/3027 3547/2588/3026 3535/2576/3014
f 3549/2590/3028 3548/2589/3027 3536/2577/3015
f 3550/2591/3029 3549/2590/3028 3537/2578/3016
f 3540/2581/3019 3552/2593/3031 3551/2592/3030
f 3541/2582/3020 3553/2594/3032 3552/2593/3031
f 3542/2583/3021 3554/2595/3033 3553/2594/3032
f 3543/2585/3023 3555/2597/3035 3554/2595/3033
f 3544/2596/3034 3556/2608/3046 3555/2597/3035
f 3557/2598/3036 3556/2608/3046 3544/2596/3034
f 3558/2599/3037 3557/2598/3036 3545/2586/3024
f 3559/2600/3038 3558/2599/3037 3546/2587/3025
f 3560/2601/3039 3559/2600/3038 3547/2588/3026
f 3561/2602/3040 3560/2601/3039 3548/2589/3027
f 3562/2603/3041 3561/2602/3040 3549/2590/3028
f 3564/2604/3042 3563/2615/3053 3551/2592/3030
f 3565/2605/3043 3564/2604/3042 3552/2593/3031
f 3566/2606/3044 3565/2605/3043 3553/2594/3032
f 3555/2597/3035 3567/2619/3057 3566/2606/3044
f 3568/2607/3045 3567/2619/3057 3555/2597/3035
f 3569/2609/3047 3568/2607/3045 3556/2608/3046
f 3558/2599/3037 3570/2623/3061 3569/2609/3047
f 3571/2610/3048 3570/2623/3061 3558/2599/3037
f 3572/2611/3049 3571/2610/3048 3559/2600/3038
f 3573/2612/3050 3572/2611/3049 3560/2601/3039
f 3574/2613/3051 3573/2612/3050 3561/2602/3040
f 3576/2614/3052 3575/2629/3067 3563/2615/3053
f 3577/2616/3054 3576/2614/3052 3564/2604/3042
f 3578/2617/3055 3577/2616/3054 3565/2605/3043
f 3579/2618/3056 3578/2617/3055 3566/2606/3044
f 3580/2620/3058 3579/2618/3056 3567/2619/3057
f 3581/2621/3059 3580/2620/3058 3568/2607/3045
f 3582/2622/3060 3581/2621/3059 3569/2609/3047
f 3583/2624/3062 3582/2622/3060 3570/2623/3061
f 3584/2625/3063 3583/2624/3062 3571/2610/3048
f 3585/2626/3064 3584/2625/3063 3572/2611/3049
f 3586/2627/3065 3585/2626/3064 3573/2612/3050
f 3588/2628/3066 3587/2640/2423 3575/2629/3067
f 3589/2630/3068 3588/2628/3066 3576/2614/3052
f 3590/2631/3069 3589/2630/3068 3577/2616/3054
f 3591/2632/3070 3590/2631/3069 3578/2617/3055
f 3592/2633/3071 3591/2632/3070 3579/2618/3056
f 3593/2634/3072 3592/2633/3071 3580/2620/3058
f 3594/2635/3073 3593/2634/3072 3581/2621/3059
f 3595/2636/3074 3594/2635/3073 3582/2622/3060
f 3596/2637/3075 3595/2636/3074 3583/2624/3062
f 3597/2638/3076 3596/2637/3075 3584/2625/3063
f 3598/2639/3077 3597/2638/3076 3585/2626/3064
f 2940/815/2421 2939/13/2423 3587/2640/2423
f 2941/816/2425 2940/815/2421 3588/2628/3066
f 2942/817/2427 2941/816/2425 3589/2630/3068
f 2943/818/2429 2942/817/2427 3590/2631/3069
f 2944/826/2431 2943/818/2429 3591/2632/3070
f 2945/819/2433 2944/826/2431 3592/2633/3071
f 3594/2635/3073 2946/820/2434 2945/819/2433
f 3595/2636/3074 2947/821/2435 2946/820/2434
f 3596/2637/3075 2948/822/2437 2947/821/2435
f 3597/2638/3076 2949/823/2439 2948/822/2437
f 3598/2639/3077 2950/824/2441 2949/823/2439
