# Blender 4.1.1
# www.blender.org
mtllib TitleText2.mtl
o テキスト.001
v -2.495059 -0.045176 -0.070000
v -2.495059 0.085215 -0.070000
v -2.604941 0.085215 -0.070000
v -2.604941 -0.045176 -0.070000
v -2.495444 0.804941 -0.070000
v -2.604556 0.804941 -0.070000
v -2.581387 0.193105 -0.070000
v -2.518613 0.193105 -0.070000
v -1.383964 -0.017352 -0.070000
v -1.296372 -0.029694 -0.070000
v -1.293806 -0.008929 -0.070000
v -1.290330 0.022353 -0.070000
v -1.287185 0.054120 -0.070000
v -1.284370 0.086371 -0.070000
v -1.281886 0.119106 -0.070000
v -1.279733 0.152327 -0.070000
v -1.277911 0.186031 -0.070000
v -1.276421 0.220220 -0.070000
v -1.275261 0.254893 -0.070000
v -1.274432 0.290050 -0.070000
v -1.273935 0.325692 -0.070000
v -1.273770 0.361815 -0.070000
v -1.273959 0.400306 -0.070000
v -1.274527 0.438658 -0.070000
v -1.275474 0.476875 -0.070000
v -1.276800 0.514955 -0.070000
v -1.278504 0.552899 -0.070000
v -1.280587 0.590707 -0.070000
v -1.283049 0.628379 -0.070000
v -1.285890 0.665915 -0.070000
v -1.289109 0.703314 -0.070000
v -1.292707 0.740578 -0.070000
v -1.296683 0.777705 -0.070000
v -1.299905 0.805065 -0.070000
v -1.386064 0.797124 -0.070000
v -1.383065 0.768656 -0.070000
v -1.379355 0.730374 -0.070000
v -1.375997 0.692397 -0.070000
v -1.372993 0.654723 -0.070000
v -1.370341 0.617352 -0.070000
v -1.368044 0.580285 -0.070000
v -1.366099 0.543522 -0.070000
v -1.364508 0.507062 -0.070000
v -1.363271 0.470906 -0.070000
v -1.362387 0.435053 -0.070000
v -1.361856 0.399504 -0.070000
v -1.361680 0.364260 -0.070000
v -1.361843 0.328856 -0.070000
v -1.362332 0.293960 -0.070000
v -1.363149 0.259570 -0.070000
v -1.364291 0.225686 -0.070000
v -1.365761 0.192307 -0.070000
v -1.367557 0.159434 -0.070000
v -1.369680 0.127066 -0.070000
v -1.372130 0.095204 -0.070000
v -1.374907 0.063847 -0.070000
v -1.378012 0.032995 -0.070000
v -1.381444 0.002648 -0.070000
v -1.817227 0.598887 -0.070000
v -1.817227 0.820078 -0.070000
v -1.906113 0.820078 -0.070000
v -1.906113 0.598887 -0.070000
v -2.093125 0.598887 -0.070000
v -2.093125 0.519766 -0.070000
v -1.906113 0.519766 -0.070000
v -1.906113 0.429706 -0.070000
v -1.906015 0.402990 -0.070000
v -1.905721 0.377601 -0.070000
v -1.905231 0.353524 -0.070000
v -1.904546 0.330759 -0.070000
v -1.903666 0.309309 -0.070000
v -1.902591 0.289177 -0.070000
v -1.901323 0.270365 -0.070000
v -1.899862 0.252878 -0.070000
v -1.898211 0.236720 -0.070000
v -1.896372 0.221899 -0.070000
v -1.894348 0.208424 -0.070000
v -1.892167 0.196415 -0.070000
v -1.885218 0.167904 -0.070000
v -1.876015 0.140799 -0.070000
v -1.864529 0.114957 -0.070000
v -1.850755 0.090356 -0.070000
v -1.834680 0.066978 -0.070000
v -1.816287 0.044805 -0.070000
v -1.795559 0.023830 -0.070000
v -1.772478 0.004049 -0.070000
v -1.747026 -0.014538 -0.070000
v -1.719192 -0.031923 -0.070000
v -1.688966 -0.048099 -0.070000
v -1.663252 -0.059890 -0.070000
v -1.609927 0.008051 -0.070000
v -1.619627 0.012656 -0.070000
v -1.639658 0.023138 -0.070000
v -1.658555 0.034057 -0.070000
v -1.676317 0.045417 -0.070000
v -1.692942 0.057224 -0.070000
v -1.708427 0.069480 -0.070000
v -1.722767 0.082191 -0.070000
v -1.735956 0.095359 -0.070000
v -1.747987 0.108987 -0.070000
v -1.758852 0.123074 -0.070000
v -1.768541 0.137618 -0.070000
v -1.777033 0.152595 -0.070000
v -1.782007 0.162977 -0.070000
v -1.786593 0.173776 -0.070000
v -1.790840 0.185085 -0.070000
v -1.794752 0.196904 -0.070000
v -1.798331 0.209231 -0.070000
v -1.801580 0.222068 -0.070000
v -1.804502 0.235416 -0.070000
v -1.807099 0.249274 -0.070000
v -1.809373 0.263643 -0.070000
v -1.811326 0.278526 -0.070000
v -1.812958 0.293922 -0.070000
v -1.814272 0.309833 -0.070000
v -1.814749 0.317711 -0.070000
v -1.815180 0.325839 -0.070000
v -1.815569 0.334288 -0.070000
v -1.815918 0.343057 -0.070000
v -1.816225 0.352148 -0.070000
v -1.816491 0.361560 -0.070000
v -1.816716 0.371294 -0.070000
v -1.816900 0.381350 -0.070000
v -1.817043 0.391729 -0.070000
v -1.817145 0.402431 -0.070000
v -1.817206 0.413456 -0.070000
v -1.817227 0.424796 -0.070000
v -1.817227 0.519766 -0.070000
v -1.493008 0.519766 -0.070000
v -1.493008 0.598887 -0.070000
v -0.036367 0.664805 -0.070000
v -0.160391 0.664805 -0.070000
v -0.160391 0.844980 -0.070000
v -0.244395 0.844980 -0.070000
v -0.244395 0.664805 -0.070000
v -0.328359 0.664805 -0.070000
v -0.328359 0.715098 -0.070000
v -0.477285 0.715098 -0.070000
v -0.477285 0.844980 -0.070000
v -0.554453 0.844980 -0.070000
v -0.554453 0.715098 -0.070000
v -0.717031 0.715098 -0.070000
v -0.717031 0.844980 -0.070000
v -0.796152 0.844980 -0.070000
v -0.796152 0.715098 -0.070000
v -0.968027 0.715098 -0.070000
v -0.968027 0.644277 -0.070000
v -0.796152 0.644277 -0.070000
v -0.796152 0.530020 -0.070000
v -0.717031 0.530020 -0.070000
v -0.717031 0.644277 -0.070000
v -0.554453 0.644277 -0.070000
v -0.554453 0.530020 -0.070000
v -0.477285 0.530020 -0.070000
v -0.477285 0.644277 -0.070000
v -0.323008 0.644277 -0.070000
v -0.323008 0.587637 -0.070000
v -0.244395 0.587637 -0.070000
v -0.244395 0.413685 -0.070000
v -0.264136 0.421245 -0.070000
v -0.270252 0.423603 -0.070000
v -0.276307 0.425955 -0.070000
v -0.282301 0.428300 -0.070000
v -0.288235 0.430639 -0.070000
v -0.294108 0.432972 -0.070000
v -0.299921 0.435297 -0.070000
v -0.305673 0.437616 -0.070000
v -0.311364 0.439929 -0.070000
v -0.316995 0.442235 -0.070000
v -0.322565 0.444535 -0.070000
v -0.315854 0.441741 -0.070000
v -0.324663 0.367823 -0.070000
v -0.324825 0.367899 -0.070000
v -0.318463 0.364965 -0.070000
v -0.312122 0.362073 -0.070000
v -0.305802 0.359221 -0.070000
v -0.299502 0.356410 -0.070000
v -0.293224 0.353640 -0.070000
v -0.286966 0.350910 -0.070000
v -0.280729 0.348221 -0.070000
v -0.274513 0.345573 -0.070000
v -0.268317 0.342966 -0.070000
v -0.262143 0.340399 -0.070000
v -0.255796 0.337794 -0.070000
v -0.244395 0.332611 -0.070000
v -0.244395 -0.006739 -0.070000
v -0.244238 -0.014831 -0.070000
v -0.243777 -0.022333 -0.070000
v -0.243016 -0.029330 -0.070000
v -0.241966 -0.035819 -0.070000
v -0.240635 -0.041797 -0.070000
v -0.239039 -0.047261 -0.070000
v -0.237191 -0.052216 -0.070000
v -0.235108 -0.056667 -0.070000
v -0.232805 -0.060632 -0.070000
v -0.230294 -0.064132 -0.070000
v -0.227576 -0.067198 -0.070000
v -0.224618 -0.069885 -0.070000
v -0.221785 -0.071965 -0.070000
v -0.218515 -0.073945 -0.070000
v -0.214823 -0.075790 -0.070000
v -0.210699 -0.077484 -0.070000
v -0.206138 -0.079013 -0.070000
v -0.201139 -0.080365 -0.070000
v -0.195704 -0.081527 -0.070000
v -0.189835 -0.082491 -0.070000
v -0.183537 -0.083249 -0.070000
v -0.176813 -0.083796 -0.070000
v -0.169668 -0.084126 -0.070000
v -0.162068 -0.084238 -0.070000
v -0.153256 -0.084181 -0.070000
v -0.144508 -0.084011 -0.070000
v -0.135864 -0.083727 -0.070000
v -0.127325 -0.083330 -0.070000
v -0.118890 -0.082820 -0.070000
v -0.110560 -0.082196 -0.070000
v -0.102335 -0.081460 -0.070000
v -0.094215 -0.080611 -0.070000
v -0.086199 -0.079650 -0.070000
v -0.078288 -0.078575 -0.070000
v -0.070481 -0.077389 -0.070000
v -0.069477 -0.077220 -0.070000
v -0.052601 0.006374 -0.070000
v -0.057861 0.005700 -0.070000
v -0.065871 0.004755 -0.070000
v -0.073456 0.003895 -0.070000
v -0.080646 0.003117 -0.070000
v -0.087443 0.002419 -0.070000
v -0.093848 0.001802 -0.070000
v -0.099861 0.001266 -0.070000
v -0.105487 0.000812 -0.070000
v -0.110727 0.000438 -0.070000
v -0.115585 0.000146 -0.070000
v -0.120067 -0.000064 -0.070000
v -0.124181 -0.000192 -0.070000
v -0.128001 -0.000236 -0.070000
v -0.131228 -0.000152 -0.070000
v -0.134405 0.000112 -0.070000
v -0.137477 0.000573 -0.070000
v -0.140452 0.001252 -0.070000
v -0.143328 0.002177 -0.070000
v -0.146094 0.003378 -0.070000
v -0.148724 0.004886 -0.070000
v -0.151169 0.006720 -0.070000
v -0.153369 0.008877 -0.070000
v -0.155257 0.011324 -0.070000
v -0.156787 0.014001 -0.070000
v -0.157763 0.016406 -0.070000
v -0.158215 0.017628 -0.070000
v -0.158640 0.018979 -0.070000
v -0.159006 0.020351 -0.070000
v -0.159319 0.021749 -0.070000
v -0.159586 0.023174 -0.070000
v -0.159809 0.024631 -0.070000
v -0.159993 0.026122 -0.070000
v -0.160140 0.027650 -0.070000
v -0.160251 0.029217 -0.070000
v -0.160330 0.030826 -0.070000
v -0.160376 0.032479 -0.070000
v -0.160391 0.034135 -0.070000
v -0.160391 0.301485 -0.070000
v -0.136919 0.293638 -0.070000
v -0.126837 0.290301 -0.070000
v -0.116959 0.287066 -0.070000
v -0.107286 0.283933 -0.070000
v -0.097819 0.280902 -0.070000
v -0.088556 0.277973 -0.070000
v -0.079498 0.275146 -0.070000
v -0.070646 0.272422 -0.070000
v -0.061999 0.269799 -0.070000
v -0.053557 0.267279 -0.070000
v -0.045322 0.264861 -0.070000
v -0.046882 0.265311 -0.070000
v -0.023698 0.345864 -0.070000
v -0.024519 0.346071 -0.070000
v -0.035523 0.348912 -0.070000
v -0.046668 0.351847 -0.070000
v -0.057954 0.354877 -0.070000
v -0.069381 0.358002 -0.070000
v -0.080950 0.361222 -0.070000
v -0.092659 0.364536 -0.070000
v -0.104510 0.367945 -0.070000
v -0.116502 0.371450 -0.070000
v -0.128636 0.375048 -0.070000
v -0.140911 0.378742 -0.070000
v -0.160391 0.384686 -0.070000
v -0.160391 0.587637 -0.070000
v -0.036367 0.587637 -0.070000
v -0.368398 0.476816 -0.070000
v -0.921152 0.476816 -0.070000
v -0.921152 -0.085215 -0.070000
v -0.841055 -0.085215 -0.070000
v -0.841055 -0.027109 -0.070000
v -0.447520 -0.027109 -0.070000
v -0.447520 -0.085215 -0.070000
v -0.368398 -0.085215 -0.070000
v -0.604238 0.409902 -0.070000
v -0.447520 0.409902 -0.070000
v -0.447520 0.261973 -0.070000
v -0.604238 0.261973 -0.070000
v -0.604238 0.198965 -0.070000
v -0.447520 0.198965 -0.070000
v -0.447520 0.041758 -0.070000
v -0.604238 0.041758 -0.070000
v -0.679453 0.041758 -0.070000
v -0.841055 0.041758 -0.070000
v -0.841055 0.198965 -0.070000
v -0.679453 0.198965 -0.070000
v -0.679453 0.261973 -0.070000
v -0.841055 0.261973 -0.070000
v -0.841055 0.409902 -0.070000
v -0.679453 0.409902 -0.070000
v -2.495059 -0.045176 0.070000
v -2.495059 0.085215 0.070000
v -2.604941 0.085215 0.070000
v -2.604941 -0.045176 0.070000
v -2.495444 0.804941 0.070000
v -2.604556 0.804941 0.070000
v -2.581387 0.193105 0.070000
v -2.518613 0.193105 0.070000
v -1.383964 -0.017352 0.070000
v -1.296372 -0.029694 0.070000
v -1.293806 -0.008929 0.070000
v -1.290330 0.022353 0.070000
v -1.287185 0.054120 0.070000
v -1.284370 0.086371 0.070000
v -1.281886 0.119106 0.070000
v -1.279733 0.152327 0.070000
v -1.277911 0.186031 0.070000
v -1.276421 0.220220 0.070000
v -1.275261 0.254893 0.070000
v -1.274432 0.290050 0.070000
v -1.273935 0.325692 0.070000
v -1.273770 0.361815 0.070000
v -1.273959 0.400306 0.070000
v -1.274527 0.438658 0.070000
v -1.275474 0.476875 0.070000
v -1.276800 0.514955 0.070000
v -1.278504 0.552899 0.070000
v -1.280587 0.590707 0.070000
v -1.283049 0.628379 0.070000
v -1.285890 0.665915 0.070000
v -1.289109 0.703314 0.070000
v -1.292707 0.740578 0.070000
v -1.296683 0.777705 0.070000
v -1.299905 0.805065 0.070000
v -1.386064 0.797124 0.070000
v -1.383065 0.768656 0.070000
v -1.379355 0.730374 0.070000
v -1.375997 0.692397 0.070000
v -1.372993 0.654723 0.070000
v -1.370341 0.617352 0.070000
v -1.368044 0.580285 0.070000
v -1.366099 0.543522 0.070000
v -1.364508 0.507062 0.070000
v -1.363271 0.470906 0.070000
v -1.362387 0.435053 0.070000
v -1.361856 0.399504 0.070000
v -1.361680 0.364260 0.070000
v -1.361843 0.328856 0.070000
v -1.362332 0.293960 0.070000
v -1.363149 0.259570 0.070000
v -1.364291 0.225686 0.070000
v -1.365761 0.192307 0.070000
v -1.367557 0.159434 0.070000
v -1.369680 0.127066 0.070000
v -1.372130 0.095204 0.070000
v -1.374907 0.063847 0.070000
v -1.378012 0.032995 0.070000
v -1.381444 0.002648 0.070000
v -1.817227 0.598887 0.070000
v -1.817227 0.820078 0.070000
v -1.906113 0.820078 0.070000
v -1.906113 0.598887 0.070000
v -2.093125 0.598887 0.070000
v -2.093125 0.519766 0.070000
v -1.906113 0.519766 0.070000
v -1.906113 0.429706 0.070000
v -1.906015 0.402990 0.070000
v -1.905721 0.377601 0.070000
v -1.905231 0.353524 0.070000
v -1.904546 0.330759 0.070000
v -1.903666 0.309309 0.070000
v -1.902591 0.289177 0.070000
v -1.901323 0.270365 0.070000
v -1.899862 0.252878 0.070000
v -1.898211 0.236720 0.070000
v -1.896372 0.221899 0.070000
v -1.894348 0.208424 0.070000
v -1.892167 0.196415 0.070000
v -1.885218 0.167904 0.070000
v -1.876015 0.140799 0.070000
v -1.864529 0.114957 0.070000
v -1.850755 0.090356 0.070000
v -1.834680 0.066978 0.070000
v -1.816287 0.044805 0.070000
v -1.795559 0.023830 0.070000
v -1.772478 0.004049 0.070000
v -1.747026 -0.014538 0.070000
v -1.719192 -0.031923 0.070000
v -1.688966 -0.048099 0.070000
v -1.663252 -0.059890 0.070000
v -1.609927 0.008051 0.070000
v -1.619627 0.012656 0.070000
v -1.639658 0.023138 0.070000
v -1.658555 0.034057 0.070000
v -1.676317 0.045417 0.070000
v -1.692942 0.057224 0.070000
v -1.708427 0.069480 0.070000
v -1.722767 0.082191 0.070000
v -1.735956 0.095359 0.070000
v -1.747987 0.108987 0.070000
v -1.758852 0.123074 0.070000
v -1.768541 0.137618 0.070000
v -1.777033 0.152595 0.070000
v -1.782007 0.162977 0.070000
v -1.786593 0.173776 0.070000
v -1.790840 0.185085 0.070000
v -1.794752 0.196904 0.070000
v -1.798331 0.209231 0.070000
v -1.801580 0.222068 0.070000
v -1.804502 0.235416 0.070000
v -1.807099 0.249274 0.070000
v -1.809373 0.263643 0.070000
v -1.811326 0.278526 0.070000
v -1.812958 0.293922 0.070000
v -1.814272 0.309833 0.070000
v -1.814749 0.317711 0.070000
v -1.815180 0.325839 0.070000
v -1.815569 0.334288 0.070000
v -1.815918 0.343057 0.070000
v -1.816225 0.352148 0.070000
v -1.816491 0.361560 0.070000
v -1.816716 0.371294 0.070000
v -1.816900 0.381350 0.070000
v -1.817043 0.391729 0.070000
v -1.817145 0.402431 0.070000
v -1.817206 0.413456 0.070000
v -1.817227 0.424796 0.070000
v -1.817227 0.519766 0.070000
v -1.493008 0.519766 0.070000
v -1.493008 0.598887 0.070000
v -0.036367 0.664805 0.070000
v -0.160391 0.664805 0.070000
v -0.160391 0.844980 0.070000
v -0.244395 0.844980 0.070000
v -0.244395 0.664805 0.070000
v -0.328359 0.664805 0.070000
v -0.328359 0.715098 0.070000
v -0.477285 0.715098 0.070000
v -0.477285 0.844980 0.070000
v -0.554453 0.844980 0.070000
v -0.554453 0.715098 0.070000
v -0.717031 0.715098 0.070000
v -0.717031 0.844980 0.070000
v -0.796152 0.844980 0.070000
v -0.796152 0.715098 0.070000
v -0.968027 0.715098 0.070000
v -0.968027 0.644277 0.070000
v -0.796152 0.644277 0.070000
v -0.796152 0.530020 0.070000
v -0.717031 0.530020 0.070000
v -0.717031 0.644277 0.070000
v -0.554453 0.644277 0.070000
v -0.554453 0.530020 0.070000
v -0.477285 0.530020 0.070000
v -0.477285 0.644277 0.070000
v -0.323008 0.644277 0.070000
v -0.323008 0.587637 0.070000
v -0.244395 0.587637 0.070000
v -0.244395 0.413685 0.070000
v -0.264136 0.421245 0.070000
v -0.270252 0.423603 0.070000
v -0.276307 0.425955 0.070000
v -0.282301 0.428300 0.070000
v -0.288235 0.430639 0.070000
v -0.294108 0.432972 0.070000
v -0.299921 0.435297 0.070000
v -0.305673 0.437616 0.070000
v -0.311364 0.439929 0.070000
v -0.316995 0.442235 0.070000
v -0.322565 0.444535 0.070000
v -0.315854 0.441741 0.070000
v -0.324663 0.367823 0.070000
v -0.324825 0.367899 0.070000
v -0.318463 0.364965 0.070000
v -0.312122 0.362073 0.070000
v -0.305802 0.359221 0.070000
v -0.299502 0.356410 0.070000
v -0.293224 0.353640 0.070000
v -0.286966 0.350910 0.070000
v -0.280729 0.348221 0.070000
v -0.274513 0.345573 0.070000
v -0.268317 0.342966 0.070000
v -0.262143 0.340399 0.070000
v -0.255796 0.337794 0.070000
v -0.244395 0.332611 0.070000
v -0.244395 -0.006739 0.070000
v -0.244238 -0.014831 0.070000
v -0.243777 -0.022333 0.070000
v -0.243016 -0.029330 0.070000
v -0.241966 -0.035819 0.070000
v -0.240635 -0.041797 0.070000
v -0.239039 -0.047261 0.070000
v -0.237191 -0.052216 0.070000
v -0.235108 -0.056667 0.070000
v -0.232805 -0.060632 0.070000
v -0.230294 -0.064132 0.070000
v -0.227576 -0.067198 0.070000
v -0.224618 -0.069885 0.070000
v -0.221785 -0.071965 0.070000
v -0.218515 -0.073945 0.070000
v -0.214823 -0.075790 0.070000
v -0.210699 -0.077484 0.070000
v -0.206138 -0.079013 0.070000
v -0.201139 -0.080365 0.070000
v -0.195704 -0.081527 0.070000
v -0.189835 -0.082491 0.070000
v -0.183537 -0.083249 0.070000
v -0.176813 -0.083796 0.070000
v -0.169668 -0.084126 0.070000
v -0.162068 -0.084238 0.070000
v -0.153256 -0.084181 0.070000
v -0.144508 -0.084011 0.070000
v -0.135864 -0.083727 0.070000
v -0.127325 -0.083330 0.070000
v -0.118890 -0.082820 0.070000
v -0.110560 -0.082196 0.070000
v -0.102335 -0.081460 0.070000
v -0.094215 -0.080611 0.070000
v -0.086199 -0.079650 0.070000
v -0.078288 -0.078575 0.070000
v -0.070481 -0.077389 0.070000
v -0.069477 -0.077220 0.070000
v -0.052601 0.006374 0.070000
v -0.057861 0.005700 0.070000
v -0.065871 0.004755 0.070000
v -0.073456 0.003895 0.070000
v -0.080646 0.003117 0.070000
v -0.087443 0.002419 0.070000
v -0.093848 0.001802 0.070000
v -0.099861 0.001266 0.070000
v -0.105487 0.000812 0.070000
v -0.110727 0.000438 0.070000
v -0.115585 0.000146 0.070000
v -0.120067 -0.000064 0.070000
v -0.124181 -0.000192 0.070000
v -0.128001 -0.000236 0.070000
v -0.131228 -0.000152 0.070000
v -0.134405 0.000112 0.070000
v -0.137477 0.000573 0.070000
v -0.140452 0.001252 0.070000
v -0.143328 0.002177 0.070000
v -0.146094 0.003378 0.070000
v -0.148724 0.004886 0.070000
v -0.151169 0.006720 0.070000
v -0.153369 0.008877 0.070000
v -0.155257 0.011324 0.070000
v -0.156787 0.014001 0.070000
v -0.157763 0.016406 0.070000
v -0.158215 0.017628 0.070000
v -0.158640 0.018979 0.070000
v -0.159006 0.020351 0.070000
v -0.159319 0.021749 0.070000
v -0.159586 0.023174 0.070000
v -0.159809 0.024631 0.070000
v -0.159993 0.026122 0.070000
v -0.160140 0.027650 0.070000
v -0.160251 0.029217 0.070000
v -0.160330 0.030826 0.070000
v -0.160376 0.032479 0.070000
v -0.160391 0.034135 0.070000
v -0.160391 0.301485 0.070000
v -0.136919 0.293638 0.070000
v -0.126837 0.290301 0.070000
v -0.116959 0.287066 0.070000
v -0.107286 0.283933 0.070000
v -0.097819 0.280902 0.070000
v -0.088556 0.277973 0.070000
v -0.079498 0.275146 0.070000
v -0.070646 0.272422 0.070000
v -0.061999 0.269799 0.070000
v -0.053557 0.267279 0.070000
v -0.045322 0.264861 0.070000
v -0.046882 0.265311 0.070000
v -0.023698 0.345864 0.070000
v -0.024519 0.346071 0.070000
v -0.035523 0.348912 0.070000
v -0.046668 0.351847 0.070000
v -0.057954 0.354877 0.070000
v -0.069381 0.358002 0.070000
v -0.080950 0.361222 0.070000
v -0.092659 0.364536 0.070000
v -0.104510 0.367945 0.070000
v -0.116502 0.371450 0.070000
v -0.128636 0.375048 0.070000
v -0.140911 0.378742 0.070000
v -0.160391 0.384686 0.070000
v -0.160391 0.587637 0.070000
v -0.036367 0.587637 0.070000
v -0.368398 0.476816 0.070000
v -0.921152 0.476816 0.070000
v -0.921152 -0.085215 0.070000
v -0.841055 -0.085215 0.070000
v -0.841055 -0.027109 0.070000
v -0.447520 -0.027109 0.070000
v -0.447520 -0.085215 0.070000
v -0.368398 -0.085215 0.070000
v -0.604238 0.409902 0.070000
v -0.447520 0.409902 0.070000
v -0.447520 0.261973 0.070000
v -0.604238 0.261973 0.070000
v -0.604238 0.198965 0.070000
v -0.447520 0.198965 0.070000
v -0.447520 0.041758 0.070000
v -0.604238 0.041758 0.070000
v -0.679453 0.041758 0.070000
v -0.841055 0.041758 0.070000
v -0.841055 0.198965 0.070000
v -0.679453 0.198965 0.070000
v -0.679453 0.261973 0.070000
v -0.841055 0.261973 0.070000
v -0.841055 0.409902 0.070000
v -0.679453 0.409902 0.070000
v -0.036367 0.664805 0.070000
v -0.027097 0.674075 0.068532
v -0.018734 0.682438 0.064270
v -0.012097 0.689075 0.057634
v -0.007835 0.693336 0.049270
v -0.006367 0.694805 0.040000
v -0.006367 0.694805 -0.040000
v -0.007835 0.693336 -0.049271
v -0.012097 0.689075 -0.057634
v -0.018734 0.682438 -0.064271
v -0.027097 0.674075 -0.068532
v -0.036367 0.664805 -0.070000
v -0.160391 0.664805 0.070000
v -0.151120 0.674075 0.068532
v -0.142757 0.682438 0.064270
v -0.136120 0.689075 0.057634
v -0.131859 0.693336 0.049270
v -0.130391 0.694805 0.040000
v -0.130391 0.694805 -0.040000
v -0.131859 0.693336 -0.049271
v -0.136120 0.689075 -0.057634
v -0.142757 0.682438 -0.064271
v -0.151120 0.674075 -0.068532
v -0.160391 0.664805 -0.070000
v -0.160391 0.844980 0.070000
v -0.151120 0.854251 0.068532
v -0.142757 0.862614 0.064270
v -0.136120 0.869251 0.057634
v -0.131859 0.873512 0.049270
v -0.130391 0.874980 0.040000
v -0.130391 0.874980 -0.040000
v -0.131859 0.873512 -0.049271
v -0.136120 0.869251 -0.057634
v -0.142757 0.862614 -0.064271
v -0.151120 0.854251 -0.068532
v -0.160391 0.844980 -0.070000
v -0.244395 0.844980 0.070000
v -0.253665 0.854251 0.068532
v -0.262028 0.862614 0.064270
v -0.268665 0.869251 0.057634
v -0.272926 0.873512 0.049270
v -0.274395 0.874980 0.040000
v -0.274395 0.874980 -0.040000
v -0.272926 0.873512 -0.049271
v -0.268665 0.869251 -0.057634
v -0.262028 0.862614 -0.064271
v -0.253665 0.854251 -0.068532
v -0.244395 0.844980 -0.070000
v -0.244395 0.664805 0.070000
v -0.253665 0.674075 0.068532
v -0.262028 0.682438 0.064270
v -0.268665 0.689075 0.057634
v -0.272926 0.693336 0.049270
v -0.274395 0.694805 0.040000
v -0.274395 0.694805 -0.040000
v -0.272926 0.693336 -0.049271
v -0.268665 0.689075 -0.057634
v -0.262028 0.682438 -0.064271
v -0.253665 0.674075 -0.068532
v -0.244395 0.664805 -0.070000
v -0.328359 0.664805 0.070000
v -0.319089 0.674075 0.068532
v -0.310726 0.682438 0.064270
v -0.304089 0.689075 0.057634
v -0.299828 0.693336 0.049270
v -0.298359 0.694805 0.040000
v -0.298359 0.694805 -0.040000
v -0.299828 0.693336 -0.049271
v -0.304089 0.689075 -0.057634
v -0.310726 0.682438 -0.064271
v -0.319089 0.674075 -0.068532
v -0.328359 0.664805 -0.070000
v -0.328359 0.715098 0.070000
v -0.319089 0.724368 0.068532
v -0.310726 0.732731 0.064270
v -0.304089 0.739368 0.057634
v -0.299828 0.743629 0.049270
v -0.298359 0.745098 0.040000
v -0.298359 0.745098 -0.040000
v -0.299828 0.743629 -0.049271
v -0.304089 0.739368 -0.057634
v -0.310726 0.732731 -0.064271
v -0.319089 0.724368 -0.068532
v -0.328359 0.715098 -0.070000
v -0.477285 0.715098 0.070000
v -0.468015 0.724368 0.068532
v -0.459652 0.732731 0.064270
v -0.453015 0.739368 0.057634
v -0.448753 0.743629 0.049270
v -0.447285 0.745098 0.040000
v -0.447285 0.745098 -0.040000
v -0.448753 0.743629 -0.049271
v -0.453015 0.739368 -0.057634
v -0.459652 0.732731 -0.064271
v -0.468015 0.724368 -0.068532
v -0.477285 0.715098 -0.070000
v -0.477285 0.844980 0.070000
v -0.468015 0.854251 0.068532
v -0.459652 0.862614 0.064270
v -0.453015 0.869251 0.057634
v -0.448753 0.873512 0.049270
v -0.447285 0.874980 0.040000
v -0.447285 0.874980 -0.040000
v -0.448753 0.873512 -0.049271
v -0.453015 0.869251 -0.057634
v -0.459652 0.862614 -0.064271
v -0.468015 0.854251 -0.068532
v -0.477285 0.844980 -0.070000
v -0.554453 0.844980 0.070000
v -0.563724 0.854251 0.068532
v -0.572087 0.862614 0.064270
v -0.578724 0.869251 0.057634
v -0.582985 0.873512 0.049270
v -0.584453 0.874980 0.040000
v -0.584453 0.874980 -0.040000
v -0.582985 0.873512 -0.049271
v -0.578724 0.869251 -0.057634
v -0.572087 0.862614 -0.064271
v -0.563724 0.854251 -0.068532
v -0.554453 0.844980 -0.070000
v -0.554453 0.715098 0.070000
v -0.563724 0.724368 0.068532
v -0.572087 0.732731 0.064270
v -0.578724 0.739368 0.057634
v -0.582985 0.743629 0.049270
v -0.584453 0.745098 0.040000
v -0.584453 0.745098 -0.040000
v -0.582985 0.743629 -0.049271
v -0.578724 0.739368 -0.057634
v -0.572087 0.732731 -0.064271
v -0.563724 0.724368 -0.068532
v -0.554453 0.715098 -0.070000
v -0.717031 0.715098 0.070000
v -0.707761 0.724368 0.068532
v -0.699398 0.732731 0.064270
v -0.692761 0.739368 0.057634
v -0.688500 0.743629 0.049270
v -0.687031 0.745098 0.040000
v -0.687031 0.745098 -0.040000
v -0.688500 0.743629 -0.049271
v -0.692761 0.739368 -0.057634
v -0.699398 0.732731 -0.064271
v -0.707761 0.724368 -0.068532
v -0.717031 0.715098 -0.070000
v -0.717031 0.844980 0.070000
v -0.707761 0.854251 0.068532
v -0.699398 0.862614 0.064270
v -0.692761 0.869251 0.057634
v -0.688500 0.873512 0.049270
v -0.687031 0.874980 0.040000
v -0.687031 0.874980 -0.040000
v -0.688500 0.873512 -0.049271
v -0.692761 0.869251 -0.057634
v -0.699398 0.862614 -0.064271
v -0.707761 0.854251 -0.068532
v -0.717031 0.844980 -0.070000
v -0.796152 0.844980 0.070000
v -0.805423 0.854251 0.068532
v -0.813786 0.862614 0.064270
v -0.820423 0.869251 0.057634
v -0.824684 0.873512 0.049270
v -0.826152 0.874980 0.040000
v -0.826152 0.874980 -0.040000
v -0.824684 0.873512 -0.049271
v -0.820423 0.869251 -0.057634
v -0.813786 0.862614 -0.064271
v -0.805423 0.854251 -0.068532
v -0.796152 0.844980 -0.070000
v -0.796152 0.715098 0.070000
v -0.805423 0.724368 0.068532
v -0.813786 0.732731 0.064270
v -0.820423 0.739368 0.057634
v -0.824684 0.743629 0.049270
v -0.826152 0.745098 0.040000
v -0.826152 0.745098 -0.040000
v -0.824684 0.743629 -0.049271
v -0.820423 0.739368 -0.057634
v -0.813786 0.732731 -0.064271
v -0.805423 0.724368 -0.068532
v -0.796152 0.715098 -0.070000
v -0.968027 0.715098 0.070000
v -0.977298 0.724368 0.068532
v -0.985661 0.732731 0.064270
v -0.992298 0.739368 0.057634
v -0.996559 0.743629 0.049270
v -0.998027 0.745098 0.040000
v -0.998027 0.745098 -0.040000
v -0.996559 0.743629 -0.049271
v -0.992298 0.739368 -0.057634
v -0.985661 0.732731 -0.064271
v -0.977298 0.724368 -0.068532
v -0.968027 0.715098 -0.070000
v -0.968027 0.644277 0.070000
v -0.977298 0.635007 0.068532
v -0.985661 0.626644 0.064270
v -0.992298 0.620007 0.057634
v -0.996559 0.615746 0.049270
v -0.998027 0.614277 0.040000
v -0.998027 0.614277 -0.040000
v -0.996559 0.615746 -0.049271
v -0.992298 0.620007 -0.057634
v -0.985661 0.626644 -0.064271
v -0.977298 0.635007 -0.068532
v -0.968027 0.644277 -0.070000
v -0.796152 0.644277 0.070000
v -0.805423 0.635007 0.068532
v -0.813786 0.626644 0.064270
v -0.820423 0.620007 0.057634
v -0.824684 0.615746 0.049270
v -0.826152 0.614277 0.040000
v -0.826152 0.614277 -0.040000
v -0.824684 0.615746 -0.049271
v -0.820423 0.620007 -0.057634
v -0.813786 0.626644 -0.064271
v -0.805423 0.635007 -0.068532
v -0.796152 0.644277 -0.070000
v -0.796152 0.530020 0.070000
v -0.805423 0.520749 0.068532
v -0.813786 0.512386 0.064270
v -0.820423 0.505749 0.057634
v -0.824684 0.501488 0.049270
v -0.826152 0.500020 0.040000
v -0.826152 0.500020 -0.040000
v -0.824684 0.501488 -0.049271
v -0.820423 0.505749 -0.057634
v -0.813786 0.512386 -0.064271
v -0.805423 0.520749 -0.068532
v -0.796152 0.530020 -0.070000
v -0.717031 0.530020 0.070000
v -0.707761 0.520749 0.068532
v -0.699398 0.512386 0.064270
v -0.692761 0.505749 0.057634
v -0.688500 0.501488 0.049270
v -0.687031 0.500020 0.040000
v -0.687031 0.500020 -0.040000
v -0.688500 0.501488 -0.049271
v -0.692761 0.505749 -0.057634
v -0.699398 0.512386 -0.064271
v -0.707761 0.520749 -0.068532
v -0.717031 0.530020 -0.070000
v -0.717031 0.644277 0.070000
v -0.707761 0.635007 0.068532
v -0.699398 0.626644 0.064270
v -0.692761 0.620007 0.057634
v -0.688500 0.615746 0.049270
v -0.687031 0.614277 0.040000
v -0.687031 0.614277 -0.040000
v -0.688500 0.615746 -0.049271
v -0.692761 0.620007 -0.057634
v -0.699398 0.626644 -0.064271
v -0.707761 0.635007 -0.068532
v -0.717031 0.644277 -0.070000
v -0.554453 0.644277 0.070000
v -0.563724 0.635007 0.068532
v -0.572087 0.626644 0.064270
v -0.578724 0.620007 0.057634
v -0.582985 0.615746 0.049270
v -0.584453 0.614277 0.040000
v -0.584453 0.614277 -0.040000
v -0.582985 0.615746 -0.049271
v -0.578724 0.620007 -0.057634
v -0.572087 0.626644 -0.064271
v -0.563724 0.635007 -0.068532
v -0.554453 0.644277 -0.070000
v -0.554453 0.530020 0.070000
v -0.563724 0.520749 0.068532
v -0.572087 0.512386 0.064270
v -0.578724 0.505749 0.057634
v -0.582985 0.501488 0.049270
v -0.584453 0.500020 0.040000
v -0.584453 0.500020 -0.040000
v -0.582985 0.501488 -0.049271
v -0.578724 0.505749 -0.057634
v -0.572087 0.512386 -0.064271
v -0.563724 0.520749 -0.068532
v -0.554453 0.530020 -0.070000
v -0.477285 0.530020 0.070000
v -0.468015 0.520749 0.068532
v -0.459652 0.512386 0.064270
v -0.453015 0.505749 0.057634
v -0.448753 0.501488 0.049270
v -0.447285 0.500020 0.040000
v -0.447285 0.500020 -0.040000
v -0.448753 0.501488 -0.049271
v -0.453015 0.505749 -0.057634
v -0.459652 0.512386 -0.064271
v -0.468015 0.520749 -0.068532
v -0.477285 0.530020 -0.070000
v -0.477285 0.644277 0.070000
v -0.468015 0.635007 0.068532
v -0.459652 0.626644 0.064270
v -0.453015 0.620007 0.057634
v -0.448753 0.615746 0.049270
v -0.447285 0.614277 0.040000
v -0.447285 0.614277 -0.040000
v -0.448753 0.615746 -0.049271
v -0.453015 0.620007 -0.057634
v -0.459652 0.626644 -0.064271
v -0.468015 0.635007 -0.068532
v -0.477285 0.644277 -0.070000
v -0.323008 0.644277 0.070000
v -0.332278 0.635007 0.068532
v -0.340641 0.626644 0.064270
v -0.347278 0.620007 0.057634
v -0.351540 0.615746 0.049270
v -0.353008 0.614277 0.040000
v -0.353008 0.614277 -0.040000
v -0.351540 0.615746 -0.049271
v -0.347278 0.620007 -0.057634
v -0.340641 0.626644 -0.064271
v -0.332278 0.635007 -0.068532
v -0.323008 0.644277 -0.070000
v -0.323008 0.587637 0.070000
v -0.332278 0.578366 0.068532
v -0.340641 0.570003 0.064270
v -0.347278 0.563366 0.057634
v -0.351540 0.559105 0.049270
v -0.353008 0.557637 0.040000
v -0.353008 0.557637 -0.040000
v -0.351540 0.559105 -0.049271
v -0.347278 0.563366 -0.057634
v -0.340641 0.570003 -0.064271
v -0.332278 0.578366 -0.068532
v -0.323008 0.587637 -0.070000
v -0.244395 0.587637 0.070000
v -0.253665 0.578366 0.068532
v -0.262028 0.570003 0.064270
v -0.268665 0.563366 0.057634
v -0.272926 0.559105 0.049270
v -0.274395 0.557637 0.040000
v -0.274395 0.557637 -0.040000
v -0.272926 0.559105 -0.049271
v -0.268665 0.563366 -0.057634
v -0.262028 0.570003 -0.064271
v -0.253665 0.578366 -0.068532
v -0.244395 0.587637 -0.070000
v -0.244395 0.413685 0.070000
v -0.253665 0.427162 0.068532
v -0.262028 0.439320 0.064270
v -0.268665 0.448968 0.057634
v -0.272926 0.455163 0.049270
v -0.274395 0.457297 0.040000
v -0.274395 0.457297 -0.040000
v -0.272926 0.455163 -0.049271
v -0.268665 0.448968 -0.057634
v -0.262028 0.439320 -0.064271
v -0.253665 0.427162 -0.068532
v -0.244395 0.413685 -0.070000
v -0.264136 0.421245 0.070000
v -0.260811 0.429898 0.068532
v -0.257811 0.437705 0.064270
v -0.255430 0.443900 0.057634
v -0.253901 0.447878 0.049270
v -0.253375 0.449248 0.040000
v -0.253375 0.449248 -0.040000
v -0.253901 0.447878 -0.049271
v -0.255430 0.443900 -0.057634
v -0.257811 0.437705 -0.064271
v -0.260811 0.429898 -0.068532
v -0.264136 0.421245 -0.070000
v -0.270252 0.423603 0.070000
v -0.266906 0.432249 0.068532
v -0.263887 0.440048 0.064270
v -0.261491 0.446238 0.057634
v -0.259953 0.450212 0.049270
v -0.259423 0.451581 0.040000
v -0.259423 0.451581 -0.040000
v -0.259953 0.450212 -0.049271
v -0.261491 0.446238 -0.057634
v -0.263887 0.440048 -0.064271
v -0.266906 0.432249 -0.068532
v -0.270252 0.423603 -0.070000
v -0.276307 0.425955 0.070000
v -0.272940 0.434593 0.068532
v -0.269902 0.442384 0.064270
v -0.267491 0.448568 0.057634
v -0.265944 0.452538 0.049270
v -0.265410 0.453906 0.040000
v -0.265410 0.453906 -0.040000
v -0.265944 0.452538 -0.049271
v -0.267491 0.448568 -0.057634
v -0.269902 0.442384 -0.064271
v -0.272940 0.434593 -0.068532
v -0.276307 0.425955 -0.070000
v -0.282301 0.428300 0.070000
v -0.278913 0.436929 0.068532
v -0.275856 0.444714 0.064270
v -0.273430 0.450892 0.057634
v -0.271872 0.454858 0.049270
v -0.271335 0.456225 0.040000
v -0.271335 0.456225 -0.040000
v -0.271872 0.454858 -0.049271
v -0.273430 0.450892 -0.057634
v -0.275856 0.444714 -0.064271
v -0.278913 0.436929 -0.068532
v -0.282301 0.428300 -0.070000
v -0.288235 0.430639 0.070000
v -0.284824 0.439260 0.068532
v -0.281748 0.447036 0.064270
v -0.279306 0.453208 0.057634
v -0.277739 0.457170 0.049270
v -0.277199 0.458535 0.040000
v -0.277199 0.458535 -0.040000
v -0.277739 0.457170 -0.049271
v -0.279306 0.453208 -0.057634
v -0.281748 0.447036 -0.064271
v -0.284824 0.439260 -0.068532
v -0.288235 0.430639 -0.070000
v -0.294108 0.432972 0.070000
v -0.290675 0.441583 0.068532
v -0.287579 0.449352 0.064270
v -0.285121 0.455517 0.057634
v -0.283543 0.459475 0.049270
v -0.283000 0.460839 0.040000
v -0.283000 0.460839 -0.040000
v -0.283543 0.459475 -0.049271
v -0.285121 0.455517 -0.057634
v -0.287579 0.449352 -0.064271
v -0.290675 0.441583 -0.068532
v -0.294108 0.432972 -0.070000
v -0.299921 0.435297 0.070000
v -0.296465 0.443900 0.068532
v -0.293348 0.451660 0.064270
v -0.290875 0.457819 0.057634
v -0.289286 0.461773 0.049270
v -0.288739 0.463136 0.040000
v -0.288739 0.463136 -0.040000
v -0.289286 0.461773 -0.049271
v -0.290875 0.457819 -0.057634
v -0.293348 0.451660 -0.064271
v -0.296465 0.443900 -0.068532
v -0.299921 0.435297 -0.070000
v -0.305673 0.437616 0.070000
v -0.302194 0.446210 0.068532
v -0.299057 0.453962 0.064270
v -0.296566 0.460114 0.057634
v -0.294968 0.464064 0.049270
v -0.294417 0.465425 0.040000
v -0.294417 0.465425 -0.040000
v -0.294968 0.464064 -0.049271
v -0.296566 0.460114 -0.057634
v -0.299057 0.453962 -0.064271
v -0.302194 0.446210 -0.068532
v -0.305673 0.437616 -0.070000
v -0.311364 0.439929 0.070000
v -0.307862 0.448513 0.068532
v -0.304703 0.456256 0.064270
v -0.302196 0.462402 0.057634
v -0.300587 0.466347 0.049270
v -0.300032 0.467707 0.040000
v -0.300032 0.467707 -0.040000
v -0.300587 0.466347 -0.049271
v -0.302196 0.462402 -0.057634
v -0.304703 0.456256 -0.064271
v -0.307862 0.448513 -0.068532
v -0.311364 0.439929 -0.070000
v -0.316995 0.442235 0.070000
v -0.313469 0.450809 0.068532
v -0.310289 0.458544 0.064270
v -0.307765 0.464682 0.057634
v -0.306144 0.468623 0.049270
v -0.305586 0.469981 0.040000
v -0.305586 0.469981 -0.040000
v -0.306144 0.468623 -0.049271
v -0.307765 0.464682 -0.057634
v -0.310289 0.458544 -0.064271
v -0.313469 0.450809 -0.068532
v -0.316995 0.442235 -0.070000
v -0.322565 0.444535 0.070000
v -0.319015 0.453099 0.068532
v -0.315813 0.460824 0.064270
v -0.313271 0.466955 0.057634
v -0.311639 0.470892 0.049270
v -0.311077 0.472248 0.040000
v -0.311077 0.472248 -0.040000
v -0.311639 0.470892 -0.049271
v -0.313271 0.466955 -0.057634
v -0.315813 0.460824 -0.064271
v -0.319015 0.453099 -0.068532
v -0.322565 0.444535 -0.070000
v -0.315854 0.441741 0.070000
v -0.323609 0.455011 0.068532
v -0.330604 0.466981 0.064270
v -0.336156 0.476480 0.057634
v -0.339721 0.482580 0.049270
v -0.340949 0.484681 0.040000
v -0.340949 0.484681 -0.040000
v -0.339721 0.482580 -0.049271
v -0.336156 0.476480 -0.057634
v -0.330604 0.466981 -0.064271
v -0.323609 0.455011 -0.068532
v -0.315854 0.441741 -0.070000
v -0.324663 0.367823 0.070000
v -0.334662 0.362255 0.068532
v -0.343683 0.357231 0.064270
v -0.350842 0.353245 0.057634
v -0.355439 0.350685 0.049270
v -0.357022 0.349804 0.040000
v -0.357022 0.349804 -0.040000
v -0.355439 0.350685 -0.049271
v -0.350842 0.353245 -0.057634
v -0.343683 0.357231 -0.064271
v -0.334662 0.362255 -0.068532
v -0.324663 0.367823 -0.070000
v -0.324825 0.367899 0.070000
v -0.328724 0.359488 0.068532
v -0.332240 0.351900 0.064270
v -0.335031 0.345878 0.057634
v -0.336823 0.342012 0.049270
v -0.337441 0.340680 0.040000
v -0.337441 0.340680 -0.040000
v -0.336823 0.342012 -0.049271
v -0.335031 0.345878 -0.057634
v -0.332240 0.351900 -0.064271
v -0.328724 0.359488 -0.068532
v -0.324825 0.367899 -0.070000
v -0.318463 0.364965 0.070000
v -0.322328 0.356539 0.068532
v -0.325814 0.348937 0.064270
v -0.328580 0.342904 0.057634
v -0.330357 0.339031 0.049270
v -0.330969 0.337696 0.040000
v -0.330969 0.337696 -0.040000
v -0.330357 0.339031 -0.049271
v -0.328580 0.342904 -0.057634
v -0.325814 0.348937 -0.064271
v -0.322328 0.356539 -0.068532
v -0.318463 0.364965 -0.070000
v -0.312122 0.362073 0.070000
v -0.315952 0.353631 0.068532
v -0.319407 0.346015 0.064270
v -0.322149 0.339971 0.057634
v -0.323910 0.336090 0.049270
v -0.324516 0.334753 0.040000
v -0.324516 0.334753 -0.040000
v -0.323910 0.336090 -0.049271
v -0.322149 0.339971 -0.057634
v -0.319407 0.346015 -0.064271
v -0.315952 0.353631 -0.068532
v -0.312122 0.362073 -0.070000
v -0.305802 0.359221 0.070000
v -0.309597 0.350763 0.068532
v -0.313021 0.343133 0.064270
v -0.315738 0.337078 0.057634
v -0.317483 0.333190 0.049270
v -0.318084 0.331850 0.040000
v -0.318084 0.331850 -0.040000
v -0.317483 0.333190 -0.049271
v -0.315738 0.337078 -0.057634
v -0.313021 0.343133 -0.064271
v -0.309597 0.350763 -0.068532
v -0.305802 0.359221 -0.070000
v -0.299502 0.356410 0.070000
v -0.303262 0.347936 0.068532
v -0.306654 0.340292 0.064270
v -0.309346 0.334226 0.057634
v -0.311075 0.330331 0.049270
v -0.311670 0.328989 0.040000
v -0.311670 0.328989 -0.040000
v -0.311075 0.330331 -0.049271
v -0.309346 0.334226 -0.057634
v -0.306654 0.340292 -0.064271
v -0.303262 0.347936 -0.068532
v -0.299502 0.356410 -0.070000
v -0.293224 0.353640 0.070000
v -0.296948 0.345150 0.068532
v -0.300308 0.337492 0.064270
v -0.302974 0.331414 0.057634
v -0.304686 0.327512 0.049270
v -0.305276 0.326167 0.040000
v -0.305276 0.326167 -0.040000
v -0.304686 0.327512 -0.049271
v -0.302974 0.331414 -0.057634
v -0.300308 0.337492 -0.064271
v -0.296948 0.345150 -0.068532
v -0.293224 0.353640 -0.070000
v -0.286966 0.350910 0.070000
v -0.290654 0.342405 0.068532
v -0.293981 0.334732 0.064270
v -0.296622 0.328643 0.057634
v -0.298317 0.324734 0.049270
v -0.298901 0.323387 0.040000
v -0.298901 0.323387 -0.040000
v -0.298317 0.324734 -0.049271
v -0.296622 0.328643 -0.057634
v -0.293981 0.334732 -0.064271
v -0.290654 0.342405 -0.068532
v -0.286966 0.350910 -0.070000
v -0.280729 0.348221 0.070000
v -0.284381 0.339700 0.068532
v -0.287675 0.332014 0.064270
v -0.290289 0.325913 0.057634
v -0.291968 0.321997 0.049270
v -0.292546 0.320647 0.040000
v -0.292546 0.320647 -0.040000
v -0.291968 0.321997 -0.049271
v -0.290289 0.325913 -0.057634
v -0.287675 0.332014 -0.064271
v -0.284381 0.339700 -0.068532
v -0.280729 0.348221 -0.070000
v -0.274513 0.345573 0.070000
v -0.278127 0.337036 0.068532
v -0.281388 0.329335 0.064270
v -0.283976 0.323224 0.057634
v -0.285638 0.319300 0.049270
v -0.286210 0.317948 0.040000
v -0.286210 0.317948 -0.040000
v -0.285638 0.319300 -0.049271
v -0.283976 0.323224 -0.057634
v -0.281388 0.329335 -0.064271
v -0.278127 0.337036 -0.068532
v -0.274513 0.345573 -0.070000
v -0.268317 0.342966 0.070000
v -0.271895 0.334413 0.068532
v -0.275122 0.326698 0.064270
v -0.277683 0.320575 0.057634
v -0.279327 0.316644 0.049270
v -0.279894 0.315289 0.040000
v -0.279894 0.315289 -0.040000
v -0.279327 0.316644 -0.049271
v -0.277683 0.320575 -0.057634
v -0.275122 0.326698 -0.064271
v -0.271895 0.334413 -0.068532
v -0.268317 0.342966 -0.070000
v -0.262143 0.340399 0.070000
v -0.265682 0.331831 0.068532
v -0.268875 0.324101 0.064270
v -0.271409 0.317967 0.057634
v -0.273036 0.314029 0.049270
v -0.273597 0.312672 0.040000
v -0.273597 0.312672 -0.040000
v -0.273036 0.314029 -0.049271
v -0.271409 0.317967 -0.057634
v -0.268875 0.324101 -0.064271
v -0.265682 0.331831 -0.068532
v -0.262143 0.340399 -0.070000
v -0.255796 0.337794 0.070000
v -0.259476 0.329283 0.068532
v -0.262796 0.321605 0.064270
v -0.265430 0.315512 0.057634
v -0.267121 0.311600 0.049270
v -0.267704 0.310252 0.040000
v -0.267704 0.310252 -0.040000
v -0.267121 0.311600 -0.049271
v -0.265430 0.315512 -0.057634
v -0.262796 0.321605 -0.064271
v -0.259476 0.329283 -0.068532
v -0.255796 0.337794 -0.070000
v -0.244395 0.332611 0.070000
v -0.253665 0.326642 0.068532
v -0.262028 0.321257 0.064270
v -0.268665 0.316983 0.057634
v -0.272926 0.314239 0.049270
v -0.274395 0.313294 0.040000
v -0.274395 0.313294 -0.040000
v -0.272926 0.314239 -0.049271
v -0.268665 0.316983 -0.057634
v -0.262028 0.321257 -0.064271
v -0.253665 0.326642 -0.068532
v -0.244395 0.332611 -0.070000
v -0.244395 -0.006739 0.070000
v -0.253665 -0.006829 0.068532
v -0.262028 -0.006910 0.064271
v -0.268665 -0.006974 0.057634
v -0.272926 -0.007015 0.049271
v -0.274395 -0.007030 0.040000
v -0.274395 -0.007030 -0.040000
v -0.272926 -0.007015 -0.049271
v -0.268665 -0.006974 -0.057634
v -0.262028 -0.006910 -0.064271
v -0.253665 -0.006829 -0.068532
v -0.244395 -0.006739 -0.070000
v -0.244238 -0.014831 0.070000
v -0.253503 -0.015206 0.068532
v -0.261861 -0.015543 0.064271
v -0.268494 -0.015811 0.057634
v -0.272752 -0.015983 0.049271
v -0.274220 -0.016043 0.040000
v -0.274220 -0.016043 -0.040000
v -0.272752 -0.015983 -0.049271
v -0.268494 -0.015811 -0.057634
v -0.261861 -0.015543 -0.064271
v -0.253503 -0.015206 -0.068532
v -0.244238 -0.014831 -0.070000
v -0.243777 -0.022333 0.070000
v -0.253016 -0.023118 0.068532
v -0.261352 -0.023827 0.064271
v -0.267967 -0.024389 0.057634
v -0.272214 -0.024750 0.049271
v -0.273677 -0.024874 0.040000
v -0.273677 -0.024874 -0.040000
v -0.272214 -0.024750 -0.049271
v -0.267967 -0.024389 -0.057634
v -0.261352 -0.023827 -0.064271
v -0.253016 -0.023118 -0.068532
v -0.243777 -0.022333 -0.070000
v -0.243016 -0.029330 0.070000
v -0.252207 -0.030572 0.068532
v -0.260497 -0.031693 0.064271
v -0.267076 -0.032583 0.057634
v -0.271301 -0.033154 0.049271
v -0.272756 -0.033351 0.040000
v -0.272756 -0.033351 -0.040000
v -0.271301 -0.033154 -0.049271
v -0.267076 -0.032583 -0.057634
v -0.260497 -0.031693 -0.064271
v -0.252207 -0.030572 -0.068532
v -0.243016 -0.029330 -0.070000
v -0.241966 -0.035819 0.070000
v -0.251074 -0.037568 0.068532
v -0.259290 -0.039147 0.064271
v -0.265811 -0.040399 0.057634
v -0.269997 -0.041203 0.049271
v -0.271440 -0.041480 0.040000
v -0.271440 -0.041480 -0.040000
v -0.269997 -0.041203 -0.049271
v -0.265811 -0.040399 -0.057634
v -0.259290 -0.039147 -0.064271
v -0.251074 -0.037569 -0.068532
v -0.241966 -0.035819 -0.070000
v -0.240635 -0.041797 0.070000
v -0.249619 -0.044106 0.068532
v -0.257723 -0.046189 0.064271
v -0.264154 -0.047843 0.057634
v -0.268283 -0.048904 0.049271
v -0.269706 -0.049270 0.040000
v -0.269706 -0.049270 -0.040000
v -0.268283 -0.048904 -0.049271
v -0.264154 -0.047843 -0.057634
v -0.257723 -0.046189 -0.064271
v -0.249619 -0.044106 -0.068532
v -0.240635 -0.041797 -0.070000
v -0.239039 -0.047261 0.070000
v -0.247842 -0.050185 0.068532
v -0.255784 -0.052823 0.064271
v -0.262087 -0.054916 0.057634
v -0.266134 -0.056260 0.049271
v -0.267528 -0.056723 0.040000
v -0.267528 -0.056723 -0.040000
v -0.266134 -0.056260 -0.049271
v -0.262087 -0.054916 -0.057634
v -0.255784 -0.052823 -0.064271
v -0.247842 -0.050185 -0.068532
v -0.239039 -0.047261 -0.070000
v -0.237191 -0.052216 0.070000
v -0.245746 -0.055805 0.068532
v -0.253464 -0.059044 0.064271
v -0.259589 -0.061614 0.057634
v -0.263521 -0.063264 0.049271
v -0.264876 -0.063833 0.040000
v -0.264876 -0.063833 -0.040000
v -0.263521 -0.063264 -0.049271
v -0.259589 -0.061614 -0.057634
v -0.253464 -0.059044 -0.064271
v -0.245746 -0.055805 -0.068532
v -0.237191 -0.052216 -0.070000
v -0.235108 -0.056667 0.070000
v -0.243331 -0.060968 0.068532
v -0.250749 -0.064848 0.064271
v -0.256636 -0.067927 0.057634
v -0.260415 -0.069903 0.049271
v -0.261718 -0.070584 0.040000
v -0.261718 -0.070584 -0.040000
v -0.260415 -0.069903 -0.049271
v -0.256636 -0.067927 -0.057634
v -0.250749 -0.064848 -0.064271
v -0.243331 -0.060968 -0.068532
v -0.235108 -0.056667 -0.070000
v -0.232805 -0.060632 0.070000
v -0.240598 -0.065674 0.068532
v -0.247627 -0.070222 0.064271
v -0.253206 -0.073832 0.057634
v -0.256788 -0.076149 0.049271
v -0.258022 -0.076948 0.040000
v -0.258022 -0.076948 -0.040000
v -0.256788 -0.076149 -0.049271
v -0.253206 -0.073832 -0.057634
v -0.247627 -0.070222 -0.064271
v -0.240598 -0.065674 -0.068532
v -0.232805 -0.060632 -0.070000
v -0.230294 -0.064132 0.070000
v -0.237548 -0.069925 0.068532
v -0.244091 -0.075150 0.064271
v -0.249284 -0.079297 0.057634
v -0.252619 -0.081960 0.049271
v -0.253767 -0.082877 0.040000
v -0.253767 -0.082877 -0.040000
v -0.252619 -0.081960 -0.049271
v -0.249284 -0.079297 -0.057634
v -0.244091 -0.075150 -0.064271
v -0.237548 -0.069925 -0.068532
v -0.230294 -0.064132 -0.070000
v -0.227576 -0.067198 0.070000
v -0.234181 -0.073722 0.068532
v -0.240139 -0.079608 0.064271
v -0.244867 -0.084280 0.057634
v -0.247903 -0.087279 0.049271
v -0.248949 -0.088312 0.040000
v -0.248949 -0.088312 -0.040000
v -0.247903 -0.087279 -0.049271
v -0.244867 -0.084280 -0.057634
v -0.240139 -0.079608 -0.064271
v -0.234181 -0.073722 -0.068532
v -0.227576 -0.067198 -0.070000
v -0.224618 -0.069885 0.070000
v -0.230495 -0.077071 0.068532
v -0.235796 -0.083554 0.064271
v -0.240003 -0.088699 0.057634
v -0.242704 -0.092002 0.049271
v -0.243634 -0.093141 0.040000
v -0.243634 -0.093141 -0.040000
v -0.242704 -0.092002 -0.049271
v -0.240003 -0.088699 -0.057634
v -0.235796 -0.083554 -0.064271
v -0.230495 -0.077071 -0.068532
v -0.224618 -0.069885 -0.070000
v -0.221785 -0.071965 0.070000
v -0.226940 -0.079681 0.068532
v -0.231590 -0.086642 0.064271
v -0.235281 -0.092166 0.057634
v -0.237650 -0.095713 0.049271
v -0.238466 -0.096935 0.040000
v -0.238466 -0.096935 -0.040000
v -0.237650 -0.095713 -0.049271
v -0.235281 -0.092166 -0.057634
v -0.231590 -0.086642 -0.064271
v -0.226940 -0.079681 -0.068532
v -0.221785 -0.071965 -0.070000
v -0.218515 -0.073945 0.070000
v -0.222995 -0.082070 0.068532
v -0.227037 -0.089400 0.064271
v -0.230245 -0.095216 0.057634
v -0.232304 -0.098951 0.049271
v -0.233013 -0.100238 0.040000
v -0.233013 -0.100238 -0.040000
v -0.232304 -0.098951 -0.049271
v -0.230245 -0.095216 -0.057634
v -0.227037 -0.089400 -0.064271
v -0.222995 -0.082070 -0.068532
v -0.218515 -0.073945 -0.070000
v -0.214823 -0.075790 0.070000
v -0.218662 -0.084235 0.068532
v -0.222124 -0.091854 0.064271
v -0.224872 -0.097900 0.057634
v -0.226636 -0.101782 0.049271
v -0.227244 -0.103120 0.040000
v -0.227244 -0.103120 -0.040000
v -0.226636 -0.101782 -0.049271
v -0.224872 -0.097900 -0.057634
v -0.222124 -0.091854 -0.064271
v -0.218662 -0.084235 -0.068532
v -0.214823 -0.075790 -0.070000
v -0.210699 -0.077484 0.070000
v -0.213938 -0.086176 0.068532
v -0.216859 -0.094017 0.064271
v -0.219178 -0.100240 0.057634
v -0.220666 -0.104235 0.049271
v -0.221179 -0.105612 0.040000
v -0.221179 -0.105612 -0.040000
v -0.220666 -0.104235 -0.049271
v -0.219178 -0.100240 -0.057634
v -0.216859 -0.094017 -0.064271
v -0.213938 -0.086176 -0.068532
v -0.210699 -0.077484 -0.070000
v -0.206138 -0.079013 0.070000
v -0.208824 -0.087891 0.068532
v -0.211247 -0.095899 0.064271
v -0.213169 -0.102254 0.057634
v -0.214404 -0.106335 0.049271
v -0.214829 -0.107741 0.040000
v -0.214829 -0.107741 -0.040000
v -0.214404 -0.106335 -0.049271
v -0.213169 -0.102254 -0.057634
v -0.211247 -0.095899 -0.064271
v -0.208824 -0.087891 -0.068532
v -0.206138 -0.079013 -0.070000
v -0.201139 -0.080365 0.070000
v -0.203320 -0.089379 0.068532
v -0.205287 -0.097510 0.064271
v -0.206848 -0.103963 0.057634
v -0.207850 -0.108106 0.049271
v -0.208195 -0.109534 0.040000
v -0.208195 -0.109534 -0.040000
v -0.207850 -0.108106 -0.049271
v -0.206848 -0.103963 -0.057634
v -0.205287 -0.097510 -0.064271
v -0.203320 -0.089379 -0.068532
v -0.201139 -0.080365 -0.070000
v -0.195704 -0.081527 0.070000
v -0.197425 -0.090639 0.068532
v -0.198978 -0.098859 0.064271
v -0.200211 -0.105383 0.057634
v -0.201002 -0.109571 0.049271
v -0.201275 -0.111014 0.040000
v -0.201275 -0.111014 -0.040000
v -0.201002 -0.109571 -0.049271
v -0.200211 -0.105383 -0.057634
v -0.198978 -0.098859 -0.064271
v -0.197425 -0.090639 -0.068532
v -0.195704 -0.081527 -0.070000
v -0.189835 -0.082491 0.070000
v -0.191141 -0.091671 0.068532
v -0.192319 -0.099953 0.064271
v -0.193254 -0.106525 0.057634
v -0.193854 -0.110745 0.049271
v -0.194061 -0.112199 0.040000
v -0.194061 -0.112199 -0.040000
v -0.193854 -0.110745 -0.049271
v -0.193254 -0.106525 -0.057634
v -0.192319 -0.099953 -0.064271
v -0.191141 -0.091671 -0.068532
v -0.189835 -0.082491 -0.070000
v -0.183537 -0.083249 0.070000
v -0.184467 -0.092475 0.068532
v -0.185306 -0.100797 0.064271
v -0.185971 -0.107402 0.057634
v -0.186399 -0.111642 0.049271
v -0.186546 -0.113104 0.040000
v -0.186546 -0.113104 -0.040000
v -0.186399 -0.111642 -0.049271
v -0.185971 -0.107402 -0.057634
v -0.185306 -0.100797 -0.064271
v -0.184467 -0.092475 -0.068532
v -0.183537 -0.083249 -0.070000
v -0.176813 -0.083796 0.070000
v -0.177403 -0.093049 0.068532
v -0.177935 -0.101396 0.064271
v -0.178358 -0.108021 0.057634
v -0.178629 -0.112274 0.049271
v -0.178722 -0.113740 0.040000
v -0.178722 -0.113740 -0.040000
v -0.178629 -0.112274 -0.049271
v -0.178358 -0.108021 -0.057634
v -0.177935 -0.101396 -0.064271
v -0.177403 -0.093049 -0.068532
v -0.176813 -0.083796 -0.070000
v -0.169668 -0.084126 0.070000
v -0.169951 -0.093394 0.068532
v -0.170205 -0.101754 0.064271
v -0.170407 -0.108389 0.057634
v -0.170537 -0.112648 0.049271
v -0.170582 -0.114116 0.040000
v -0.170582 -0.114116 -0.040000
v -0.170537 -0.112648 -0.049271
v -0.170407 -0.108389 -0.057634
v -0.170205 -0.101754 -0.064271
v -0.169951 -0.093394 -0.068532
v -0.169668 -0.084126 -0.070000
v -0.162068 -0.084238 0.070000
v -0.162106 -0.093509 0.068532
v -0.162141 -0.101872 0.064271
v -0.162168 -0.108509 0.057634
v -0.162186 -0.112771 0.049271
v -0.162192 -0.114239 0.040000
v -0.162192 -0.114239 -0.040000
v -0.162186 -0.112771 -0.049271
v -0.162168 -0.108509 -0.057634
v -0.162141 -0.101872 -0.064271
v -0.162106 -0.093509 -0.068532
v -0.162068 -0.084238 -0.070000
v -0.153256 -0.084181 0.070000
v -0.153136 -0.093451 0.068532
v -0.153028 -0.101814 0.064271
v -0.152942 -0.108450 0.057634
v -0.152887 -0.112711 0.049271
v -0.152868 -0.114179 0.040000
v -0.152868 -0.114179 -0.040000
v -0.152887 -0.112711 -0.049271
v -0.152942 -0.108450 -0.057634
v -0.153028 -0.101814 -0.064271
v -0.153136 -0.093451 -0.068532
v -0.153256 -0.084181 -0.070000
v -0.144508 -0.084011 0.070000
v -0.144265 -0.093278 0.068532
v -0.144047 -0.101639 0.064271
v -0.143873 -0.108274 0.057634
v -0.143762 -0.112533 0.049271
v -0.143724 -0.114001 0.040000
v -0.143724 -0.114001 -0.040000
v -0.143762 -0.112533 -0.049271
v -0.143873 -0.108274 -0.057634
v -0.144047 -0.101639 -0.064271
v -0.144265 -0.093278 -0.068532
v -0.144508 -0.084011 -0.070000
v -0.135864 -0.083727 0.070000
v -0.135496 -0.092991 0.068532
v -0.135165 -0.101347 0.064271
v -0.134902 -0.107979 0.057634
v -0.134733 -0.112237 0.049271
v -0.134675 -0.113704 0.040000
v -0.134675 -0.113704 -0.040000
v -0.134733 -0.112237 -0.049271
v -0.134902 -0.107979 -0.057634
v -0.135165 -0.101347 -0.064271
v -0.135496 -0.092991 -0.068532
v -0.135864 -0.083727 -0.070000
v -0.127325 -0.083330 0.070000
v -0.126829 -0.092588 0.068532
v -0.126383 -0.100939 0.064271
v -0.126028 -0.107566 0.057634
v -0.125800 -0.111822 0.049271
v -0.125722 -0.113288 0.040000
v -0.125722 -0.113288 -0.040000
v -0.125800 -0.111822 -0.049271
v -0.126028 -0.107566 -0.057634
v -0.126383 -0.100939 -0.064271
v -0.126829 -0.092588 -0.068532
v -0.127325 -0.083330 -0.070000
v -0.118890 -0.082820 0.070000
v -0.118264 -0.092069 0.068532
v -0.117700 -0.100414 0.064271
v -0.117252 -0.107036 0.057634
v -0.116964 -0.111287 0.049271
v -0.116865 -0.112752 0.040000
v -0.116865 -0.112752 -0.040000
v -0.116964 -0.111287 -0.049271
v -0.117252 -0.107036 -0.057634
v -0.117700 -0.100414 -0.064271
v -0.118264 -0.092069 -0.068532
v -0.118890 -0.082820 -0.070000
v -0.110560 -0.082196 0.070000
v -0.109801 -0.091436 0.068532
v -0.109116 -0.099771 0.064271
v -0.108573 -0.106386 0.057634
v -0.108224 -0.110633 0.049271
v -0.108103 -0.112096 0.040000
v -0.108103 -0.112096 -0.040000
v -0.108224 -0.110633 -0.049271
v -0.108573 -0.106386 -0.057634
v -0.109116 -0.099771 -0.064271
v -0.109801 -0.091436 -0.068532
v -0.110560 -0.082196 -0.070000
v -0.102335 -0.081460 0.070000
v -0.101440 -0.090688 0.068532
v -0.100632 -0.099012 0.064271
v -0.099991 -0.105618 0.057634
v -0.099580 -0.109859 0.049271
v -0.099438 -0.111321 0.040000
v -0.099438 -0.111321 -0.040000
v -0.099580 -0.109859 -0.049271
v -0.099991 -0.105618 -0.057634
v -0.100632 -0.099012 -0.064271
v -0.101440 -0.090688 -0.068532
v -0.102335 -0.081460 -0.070000
v -0.094215 -0.080611 0.070000
v -0.093180 -0.089824 0.068532
v -0.092247 -0.098135 0.064271
v -0.091507 -0.104731 0.057634
v -0.091032 -0.108966 0.049271
v -0.090868 -0.110425 0.040000
v -0.090868 -0.110425 -0.040000
v -0.091032 -0.108966 -0.049271
v -0.091507 -0.104731 -0.057634
v -0.092247 -0.098135 -0.064271
v -0.093180 -0.089824 -0.068532
v -0.094215 -0.080611 -0.070000
v -0.086199 -0.079650 0.070000
v -0.085023 -0.088845 0.068532
v -0.083962 -0.097141 0.064271
v -0.083120 -0.103725 0.057634
v -0.082580 -0.107952 0.049271
v -0.082394 -0.109408 0.040000
v -0.082394 -0.109408 -0.040000
v -0.082580 -0.107952 -0.049271
v -0.083120 -0.103725 -0.057634
v -0.083962 -0.097141 -0.064271
v -0.085023 -0.088845 -0.068532
v -0.086199 -0.079650 -0.070000
v -0.078288 -0.078575 0.070000
v -0.076968 -0.087752 0.068532
v -0.075777 -0.096030 0.064271
v -0.074831 -0.102599 0.057634
v -0.074225 -0.106817 0.049271
v -0.074016 -0.108271 0.040000
v -0.074016 -0.108271 -0.040000
v -0.074225 -0.106817 -0.049271
v -0.074831 -0.102599 -0.057634
v -0.075777 -0.096030 -0.064271
v -0.076968 -0.087752 -0.068532
v -0.078288 -0.078575 -0.070000
v -0.070481 -0.077389 0.070000
v -0.069014 -0.086543 0.068532
v -0.067690 -0.094801 0.064271
v -0.066640 -0.101354 0.057634
v -0.065966 -0.105562 0.049271
v -0.065733 -0.107012 0.040000
v -0.065733 -0.107012 -0.040000
v -0.065966 -0.105562 -0.049271
v -0.066640 -0.101354 -0.057634
v -0.067690 -0.094801 -0.064271
v -0.069014 -0.086543 -0.068532
v -0.070481 -0.077389 -0.070000
v -0.069477 -0.077220 0.070000
v -0.061651 -0.085302 0.068532
v -0.054591 -0.092592 0.064271
v -0.048988 -0.098378 0.057634
v -0.045391 -0.102093 0.049271
v -0.044152 -0.103373 0.040000
v -0.044152 -0.103373 -0.040000
v -0.045391 -0.102093 -0.049271
v -0.048988 -0.098378 -0.057634
v -0.054591 -0.092592 -0.064271
v -0.061651 -0.085302 -0.068532
v -0.069477 -0.077220 -0.070000
v -0.052601 0.006374 0.070000
v -0.040955 0.017213 0.068532
v -0.030450 0.026992 0.064271
v -0.022112 0.034752 0.057634
v -0.016759 0.039734 0.049271
v -0.014915 0.041451 0.040000
v -0.014915 0.041451 -0.040000
v -0.016759 0.039734 -0.049271
v -0.022112 0.034752 -0.057634
v -0.030450 0.026992 -0.064271
v -0.040955 0.017213 -0.068532
v -0.052601 0.006374 -0.070000
v -0.057861 0.005700 0.070000
v -0.058993 0.014901 0.068532
v -0.060014 0.023202 0.064271
v -0.060825 0.029789 0.057634
v -0.061345 0.034018 0.049271
v -0.061525 0.035476 0.040000
v -0.061525 0.035476 -0.040000
v -0.061345 0.034018 -0.049271
v -0.060825 0.029789 -0.057634
v -0.060014 0.023202 -0.064271
v -0.058993 0.014901 -0.068532
v -0.057861 0.005700 -0.070000
v -0.065871 0.004755 0.070000
v -0.066936 0.013964 0.068532
v -0.067897 0.022272 0.064271
v -0.068659 0.028865 0.057634
v -0.069149 0.033098 0.049271
v -0.069317 0.034557 0.040000
v -0.069317 0.034557 -0.040000
v -0.069149 0.033098 -0.049271
v -0.068659 0.028865 -0.057634
v -0.067897 0.022272 -0.064271
v -0.066936 0.013964 -0.068532
v -0.065871 0.004755 -0.070000
v -0.073456 0.003895 0.070000
v -0.074477 0.013110 0.068532
v -0.075399 0.021422 0.064271
v -0.076130 0.028018 0.057634
v -0.076599 0.032254 0.049271
v -0.076761 0.033713 0.040000
v -0.076761 0.033713 -0.040000
v -0.076599 0.032254 -0.049271
v -0.076130 0.028018 -0.057634
v -0.075399 0.021422 -0.064271
v -0.074477 0.013110 -0.068532
v -0.073456 0.003895 -0.070000
v -0.080646 0.003117 0.070000
v -0.081619 0.012336 0.068532
v -0.082496 0.020653 0.064271
v -0.083193 0.027253 0.057634
v -0.083640 0.031491 0.049271
v -0.083794 0.032951 0.040000
v -0.083794 0.032951 -0.040000
v -0.083640 0.031491 -0.049271
v -0.083193 0.027253 -0.057634
v -0.082496 0.020653 -0.064271
v -0.081619 0.012336 -0.068532
v -0.080646 0.003117 -0.070000
v -0.087443 0.002419 0.070000
v -0.088361 0.011644 0.068532
v -0.089189 0.019966 0.064271
v -0.089846 0.026570 0.057634
v -0.090268 0.030811 0.049271
v -0.090413 0.032272 0.040000
v -0.090413 0.032272 -0.040000
v -0.090268 0.030811 -0.049271
v -0.089846 0.026570 -0.057634
v -0.089189 0.019966 -0.064271
v -0.088361 0.011644 -0.068532
v -0.087443 0.002419 -0.070000
v -0.093848 0.001802 0.070000
v -0.094703 0.011033 0.068532
v -0.095475 0.019360 0.064271
v -0.096088 0.025969 0.057634
v -0.096481 0.030212 0.049271
v -0.096617 0.031674 0.040000
v -0.096617 0.031674 -0.040000
v -0.096481 0.030212 -0.049271
v -0.096088 0.025969 -0.057634
v -0.095475 0.019360 -0.064271
v -0.094703 0.011033 -0.068532
v -0.093848 0.001802 -0.070000
v -0.099861 0.001266 0.070000
v -0.100646 0.010504 0.068532
v -0.101354 0.018837 0.064271
v -0.101916 0.025450 0.057634
v -0.102277 0.029696 0.049271
v -0.102401 0.031159 0.040000
v -0.102401 0.031159 -0.040000
v -0.102277 0.029696 -0.049271
v -0.101916 0.025450 -0.057634
v -0.101354 0.018837 -0.064271
v -0.100646 0.010504 -0.068532
v -0.099861 0.001266 -0.070000
v -0.105487 0.000812 0.070000
v -0.106190 0.010055 0.068532
v -0.106824 0.018395 0.064271
v -0.107328 0.025012 0.057634
v -0.107651 0.029261 0.049271
v -0.107762 0.030726 0.040000
v -0.107762 0.030726 -0.040000
v -0.107651 0.029261 -0.049271
v -0.107328 0.025012 -0.057634
v -0.106824 0.018395 -0.064271
v -0.106190 0.010055 -0.068532
v -0.105487 0.000812 -0.070000
v -0.110727 0.000438 0.070000
v -0.111335 0.009689 0.068532
v -0.111883 0.018034 0.064271
v -0.112318 0.024657 0.057634
v -0.112597 0.028909 0.049271
v -0.112694 0.030374 0.040000
v -0.112694 0.030374 -0.040000
v -0.112597 0.028909 -0.049271
v -0.112318 0.024657 -0.057634
v -0.111883 0.018034 -0.064271
v -0.111335 0.009689 -0.068532
v -0.110727 0.000438 -0.070000
v -0.115585 0.000146 0.070000
v -0.116080 0.009403 0.068532
v -0.116527 0.017755 0.064271
v -0.116882 0.024382 0.057634
v -0.117110 0.028637 0.049271
v -0.117188 0.030104 0.040000
v -0.117188 0.030104 -0.040000
v -0.117110 0.028637 -0.049271
v -0.116882 0.024382 -0.057634
v -0.116527 0.017755 -0.064271
v -0.116080 0.009403 -0.068532
v -0.115585 0.000146 -0.070000
v -0.120067 -0.000064 0.070000
v -0.120428 0.009199 0.068532
v -0.120753 0.017556 0.064271
v -0.121012 0.024189 0.057634
v -0.121178 0.028447 0.049271
v -0.121235 0.029914 0.040000
v -0.121235 0.029914 -0.040000
v -0.121178 0.028447 -0.049271
v -0.121012 0.024189 -0.057634
v -0.120753 0.017556 -0.064271
v -0.120428 0.009199 -0.068532
v -0.120067 -0.000064 -0.070000
v -0.124181 -0.000192 0.070000
v -0.124378 0.009077 0.068532
v -0.124555 0.017439 0.064271
v -0.124696 0.024074 0.057634
v -0.124787 0.028335 0.049271
v -0.124818 0.029803 0.040000
v -0.124818 0.029803 -0.040000
v -0.124787 0.028335 -0.049271
v -0.124696 0.024074 -0.057634
v -0.124555 0.017439 -0.064271
v -0.124378 0.009077 -0.068532
v -0.124181 -0.000192 -0.070000
v -0.128001 -0.000236 0.070000
v -0.127935 0.009036 0.068532
v -0.127875 0.017400 0.064271
v -0.127827 0.024038 0.057634
v -0.127797 0.028300 0.049271
v -0.127786 0.029769 0.040000
v -0.127786 0.029769 -0.040000
v -0.127797 0.028300 -0.049271
v -0.127827 0.024038 -0.057634
v -0.127875 0.017400 -0.064271
v -0.127935 0.009036 -0.068532
v -0.128001 -0.000236 -0.070000
v -0.131228 -0.000152 0.070000
v -0.130723 0.009108 0.068532
v -0.130267 0.017462 0.064271
v -0.129905 0.024092 0.057634
v -0.129673 0.028349 0.049271
v -0.129593 0.029815 0.040000
v -0.129593 0.029815 -0.040000
v -0.129673 0.028349 -0.049271
v -0.129905 0.024092 -0.057634
v -0.130267 0.017462 -0.064271
v -0.130723 0.009108 -0.068532
v -0.131228 -0.000152 -0.070000
v -0.134405 0.000112 0.070000
v -0.133331 0.009325 0.068532
v -0.132362 0.017637 0.064271
v -0.131594 0.024233 0.057634
v -0.131100 0.028468 0.049271
v -0.130930 0.029927 0.040000
v -0.130930 0.029927 -0.040000
v -0.131100 0.028468 -0.049271
v -0.131594 0.024233 -0.057634
v -0.132362 0.017637 -0.064271
v -0.133331 0.009325 -0.068532
v -0.134405 0.000112 -0.070000
v -0.137477 0.000573 0.070000
v -0.135756 0.009689 0.068532
v -0.134203 0.017913 0.064271
v -0.132970 0.024439 0.057634
v -0.132179 0.028629 0.049271
v -0.131906 0.030073 0.040000
v -0.131906 0.030073 -0.040000
v -0.132179 0.028629 -0.049271
v -0.132970 0.024439 -0.057634
v -0.134203 0.017913 -0.064271
v -0.135756 0.009689 -0.068532
v -0.137477 0.000573 -0.070000
v -0.140452 0.001252 0.070000
v -0.137997 0.010201 0.068532
v -0.135783 0.018274 0.064271
v -0.134025 0.024680 0.057634
v -0.132897 0.028793 0.049271
v -0.132508 0.030211 0.040000
v -0.132508 0.030211 -0.040000
v -0.132897 0.028793 -0.049271
v -0.134025 0.024680 -0.057634
v -0.135783 0.018274 -0.064271
v -0.137997 0.010201 -0.068532
v -0.140452 0.001252 -0.070000
v -0.143328 0.002177 0.070000
v -0.140055 0.010862 0.068532
v -0.137103 0.018698 0.064271
v -0.134760 0.024916 0.057634
v -0.133256 0.028909 0.049271
v -0.132738 0.030284 0.040000
v -0.132738 0.030284 -0.040000
v -0.133256 0.028909 -0.049271
v -0.134760 0.024916 -0.057634
v -0.137103 0.018698 -0.064271
v -0.140055 0.010862 -0.068532
v -0.143328 0.002177 -0.070000
v -0.146094 0.003378 0.070000
v -0.141929 0.011676 0.068532
v -0.138172 0.019162 0.064271
v -0.135190 0.025103 0.057634
v -0.133276 0.028917 0.049271
v -0.132616 0.030231 0.040000
v -0.132616 0.030231 -0.040000
v -0.133276 0.028917 -0.049271
v -0.135190 0.025103 -0.057634
v -0.138172 0.019162 -0.064271
v -0.141929 0.011676 -0.068532
v -0.146094 0.003378 -0.070000
v -0.148724 0.004886 0.070000
v -0.143617 0.012644 0.068532
v -0.139011 0.019643 0.064271
v -0.135355 0.025197 0.057634
v -0.133008 0.028764 0.049271
v -0.132199 0.029992 0.040000
v -0.132199 0.029992 -0.040000
v -0.133008 0.028764 -0.049271
v -0.135355 0.025197 -0.057634
v -0.139011 0.019643 -0.064271
v -0.143617 0.012644 -0.068532
v -0.148724 0.004886 -0.070000
v -0.151169 0.006720 0.070000
v -0.145116 0.013768 0.068532
v -0.139655 0.020127 0.064271
v -0.135322 0.025173 0.057634
v -0.132539 0.028412 0.049271
v -0.131581 0.029529 0.040000
v -0.131581 0.029529 -0.040000
v -0.132539 0.028412 -0.049271
v -0.135322 0.025173 -0.057634
v -0.139655 0.020127 -0.064271
v -0.145116 0.013768 -0.068532
v -0.151169 0.006720 -0.070000
v -0.153369 0.008877 0.070000
v -0.146421 0.015048 0.068532
v -0.140153 0.020615 0.064271
v -0.135179 0.025033 0.057634
v -0.131985 0.027869 0.049271
v -0.130885 0.028846 0.040000
v -0.130885 0.028846 -0.040000
v -0.131985 0.027869 -0.049271
v -0.135179 0.025033 -0.057634
v -0.140153 0.020615 -0.064271
v -0.146421 0.015048 -0.068532
v -0.153369 0.008877 -0.070000
v -0.155257 0.011324 0.070000
v -0.147527 0.016481 0.068532
v -0.140553 0.021133 0.064271
v -0.135018 0.024824 0.057634
v -0.131465 0.027195 0.049271
v -0.130240 0.028011 0.040000
v -0.130240 0.028011 -0.040000
v -0.131465 0.027195 -0.049271
v -0.135018 0.024824 -0.057634
v -0.140553 0.021133 -0.064271
v -0.147527 0.016481 -0.068532
v -0.155257 0.011324 -0.070000
v -0.156787 0.014001 0.070000
v -0.148430 0.018062 0.068532
v -0.140892 0.021726 0.064271
v -0.134909 0.024633 0.057634
v -0.131068 0.026499 0.049271
v -0.129744 0.027142 0.040000
v -0.129744 0.027142 -0.040000
v -0.131068 0.026499 -0.049271
v -0.134909 0.024633 -0.057634
v -0.140892 0.021725 -0.064271
v -0.148430 0.018062 -0.068532
v -0.156787 0.014001 -0.070000
v -0.157763 0.016406 0.070000
v -0.149118 0.019756 0.068532
v -0.141319 0.022778 0.064271
v -0.135130 0.025177 0.057634
v -0.131156 0.026717 0.049271
v -0.129786 0.027247 0.040000
v -0.129786 0.027247 -0.040000
v -0.131156 0.026717 -0.049271
v -0.135130 0.025177 -0.057634
v -0.141319 0.022778 -0.064271
v -0.149118 0.019756 -0.068532
v -0.157763 0.016406 -0.070000
v -0.158215 0.017628 0.070000
v -0.149440 0.020628 0.068532
v -0.141524 0.023334 0.064271
v -0.135242 0.025481 0.057634
v -0.131209 0.026860 0.049271
v -0.129819 0.027335 0.040000
v -0.129819 0.027335 -0.040000
v -0.131209 0.026860 -0.049271
v -0.135242 0.025481 -0.057634
v -0.141524 0.023334 -0.064271
v -0.149440 0.020628 -0.068532
v -0.158215 0.017628 -0.070000
v -0.158640 0.018979 0.070000
v -0.149735 0.021566 0.068532
v -0.141702 0.023899 0.064271
v -0.135327 0.025751 0.057634
v -0.131234 0.026940 0.049271
v -0.129823 0.027350 0.040000
v -0.129823 0.027350 -0.040000
v -0.131234 0.026940 -0.049271
v -0.135327 0.025751 -0.057634
v -0.141702 0.023899 -0.064271
v -0.149735 0.021566 -0.068532
v -0.158640 0.018979 -0.070000
v -0.159006 0.020351 0.070000
v -0.150001 0.022562 0.068532
v -0.141877 0.024556 0.064271
v -0.135430 0.026138 0.057634
v -0.131291 0.027154 0.049271
v -0.129865 0.027504 0.040000
v -0.129865 0.027504 -0.040000
v -0.131291 0.027154 -0.049271
v -0.135430 0.026138 -0.057634
v -0.141877 0.024556 -0.064271
v -0.150001 0.022562 -0.068532
v -0.159006 0.020351 -0.070000
v -0.159319 0.021749 0.070000
v -0.150237 0.023616 0.068532
v -0.142044 0.025301 0.064271
v -0.135542 0.026637 0.057634
v -0.131368 0.027496 0.049271
v -0.129929 0.027791 0.040000
v -0.129929 0.027791 -0.040000
v -0.131368 0.027496 -0.049271
v -0.135542 0.026637 -0.057634
v -0.142044 0.025301 -0.064271
v -0.150237 0.023616 -0.068532
v -0.159319 0.021749 -0.070000
v -0.159586 0.023174 0.070000
v -0.150445 0.024729 0.068532
v -0.142200 0.026132 0.064271
v -0.135656 0.027245 0.057634
v -0.131454 0.027960 0.049271
v -0.130007 0.028206 0.040000
v -0.130007 0.028206 -0.040000
v -0.131454 0.027960 -0.049271
v -0.135656 0.027245 -0.057634
v -0.142200 0.026132 -0.064271
v -0.150445 0.024729 -0.068532
v -0.159586 0.023174 -0.070000
v -0.159809 0.024631 0.070000
v -0.150625 0.025901 0.068532
v -0.142340 0.027047 0.064271
v -0.135765 0.027956 0.057634
v -0.131543 0.028540 0.049271
v -0.130089 0.028741 0.040000
v -0.130089 0.028741 -0.040000
v -0.131543 0.028540 -0.049271
v -0.135765 0.027956 -0.057634
v -0.142340 0.027047 -0.064271
v -0.150625 0.025901 -0.068532
v -0.159809 0.024631 -0.070000
v -0.159993 0.026122 0.070000
v -0.150777 0.027132 0.068532
v -0.142463 0.028043 0.064271
v -0.135865 0.028766 0.057634
v -0.131628 0.029231 0.049271
v -0.130169 0.029391 0.040000
v -0.130169 0.029391 -0.040000
v -0.131628 0.029231 -0.049271
v -0.135865 0.028766 -0.057634
v -0.142463 0.028043 -0.064271
v -0.150777 0.027132 -0.068532
v -0.159993 0.026122 -0.070000
v -0.160140 0.027650 0.070000
v -0.150901 0.028422 0.068532
v -0.142566 0.029119 0.064271
v -0.135952 0.029672 0.057634
v -0.131705 0.030027 0.049271
v -0.130242 0.030150 0.040000
v -0.130242 0.030150 -0.040000
v -0.131705 0.030027 -0.049271
v -0.135952 0.029672 -0.057634
v -0.142566 0.029119 -0.064271
v -0.150901 0.028422 -0.068532
v -0.160140 0.027650 -0.070000
v -0.160251 0.029217 0.070000
v -0.150997 0.029772 0.068532
v -0.142648 0.030273 0.064271
v -0.136023 0.030670 0.057634
v -0.131769 0.030925 0.049271
v -0.130303 0.031013 0.040000
v -0.130303 0.031013 -0.040000
v -0.131769 0.030925 -0.049271
v -0.136023 0.030670 -0.057634
v -0.142648 0.030273 -0.064271
v -0.150997 0.029772 -0.068532
v -0.160251 0.029217 -0.070000
v -0.160330 0.030826 0.070000
v -0.151065 0.031181 0.068532
v -0.142708 0.031502 0.064271
v -0.136076 0.031756 0.057634
v -0.131817 0.031919 0.049271
v -0.130350 0.031975 0.040000
v -0.130350 0.031975 -0.040000
v -0.131817 0.031919 -0.049271
v -0.136076 0.031756 -0.057634
v -0.142708 0.031502 -0.064271
v -0.151065 0.031181 -0.068532
v -0.160330 0.030826 -0.070000
v -0.160376 0.032479 0.070000
v -0.151106 0.032651 0.068532
v -0.142744 0.032805 0.064271
v -0.136108 0.032927 0.057634
v -0.131848 0.033006 0.049271
v -0.130380 0.033033 0.040000
v -0.130380 0.033033 -0.040000
v -0.131848 0.033006 -0.049271
v -0.136108 0.032927 -0.057634
v -0.142744 0.032805 -0.064271
v -0.151106 0.032651 -0.068532
v -0.160376 0.032479 -0.070000
v -0.160391 0.034135 0.070000
v -0.151120 0.034176 0.068532
v -0.142757 0.034214 0.064271
v -0.136120 0.034244 0.057634
v -0.131859 0.034263 0.049271
v -0.130391 0.034269 0.040000
v -0.130391 0.034269 -0.040000
v -0.131859 0.034263 -0.049271
v -0.136120 0.034244 -0.057634
v -0.142757 0.034214 -0.064271
v -0.151120 0.034176 -0.068532
v -0.160391 0.034135 -0.070000
v -0.160391 0.301485 0.070000
v -0.151120 0.288611 0.068532
v -0.142757 0.276997 0.064270
v -0.136120 0.267780 0.057634
v -0.131859 0.261862 0.049270
v -0.130391 0.259823 0.040000
v -0.130391 0.259823 -0.040000
v -0.131859 0.261862 -0.049271
v -0.136120 0.267780 -0.057634
v -0.142757 0.276997 -0.064271
v -0.151120 0.288611 -0.068532
v -0.160391 0.301485 -0.070000
v -0.136919 0.293638 0.070000
v -0.139845 0.284841 0.068532
v -0.142485 0.276906 0.064270
v -0.144580 0.270608 0.057634
v -0.145925 0.266565 0.049270
v -0.146389 0.265172 0.040000
v -0.146389 0.265172 -0.040000
v -0.145925 0.266565 -0.049271
v -0.144580 0.270608 -0.057634
v -0.142485 0.276906 -0.064271
v -0.139845 0.284841 -0.068532
v -0.136919 0.293638 -0.070000
v -0.126837 0.290301 0.070000
v -0.129736 0.281495 0.068532
v -0.132351 0.273552 0.064270
v -0.134427 0.267248 0.057634
v -0.135760 0.263200 0.049270
v -0.136219 0.261806 0.040000
v -0.136219 0.261806 -0.040000
v -0.135760 0.263200 -0.049271
v -0.134427 0.267248 -0.057634
v -0.132351 0.273552 -0.064271
v -0.129736 0.281495 -0.068532
v -0.126837 0.290301 -0.070000
v -0.116959 0.287066 0.070000
v -0.119830 0.278251 0.068532
v -0.122420 0.270299 0.064270
v -0.124476 0.263988 0.057634
v -0.125795 0.259937 0.049270
v -0.126250 0.258541 0.040000
v -0.126250 0.258541 -0.040000
v -0.125795 0.259937 -0.049271
v -0.124476 0.263988 -0.057634
v -0.122420 0.270299 -0.064271
v -0.119830 0.278251 -0.068532
v -0.116959 0.287066 -0.070000
v -0.107286 0.283933 0.070000
v -0.110128 0.275108 0.068532
v -0.112691 0.267148 0.064270
v -0.114726 0.260830 0.057634
v -0.116032 0.256774 0.049270
v -0.116482 0.255377 0.040000
v -0.116482 0.255377 -0.040000
v -0.116032 0.256774 -0.049271
v -0.114726 0.260830 -0.057634
v -0.112691 0.267148 -0.064271
v -0.110128 0.275108 -0.068532
v -0.107286 0.283933 -0.070000
v -0.097819 0.280902 0.070000
v -0.100629 0.272068 0.068532
v -0.103165 0.264098 0.064270
v -0.105177 0.257774 0.057634
v -0.106469 0.253713 0.049270
v -0.106914 0.252314 0.040000
v -0.106914 0.252314 -0.040000
v -0.106469 0.253713 -0.049271
v -0.105177 0.257774 -0.057634
v -0.103165 0.264098 -0.064271
v -0.100629 0.272068 -0.068532
v -0.097819 0.280902 -0.070000
v -0.088556 0.277973 0.070000
v -0.091334 0.269129 0.068532
v -0.093840 0.261150 0.064270
v -0.095830 0.254818 0.057634
v -0.097107 0.250753 0.049270
v -0.097547 0.249352 0.040000
v -0.097547 0.249352 -0.040000
v -0.097107 0.250753 -0.049271
v -0.095830 0.254818 -0.057634
v -0.093840 0.261150 -0.064271
v -0.091334 0.269129 -0.068532
v -0.088556 0.277973 -0.070000
v -0.079498 0.275146 0.070000
v -0.082243 0.266291 0.068532
v -0.084718 0.258303 0.064270
v -0.086683 0.251964 0.057634
v -0.087945 0.247893 0.049270
v -0.088379 0.246491 0.040000
v -0.088379 0.246491 -0.040000
v -0.087945 0.247893 -0.049271
v -0.086683 0.251964 -0.057634
v -0.084718 0.258303 -0.064271
v -0.082243 0.266291 -0.068532
v -0.079498 0.275146 -0.070000
v -0.070646 0.272422 0.070000
v -0.073355 0.263556 0.068532
v -0.075798 0.255558 0.064271
v -0.077737 0.249210 0.057634
v -0.078983 0.245135 0.049270
v -0.079412 0.243731 0.040000
v -0.079412 0.243731 -0.040000
v -0.078983 0.245135 -0.049271
v -0.077737 0.249210 -0.057634
v -0.075798 0.255558 -0.064271
v -0.073355 0.263556 -0.068532
v -0.070646 0.272422 -0.070000
v -0.061999 0.269799 0.070000
v -0.064670 0.260922 0.068532
v -0.067080 0.252914 0.064271
v -0.068992 0.246558 0.057634
v -0.070220 0.242478 0.049270
v -0.070643 0.241072 0.040000
v -0.070643 0.241072 -0.040000
v -0.070220 0.242478 -0.049271
v -0.068992 0.246558 -0.057634
v -0.067080 0.252914 -0.064271
v -0.064670 0.260922 -0.068532
v -0.061999 0.269799 -0.070000
v -0.053557 0.267279 0.070000
v -0.056189 0.258390 0.068532
v -0.058564 0.250371 0.064271
v -0.060448 0.244007 0.057634
v -0.061658 0.239921 0.049270
v -0.062075 0.238513 0.040000
v -0.062075 0.238513 -0.040000
v -0.061658 0.239921 -0.049271
v -0.060448 0.244007 -0.057634
v -0.058564 0.250371 -0.064271
v -0.056189 0.258390 -0.068532
v -0.053557 0.267279 -0.070000
v -0.045322 0.264861 0.070000
v -0.047912 0.255960 0.068532
v -0.050249 0.247930 0.064271
v -0.052104 0.241557 0.057634
v -0.053294 0.237466 0.049270
v -0.053704 0.236056 0.040000
v -0.053704 0.236056 -0.040000
v -0.053294 0.237466 -0.049271
v -0.052104 0.241557 -0.057634
v -0.050249 0.247930 -0.064271
v -0.047912 0.255960 -0.068532
v -0.045322 0.264861 -0.070000
v -0.046882 0.265311 0.070000
v -0.040538 0.253833 0.068532
v -0.034816 0.243479 0.064271
v -0.030274 0.235261 0.057634
v -0.027359 0.229985 0.049270
v -0.026354 0.228168 0.040000
v -0.026354 0.228168 -0.040000
v -0.027359 0.229985 -0.049271
v -0.030274 0.235261 -0.057634
v -0.034816 0.243479 -0.064271
v -0.040538 0.253833 -0.068532
v -0.046882 0.265311 -0.070000
v -0.023698 0.345864 0.070000
v -0.012140 0.352505 0.068532
v -0.001713 0.358496 0.064270
v 0.006561 0.363250 0.057634
v 0.011874 0.366302 0.049270
v 0.013705 0.367354 0.040000
v 0.013705 0.367354 -0.040000
v 0.011874 0.366302 -0.049271
v 0.006561 0.363250 -0.057634
v -0.001713 0.358496 -0.064271
v -0.012140 0.352505 -0.068532
v -0.023698 0.345864 -0.070000
v -0.024519 0.346071 0.070000
v -0.022224 0.355054 0.068532
v -0.020155 0.363156 0.064270
v -0.018512 0.369587 0.057634
v -0.017457 0.373716 0.049270
v -0.017094 0.375138 0.040000
v -0.017094 0.375138 -0.040000
v -0.017457 0.373716 -0.049271
v -0.018512 0.369587 -0.057634
v -0.020155 0.363156 -0.064271
v -0.022224 0.355054 -0.068532
v -0.024519 0.346071 -0.070000
v -0.035523 0.348912 0.070000
v -0.033184 0.357882 0.068532
v -0.031074 0.365975 0.064270
v -0.029399 0.372397 0.057634
v -0.028324 0.376521 0.049270
v -0.027953 0.377941 0.040000
v -0.027953 0.377941 -0.040000
v -0.028324 0.376521 -0.049271
v -0.029399 0.372397 -0.057634
v -0.031074 0.365975 -0.064271
v -0.033184 0.357882 -0.068532
v -0.035523 0.348912 -0.070000
v -0.046668 0.351847 0.070000
v -0.044285 0.360806 0.068532
v -0.042136 0.368888 0.064270
v -0.040431 0.375302 0.057634
v -0.039335 0.379421 0.049270
v -0.038958 0.380840 0.040000
v -0.038958 0.380840 -0.040000
v -0.039335 0.379421 -0.049271
v -0.040431 0.375302 -0.057634
v -0.042136 0.368888 -0.064271
v -0.044285 0.360806 -0.068532
v -0.046668 0.351847 -0.070000
v -0.057954 0.354877 0.070000
v -0.055529 0.363825 0.068532
v -0.053342 0.371897 0.064270
v -0.051606 0.378303 0.057634
v -0.050492 0.382416 0.049270
v -0.050108 0.383833 0.040000
v -0.050108 0.383833 -0.040000
v -0.050492 0.382416 -0.049271
v -0.051606 0.378303 -0.057634
v -0.053342 0.371897 -0.064271
v -0.055529 0.363825 -0.068532
v -0.057954 0.354877 -0.070000
v -0.069381 0.358002 0.070000
v -0.066916 0.366939 0.068532
v -0.064691 0.375001 0.064270
v -0.062926 0.381398 0.057634
v -0.061793 0.385506 0.049270
v -0.061403 0.386922 0.040000
v -0.061403 0.386922 -0.040000
v -0.061793 0.385506 -0.049271
v -0.062926 0.381398 -0.057634
v -0.064691 0.375001 -0.064271
v -0.066916 0.366939 -0.068532
v -0.069381 0.358002 -0.070000
v -0.080950 0.361222 0.070000
v -0.078444 0.370147 0.068532
v -0.076184 0.378199 0.064270
v -0.074391 0.384589 0.057634
v -0.073239 0.388692 0.049270
v -0.072842 0.390106 0.040000
v -0.072842 0.390106 -0.040000
v -0.073239 0.388692 -0.049271
v -0.074391 0.384589 -0.057634
v -0.076184 0.378199 -0.064271
v -0.078444 0.370147 -0.068532
v -0.080950 0.361222 -0.070000
v -0.092659 0.364536 0.070000
v -0.090115 0.373451 0.068532
v -0.087820 0.381493 0.064270
v -0.085999 0.387875 0.057634
v -0.084830 0.391973 0.049270
v -0.084427 0.393385 0.040000
v -0.084427 0.393385 -0.040000
v -0.084830 0.391973 -0.049271
v -0.085999 0.387875 -0.057634
v -0.087820 0.381493 -0.064271
v -0.090115 0.373451 -0.068532
v -0.092659 0.364536 -0.070000
v -0.104510 0.367945 0.070000
v -0.101928 0.376849 0.068532
v -0.099600 0.384882 0.064270
v -0.097751 0.391256 0.057634
v -0.096565 0.395349 0.049270
v -0.096156 0.396759 0.040000
v -0.096156 0.396759 -0.040000
v -0.096565 0.395349 -0.049271
v -0.097751 0.391256 -0.057634
v -0.099600 0.384882 -0.064271
v -0.101928 0.376849 -0.068532
v -0.104510 0.367945 -0.070000
v -0.116502 0.371450 0.070000
v -0.113884 0.380343 0.068532
v -0.111522 0.388365 0.064270
v -0.109648 0.394732 0.057634
v -0.108444 0.398820 0.049270
v -0.108030 0.400228 0.040000
v -0.108030 0.400228 -0.040000
v -0.108444 0.398820 -0.049271
v -0.109648 0.394732 -0.057634
v -0.111522 0.388365 -0.064271
v -0.113884 0.380343 -0.068532
v -0.116502 0.371450 -0.070000
v -0.128636 0.375048 0.070000
v -0.125982 0.383931 0.068532
v -0.123588 0.391944 0.064270
v -0.121688 0.398303 0.057634
v -0.120468 0.402386 0.049270
v -0.120048 0.403793 0.040000
v -0.120048 0.403793 -0.040000
v -0.120468 0.402386 -0.049271
v -0.121688 0.398303 -0.057634
v -0.123588 0.391944 -0.064271
v -0.125982 0.383931 -0.068532
v -0.128636 0.375048 -0.070000
v -0.140911 0.378742 0.070000
v -0.138222 0.387614 0.068532
v -0.135797 0.395618 0.064270
v -0.133872 0.401970 0.057634
v -0.132637 0.406048 0.049270
v -0.132211 0.407453 0.040000
v -0.132211 0.407453 -0.040000
v -0.132637 0.406048 -0.049271
v -0.133872 0.401970 -0.057634
v -0.135797 0.395618 -0.064271
v -0.138222 0.387614 -0.068532
v -0.140911 0.378742 -0.070000
v -0.160391 0.384686 0.070000
v -0.151120 0.391550 0.068532
v -0.142757 0.397742 0.064270
v -0.136120 0.402656 0.057634
v -0.131859 0.405811 0.049270
v -0.130391 0.406898 0.040000
v -0.130391 0.406898 -0.040000
v -0.131859 0.405811 -0.049271
v -0.136120 0.402656 -0.057634
v -0.142757 0.397742 -0.064271
v -0.151120 0.391550 -0.068532
v -0.160391 0.384686 -0.070000
v -0.160391 0.587637 0.070000
v -0.151120 0.578366 0.068532
v -0.142757 0.570003 0.064270
v -0.136120 0.563366 0.057634
v -0.131859 0.559105 0.049270
v -0.130391 0.557637 0.040000
v -0.130391 0.557637 -0.040000
v -0.131859 0.559105 -0.049271
v -0.136120 0.563366 -0.057634
v -0.142757 0.570003 -0.064271
v -0.151120 0.578366 -0.068532
v -0.160391 0.587637 -0.070000
v -0.036367 0.587637 0.070000
v -0.027097 0.578366 0.068532
v -0.018734 0.570003 0.064270
v -0.012097 0.563366 0.057634
v -0.007835 0.559105 0.049270
v -0.006367 0.557637 0.040000
v -0.006367 0.557637 -0.040000
v -0.007835 0.559105 -0.049271
v -0.012097 0.563366 -0.057634
v -0.018734 0.570003 -0.064271
v -0.027097 0.578366 -0.068532
v -0.036367 0.587637 -0.070000
v -0.368398 0.476816 0.070000
v -0.359128 0.486087 0.068532
v -0.350765 0.494450 0.064270
v -0.344128 0.501087 0.057634
v -0.339867 0.505348 0.049270
v -0.338398 0.506816 0.040000
v -0.338398 0.506816 -0.040000
v -0.339867 0.505348 -0.049271
v -0.344128 0.501087 -0.057634
v -0.350765 0.494450 -0.064271
v -0.359128 0.486087 -0.068532
v -0.368398 0.476816 -0.070000
v -0.921152 0.476816 0.070000
v -0.930423 0.486087 0.068532
v -0.938786 0.494450 0.064270
v -0.945423 0.501087 0.057634
v -0.949684 0.505348 0.049270
v -0.951152 0.506816 0.040000
v -0.951152 0.506816 -0.040000
v -0.949684 0.505348 -0.049271
v -0.945423 0.501087 -0.057634
v -0.938786 0.494450 -0.064271
v -0.930423 0.486087 -0.068532
v -0.921152 0.476816 -0.070000
v -0.921152 -0.085215 0.070000
v -0.930423 -0.094485 0.068532
v -0.938786 -0.102848 0.064271
v -0.945423 -0.109485 0.057634
v -0.949684 -0.113747 0.049271
v -0.951152 -0.115215 0.040000
v -0.951152 -0.115215 -0.040000
v -0.949684 -0.113747 -0.049271
v -0.945423 -0.109485 -0.057634
v -0.938786 -0.102848 -0.064271
v -0.930423 -0.094485 -0.068532
v -0.921152 -0.085215 -0.070000
v -0.841055 -0.085215 0.070000
v -0.831784 -0.094485 0.068532
v -0.823421 -0.102848 0.064271
v -0.816784 -0.109485 0.057634
v -0.812523 -0.113747 0.049271
v -0.811055 -0.115215 0.040000
v -0.811055 -0.115215 -0.040000
v -0.812523 -0.113747 -0.049271
v -0.816784 -0.109485 -0.057634
v -0.823421 -0.102848 -0.064271
v -0.831784 -0.094485 -0.068532
v -0.841055 -0.085215 -0.070000
v -0.841055 -0.027109 0.070000
v -0.831784 -0.036380 0.068532
v -0.823421 -0.044743 0.064271
v -0.816784 -0.051380 0.057634
v -0.812523 -0.055641 0.049271
v -0.811055 -0.057109 0.040000
v -0.811055 -0.057109 -0.040000
v -0.812523 -0.055641 -0.049271
v -0.816784 -0.051380 -0.057634
v -0.823421 -0.044743 -0.064271
v -0.831784 -0.036380 -0.068532
v -0.841055 -0.027109 -0.070000
v -0.447520 -0.027109 0.070000
v -0.456790 -0.036380 0.068532
v -0.465153 -0.044743 0.064271
v -0.471790 -0.051380 0.057634
v -0.476051 -0.055641 0.049271
v -0.477520 -0.057109 0.040000
v -0.477520 -0.057109 -0.040000
v -0.476051 -0.055641 -0.049271
v -0.471790 -0.051380 -0.057634
v -0.465153 -0.044743 -0.064271
v -0.456790 -0.036380 -0.068532
v -0.447520 -0.027109 -0.070000
v -0.447520 -0.085215 0.070000
v -0.456790 -0.094485 0.068532
v -0.465153 -0.102848 0.064271
v -0.471790 -0.109485 0.057634
v -0.476051 -0.113747 0.049271
v -0.477520 -0.115215 0.040000
v -0.477520 -0.115215 -0.040000
v -0.476051 -0.113747 -0.049271
v -0.471790 -0.109485 -0.057634
v -0.465153 -0.102848 -0.064271
v -0.456790 -0.094485 -0.068532
v -0.447520 -0.085215 -0.070000
v -0.368398 -0.085215 0.070000
v -0.359128 -0.094485 0.068532
v -0.350765 -0.102848 0.064271
v -0.344128 -0.109485 0.057634
v -0.339867 -0.113747 0.049271
v -0.338398 -0.115215 0.040000
v -0.338398 -0.115215 -0.040000
v -0.339867 -0.113747 -0.049271
v -0.344128 -0.109485 -0.057634
v -0.350765 -0.102848 -0.064271
v -0.359128 -0.094485 -0.068532
v -0.368398 -0.085215 -0.070000
v -0.604238 0.409902 0.070000
v -0.594968 0.400632 0.068532
v -0.586605 0.392269 0.064270
v -0.579968 0.385632 0.057634
v -0.575707 0.381371 0.049270
v -0.574238 0.379902 0.040000
v -0.574238 0.379902 -0.040000
v -0.575707 0.381371 -0.049271
v -0.579968 0.385632 -0.057634
v -0.586605 0.392269 -0.064271
v -0.594968 0.400632 -0.068532
v -0.604238 0.409902 -0.070000
v -0.447520 0.409902 0.070000
v -0.456790 0.400632 0.068532
v -0.465153 0.392269 0.064270
v -0.471790 0.385632 0.057634
v -0.476051 0.381371 0.049270
v -0.477520 0.379902 0.040000
v -0.477520 0.379902 -0.040000
v -0.476051 0.381371 -0.049271
v -0.471790 0.385632 -0.057634
v -0.465153 0.392269 -0.064271
v -0.456790 0.400632 -0.068532
v -0.447520 0.409902 -0.070000
v -0.447520 0.261973 0.070000
v -0.456790 0.271243 0.068532
v -0.465153 0.279606 0.064270
v -0.471790 0.286243 0.057634
v -0.476051 0.290504 0.049270
v -0.477520 0.291973 0.040000
v -0.477520 0.291973 -0.040000
v -0.476051 0.290504 -0.049271
v -0.471790 0.286243 -0.057634
v -0.465153 0.279606 -0.064271
v -0.456790 0.271243 -0.068532
v -0.447520 0.261973 -0.070000
v -0.604238 0.261973 0.070000
v -0.594968 0.271243 0.068532
v -0.586605 0.279606 0.064270
v -0.579968 0.286243 0.057634
v -0.575707 0.290504 0.049270
v -0.574238 0.291973 0.040000
v -0.574238 0.291973 -0.040000
v -0.575707 0.290504 -0.049271
v -0.579968 0.286243 -0.057634
v -0.586605 0.279606 -0.064271
v -0.594968 0.271243 -0.068532
v -0.604238 0.261973 -0.070000
v -0.604238 0.198965 0.070000
v -0.594968 0.189694 0.068532
v -0.586605 0.181331 0.064271
v -0.579968 0.174694 0.057634
v -0.575707 0.170433 0.049271
v -0.574238 0.168965 0.040000
v -0.574238 0.168965 -0.040000
v -0.575707 0.170433 -0.049271
v -0.579968 0.174694 -0.057634
v -0.586605 0.181331 -0.064271
v -0.594968 0.189694 -0.068532
v -0.604238 0.198965 -0.070000
v -0.447520 0.198965 0.070000
v -0.456790 0.189694 0.068532
v -0.465153 0.181331 0.064271
v -0.471790 0.174694 0.057634
v -0.476051 0.170433 0.049271
v -0.477520 0.168965 0.040000
v -0.477520 0.168965 -0.040000
v -0.476051 0.170433 -0.049271
v -0.471790 0.174694 -0.057634
v -0.465153 0.181331 -0.064271
v -0.456790 0.189694 -0.068532
v -0.447520 0.198965 -0.070000
v -0.447520 0.041758 0.070000
v -0.456790 0.051028 0.068532
v -0.465153 0.059391 0.064271
v -0.471790 0.066028 0.057634
v -0.476051 0.070290 0.049271
v -0.477520 0.071758 0.040000
v -0.477520 0.071758 -0.040000
v -0.476051 0.070290 -0.049271
v -0.471790 0.066028 -0.057634
v -0.465153 0.059391 -0.064271
v -0.456790 0.051028 -0.068532
v -0.447520 0.041758 -0.070000
v -0.604238 0.041758 0.070000
v -0.594968 0.051028 0.068532
v -0.586605 0.059391 0.064271
v -0.579968 0.066028 0.057634
v -0.575707 0.070290 0.049271
v -0.574238 0.071758 0.040000
v -0.574238 0.071758 -0.040000
v -0.575707 0.070290 -0.049271
v -0.579968 0.066028 -0.057634
v -0.586605 0.059391 -0.064271
v -0.594968 0.051028 -0.068532
v -0.604238 0.041758 -0.070000
v -0.679453 0.041758 0.070000
v -0.688724 0.051028 0.068532
v -0.697087 0.059391 0.064271
v -0.703724 0.066028 0.057634
v -0.707985 0.070290 0.049271
v -0.709453 0.071758 0.040000
v -0.709453 0.071758 -0.040000
v -0.707985 0.070290 -0.049271
v -0.703724 0.066028 -0.057634
v -0.697087 0.059391 -0.064271
v -0.688724 0.051028 -0.068532
v -0.679453 0.041758 -0.070000
v -0.841055 0.041758 0.070000
v -0.831784 0.051028 0.068532
v -0.823421 0.059391 0.064271
v -0.816784 0.066028 0.057634
v -0.812523 0.070290 0.049271
v -0.811055 0.071758 0.040000
v -0.811055 0.071758 -0.040000
v -0.812523 0.070290 -0.049271
v -0.816784 0.066028 -0.057634
v -0.823421 0.059391 -0.064271
v -0.831784 0.051028 -0.068532
v -0.841055 0.041758 -0.070000
v -0.841055 0.198965 0.070000
v -0.831784 0.189694 0.068532
v -0.823421 0.181331 0.064271
v -0.816784 0.174694 0.057634
v -0.812523 0.170433 0.049271
v -0.811055 0.168965 0.040000
v -0.811055 0.168965 -0.040000
v -0.812523 0.170433 -0.049271
v -0.816784 0.174694 -0.057634
v -0.823421 0.181331 -0.064271
v -0.831784 0.189694 -0.068532
v -0.841055 0.198965 -0.070000
v -0.679453 0.198965 0.070000
v -0.688724 0.189694 0.068532
v -0.697087 0.181331 0.064271
v -0.703724 0.174694 0.057634
v -0.707985 0.170433 0.049271
v -0.709453 0.168965 0.040000
v -0.709453 0.168965 -0.040000
v -0.707985 0.170433 -0.049271
v -0.703724 0.174694 -0.057634
v -0.697087 0.181331 -0.064271
v -0.688724 0.189694 -0.068532
v -0.679453 0.198965 -0.070000
v -0.679453 0.261973 0.070000
v -0.688724 0.271243 0.068532
v -0.697087 0.279606 0.064270
v -0.703724 0.286243 0.057634
v -0.707985 0.290504 0.049270
v -0.709453 0.291973 0.040000
v -0.709453 0.291973 -0.040000
v -0.707985 0.290504 -0.049271
v -0.703724 0.286243 -0.057634
v -0.697087 0.279606 -0.064271
v -0.688724 0.271243 -0.068532
v -0.679453 0.261973 -0.070000
v -0.841055 0.261973 0.070000
v -0.831784 0.271243 0.068532
v -0.823421 0.279606 0.064270
v -0.816784 0.286243 0.057634
v -0.812523 0.290504 0.049270
v -0.811055 0.291973 0.040000
v -0.811055 0.291973 -0.040000
v -0.812523 0.290504 -0.049271
v -0.816784 0.286243 -0.057634
v -0.823421 0.279606 -0.064271
v -0.831784 0.271243 -0.068532
v -0.841055 0.261973 -0.070000
v -0.841055 0.409902 0.070000
v -0.831784 0.400632 0.068532
v -0.823421 0.392269 0.064270
v -0.816784 0.385632 0.057634
v -0.812523 0.381371 0.049270
v -0.811055 0.379902 0.040000
v -0.811055 0.379902 -0.040000
v -0.812523 0.381371 -0.049271
v -0.816784 0.385632 -0.057634
v -0.823421 0.392269 -0.064271
v -0.831784 0.400632 -0.068532
v -0.841055 0.409902 -0.070000
v -0.679453 0.409902 0.070000
v -0.688724 0.400632 0.068532
v -0.697087 0.392269 0.064270
v -0.703724 0.385632 0.057634
v -0.707985 0.381371 0.049270
v -0.709453 0.379902 0.040000
v -0.709453 0.379902 -0.040000
v -0.707985 0.381371 -0.049271
v -0.703724 0.385632 -0.057634
v -0.697087 0.392269 -0.064271
v -0.688724 0.400632 -0.068532
v -0.679453 0.409902 -0.070000
v -1.817227 0.598887 0.070000
v -1.807956 0.608157 0.068532
v -1.799593 0.616520 0.064270
v -1.792956 0.623157 0.057634
v -1.788695 0.627418 0.049270
v -1.787227 0.628887 0.040000
v -1.787227 0.628887 -0.040000
v -1.788695 0.627418 -0.049271
v -1.792956 0.623157 -0.057634
v -1.799593 0.616520 -0.064271
v -1.807956 0.608157 -0.068532
v -1.817227 0.598887 -0.070000
v -1.817227 0.820078 0.070000
v -1.807956 0.829349 0.068532
v -1.799593 0.837712 0.064270
v -1.792956 0.844349 0.057634
v -1.788695 0.848610 0.049270
v -1.787227 0.850078 0.040000
v -1.787227 0.850078 -0.040000
v -1.788695 0.848610 -0.049271
v -1.792956 0.844349 -0.057634
v -1.799593 0.837712 -0.064271
v -1.807956 0.829349 -0.068532
v -1.817227 0.820078 -0.070000
v -1.906113 0.820078 0.070000
v -1.915384 0.829349 0.068532
v -1.923747 0.837712 0.064270
v -1.930384 0.844349 0.057634
v -1.934645 0.848610 0.049270
v -1.936113 0.850078 0.040000
v -1.936113 0.850078 -0.040000
v -1.934645 0.848610 -0.049271
v -1.930384 0.844349 -0.057634
v -1.923747 0.837712 -0.064271
v -1.915384 0.829349 -0.068532
v -1.906113 0.820078 -0.070000
v -1.906113 0.598887 0.070000
v -1.915384 0.608157 0.068532
v -1.923747 0.616520 0.064270
v -1.930384 0.623157 0.057634
v -1.934645 0.627418 0.049270
v -1.936113 0.628887 0.040000
v -1.936113 0.628887 -0.040000
v -1.934645 0.627418 -0.049271
v -1.930384 0.623157 -0.057634
v -1.923747 0.616520 -0.064271
v -1.915384 0.608157 -0.068532
v -1.906113 0.598887 -0.070000
v -2.093125 0.598887 0.070000
v -2.102396 0.608157 0.068532
v -2.110759 0.616520 0.064270
v -2.117396 0.623157 0.057634
v -2.121657 0.627418 0.049270
v -2.123125 0.628887 0.040000
v -2.123125 0.628887 -0.040000
v -2.121657 0.627418 -0.049271
v -2.117396 0.623157 -0.057634
v -2.110759 0.616520 -0.064271
v -2.102396 0.608157 -0.068532
v -2.093125 0.598887 -0.070000
v -2.093125 0.519766 0.070000
v -2.102396 0.510495 0.068532
v -2.110759 0.502132 0.064270
v -2.117396 0.495495 0.057634
v -2.121657 0.491234 0.049270
v -2.123125 0.489766 0.040000
v -2.123125 0.489766 -0.040000
v -2.121657 0.491234 -0.049271
v -2.117396 0.495495 -0.057634
v -2.110759 0.502132 -0.064271
v -2.102396 0.510495 -0.068532
v -2.093125 0.519766 -0.070000
v -1.906113 0.519766 0.070000
v -1.915384 0.510495 0.068532
v -1.923747 0.502132 0.064270
v -1.930384 0.495495 0.057634
v -1.934645 0.491234 0.049270
v -1.936113 0.489766 0.040000
v -1.936113 0.489766 -0.040000
v -1.934645 0.491234 -0.049271
v -1.930384 0.495495 -0.057634
v -1.923747 0.502132 -0.064271
v -1.915384 0.510495 -0.068532
v -1.906113 0.519766 -0.070000
v -1.906113 0.429706 0.070000
v -1.915384 0.429689 0.068532
v -1.923747 0.429673 0.064270
v -1.930384 0.429661 0.057634
v -1.934645 0.429653 0.049270
v -1.936113 0.429651 0.040000
v -1.936113 0.429651 -0.040000
v -1.934645 0.429653 -0.049271
v -1.930384 0.429661 -0.057634
v -1.923747 0.429673 -0.064271
v -1.915384 0.429689 -0.068532
v -1.906113 0.429706 -0.070000
v -1.906015 0.402990 0.070000
v -1.915285 0.402919 0.068532
v -1.923648 0.402855 0.064270
v -1.930285 0.402805 0.057634
v -1.934546 0.402772 0.049270
v -1.936015 0.402761 0.040000
v -1.936015 0.402761 -0.040000
v -1.934546 0.402772 -0.049271
v -1.930285 0.402805 -0.057634
v -1.923648 0.402855 -0.064271
v -1.915285 0.402919 -0.068532
v -1.906015 0.402990 -0.070000
v -1.905721 0.377601 0.070000
v -1.914990 0.377453 0.068532
v -1.923352 0.377320 0.064270
v -1.929989 0.377214 0.057634
v -1.934249 0.377146 0.049270
v -1.935717 0.377122 0.040000
v -1.935717 0.377122 -0.040000
v -1.934249 0.377146 -0.049271
v -1.929989 0.377214 -0.057634
v -1.923352 0.377320 -0.064271
v -1.914990 0.377453 -0.068532
v -1.905721 0.377601 -0.070000
v -1.905231 0.353524 0.070000
v -1.914499 0.353290 0.068532
v -1.922859 0.353079 0.064270
v -1.929494 0.352912 0.057634
v -1.933754 0.352804 0.049270
v -1.935222 0.352767 0.040000
v -1.935222 0.352767 -0.040000
v -1.933754 0.352804 -0.049271
v -1.929494 0.352912 -0.057634
v -1.922859 0.353079 -0.064271
v -1.914499 0.353290 -0.068532
v -1.905231 0.353524 -0.070000
v -1.904546 0.330759 0.070000
v -1.913811 0.330430 0.068532
v -1.922169 0.330132 0.064270
v -1.928802 0.329896 0.057634
v -1.933060 0.329745 0.049270
v -1.934528 0.329693 0.040000
v -1.934528 0.329693 -0.040000
v -1.933060 0.329745 -0.049271
v -1.928802 0.329896 -0.057634
v -1.922169 0.330132 -0.064271
v -1.913811 0.330430 -0.068532
v -1.904546 0.330759 -0.070000
v -1.903666 0.309309 0.070000
v -1.912926 0.308872 0.068532
v -1.921280 0.308478 0.064270
v -1.927910 0.308165 0.057634
v -1.932166 0.307964 0.049270
v -1.933633 0.307895 0.040000
v -1.933633 0.307895 -0.040000
v -1.932166 0.307964 -0.049271
v -1.927910 0.308165 -0.057634
v -1.921280 0.308478 -0.064271
v -1.912926 0.308872 -0.068532
v -1.903666 0.309309 -0.070000
v -1.902591 0.289177 0.070000
v -1.911845 0.288618 0.068532
v -1.920193 0.288114 0.064270
v -1.926818 0.287714 0.057634
v -1.931072 0.287457 0.049270
v -1.932537 0.287368 0.040000
v -1.932537 0.287368 -0.040000
v -1.931072 0.287457 -0.049271
v -1.926818 0.287714 -0.057634
v -1.920193 0.288114 -0.064271
v -1.911845 0.288618 -0.068532
v -1.902591 0.289177 -0.070000
v -1.901323 0.270365 0.070000
v -1.910567 0.269668 0.068532
v -1.918907 0.269038 0.064270
v -1.925525 0.268539 0.057634
v -1.929775 0.268218 0.049270
v -1.931239 0.268108 0.040000
v -1.931239 0.268108 -0.040000
v -1.929775 0.268218 -0.049271
v -1.925525 0.268539 -0.057634
v -1.918907 0.269038 -0.064271
v -1.910567 0.269668 -0.068532
v -1.901323 0.270365 -0.070000
v -1.899862 0.252878 0.070000
v -1.909093 0.252021 0.068532
v -1.917421 0.251247 0.064271
v -1.924030 0.250634 0.057634
v -1.928273 0.250240 0.049270
v -1.929735 0.250104 0.040000
v -1.929735 0.250104 -0.040000
v -1.928273 0.250240 -0.049271
v -1.924030 0.250634 -0.057634
v -1.917421 0.251247 -0.064271
v -1.909093 0.252021 -0.068532
v -1.899862 0.252878 -0.070000
v -1.898211 0.236720 0.070000
v -1.907423 0.235678 0.068532
v -1.915734 0.234738 0.064271
v -1.922329 0.233991 0.057634
v -1.926564 0.233512 0.049270
v -1.928023 0.233347 0.040000
v -1.928023 0.233347 -0.040000
v -1.926564 0.233512 -0.049271
v -1.922329 0.233991 -0.057634
v -1.915734 0.234738 -0.064271
v -1.907423 0.235678 -0.068532
v -1.898211 0.236720 -0.070000
v -1.896372 0.221899 0.070000
v -1.905557 0.220639 0.068532
v -1.913843 0.219503 0.064271
v -1.920419 0.218602 0.057634
v -1.924641 0.218023 0.049270
v -1.926096 0.217824 0.040000
v -1.926096 0.217824 -0.040000
v -1.924641 0.218023 -0.049271
v -1.920419 0.218602 -0.057634
v -1.913843 0.219503 -0.064271
v -1.905557 0.220639 -0.068532
v -1.896372 0.221899 -0.070000
v -1.894348 0.208424 0.070000
v -1.903495 0.206906 0.068532
v -1.911746 0.205538 0.064271
v -1.918295 0.204452 0.057634
v -1.922499 0.203755 0.049271
v -1.923948 0.203514 0.040000
v -1.923948 0.203514 -0.040000
v -1.922499 0.203755 -0.049271
v -1.918295 0.204452 -0.057634
v -1.911746 0.205538 -0.064271
v -1.903495 0.206906 -0.068532
v -1.894348 0.208424 -0.070000
v -1.892167 0.196415 0.070000
v -1.901239 0.194488 0.068532
v -1.909423 0.192749 0.064271
v -1.915918 0.191368 0.057634
v -1.920088 0.190482 0.049271
v -1.921525 0.190177 0.040000
v -1.921525 0.190177 -0.040000
v -1.920088 0.190482 -0.049271
v -1.915918 0.191368 -0.057634
v -1.909423 0.192749 -0.064271
v -1.901239 0.194488 -0.068532
v -1.892167 0.196415 -0.070000
v -1.885218 0.167904 0.070000
v -1.894128 0.165311 0.068532
v -1.902166 0.162972 0.064271
v -1.908544 0.161116 0.057634
v -1.912640 0.159924 0.049271
v -1.914051 0.159513 0.040000
v -1.914051 0.159513 -0.040000
v -1.912640 0.159924 -0.049271
v -1.908544 0.161116 -0.057634
v -1.902166 0.162972 -0.064271
v -1.894128 0.165311 -0.068532
v -1.885218 0.167904 -0.070000
v -1.876015 0.140799 0.070000
v -1.884658 0.137419 0.068532
v -1.892455 0.134370 0.064271
v -1.898642 0.131950 0.057634
v -1.902615 0.130397 0.049271
v -1.903984 0.129861 0.040000
v -1.903984 0.129861 -0.040000
v -1.902615 0.130397 -0.049271
v -1.898642 0.131950 -0.057634
v -1.892455 0.134370 -0.064271
v -1.884658 0.137419 -0.068532
v -1.876015 0.140799 -0.070000
v -1.864529 0.114957 0.070000
v -1.872827 0.110801 0.068532
v -1.880313 0.107051 0.064271
v -1.886253 0.104076 0.057634
v -1.890067 0.102166 0.049271
v -1.891382 0.101508 0.040000
v -1.891382 0.101508 -0.040000
v -1.890067 0.102166 -0.049271
v -1.886253 0.104076 -0.057634
v -1.880313 0.107051 -0.064271
v -1.872827 0.110801 -0.068532
v -1.864529 0.114957 -0.070000
v -1.850755 0.090356 0.070000
v -1.858636 0.085455 0.068532
v -1.865745 0.081034 0.064271
v -1.871387 0.077525 0.057634
v -1.875009 0.075272 0.049271
v -1.876257 0.074496 0.040000
v -1.876257 0.074496 -0.040000
v -1.875009 0.075272 -0.049271
v -1.871387 0.077525 -0.057634
v -1.865745 0.081034 -0.064271
v -1.858636 0.085455 -0.068532
v -1.850755 0.090356 -0.070000
v -1.834680 0.066978 0.070000
v -1.842082 0.061381 0.068532
v -1.848759 0.056331 0.064271
v -1.854059 0.052324 0.057634
v -1.857461 0.049752 0.049271
v -1.858633 0.048865 0.040000
v -1.858633 0.048865 -0.040000
v -1.857461 0.049752 -0.049271
v -1.854059 0.052324 -0.057634
v -1.848759 0.056331 -0.064271
v -1.842082 0.061381 -0.068532
v -1.834680 0.066978 -0.070000
v -1.816287 0.044805 0.070000
v -1.823165 0.038576 0.068532
v -1.829369 0.032957 0.064271
v -1.834293 0.028497 0.057634
v -1.837454 0.025634 0.049271
v -1.838544 0.024647 0.040000
v -1.838544 0.024647 -0.040000
v -1.837454 0.025634 -0.049271
v -1.834293 0.028497 -0.057634
v -1.829369 0.032957 -0.064271
v -1.823165 0.038576 -0.068532
v -1.816287 0.044805 -0.070000
v -1.795559 0.023830 0.070000
v -1.801883 0.017041 0.068532
v -1.807588 0.010916 0.064271
v -1.812116 0.006056 0.057634
v -1.815023 0.002935 0.049271
v -1.816025 0.001859 0.040000
v -1.816025 0.001859 -0.040000
v -1.815023 0.002935 -0.049271
v -1.812116 0.006056 -0.057634
v -1.807588 0.010916 -0.064271
v -1.801883 0.017041 -0.068532
v -1.795559 0.023830 -0.070000
v -1.772478 0.004049 0.070000
v -1.778236 -0.003225 0.068532
v -1.783431 -0.009787 0.064271
v -1.787554 -0.014995 0.057634
v -1.790201 -0.018338 0.049271
v -1.791113 -0.019490 0.040000
v -1.791113 -0.019490 -0.040000
v -1.790201 -0.018338 -0.049271
v -1.787554 -0.014995 -0.057634
v -1.783431 -0.009787 -0.064271
v -1.778236 -0.003225 -0.068532
v -1.772478 0.004049 -0.070000
v -1.747026 -0.014538 0.070000
v -1.752222 -0.022222 0.068532
v -1.756909 -0.029155 0.064271
v -1.760629 -0.034657 0.057634
v -1.763017 -0.038189 0.049271
v -1.763840 -0.039406 0.040000
v -1.763840 -0.039406 -0.040000
v -1.763017 -0.038189 -0.049271
v -1.760629 -0.034657 -0.057634
v -1.756909 -0.029155 -0.064271
v -1.752222 -0.022222 -0.068532
v -1.747026 -0.014538 -0.070000
v -1.719192 -0.031923 0.070000
v -1.723840 -0.039950 0.068532
v -1.728032 -0.047191 0.064271
v -1.731360 -0.052938 0.057634
v -1.733496 -0.056628 0.049271
v -1.734233 -0.057899 0.040000
v -1.734233 -0.057899 -0.040000
v -1.733496 -0.056628 -0.049271
v -1.731360 -0.052938 -0.057634
v -1.728032 -0.047191 -0.064271
v -1.723840 -0.039950 -0.068532
v -1.719192 -0.031923 -0.070000
v -1.688966 -0.048099 0.070000
v -1.693089 -0.056407 0.068532
v -1.696808 -0.063902 0.064271
v -1.699760 -0.069850 0.057634
v -1.701655 -0.073669 0.049271
v -1.702308 -0.074985 0.040000
v -1.702308 -0.074985 -0.040000
v -1.701655 -0.073669 -0.049271
v -1.699760 -0.069850 -0.057634
v -1.696808 -0.063902 -0.064271
v -1.693089 -0.056407 -0.068532
v -1.688966 -0.048099 -0.070000
v -1.663252 -0.059890 0.070000
v -1.660473 -0.071363 0.068532
v -1.657965 -0.081713 0.064271
v -1.655975 -0.089927 0.057634
v -1.654697 -0.095201 0.049271
v -1.654257 -0.097018 0.040000
v -1.654257 -0.097018 -0.040000
v -1.654697 -0.095201 -0.049271
v -1.655975 -0.089927 -0.057634
v -1.657965 -0.081713 -0.064271
v -1.660473 -0.071363 -0.068532
v -1.663252 -0.059890 -0.070000
v -1.609927 0.008051 0.070000
v -1.595473 0.011451 0.068532
v -1.582434 0.014519 0.064271
v -1.572087 0.016953 0.057634
v -1.565443 0.018516 0.049271
v -1.563154 0.019054 0.040000
v -1.563154 0.019054 -0.040000
v -1.565443 0.018516 -0.049271
v -1.572087 0.016953 -0.057634
v -1.582434 0.014519 -0.064271
v -1.595473 0.011451 -0.068532
v -1.609927 0.008051 -0.070000
v -1.619627 0.012656 0.070000
v -1.615488 0.020954 0.068532
v -1.611755 0.028439 0.064271
v -1.608792 0.034379 0.057634
v -1.606889 0.038193 0.049271
v -1.606234 0.039507 0.040000
v -1.606234 0.039507 -0.040000
v -1.606889 0.038193 -0.049271
v -1.608792 0.034379 -0.057634
v -1.611755 0.028439 -0.064271
v -1.615488 0.020954 -0.068532
v -1.619627 0.012656 -0.070000
v -1.639658 0.023138 0.070000
v -1.635188 0.031262 0.068532
v -1.631155 0.038591 0.064271
v -1.627955 0.044407 0.057634
v -1.625901 0.048141 0.049271
v -1.625193 0.049428 0.040000
v -1.625193 0.049428 -0.040000
v -1.625901 0.048141 -0.049271
v -1.627955 0.044407 -0.057634
v -1.631155 0.038591 -0.064271
v -1.635188 0.031262 -0.068532
v -1.639658 0.023138 -0.070000
v -1.658555 0.034057 0.070000
v -1.653736 0.041979 0.068532
v -1.649389 0.049126 0.064271
v -1.645939 0.054798 0.057634
v -1.643724 0.058439 0.049271
v -1.642961 0.059694 0.040000
v -1.642961 0.059694 -0.040000
v -1.643724 0.058439 -0.049271
v -1.645939 0.054798 -0.057634
v -1.649389 0.049126 -0.064271
v -1.653736 0.041979 -0.068532
v -1.658555 0.034057 -0.070000
v -1.676317 0.045417 0.070000
v -1.671133 0.053106 0.068532
v -1.666456 0.060042 0.064271
v -1.662744 0.065546 0.057634
v -1.660361 0.069080 0.049271
v -1.659540 0.070298 0.040000
v -1.659540 0.070298 -0.040000
v -1.660361 0.069080 -0.049271
v -1.662744 0.065546 -0.057634
v -1.666456 0.060042 -0.064271
v -1.671133 0.053106 -0.068532
v -1.676317 0.045417 -0.070000
v -1.692942 0.057224 0.070000
v -1.687378 0.064642 0.068532
v -1.682358 0.071335 0.064271
v -1.678374 0.076646 0.057634
v -1.675817 0.080056 0.049271
v -1.674935 0.081231 0.040000
v -1.674935 0.081231 -0.040000
v -1.675817 0.080056 -0.049271
v -1.678374 0.076646 -0.057634
v -1.682358 0.071335 -0.064271
v -1.687378 0.064642 -0.068532
v -1.692942 0.057224 -0.070000
v -1.708427 0.069480 0.070000
v -1.702471 0.076589 0.068532
v -1.697098 0.083002 0.064271
v -1.692833 0.088091 0.057634
v -1.690096 0.091359 0.049271
v -1.689152 0.092485 0.040000
v -1.689152 0.092485 -0.040000
v -1.690096 0.091359 -0.049271
v -1.692833 0.088091 -0.057634
v -1.697098 0.083002 -0.064271
v -1.702471 0.076589 -0.068532
v -1.708427 0.069480 -0.070000
v -1.722767 0.082191 0.070000
v -1.716411 0.088946 0.068532
v -1.710678 0.095040 0.064271
v -1.706128 0.099876 0.057634
v -1.703207 0.102981 0.049271
v -1.702200 0.104050 0.040000
v -1.702200 0.104050 -0.040000
v -1.703207 0.102981 -0.049271
v -1.706128 0.099876 -0.057634
v -1.710678 0.095040 -0.064271
v -1.716411 0.088946 -0.068532
v -1.722767 0.082191 -0.070000
v -1.735956 0.095359 0.070000
v -1.729199 0.101714 0.068532
v -1.723104 0.107446 0.064271
v -1.718267 0.111995 0.057634
v -1.715161 0.114916 0.049271
v -1.714091 0.115922 0.040000
v -1.714091 0.115922 -0.040000
v -1.715161 0.114916 -0.049271
v -1.718267 0.111995 -0.057634
v -1.723104 0.107446 -0.064271
v -1.729199 0.101714 -0.068532
v -1.735956 0.095359 -0.070000
v -1.747987 0.108987 0.070000
v -1.740834 0.114892 0.068532
v -1.734381 0.120219 0.064271
v -1.729260 0.124447 0.057634
v -1.725972 0.127161 0.049271
v -1.724839 0.128096 0.040000
v -1.724839 0.128096 -0.040000
v -1.725972 0.127161 -0.049271
v -1.729260 0.124447 -0.057634
v -1.734381 0.120219 -0.064271
v -1.740834 0.114892 -0.068532
v -1.747987 0.108987 -0.070000
v -1.758852 0.123074 0.070000
v -1.751315 0.128481 0.068532
v -1.744515 0.133359 0.064271
v -1.739119 0.137230 0.057634
v -1.735655 0.139715 0.049271
v -1.734461 0.140572 0.040000
v -1.734461 0.140572 -0.040000
v -1.735655 0.139715 -0.049271
v -1.739119 0.137230 -0.057634
v -1.744515 0.133359 -0.064271
v -1.751315 0.128481 -0.068532
v -1.758852 0.123074 -0.070000
v -1.768541 0.137618 0.070000
v -1.760641 0.142480 0.068532
v -1.753514 0.146867 0.064271
v -1.747859 0.150348 0.057634
v -1.744227 0.152583 0.049271
v -1.742976 0.153353 0.040000
v -1.742976 0.153353 -0.040000
v -1.744227 0.152583 -0.049271
v -1.747859 0.150348 -0.057634
v -1.753514 0.146867 -0.064271
v -1.760641 0.142480 -0.068532
v -1.768541 0.137618 -0.070000
v -1.777033 0.152595 0.070000
v -1.768811 0.156889 0.068532
v -1.761394 0.160762 0.064271
v -1.755507 0.163837 0.057634
v -1.751728 0.165810 0.049271
v -1.750425 0.166490 0.040000
v -1.750425 0.166490 -0.040000
v -1.751728 0.165810 -0.049271
v -1.755507 0.163837 -0.057634
v -1.761394 0.160762 -0.064271
v -1.768811 0.156889 -0.068532
v -1.777033 0.152595 -0.070000
v -1.782007 0.162977 0.070000
v -1.773556 0.166794 0.068532
v -1.765932 0.170236 0.064271
v -1.759882 0.172969 0.057634
v -1.755997 0.174723 0.049271
v -1.754659 0.175327 0.040000
v -1.754659 0.175327 -0.040000
v -1.755997 0.174723 -0.049271
v -1.759882 0.172969 -0.057634
v -1.765932 0.170236 -0.064271
v -1.773556 0.166794 -0.068532
v -1.782007 0.162977 -0.070000
v -1.786593 0.173776 0.070000
v -1.777983 0.177219 0.068532
v -1.770216 0.180325 0.064271
v -1.764053 0.182790 0.057634
v -1.760095 0.184373 0.049271
v -1.758731 0.184918 0.040000
v -1.758731 0.184918 -0.040000
v -1.760095 0.184373 -0.049271
v -1.764053 0.182790 -0.057634
v -1.770216 0.180325 -0.064271
v -1.777983 0.177219 -0.068532
v -1.786593 0.173776 -0.070000
v -1.790840 0.185085 0.070000
v -1.782097 0.188173 0.068532
v -1.774209 0.190958 0.064271
v -1.767950 0.193168 0.057634
v -1.763931 0.194587 0.049271
v -1.762546 0.195076 0.040000
v -1.762546 0.195076 -0.040000
v -1.763931 0.194587 -0.049271
v -1.767950 0.193168 -0.057634
v -1.774209 0.190958 -0.064271
v -1.782097 0.188173 -0.068532
v -1.790840 0.185085 -0.070000
v -1.794752 0.196904 0.070000
v -1.785897 0.199653 0.068532
v -1.777908 0.202134 0.064271
v -1.771569 0.204103 0.057634
v -1.767499 0.205366 0.049271
v -1.766096 0.205802 0.040000
v -1.766096 0.205802 -0.040000
v -1.767499 0.205366 -0.049271
v -1.771569 0.204103 -0.057634
v -1.777908 0.202134 -0.064271
v -1.785897 0.199653 -0.068532
v -1.794752 0.196904 -0.070000
v -1.798331 0.209231 0.070000
v -1.789383 0.211662 0.068532
v -1.781311 0.213854 0.064271
v -1.774905 0.215594 0.057634
v -1.770792 0.216712 0.049270
v -1.769375 0.217096 0.040000
v -1.769375 0.217096 -0.040000
v -1.770792 0.216712 -0.049271
v -1.774905 0.215594 -0.057634
v -1.781311 0.213854 -0.064271
v -1.789383 0.211662 -0.068532
v -1.798331 0.209231 -0.070000
v -1.801580 0.222068 0.070000
v -1.792556 0.224198 0.068532
v -1.784415 0.226119 0.064271
v -1.777955 0.227643 0.057634
v -1.773807 0.228622 0.049270
v -1.772378 0.228959 0.040000
v -1.772378 0.228959 -0.040000
v -1.773807 0.228622 -0.049271
v -1.777955 0.227643 -0.057634
v -1.784415 0.226119 -0.064271
v -1.792556 0.224198 -0.068532
v -1.801580 0.222068 -0.070000
v -1.804502 0.235416 0.070000
v -1.795416 0.237261 0.068532
v -1.787219 0.238926 0.064271
v -1.780714 0.240247 0.057634
v -1.776538 0.241096 0.049270
v -1.775099 0.241388 0.040000
v -1.775099 0.241388 -0.040000
v -1.776538 0.241096 -0.049271
v -1.780714 0.240247 -0.057634
v -1.787219 0.238926 -0.064271
v -1.795416 0.237261 -0.068532
v -1.804502 0.235416 -0.070000
v -1.807099 0.249274 0.070000
v -1.797963 0.250852 0.068532
v -1.789721 0.252276 0.064271
v -1.783180 0.253407 0.057634
v -1.778981 0.254132 0.049270
v -1.777534 0.254382 0.040000
v -1.777534 0.254382 -0.040000
v -1.778981 0.254132 -0.049271
v -1.783180 0.253407 -0.057634
v -1.789721 0.252276 -0.064271
v -1.797963 0.250852 -0.068532
v -1.807099 0.249274 -0.070000
v -1.809373 0.263643 0.070000
v -1.800197 0.264971 0.068532
v -1.791919 0.266169 0.064270
v -1.785350 0.267119 0.057634
v -1.781133 0.267730 0.049270
v -1.779679 0.267940 0.040000
v -1.779679 0.267940 -0.040000
v -1.781133 0.267730 -0.049271
v -1.785350 0.267119 -0.057634
v -1.791919 0.266169 -0.064271
v -1.800197 0.264971 -0.068532
v -1.809373 0.263643 -0.070000
v -1.811326 0.278526 0.070000
v -1.802119 0.279618 0.068532
v -1.793813 0.280603 0.064270
v -1.787222 0.281385 0.057634
v -1.782990 0.281887 0.049270
v -1.781532 0.282060 0.040000
v -1.781532 0.282060 -0.040000
v -1.782990 0.281887 -0.049271
v -1.787222 0.281385 -0.057634
v -1.793813 0.280603 -0.064271
v -1.802119 0.279618 -0.068532
v -1.811326 0.278526 -0.070000
v -1.812958 0.293922 0.070000
v -1.803728 0.294792 0.068532
v -1.795401 0.295577 0.064270
v -1.788793 0.296201 0.057634
v -1.784551 0.296601 0.049270
v -1.783089 0.296739 0.040000
v -1.783089 0.296739 -0.040000
v -1.784551 0.296601 -0.049271
v -1.788793 0.296201 -0.057634
v -1.795401 0.295577 -0.064271
v -1.803728 0.294792 -0.068532
v -1.812958 0.293922 -0.070000
v -1.814272 0.309833 0.070000
v -1.805025 0.310495 0.068532
v -1.796682 0.311092 0.064270
v -1.790062 0.311565 0.057634
v -1.785811 0.311869 0.049270
v -1.784347 0.311974 0.040000
v -1.784347 0.311974 -0.040000
v -1.785811 0.311869 -0.049271
v -1.790062 0.311565 -0.057634
v -1.796682 0.311092 -0.064271
v -1.805025 0.310495 -0.068532
v -1.814272 0.309833 -0.070000
v -1.814749 0.317711 0.070000
v -1.805493 0.318237 0.068532
v -1.797143 0.318711 0.064270
v -1.790517 0.319087 0.057634
v -1.786263 0.319328 0.049270
v -1.784797 0.319412 0.040000
v -1.784797 0.319412 -0.040000
v -1.786263 0.319328 -0.049271
v -1.790517 0.319087 -0.057634
v -1.797143 0.318711 -0.064271
v -1.805493 0.318237 -0.068532
v -1.814749 0.317711 -0.070000
v -1.815180 0.325839 0.070000
v -1.805921 0.326299 0.068532
v -1.797568 0.326713 0.064270
v -1.790939 0.327041 0.057634
v -1.786683 0.327252 0.049270
v -1.785216 0.327325 0.040000
v -1.785216 0.327325 -0.040000
v -1.786683 0.327252 -0.049271
v -1.790939 0.327041 -0.057634
v -1.797568 0.326713 -0.064271
v -1.805921 0.326299 -0.068532
v -1.815180 0.325839 -0.070000
v -1.815569 0.334288 0.070000
v -1.806307 0.334686 0.068532
v -1.797952 0.335044 0.064270
v -1.791321 0.335329 0.057634
v -1.787064 0.335511 0.049270
v -1.785597 0.335574 0.040000
v -1.785597 0.335574 -0.040000
v -1.787064 0.335511 -0.049271
v -1.791321 0.335329 -0.057634
v -1.797952 0.335044 -0.064271
v -1.806307 0.334686 -0.068532
v -1.815569 0.334288 -0.070000
v -1.815918 0.343057 0.070000
v -1.806653 0.343398 0.068532
v -1.798296 0.343705 0.064270
v -1.791663 0.343949 0.057634
v -1.787405 0.344105 0.049270
v -1.785938 0.344159 0.040000
v -1.785938 0.344159 -0.040000
v -1.787405 0.344105 -0.049271
v -1.791663 0.343949 -0.057634
v -1.798296 0.343705 -0.064271
v -1.806653 0.343398 -0.068532
v -1.815918 0.343057 -0.070000
v -1.816225 0.352148 0.070000
v -1.806959 0.352435 0.068532
v -1.798600 0.352694 0.064270
v -1.791966 0.352900 0.057634
v -1.787707 0.353032 0.049270
v -1.786239 0.353078 0.040000
v -1.786239 0.353078 -0.040000
v -1.787707 0.353032 -0.049271
v -1.791966 0.352900 -0.057634
v -1.798600 0.352694 -0.064271
v -1.806959 0.352435 -0.068532
v -1.816225 0.352148 -0.070000
v -1.816491 0.361560 0.070000
v -1.807223 0.361798 0.068532
v -1.798863 0.362012 0.064270
v -1.792228 0.362183 0.057634
v -1.787969 0.362292 0.049270
v -1.786501 0.362330 0.040000
v -1.786501 0.362330 -0.040000
v -1.787969 0.362292 -0.049271
v -1.792228 0.362183 -0.057634
v -1.798863 0.362012 -0.064271
v -1.807223 0.361798 -0.068532
v -1.816491 0.361560 -0.070000
v -1.816716 0.371294 0.070000
v -1.807447 0.371486 0.068532
v -1.799086 0.371659 0.064270
v -1.792450 0.371796 0.057634
v -1.788190 0.371884 0.049270
v -1.786722 0.371915 0.040000
v -1.786722 0.371915 -0.040000
v -1.788190 0.371884 -0.049271
v -1.792450 0.371796 -0.057634
v -1.799086 0.371659 -0.064271
v -1.807447 0.371486 -0.068532
v -1.816716 0.371294 -0.070000
v -1.816900 0.381350 0.070000
v -1.807630 0.381499 0.068532
v -1.799268 0.381633 0.064270
v -1.792632 0.381739 0.057634
v -1.788372 0.381808 0.049270
v -1.786904 0.381831 0.040000
v -1.786904 0.381831 -0.040000
v -1.788372 0.381808 -0.049271
v -1.792632 0.381739 -0.057634
v -1.799268 0.381633 -0.064271
v -1.807630 0.381499 -0.068532
v -1.816900 0.381350 -0.070000
v -1.817043 0.391729 0.070000
v -1.807773 0.391837 0.068532
v -1.799410 0.391935 0.064270
v -1.792774 0.392012 0.057634
v -1.788513 0.392062 0.049270
v -1.787045 0.392079 0.040000
v -1.787045 0.392079 -0.040000
v -1.788513 0.392062 -0.049271
v -1.792774 0.392012 -0.057634
v -1.799410 0.391935 -0.064271
v -1.807773 0.391837 -0.068532
v -1.817043 0.391729 -0.070000
v -1.817145 0.402431 0.070000
v -1.807875 0.402501 0.068532
v -1.799512 0.402564 0.064270
v -1.792875 0.402614 0.057634
v -1.788614 0.402646 0.049270
v -1.787146 0.402657 0.040000
v -1.787146 0.402657 -0.040000
v -1.788614 0.402646 -0.049271
v -1.792875 0.402614 -0.057634
v -1.799512 0.402564 -0.064271
v -1.807875 0.402501 -0.068532
v -1.817145 0.402431 -0.070000
v -1.817206 0.413456 0.070000
v -1.807936 0.413490 0.068532
v -1.799573 0.413521 0.064270
v -1.792936 0.413545 0.057634
v -1.788675 0.413561 0.049270
v -1.787206 0.413566 0.040000
v -1.787206 0.413566 -0.040000
v -1.788675 0.413561 -0.049271
v -1.792936 0.413545 -0.057634
v -1.799573 0.413521 -0.064271
v -1.807936 0.413490 -0.068532
v -1.817206 0.413456 -0.070000
v -1.817227 0.424796 0.070000
v -1.807956 0.424804 0.068532
v -1.799593 0.424812 0.064270
v -1.792956 0.424818 0.057634
v -1.788695 0.424821 0.049270
v -1.787227 0.424823 0.040000
v -1.787227 0.424823 -0.040000
v -1.788695 0.424821 -0.049271
v -1.792956 0.424818 -0.057634
v -1.799593 0.424812 -0.064271
v -1.807956 0.424804 -0.068532
v -1.817227 0.424796 -0.070000
v -1.817227 0.519766 0.070000
v -1.807956 0.510495 0.068532
v -1.799593 0.502132 0.064270
v -1.792956 0.495495 0.057634
v -1.788695 0.491234 0.049270
v -1.787227 0.489766 0.040000
v -1.787227 0.489766 -0.040000
v -1.788695 0.491234 -0.049271
v -1.792956 0.495495 -0.057634
v -1.799593 0.502132 -0.064271
v -1.807956 0.510495 -0.068532
v -1.817227 0.519766 -0.070000
v -1.493008 0.519766 0.070000
v -1.483737 0.510495 0.068532
v -1.475374 0.502132 0.064270
v -1.468737 0.495495 0.057634
v -1.464476 0.491234 0.049270
v -1.463008 0.489766 0.040000
v -1.463008 0.489766 -0.040000
v -1.464476 0.491234 -0.049271
v -1.468737 0.495495 -0.057634
v -1.475374 0.502132 -0.064271
v -1.483737 0.510495 -0.068532
v -1.493008 0.519766 -0.070000
v -1.493008 0.598887 0.070000
v -1.483737 0.608157 0.068532
v -1.475374 0.616520 0.064270
v -1.468737 0.623157 0.057634
v -1.464476 0.627418 0.049270
v -1.463008 0.628887 0.040000
v -1.463008 0.628887 -0.040000
v -1.464476 0.627418 -0.049271
v -1.468737 0.623157 -0.057634
v -1.475374 0.616520 -0.064271
v -1.483737 0.608157 -0.068532
v -1.493008 0.598887 -0.070000
v -1.383964 -0.017352 0.070000
v -1.394304 -0.025257 0.068532
v -1.403631 -0.032388 0.064271
v -1.411034 -0.038048 0.057634
v -1.415786 -0.041681 0.049271
v -1.417424 -0.042933 0.040000
v -1.417424 -0.042933 -0.040000
v -1.415786 -0.041681 -0.049271
v -1.411034 -0.038048 -0.057634
v -1.403631 -0.032388 -0.064271
v -1.394304 -0.025257 -0.068532
v -1.383964 -0.017352 -0.070000
v -1.296372 -0.029694 0.070000
v -1.288328 -0.040190 0.068532
v -1.281072 -0.049658 0.064271
v -1.275313 -0.057172 0.057634
v -1.271616 -0.061996 0.049271
v -1.270342 -0.063659 0.040000
v -1.270342 -0.063659 -0.040000
v -1.271616 -0.061996 -0.049271
v -1.275313 -0.057172 -0.057634
v -1.281072 -0.049658 -0.064271
v -1.288328 -0.040190 -0.068532
v -1.296372 -0.029694 -0.070000
v -1.293806 -0.008929 0.070000
v -1.284598 -0.010010 0.068532
v -1.276292 -0.010984 0.064271
v -1.269700 -0.011758 0.057634
v -1.265468 -0.012254 0.049271
v -1.264010 -0.012425 0.040000
v -1.264010 -0.012425 -0.040000
v -1.265468 -0.012254 -0.049271
v -1.269700 -0.011758 -0.057634
v -1.276292 -0.010984 -0.064271
v -1.284598 -0.010010 -0.068532
v -1.293806 -0.008929 -0.070000
v -1.290330 0.022353 0.070000
v -1.281110 0.021384 0.068532
v -1.272793 0.020510 0.064271
v -1.266192 0.019817 0.057634
v -1.261954 0.019372 0.049271
v -1.260494 0.019218 0.040000
v -1.260494 0.019218 -0.040000
v -1.261954 0.019372 -0.049271
v -1.266192 0.019817 -0.057634
v -1.272793 0.020510 -0.064271
v -1.281110 0.021384 -0.068532
v -1.290330 0.022353 -0.070000
v -1.287185 0.054120 0.070000
v -1.277954 0.053260 0.068532
v -1.269627 0.052484 0.064271
v -1.263018 0.051869 0.057634
v -1.258776 0.051474 0.049271
v -1.257314 0.051337 0.040000
v -1.257314 0.051337 -0.040000
v -1.258776 0.051474 -0.049271
v -1.263018 0.051869 -0.057634
v -1.269627 0.052484 -0.064271
v -1.277954 0.053260 -0.068532
v -1.287185 0.054120 -0.070000
v -1.284370 0.086371 0.070000
v -1.275130 0.085617 0.068532
v -1.266795 0.084937 0.064271
v -1.260180 0.084398 0.057634
v -1.255933 0.084051 0.049271
v -1.254469 0.083932 0.040000
v -1.254469 0.083932 -0.040000
v -1.255933 0.084051 -0.049271
v -1.260180 0.084398 -0.057634
v -1.266795 0.084937 -0.064271
v -1.275130 0.085617 -0.068532
v -1.284370 0.086371 -0.070000
v -1.281886 0.119106 0.070000
v -1.272639 0.118456 0.068532
v -1.264296 0.117869 0.064271
v -1.257675 0.117403 0.057634
v -1.253425 0.117105 0.049271
v -1.251960 0.117001 0.040000
v -1.251960 0.117001 -0.040000
v -1.253425 0.117105 -0.049271
v -1.257675 0.117403 -0.057634
v -1.264296 0.117869 -0.064271
v -1.272639 0.118456 -0.068532
v -1.281886 0.119106 -0.070000
v -1.279733 0.152327 0.070000
v -1.270479 0.151777 0.068532
v -1.262131 0.151281 0.064271
v -1.255505 0.150887 0.057634
v -1.251252 0.150634 0.049271
v -1.249786 0.150547 0.040000
v -1.249786 0.150547 -0.040000
v -1.251252 0.150634 -0.049271
v -1.255505 0.150887 -0.057634
v -1.262131 0.151281 -0.064271
v -1.270479 0.151777 -0.068532
v -1.279733 0.152327 -0.070000
v -1.277911 0.186031 0.070000
v -1.268652 0.185579 0.068532
v -1.260299 0.185171 0.064271
v -1.253670 0.184847 0.057634
v -1.249413 0.184640 0.049271
v -1.247947 0.184568 0.040000
v -1.247947 0.184568 -0.040000
v -1.249413 0.184640 -0.049271
v -1.253670 0.184847 -0.057634
v -1.260299 0.185171 -0.064271
v -1.268652 0.185579 -0.068532
v -1.277911 0.186031 -0.070000
v -1.276421 0.220220 0.070000
v -1.267157 0.219863 0.068532
v -1.258800 0.219541 0.064271
v -1.252168 0.219286 0.057634
v -1.247910 0.219122 0.049270
v -1.246442 0.219065 0.040000
v -1.246442 0.219065 -0.040000
v -1.247910 0.219122 -0.049271
v -1.252168 0.219286 -0.057634
v -1.258800 0.219541 -0.064271
v -1.267157 0.219863 -0.068532
v -1.276421 0.220220 -0.070000
v -1.275261 0.254893 0.070000
v -1.265994 0.254629 0.068532
v -1.257634 0.254391 0.064271
v -1.251000 0.254202 0.057634
v -1.246740 0.254080 0.049270
v -1.245273 0.254038 0.040000
v -1.245273 0.254038 -0.040000
v -1.246740 0.254080 -0.049271
v -1.251000 0.254202 -0.057634
v -1.257634 0.254391 -0.064271
v -1.265994 0.254629 -0.068532
v -1.275261 0.254893 -0.070000
v -1.274432 0.290050 0.070000
v -1.265163 0.289876 0.068532
v -1.256802 0.289720 0.064270
v -1.250166 0.289595 0.057634
v -1.245905 0.289515 0.049270
v -1.244437 0.289488 0.040000
v -1.244437 0.289488 -0.040000
v -1.245905 0.289515 -0.049271
v -1.250166 0.289595 -0.057634
v -1.256802 0.289720 -0.064271
v -1.265163 0.289876 -0.068532
v -1.274432 0.290050 -0.070000
v -1.273935 0.325692 0.070000
v -1.264665 0.325606 0.068532
v -1.256302 0.325528 0.064270
v -1.249666 0.325467 0.057634
v -1.245405 0.325427 0.049270
v -1.243936 0.325414 0.040000
v -1.243936 0.325414 -0.040000
v -1.245405 0.325427 -0.049271
v -1.249666 0.325467 -0.057634
v -1.256302 0.325528 -0.064271
v -1.264665 0.325606 -0.068532
v -1.273935 0.325692 -0.070000
v -1.273770 0.361815 0.070000
v -1.264499 0.361816 0.068532
v -1.256136 0.361818 0.064270
v -1.249499 0.361819 0.057634
v -1.245238 0.361820 0.049270
v -1.243769 0.361820 0.040000
v -1.243769 0.361820 -0.040000
v -1.245238 0.361820 -0.049271
v -1.249499 0.361819 -0.057634
v -1.256136 0.361818 -0.064271
v -1.264499 0.361816 -0.068532
v -1.273770 0.361815 -0.070000
v -1.273959 0.400306 0.070000
v -1.264689 0.400397 0.068532
v -1.256326 0.400480 0.064270
v -1.249689 0.400545 0.057634
v -1.245428 0.400587 0.049270
v -1.243960 0.400602 0.040000
v -1.243960 0.400602 -0.040000
v -1.245428 0.400587 -0.049271
v -1.249689 0.400545 -0.057634
v -1.256326 0.400480 -0.064271
v -1.264689 0.400397 -0.068532
v -1.273959 0.400306 -0.070000
v -1.274527 0.438658 0.070000
v -1.265258 0.438842 0.068532
v -1.256897 0.439007 0.064270
v -1.250261 0.439139 0.057634
v -1.246001 0.439223 0.049270
v -1.244533 0.439252 0.040000
v -1.244533 0.439252 -0.040000
v -1.246001 0.439223 -0.049271
v -1.250261 0.439139 -0.057634
v -1.256897 0.439007 -0.064271
v -1.265258 0.438842 -0.068532
v -1.274527 0.438658 -0.070000
v -1.275474 0.476875 0.070000
v -1.266208 0.477151 0.068532
v -1.257848 0.477400 0.064270
v -1.251214 0.477598 0.057634
v -1.246955 0.477725 0.049270
v -1.245487 0.477768 0.040000
v -1.245487 0.477768 -0.040000
v -1.246955 0.477725 -0.049271
v -1.251214 0.477598 -0.057634
v -1.257848 0.477400 -0.064271
v -1.266208 0.477151 -0.068532
v -1.275474 0.476875 -0.070000
v -1.276800 0.514955 0.070000
v -1.267537 0.515325 0.068532
v -1.259180 0.515658 0.064270
v -1.252548 0.515922 0.057634
v -1.248290 0.516092 0.049270
v -1.246823 0.516150 0.040000
v -1.246823 0.516150 -0.040000
v -1.248290 0.516092 -0.049271
v -1.252548 0.515922 -0.057634
v -1.259180 0.515658 -0.064271
v -1.267537 0.515325 -0.068532
v -1.276800 0.514955 -0.070000
v -1.278504 0.552899 0.070000
v -1.269245 0.553363 0.068532
v -1.260893 0.553780 0.064270
v -1.254264 0.554112 0.057634
v -1.250008 0.554325 0.049270
v -1.248541 0.554398 0.040000
v -1.248541 0.554398 -0.040000
v -1.250008 0.554325 -0.049271
v -1.254264 0.554112 -0.057634
v -1.260893 0.553780 -0.064271
v -1.269245 0.553363 -0.068532
v -1.278504 0.552899 -0.070000
v -1.280587 0.590707 0.070000
v -1.271334 0.591265 0.068532
v -1.262986 0.591767 0.064270
v -1.256361 0.592166 0.057634
v -1.252107 0.592423 0.049270
v -1.250641 0.592511 0.040000
v -1.250641 0.592511 -0.040000
v -1.252107 0.592423 -0.049271
v -1.256361 0.592166 -0.057634
v -1.262986 0.591767 -0.064271
v -1.271334 0.591265 -0.068532
v -1.280587 0.590707 -0.070000
v -1.283049 0.628379 0.070000
v -1.273802 0.629031 0.068532
v -1.265459 0.629619 0.064270
v -1.258839 0.630086 0.057634
v -1.254588 0.630386 0.049270
v -1.253123 0.630489 0.040000
v -1.253123 0.630489 -0.040000
v -1.254588 0.630386 -0.049271
v -1.258839 0.630086 -0.057634
v -1.265459 0.629619 -0.064271
v -1.273802 0.629031 -0.068532
v -1.283049 0.628379 -0.070000
v -1.285890 0.665915 0.070000
v -1.276649 0.666662 0.068532
v -1.268314 0.667336 0.064270
v -1.261698 0.667871 0.057634
v -1.257451 0.668215 0.049270
v -1.255987 0.668333 0.040000
v -1.255987 0.668333 -0.040000
v -1.257451 0.668215 -0.049271
v -1.261698 0.667871 -0.057634
v -1.268314 0.667336 -0.064271
v -1.276649 0.666662 -0.068532
v -1.285890 0.665915 -0.070000
v -1.289109 0.703314 0.070000
v -1.279877 0.704157 0.068532
v -1.271548 0.704918 0.064270
v -1.264939 0.705521 0.057634
v -1.260695 0.705909 0.049270
v -1.259233 0.706042 0.040000
v -1.259233 0.706042 -0.040000
v -1.260695 0.705909 -0.049271
v -1.264939 0.705521 -0.057634
v -1.271548 0.704918 -0.064271
v -1.279877 0.704157 -0.068532
v -1.289109 0.703314 -0.070000
v -1.292707 0.740578 0.070000
v -1.283484 0.741517 0.068532
v -1.275164 0.742364 0.064270
v -1.268561 0.743036 0.057634
v -1.264322 0.743468 0.049270
v -1.262861 0.743617 0.040000
v -1.262861 0.743617 -0.040000
v -1.264322 0.743468 -0.049271
v -1.268561 0.743036 -0.057634
v -1.275164 0.742364 -0.064271
v -1.283484 0.741517 -0.068532
v -1.292707 0.740578 -0.070000
v -1.296683 0.777705 0.070000
v -1.287471 0.778741 0.068532
v -1.279160 0.779675 0.064270
v -1.272565 0.780416 0.057634
v -1.268330 0.780892 0.049270
v -1.266871 0.781056 0.040000
v -1.266871 0.781056 -0.040000
v -1.268330 0.780892 -0.049271
v -1.272565 0.780416 -0.057634
v -1.279160 0.779675 -0.064271
v -1.287471 0.778741 -0.068532
v -1.296683 0.777705 -0.070000
v -1.299905 0.805065 0.070000
v -1.291755 0.815126 0.068532
v -1.284402 0.824202 0.064270
v -1.278568 0.831405 0.057634
v -1.274821 0.836030 0.049270
v -1.273530 0.837623 0.040000
v -1.273530 0.837623 -0.040000
v -1.274821 0.836030 -0.049271
v -1.278568 0.831405 -0.057634
v -1.284402 0.824202 -0.064271
v -1.291755 0.815126 -0.068532
v -1.299905 0.805065 -0.070000
v -1.386064 0.797124 0.070000
v -1.396267 0.805494 0.068532
v -1.405472 0.813044 0.064270
v -1.412777 0.819036 0.057634
v -1.417467 0.822883 0.049270
v -1.419083 0.824208 0.040000
v -1.419083 0.824208 -0.040000
v -1.417467 0.822883 -0.049271
v -1.412777 0.819036 -0.057634
v -1.405472 0.813044 -0.064271
v -1.396267 0.805494 -0.068532
v -1.386064 0.797124 -0.070000
v -1.383065 0.768656 0.070000
v -1.392289 0.767723 0.068532
v -1.400610 0.766881 0.064270
v -1.407213 0.766213 0.057634
v -1.411453 0.765785 0.049270
v -1.412913 0.765637 0.040000
v -1.412913 0.765637 -0.040000
v -1.411453 0.765785 -0.049271
v -1.407213 0.766213 -0.057634
v -1.400610 0.766881 -0.064271
v -1.392289 0.767723 -0.068532
v -1.383065 0.768656 -0.070000
v -1.379355 0.730374 0.070000
v -1.388586 0.729519 0.068532
v -1.396913 0.728747 0.064270
v -1.403522 0.728135 0.057634
v -1.407765 0.727741 0.049270
v -1.409227 0.727606 0.040000
v -1.409227 0.727606 -0.040000
v -1.407765 0.727741 -0.049271
v -1.403522 0.728135 -0.057634
v -1.396913 0.728747 -0.064271
v -1.388586 0.729519 -0.068532
v -1.379355 0.730374 -0.070000
v -1.375997 0.692397 0.070000
v -1.385235 0.691620 0.068532
v -1.393569 0.690919 0.064270
v -1.400182 0.690363 0.057634
v -1.404429 0.690006 0.049270
v -1.405892 0.689883 0.040000
v -1.405892 0.689883 -0.040000
v -1.404429 0.690006 -0.049271
v -1.400182 0.690363 -0.057634
v -1.393569 0.690919 -0.064271
v -1.385235 0.691620 -0.068532
v -1.375997 0.692397 -0.070000
v -1.372993 0.654723 0.070000
v -1.382237 0.654026 0.068532
v -1.390576 0.653398 0.064270
v -1.397195 0.652899 0.057634
v -1.401444 0.652579 0.049270
v -1.402908 0.652469 0.040000
v -1.402908 0.652469 -0.040000
v -1.401444 0.652579 -0.049271
v -1.397195 0.652899 -0.057634
v -1.390576 0.653398 -0.064271
v -1.382237 0.654026 -0.068532
v -1.372993 0.654723 -0.070000
v -1.370341 0.617352 0.070000
v -1.379592 0.616738 0.068532
v -1.387936 0.616183 0.064270
v -1.394559 0.615743 0.057634
v -1.398811 0.615460 0.049270
v -1.400276 0.615363 0.040000
v -1.400276 0.615363 -0.040000
v -1.398811 0.615460 -0.049271
v -1.394559 0.615743 -0.057634
v -1.387936 0.616183 -0.064271
v -1.379592 0.616738 -0.068532
v -1.370341 0.617352 -0.070000
v -1.368044 0.580285 0.070000
v -1.377299 0.579754 0.068532
v -1.385648 0.579274 0.064270
v -1.392274 0.578894 0.057634
v -1.396529 0.578649 0.049270
v -1.397995 0.578565 0.040000
v -1.397995 0.578565 -0.040000
v -1.396529 0.578649 -0.049271
v -1.392274 0.578894 -0.057634
v -1.385648 0.579274 -0.064271
v -1.377299 0.579754 -0.068532
v -1.368044 0.580285 -0.070000
v -1.366099 0.543522 0.070000
v -1.375359 0.543075 0.068532
v -1.383713 0.542672 0.064270
v -1.390342 0.542352 0.057634
v -1.394598 0.542147 0.049270
v -1.396065 0.542076 0.040000
v -1.396065 0.542076 -0.040000
v -1.394598 0.542147 -0.049271
v -1.390342 0.542352 -0.057634
v -1.383713 0.542672 -0.064271
v -1.375359 0.543075 -0.068532
v -1.366099 0.543522 -0.070000
v -1.364508 0.507062 0.070000
v -1.373772 0.506702 0.068532
v -1.382129 0.506376 0.064270
v -1.388761 0.506118 0.057634
v -1.393019 0.505952 0.049270
v -1.394486 0.505895 0.040000
v -1.394486 0.505895 -0.040000
v -1.393019 0.505952 -0.049271
v -1.388761 0.506118 -0.057634
v -1.382129 0.506376 -0.064271
v -1.373772 0.506702 -0.068532
v -1.364508 0.507062 -0.070000
v -1.363271 0.470906 0.070000
v -1.372537 0.470633 0.068532
v -1.380897 0.470387 0.064270
v -1.387531 0.470192 0.057634
v -1.391791 0.470066 0.049270
v -1.393258 0.470023 0.040000
v -1.393258 0.470023 -0.040000
v -1.391791 0.470066 -0.049271
v -1.387531 0.470192 -0.057634
v -1.380897 0.470387 -0.064271
v -1.372537 0.470633 -0.068532
v -1.363271 0.470906 -0.070000
v -1.362387 0.435053 0.070000
v -1.371656 0.434870 0.068532
v -1.380017 0.434704 0.064270
v -1.386653 0.434573 0.057634
v -1.390913 0.434489 0.049270
v -1.392381 0.434460 0.040000
v -1.392381 0.434460 -0.040000
v -1.390913 0.434489 -0.049271
v -1.386653 0.434573 -0.057634
v -1.380017 0.434704 -0.064271
v -1.371656 0.434870 -0.068532
v -1.362387 0.435053 -0.070000
v -1.361856 0.399504 0.070000
v -1.371127 0.399411 0.068532
v -1.379489 0.399328 0.064270
v -1.386126 0.399262 0.057634
v -1.390387 0.399219 0.049270
v -1.391855 0.399205 0.040000
v -1.391855 0.399205 -0.040000
v -1.390387 0.399219 -0.049271
v -1.386126 0.399262 -0.057634
v -1.379489 0.399328 -0.064271
v -1.371127 0.399411 -0.068532
v -1.361856 0.399504 -0.070000
v -1.361680 0.364260 0.070000
v -1.370950 0.364258 0.068532
v -1.379313 0.364256 0.064270
v -1.385950 0.364255 0.057634
v -1.390212 0.364254 0.049270
v -1.391680 0.364254 0.040000
v -1.391680 0.364254 -0.040000
v -1.390212 0.364254 -0.049271
v -1.385950 0.364255 -0.057634
v -1.379313 0.364256 -0.064271
v -1.370950 0.364258 -0.068532
v -1.361680 0.364260 -0.070000
v -1.361843 0.328856 0.070000
v -1.371113 0.328942 0.068532
v -1.379476 0.329020 0.064270
v -1.386112 0.329082 0.057634
v -1.390373 0.329122 0.049270
v -1.391842 0.329135 0.040000
v -1.391842 0.329135 -0.040000
v -1.390373 0.329122 -0.049271
v -1.386112 0.329082 -0.057634
v -1.379476 0.329020 -0.064271
v -1.371113 0.328942 -0.068532
v -1.361843 0.328856 -0.070000
v -1.362332 0.293960 0.070000
v -1.371601 0.294135 0.068532
v -1.379963 0.294293 0.064270
v -1.386599 0.294418 0.057634
v -1.390859 0.294499 0.049270
v -1.392327 0.294526 0.040000
v -1.392327 0.294526 -0.040000
v -1.390859 0.294499 -0.049271
v -1.386599 0.294418 -0.057634
v -1.379963 0.294293 -0.064271
v -1.371601 0.294135 -0.068532
v -1.362332 0.293960 -0.070000
v -1.363149 0.259570 0.070000
v -1.372415 0.259836 0.068532
v -1.380775 0.260076 0.064270
v -1.387409 0.260267 0.057634
v -1.391669 0.260389 0.049270
v -1.393137 0.260431 0.040000
v -1.393137 0.260431 -0.040000
v -1.391669 0.260389 -0.049271
v -1.387409 0.260267 -0.057634
v -1.380775 0.260076 -0.064271
v -1.372415 0.259836 -0.068532
v -1.363149 0.259570 -0.070000
v -1.364291 0.225686 0.070000
v -1.373555 0.226046 0.068532
v -1.381912 0.226371 0.064271
v -1.388544 0.226629 0.057634
v -1.392802 0.226794 0.049270
v -1.394269 0.226851 0.040000
v -1.394269 0.226851 -0.040000
v -1.392802 0.226794 -0.049271
v -1.388544 0.226629 -0.057634
v -1.381912 0.226371 -0.064271
v -1.373555 0.226046 -0.068532
v -1.364291 0.225686 -0.070000
v -1.365761 0.192307 0.070000
v -1.375020 0.192764 0.068532
v -1.383373 0.193176 0.064271
v -1.390002 0.193503 0.057634
v -1.394258 0.193713 0.049271
v -1.395725 0.193785 0.040000
v -1.395725 0.193785 -0.040000
v -1.394258 0.193713 -0.049271
v -1.390002 0.193503 -0.057634
v -1.383373 0.193176 -0.064271
v -1.375020 0.192764 -0.068532
v -1.365761 0.192307 -0.070000
v -1.367557 0.159434 0.070000
v -1.376811 0.159990 0.068532
v -1.385159 0.160492 0.064271
v -1.391784 0.160891 0.057634
v -1.396038 0.161146 0.049271
v -1.397503 0.161234 0.040000
v -1.397503 0.161234 -0.040000
v -1.396038 0.161146 -0.049271
v -1.391784 0.160891 -0.057634
v -1.385159 0.160492 -0.064271
v -1.376811 0.159990 -0.068532
v -1.367557 0.159434 -0.070000
v -1.369680 0.127066 0.070000
v -1.378927 0.127725 0.068532
v -1.387269 0.128320 0.064271
v -1.393890 0.128791 0.057634
v -1.398140 0.129094 0.049271
v -1.399605 0.129198 0.040000
v -1.399605 0.129198 -0.040000
v -1.398140 0.129094 -0.049271
v -1.393890 0.128791 -0.057634
v -1.387269 0.128320 -0.064271
v -1.378927 0.127725 -0.068532
v -1.369680 0.127066 -0.070000
v -1.372130 0.095204 0.070000
v -1.381369 0.095968 0.068532
v -1.389704 0.096658 0.064271
v -1.396318 0.097205 0.057634
v -1.400565 0.097557 0.049271
v -1.402029 0.097678 0.040000
v -1.402029 0.097678 -0.040000
v -1.400565 0.097557 -0.049271
v -1.396318 0.097205 -0.057634
v -1.389704 0.096658 -0.064271
v -1.381369 0.095968 -0.068532
v -1.372130 0.095204 -0.070000
v -1.374907 0.063847 0.070000
v -1.384137 0.064720 0.068532
v -1.392463 0.065508 0.064271
v -1.399071 0.066133 0.057634
v -1.403313 0.066534 0.049271
v -1.404775 0.066672 0.040000
v -1.404775 0.066672 -0.040000
v -1.403313 0.066534 -0.049271
v -1.399071 0.066133 -0.057634
v -1.392463 0.065508 -0.064271
v -1.384137 0.064720 -0.068532
v -1.374907 0.063847 -0.070000
v -1.378012 0.032995 0.070000
v -1.387230 0.033980 0.068532
v -1.395546 0.034869 0.064271
v -1.402146 0.035574 0.057634
v -1.406383 0.036027 0.049271
v -1.407843 0.036183 0.040000
v -1.407843 0.036183 -0.040000
v -1.406383 0.036027 -0.049271
v -1.402146 0.035574 -0.057634
v -1.395546 0.034869 -0.064271
v -1.387230 0.033980 -0.068532
v -1.378012 0.032995 -0.070000
v -1.381444 0.002648 0.070000
v -1.390649 0.003748 0.068532
v -1.398953 0.004741 0.064271
v -1.405544 0.005529 0.057634
v -1.409775 0.006035 0.049271
v -1.411233 0.006209 0.040000
v -1.411233 0.006209 -0.040000
v -1.409775 0.006035 -0.049271
v -1.405544 0.005529 -0.057634
v -1.398953 0.004741 -0.064271
v -1.390649 0.003748 -0.068532
v -1.381444 0.002648 -0.070000
v -2.495444 0.804941 0.070000
v -2.485816 0.814212 0.068532
v -2.477130 0.822575 0.064270
v -2.470237 0.829212 0.057634
v -2.465812 0.833473 0.049270
v -2.464287 0.834941 0.040000
v -2.464287 0.834941 -0.040000
v -2.465812 0.833473 -0.049271
v -2.470237 0.829212 -0.057634
v -2.477130 0.822575 -0.064271
v -2.485816 0.814212 -0.068532
v -2.495444 0.804941 -0.070000
v -2.604556 0.804941 0.070000
v -2.614184 0.814212 0.068532
v -2.622869 0.822575 0.064270
v -2.629762 0.829212 0.057634
v -2.634188 0.833473 0.049270
v -2.635713 0.834941 0.040000
v -2.635713 0.834941 -0.040000
v -2.634188 0.833473 -0.049271
v -2.629762 0.829212 -0.057634
v -2.622869 0.822575 -0.064271
v -2.614184 0.814212 -0.068532
v -2.604556 0.804941 -0.070000
v -2.581387 0.193105 0.070000
v -2.590313 0.183835 0.068532
v -2.598366 0.175472 0.064271
v -2.604756 0.168835 0.057634
v -2.608859 0.164574 0.049271
v -2.610273 0.163105 0.040000
v -2.610273 0.163105 -0.040000
v -2.608859 0.164574 -0.049271
v -2.604756 0.168835 -0.057634
v -2.598366 0.175472 -0.064271
v -2.590313 0.183835 -0.068532
v -2.581387 0.193105 -0.070000
v -2.518613 0.193105 0.070000
v -2.509687 0.183835 0.068532
v -2.501634 0.175472 0.064271
v -2.495244 0.168835 0.057634
v -2.491141 0.164574 0.049271
v -2.489727 0.163105 0.040000
v -2.489727 0.163105 -0.040000
v -2.491141 0.164574 -0.049271
v -2.495244 0.168835 -0.057634
v -2.501634 0.175472 -0.064271
v -2.509687 0.183835 -0.068532
v -2.518613 0.193105 -0.070000
v -2.495059 -0.045176 0.070000
v -2.485788 -0.054446 0.068532
v -2.477425 -0.062809 0.064271
v -2.470788 -0.069446 0.057634
v -2.466527 -0.073707 0.049271
v -2.465059 -0.075176 0.040000
v -2.465059 -0.075176 -0.040000
v -2.466527 -0.073707 -0.049271
v -2.470788 -0.069446 -0.057634
v -2.477425 -0.062809 -0.064271
v -2.485788 -0.054446 -0.068532
v -2.495059 -0.045176 -0.070000
v -2.495059 0.085215 0.070000
v -2.485788 0.094485 0.068532
v -2.477425 0.102848 0.064271
v -2.470788 0.109485 0.057634
v -2.466527 0.113747 0.049271
v -2.465059 0.115215 0.040000
v -2.465059 0.115215 -0.040000
v -2.466527 0.113747 -0.049271
v -2.470788 0.109485 -0.057634
v -2.477425 0.102848 -0.064271
v -2.485788 0.094485 -0.068532
v -2.495059 0.085215 -0.070000
v -2.604941 0.085215 0.070000
v -2.614212 0.094485 0.068532
v -2.622575 0.102848 0.064271
v -2.629212 0.109485 0.057634
v -2.633473 0.113747 0.049271
v -2.634941 0.115215 0.040000
v -2.634941 0.115215 -0.040000
v -2.633473 0.113747 -0.049271
v -2.629212 0.109485 -0.057634
v -2.622575 0.102848 -0.064271
v -2.614212 0.094485 -0.068532
v -2.604941 0.085215 -0.070000
v -2.604941 -0.045176 0.070000
v -2.614212 -0.054446 0.068532
v -2.622575 -0.062809 0.064271
v -2.629212 -0.069446 0.057634
v -2.633473 -0.073707 0.049271
v -2.634941 -0.075176 0.040000
v -2.634941 -0.075176 -0.040000
v -2.633473 -0.073707 -0.049271
v -2.629212 -0.069446 -0.057634
v -2.622575 -0.062809 -0.064271
v -2.614212 -0.054446 -0.068532
v -2.604941 -0.045176 -0.070000
vn -0.0000 -0.0000 -1.0000
vn -0.0000 -0.0000 1.0000
vn -0.0001 -0.0000 -1.0000
vn -0.0014 -0.0000 -1.0000
vn 0.0001 -0.0000 -1.0000
vn -0.0001 -0.0000 1.0000
vn -0.0014 -0.0000 1.0000
vn 0.0001 -0.0000 1.0000
vn 0.1203 0.1203 0.9854
vn 0.0787 0.0787 0.9938
vn 0.1980 0.1980 0.9600
vn 0.2882 0.2882 0.9132
vn 0.3610 0.3610 0.8599
vn 0.4666 0.4666 0.7513
vn 0.5226 0.5226 0.6736
vn 0.6319 0.6319 0.4487
vn 0.6543 0.6543 0.3793
vn 0.7023 0.7024 0.1158
vn 0.7032 0.7032 0.1049
vn 0.7024 0.7024 -0.1158
vn 0.7032 0.7032 -0.1049
vn 0.6543 0.6543 -0.3793
vn 0.5226 0.5226 -0.6736
vn 0.6319 0.6319 -0.4487
vn 0.3610 0.3610 -0.8599
vn 0.4666 0.4666 -0.7513
vn 0.1980 0.1980 -0.9600
vn 0.2882 0.2882 -0.9132
vn 0.0787 0.0787 -0.9938
vn 0.1203 0.1203 -0.9854
vn -0.0787 0.0787 0.9938
vn -0.3610 0.3610 0.8599
vn -0.5226 0.5226 0.6736
vn -0.6543 0.6543 0.3793
vn -0.7032 0.7032 0.1049
vn -0.7032 0.7032 -0.1049
vn -0.6543 0.6543 -0.3793
vn -0.5226 0.5226 -0.6736
vn -0.3610 0.3610 -0.8599
vn -0.1980 0.1980 -0.9600
vn -0.0787 0.0787 -0.9938
vn -0.1203 0.1203 0.9854
vn -0.1980 0.1980 0.9600
vn -0.2882 0.2882 0.9132
vn -0.4666 0.4666 0.7513
vn -0.6319 0.6319 0.4487
vn -0.7024 0.7023 0.1158
vn -0.7023 0.7024 -0.1158
vn -0.6319 0.6319 -0.4487
vn -0.4666 0.4666 -0.7513
vn -0.2882 0.2882 -0.9132
vn -0.1203 0.1203 -0.9854
vn 0.7024 0.7023 0.1158
vn 0.7024 0.7023 -0.1158
vn 0.7024 0.7024 0.1158
vn 0.6543 0.6543 -0.3792
vn -0.7023 0.7024 0.1158
vn -0.7024 0.7024 -0.1158
vn 0.7023 0.7024 -0.1158
vn -0.6543 0.6543 0.3792
vn -0.6543 0.6543 -0.3792
vn -0.1980 -0.1980 0.9600
vn -0.3610 -0.3610 0.8599
vn -0.5226 -0.5226 0.6736
vn -0.6543 -0.6543 0.3792
vn -0.7032 -0.7032 0.1049
vn -0.7032 -0.7032 -0.1049
vn -0.6543 -0.6543 -0.3792
vn -0.5226 -0.5226 -0.6736
vn -0.3610 -0.3610 -0.8599
vn -0.1980 -0.1980 -0.9600
vn -0.0787 -0.0787 -0.9938
vn -0.1203 -0.1203 0.9854
vn -0.0787 -0.0787 0.9938
vn -0.2882 -0.2882 0.9132
vn -0.4666 -0.4666 0.7513
vn -0.6319 -0.6319 0.4487
vn -0.7024 -0.7023 0.1158
vn -0.7024 -0.7023 -0.1158
vn -0.6319 -0.6319 -0.4487
vn -0.4666 -0.4666 -0.7513
vn -0.2882 -0.2882 -0.9132
vn -0.1203 -0.1203 -0.9854
vn -0.6543 -0.6543 0.3793
vn 0.1980 -0.1980 0.9600
vn 0.3610 -0.3610 0.8599
vn 0.6543 -0.6543 0.3792
vn 0.7032 -0.7032 0.1049
vn 0.7032 -0.7032 -0.1049
vn 0.6543 -0.6543 -0.3793
vn 0.5226 -0.5226 -0.6736
vn 0.3610 -0.3610 -0.8599
vn 0.1980 -0.1980 -0.9600
vn 0.0787 -0.0787 -0.9938
vn 0.1203 -0.1203 0.9854
vn 0.0787 -0.0787 0.9938
vn 0.2882 -0.2882 0.9132
vn 0.4666 -0.4666 0.7513
vn 0.5226 -0.5226 0.6736
vn 0.6319 -0.6319 0.4487
vn 0.7023 -0.7024 0.1158
vn 0.7024 -0.7023 -0.1158
vn 0.6319 -0.6319 -0.4487
vn 0.4666 -0.4666 -0.7513
vn 0.2882 -0.2882 -0.9132
vn 0.1203 -0.1203 -0.9854
vn -0.7023 -0.7024 -0.1158
vn 0.6543 -0.6543 0.3793
vn -0.6543 -0.6543 -0.3793
vn -0.0717 0.1042 0.9920
vn -0.7799 -0.6043 0.1630
vn -0.8222 -0.5507 0.1436
vn -0.8575 -0.5059 0.0939
vn -0.8504 -0.5260 0.0136
vn -0.8504 -0.5260 -0.0136
vn -0.8575 -0.5059 -0.0939
vn -0.8222 -0.5507 -0.1436
vn -0.7799 -0.6043 -0.1630
vn -0.0717 0.1042 -0.9920
vn 0.0561 0.1460 0.9877
vn -0.0507 0.0737 0.9960
vn 0.1108 0.2884 0.9511
vn 0.9427 -0.3095 0.1248
vn 0.9596 -0.2755 0.0580
vn 0.9537 -0.3008 0.0076
vn 0.9556 -0.2945 -0.0073
vn 0.9595 -0.2755 -0.0582
vn 0.9422 -0.3104 -0.1262
vn 0.9031 -0.3906 -0.1785
vn 0.0561 0.1460 -0.9877
vn -0.0507 0.0737 -0.9960
vn 0.1115 0.2881 0.9511
vn 0.2121 0.5481 0.8091
vn 0.9021 -0.3987 0.1649
vn 0.2920 0.7544 0.5878
vn 0.3433 0.8869 0.3091
vn 0.3598 0.9297 0.0785
vn 0.3598 0.9297 -0.0785
vn 0.3433 0.8869 -0.3091
vn 0.2920 0.7544 -0.5878
vn 0.1108 0.2884 -0.9511
vn 0.2121 0.5481 -0.8091
vn 0.1115 0.2881 -0.9511
vn 0.1122 0.2878 0.9511
vn 0.0565 0.1459 0.9877
vn 0.2135 0.5476 0.8091
vn 0.2938 0.7537 0.5878
vn 0.3454 0.8861 0.3091
vn 0.3621 0.9288 0.0785
vn 0.3621 0.9288 -0.0785
vn 0.3454 0.8861 -0.3091
vn 0.2938 0.7537 -0.5878
vn 0.2135 0.5476 -0.8091
vn 0.0565 0.1459 -0.9877
vn 0.1122 0.2878 -0.9511
vn 0.1129 0.2875 0.9511
vn 0.0568 0.1458 0.9877
vn 0.2148 0.5470 0.8091
vn 0.2957 0.7530 0.5878
vn 0.3476 0.8852 0.3091
vn 0.3644 0.9279 0.0785
vn 0.3644 0.9279 -0.0785
vn 0.3476 0.8852 -0.3091
vn 0.2957 0.7530 -0.5878
vn 0.2148 0.5470 -0.8091
vn 0.0568 0.1458 -0.9877
vn 0.1129 0.2875 -0.9511
vn 0.1136 0.2872 0.9511
vn 0.0572 0.1456 0.9877
vn 0.2162 0.5465 0.8091
vn 0.2976 0.7522 0.5878
vn 0.3499 0.8844 0.3091
vn 0.3667 0.9270 0.0785
vn 0.3667 0.9270 -0.0785
vn 0.3499 0.8844 -0.3091
vn 0.2976 0.7522 -0.5878
vn 0.2162 0.5465 -0.8091
vn 0.0572 0.1456 -0.9877
vn 0.1136 0.2872 -0.9511
vn 0.1144 0.2869 0.9511
vn 0.0576 0.1455 0.9877
vn 0.2176 0.5459 0.8091
vn 0.2995 0.7515 0.5878
vn 0.3522 0.8834 0.3091
vn 0.3691 0.9261 0.0785
vn 0.3691 0.9261 -0.0785
vn 0.3521 0.8834 -0.3091
vn 0.2995 0.7515 -0.5878
vn 0.2176 0.5459 -0.8091
vn 0.0576 0.1455 -0.9877
vn 0.1144 0.2869 -0.9511
vn 0.1151 0.2866 0.9511
vn 0.0579 0.1453 0.9877
vn 0.2190 0.5454 0.8091
vn 0.3015 0.7507 0.5878
vn 0.3545 0.8825 0.3091
vn 0.3716 0.9251 0.0785
vn 0.3716 0.9251 -0.0785
vn 0.3545 0.8825 -0.3091
vn 0.3015 0.7507 -0.5878
vn 0.2190 0.5454 -0.8091
vn 0.0579 0.1453 -0.9877
vn 0.1151 0.2866 -0.9511
vn 0.1159 0.2863 0.9511
vn 0.0583 0.1452 0.9877
vn 0.2205 0.5448 0.8091
vn 0.3035 0.7499 0.5878
vn 0.3568 0.8816 0.3091
vn 0.3740 0.9241 0.0785
vn 0.3740 0.9241 -0.0785
vn 0.3568 0.8816 -0.3091
vn 0.3035 0.7499 -0.5879
vn 0.2205 0.5448 -0.8091
vn 0.0583 0.1452 -0.9877
vn 0.1159 0.2863 -0.9511
vn 0.1167 0.2860 0.9511
vn 0.0587 0.1450 0.9877
vn 0.2220 0.5442 0.8091
vn 0.3056 0.7490 0.5878
vn 0.3592 0.8806 0.3091
vn 0.3766 0.9231 0.0785
vn 0.3766 0.9231 -0.0785
vn 0.3592 0.8806 -0.3091
vn 0.3056 0.7490 -0.5878
vn 0.2220 0.5442 -0.8091
vn 0.0587 0.1450 -0.9877
vn 0.1167 0.2860 -0.9511
vn 0.1175 0.2857 0.9511
vn 0.0591 0.1448 0.9877
vn 0.2235 0.5435 0.8091
vn 0.3077 0.7482 0.5879
vn 0.3617 0.8796 0.3091
vn 0.3791 0.9220 0.0785
vn 0.3791 0.9220 -0.0785
vn 0.3617 0.8796 -0.3091
vn 0.3077 0.7482 -0.5879
vn 0.2235 0.5435 -0.8091
vn 0.0591 0.1448 -0.9877
vn 0.1175 0.2857 -0.9511
vn 0.1183 0.2853 0.9511
vn 0.0595 0.1447 0.9877
vn 0.2250 0.5429 0.8091
vn 0.3098 0.7473 0.5879
vn 0.3642 0.8786 0.3091
vn 0.3817 0.9209 0.0785
vn 0.3817 0.9209 -0.0785
vn 0.3642 0.8786 -0.3091
vn 0.3098 0.7473 -0.5879
vn 0.2250 0.5429 -0.8091
vn 0.0595 0.1447 -0.9877
vn 0.1183 0.2853 -0.9511
vn -0.2287 -0.0260 0.9732
vn -0.2811 -0.0464 -0.9586
vn -0.1264 0.2163 0.9681
vn -0.2333 0.3992 0.8867
vn -0.3504 0.5996 0.7195
vn -0.4579 0.7836 0.4199
vn -0.5009 0.8571 -0.1205
vn -0.4579 0.7836 -0.4199
vn -0.3504 0.5996 -0.7195
vn -0.2333 0.3992 -0.8867
vn -0.1264 0.2163 -0.9681
vn -0.2782 -0.0487 0.9593
vn -0.2655 -0.1479 0.9527
vn -0.4806 -0.2676 0.8351
vn -0.6755 -0.3762 0.6342
vn -0.8195 -0.4563 0.3468
vn -0.8699 -0.4844 0.0931
vn -0.5009 0.8571 0.1205
vn -0.8699 -0.4844 -0.0931
vn -0.8195 -0.4563 -0.3468
vn -0.6755 -0.3762 -0.6342
vn -0.4806 -0.2676 -0.8351
vn -0.2287 -0.0260 -0.9732
vn -0.2655 -0.1479 -0.9527
vn 0.1524 -0.2193 0.9637
vn -0.2187 0.1381 0.9660
vn -0.2472 -0.5334 0.8089
vn -0.3402 -0.7341 0.5877
vn -0.3999 -0.8629 0.3090
vn -0.4192 -0.9045 0.0785
vn -0.4192 -0.9045 -0.0785
vn -0.3999 -0.8629 -0.3090
vn -0.3402 -0.7341 -0.5877
vn -0.2472 -0.5334 -0.8089
vn -0.2188 0.1381 -0.9659
vn -0.1300 -0.2805 -0.9510
vn -0.1300 -0.2805 0.9510
vn -0.0652 -0.1422 0.9877
vn -0.1289 -0.2811 0.9510
vn -0.2451 -0.5344 0.8089
vn -0.3373 -0.7354 0.5877
vn -0.3965 -0.8645 0.3090
vn -0.4156 -0.9062 -0.0785
vn -0.3373 -0.7354 -0.5877
vn -0.2451 -0.5344 -0.8089
vn -0.1289 -0.2811 -0.9510
vn -0.0652 -0.1422 -0.9877
vn 0.1254 -0.2358 -0.9637
vn -0.0646 -0.1425 0.9877
vn -0.1277 -0.2816 0.9510
vn -0.2429 -0.5354 0.8089
vn -0.3343 -0.7368 0.5877
vn -0.4156 -0.9062 0.0785
vn -0.3929 -0.8661 0.3090
vn -0.4119 -0.9079 -0.0785
vn -0.3929 -0.8661 -0.3090
vn -0.3965 -0.8645 -0.3090
vn -0.3343 -0.7368 -0.5877
vn -0.2429 -0.5354 -0.8089
vn -0.1277 -0.2816 -0.9510
vn -0.0646 -0.1425 -0.9877
vn -0.0640 -0.1427 0.9877
vn -0.1266 -0.2821 0.9510
vn -0.2407 -0.5364 0.8089
vn -0.3312 -0.7382 0.5877
vn -0.4119 -0.9079 0.0785
vn -0.3894 -0.8677 0.3090
vn -0.4081 -0.9095 -0.0785
vn -0.3894 -0.8677 -0.3090
vn -0.3312 -0.7382 -0.5877
vn -0.2407 -0.5364 -0.8089
vn -0.1266 -0.2821 -0.9510
vn -0.0640 -0.1427 -0.9877
vn -0.0634 -0.1430 0.9877
vn -0.1254 -0.2826 0.9510
vn -0.2385 -0.5374 0.8089
vn -0.3282 -0.7396 0.5877
vn -0.4081 -0.9095 0.0785
vn -0.3857 -0.8693 0.3090
vn -0.4043 -0.9112 -0.0784
vn -0.3857 -0.8693 -0.3090
vn -0.3282 -0.7396 -0.5877
vn -0.2385 -0.5374 -0.8089
vn -0.1254 -0.2826 -0.9510
vn -0.0634 -0.1430 -0.9877
vn -0.0628 -0.1433 0.9877
vn -0.1242 -0.2832 0.9510
vn -0.2362 -0.5384 0.8089
vn -0.3250 -0.7409 0.5877
vn -0.4043 -0.9112 0.0785
vn -0.3821 -0.8710 0.3090
vn -0.4005 -0.9129 -0.0784
vn -0.3821 -0.8710 -0.3090
vn -0.3250 -0.7409 -0.5877
vn -0.2362 -0.5384 -0.8089
vn -0.1242 -0.2832 -0.9510
vn -0.0628 -0.1433 -0.9877
vn -0.0622 -0.1435 0.9877
vn -0.1230 -0.2837 0.9510
vn -0.2339 -0.5394 0.8089
vn -0.3219 -0.7423 0.5877
vn -0.3966 -0.9146 0.0785
vn -0.4005 -0.9129 0.0785
vn -0.3966 -0.9146 -0.0785
vn -0.3219 -0.7423 -0.5877
vn -0.2339 -0.5394 -0.8089
vn -0.1230 -0.2837 -0.9510
vn -0.0622 -0.1435 -0.9877
vn -0.0616 -0.1438 0.9877
vn -0.1218 -0.2842 0.9510
vn -0.2316 -0.5404 0.8089
vn -0.3784 -0.8726 0.3090
vn -0.3187 -0.7437 0.5877
vn -0.3746 -0.8742 0.3090
vn -0.3927 -0.9163 -0.0785
vn -0.3746 -0.8742 -0.3090
vn -0.3784 -0.8726 -0.3090
vn -0.3187 -0.7437 -0.5877
vn -0.2316 -0.5404 -0.8089
vn -0.1218 -0.2842 -0.9510
vn -0.0616 -0.1438 -0.9877
vn -0.0610 -0.1441 0.9877
vn -0.1206 -0.2847 0.9510
vn -0.2292 -0.5414 0.8089
vn -0.3155 -0.7450 0.5877
vn -0.3927 -0.9163 0.0785
vn -0.3709 -0.8758 0.3090
vn -0.3887 -0.9180 -0.0785
vn -0.3709 -0.8758 -0.3090
vn -0.3155 -0.7450 -0.5877
vn -0.2292 -0.5414 -0.8089
vn -0.1206 -0.2847 -0.9510
vn -0.0610 -0.1441 -0.9877
vn -0.0604 -0.1443 0.9877
vn -0.1193 -0.2853 0.9510
vn -0.2269 -0.5424 0.8089
vn -0.3122 -0.7464 0.5877
vn -0.3887 -0.9180 0.0785
vn -0.3670 -0.8774 0.3090
vn -0.3847 -0.9197 -0.0785
vn -0.3670 -0.8774 -0.3090
vn -0.3122 -0.7464 -0.5877
vn -0.2269 -0.5424 -0.8089
vn -0.1193 -0.2853 -0.9510
vn -0.0604 -0.1443 -0.9877
vn -0.0597 -0.1446 0.9877
vn -0.1181 -0.2858 0.9510
vn -0.2245 -0.5434 0.8089
vn -0.3089 -0.7478 0.5877
vn -0.3847 -0.9197 0.0785
vn -0.3631 -0.8790 0.3090
vn -0.3806 -0.9214 -0.0785
vn -0.3631 -0.8790 -0.3090
vn -0.3089 -0.7478 -0.5877
vn -0.2245 -0.5434 -0.8089
vn -0.1181 -0.2858 -0.9510
vn -0.0597 -0.1446 -0.9877
vn -0.1220 -0.2821 0.9516
vn -0.2328 -0.5383 0.8099
vn 0.8957 -0.4291 0.1167
vn 0.8790 -0.4728 0.0617
vn 0.8972 -0.4416 0.0078
vn -0.3806 -0.9214 0.0785
vn 0.8970 -0.4419 -0.0078
vn 0.8790 -0.4728 -0.0617
vn 0.8958 -0.4289 -0.1164
vn -0.2328 -0.5383 -0.8100
vn -0.1220 -0.2821 -0.9516
vn -0.1836 -0.1182 0.9759
vn -0.0621 -0.1436 0.9877
vn -0.4070 -0.2621 0.8750
vn -0.5619 0.8175 0.1262
vn -0.6061 0.7922 0.0706
vn -0.5821 0.8131 -0.0093
vn -0.6061 0.7922 -0.0706
vn -0.5619 0.8175 -0.1262
vn -0.4070 -0.2621 -0.8750
vn -0.0621 -0.1436 -0.9877
vn -0.1836 -0.1182 -0.9759
vn -0.1564 -0.0015 0.9877
vn -0.1110 -0.0715 0.9912
vn -0.3099 -0.0030 0.9508
vn -0.5884 -0.0057 0.8086
vn -0.8093 -0.0078 0.5873
vn -0.5821 0.8131 0.0093
vn -0.9511 -0.0092 0.3087
vn -0.9969 -0.0097 -0.0784
vn -0.9511 -0.0092 -0.3087
vn -0.8093 -0.0078 -0.5873
vn -0.5884 -0.0057 -0.8086
vn -0.3099 -0.0030 -0.9508
vn -0.1564 -0.0015 -0.9877
vn -0.1110 -0.0715 -0.9912
vn -0.1563 -0.0063 0.9877
vn -0.3106 -0.0125 0.9505
vn -0.5886 -0.0238 0.8081
vn -0.8090 -0.0327 0.5869
vn -0.9969 -0.0097 0.0784
vn -0.9505 -0.0384 0.3085
vn -0.9961 -0.0402 -0.0784
vn -0.9505 -0.0384 -0.3085
vn -0.8090 -0.0327 -0.5869
vn -0.5886 -0.0238 -0.8081
vn -0.3106 -0.0125 -0.9505
vn -0.1563 -0.0063 -0.9877
vn -0.1558 -0.0132 0.9877
vn -0.3099 -0.0263 0.9504
vn -0.5871 -0.0499 0.8080
vn -0.8068 -0.0686 0.5868
vn -0.9961 -0.0402 0.0784
vn -0.9478 -0.0806 0.3084
vn -0.9933 -0.0844 -0.0784
vn -0.9478 -0.0806 -0.3084
vn -0.8068 -0.0686 -0.5868
vn -0.5871 -0.0499 -0.8080
vn -0.3099 -0.0263 -0.9504
vn -0.1558 -0.0132 -0.9877
vn -0.1550 -0.0210 0.9877
vn -0.3085 -0.0417 0.9503
vn -0.5840 -0.0790 0.8079
vn -0.8025 -0.1085 0.5867
vn -0.9933 -0.0844 0.0784
vn -0.9427 -0.1274 0.3083
vn -0.9879 -0.1336 -0.0784
vn -0.9427 -0.1274 -0.3083
vn -0.8025 -0.1085 -0.5867
vn -0.5840 -0.0790 -0.8079
vn -0.3085 -0.0417 -0.9503
vn -0.1550 -0.0210 -0.9877
vn -0.1536 -0.0295 0.9877
vn -0.3059 -0.0588 0.9502
vn -0.5789 -0.1112 0.8077
vn -0.7954 -0.1528 0.5866
vn -0.9879 -0.1336 0.0784
vn -0.9342 -0.1794 0.3083
vn -0.9790 -0.1880 -0.0784
vn -0.9342 -0.1794 -0.3083
vn -0.7954 -0.1528 -0.5866
vn -0.5789 -0.1112 -0.8077
vn -0.3059 -0.0588 -0.9502
vn -0.1536 -0.0295 -0.9877
vn -0.1514 -0.0389 0.9877
vn -0.3020 -0.0776 0.9501
vn -0.5711 -0.1468 0.8076
vn -0.7845 -0.2017 0.5864
vn -0.9790 -0.1880 0.0784
vn -0.9214 -0.2369 0.3082
vn -0.9655 -0.2482 -0.0784
vn -0.9214 -0.2369 -0.3082
vn -0.7845 -0.2017 -0.5864
vn -0.5711 -0.1468 -0.8076
vn -0.3020 -0.0776 -0.9501
vn -0.1514 -0.0389 -0.9877
vn -0.1484 -0.0493 0.9877
vn -0.2962 -0.0984 0.9500
vn -0.5598 -0.1859 0.8075
vn -0.7688 -0.2553 0.5863
vn -0.9655 -0.2482 0.0784
vn -0.9029 -0.2998 0.3081
vn -0.9461 -0.3142 -0.0784
vn -0.9029 -0.2998 -0.3081
vn -0.7688 -0.2553 -0.5863
vn -0.5598 -0.1859 -0.8075
vn -0.2962 -0.0984 -0.9500
vn -0.1484 -0.0493 -0.9877
vn -0.1441 -0.0605 0.9877
vn -0.2881 -0.1209 0.9499
vn -0.5441 -0.2283 0.8073
vn -0.7471 -0.3135 0.5862
vn -0.9461 -0.3142 0.0784
vn -0.8773 -0.3681 0.3081
vn -0.9193 -0.3857 -0.0784
vn -0.8773 -0.3681 -0.3081
vn -0.7471 -0.3135 -0.5862
vn -0.5441 -0.2283 -0.8073
vn -0.2881 -0.1209 -0.9499
vn -0.1441 -0.0605 -0.9877
vn -0.1385 -0.0724 0.9877
vn -0.2771 -0.1449 0.9498
vn -0.5231 -0.2736 0.8072
vn -0.7180 -0.3755 0.5861
vn -0.9193 -0.3857 0.0784
vn -0.8431 -0.4409 0.3080
vn -0.8834 -0.4620 -0.0784
vn -0.8431 -0.4409 -0.3080
vn -0.7180 -0.3755 -0.5861
vn -0.5231 -0.2736 -0.8072
vn -0.2771 -0.1449 -0.9498
vn -0.1385 -0.0724 -0.9877
vn -0.1312 -0.0849 0.9877
vn -0.2628 -0.1700 0.9497
vn -0.4958 -0.3208 0.8071
vn -0.6804 -0.4402 0.5859
vn -0.8834 -0.4620 0.0784
vn -0.7988 -0.5168 0.3079
vn -0.8370 -0.5416 -0.0784
vn -0.7988 -0.5168 -0.3079
vn -0.6804 -0.4402 -0.5859
vn -0.4958 -0.3208 -0.8071
vn -0.2628 -0.1700 -0.9497
vn -0.1312 -0.0849 -0.9877
vn -0.1221 -0.0975 0.9877
vn -0.2448 -0.1955 0.9497
vn -0.4615 -0.3686 0.8069
vn -0.6333 -0.5057 0.5858
vn -0.8370 -0.5416 0.0784
vn -0.7435 -0.5937 0.3079
vn -0.7790 -0.6221 -0.0784
vn -0.7435 -0.5937 -0.3079
vn -0.6333 -0.5057 -0.5858
vn -0.4615 -0.3686 -0.8069
vn -0.2448 -0.1955 -0.9497
vn -0.1221 -0.0975 -0.9877
vn -0.1111 -0.1098 0.9877
vn -0.2230 -0.2203 0.9496
vn -0.4203 -0.4152 0.8069
vn -0.5766 -0.5696 0.5858
vn -0.7790 -0.6221 0.0784
vn -0.6769 -0.6687 0.3078
vn -0.7092 -0.7006 -0.0784
vn -0.6769 -0.6687 -0.3078
vn -0.5766 -0.5696 -0.5858
vn -0.4203 -0.4152 -0.8069
vn -0.2230 -0.2203 -0.9496
vn -0.1111 -0.1098 -0.9877
vn -0.1983 -0.2426 0.9496
vn -0.3739 -0.4573 0.8069
vn -0.5130 -0.6274 0.5858
vn -0.6023 -0.7365 0.3079
vn -0.6311 -0.7718 0.0784
vn -0.7092 -0.7006 0.0784
vn -0.6311 -0.7718 -0.0784
vn -0.6023 -0.7365 -0.3079
vn -0.5130 -0.6274 -0.5858
vn -0.3739 -0.4573 -0.8069
vn -0.1983 -0.2426 -0.9496
vn -0.1737 -0.2601 0.9498
vn -0.0989 -0.1209 0.9877
vn -0.3279 -0.4909 0.8072
vn -0.4501 -0.6738 0.5861
vn -0.5285 -0.7911 0.3080
vn -0.5538 -0.8290 0.0784
vn -0.5538 -0.8290 -0.0784
vn -0.5285 -0.7911 -0.3080
vn -0.4501 -0.6738 -0.5861
vn -0.3279 -0.4909 -0.8072
vn -0.0989 -0.1209 -0.9877
vn -0.1737 -0.2601 -0.9498
vn -0.1509 -0.2736 0.9499
vn -0.0868 -0.1300 0.9877
vn -0.2850 -0.5168 0.8073
vn -0.3912 -0.7095 0.5862
vn -0.4594 -0.8331 0.3081
vn -0.4814 -0.8730 0.0784
vn -0.4814 -0.8730 -0.0784
vn -0.4594 -0.8331 -0.3081
vn -0.3912 -0.7095 -0.5862
vn -0.2850 -0.5168 -0.8073
vn -0.0868 -0.1300 -0.9877
vn -0.1509 -0.2736 -0.9499
vn -0.1291 -0.2842 0.9500
vn -0.0755 -0.1369 0.9877
vn -0.2441 -0.5371 0.8075
vn -0.3352 -0.7375 0.5863
vn -0.3936 -0.8661 0.3081
vn -0.4125 -0.9076 0.0784
vn -0.4125 -0.9076 -0.0784
vn -0.3936 -0.8661 -0.3081
vn -0.3352 -0.7375 -0.5863
vn -0.2441 -0.5371 -0.8075
vn -0.0755 -0.1369 -0.9877
vn -0.1291 -0.2842 -0.9500
vn -0.1089 -0.2922 0.9501
vn -0.0647 -0.1423 0.9877
vn -0.2059 -0.5526 0.8076
vn -0.2828 -0.7590 0.5864
vn -0.3321 -0.8915 0.3082
vn -0.3481 -0.9342 0.0784
vn -0.3481 -0.9342 -0.0784
vn -0.3321 -0.8915 -0.3082
vn -0.2828 -0.7590 -0.5864
vn -0.2059 -0.5526 -0.8076
vn -0.0647 -0.1423 -0.9877
vn -0.1089 -0.2922 -0.9501
vn -0.0902 -0.2982 0.9502
vn -0.0546 -0.1465 0.9877
vn -0.1707 -0.5643 0.8077
vn -0.2345 -0.7752 0.5865
vn -0.2755 -0.9105 0.3083
vn -0.2887 -0.9542 0.0784
vn -0.2887 -0.9542 -0.0784
vn -0.2755 -0.9105 -0.3083
vn -0.2345 -0.7752 -0.5865
vn -0.1707 -0.5643 -0.8077
vn -0.0546 -0.1465 -0.9877
vn -0.0902 -0.2982 -0.9502
vn -0.0732 -0.3026 0.9503
vn -0.0453 -0.1497 0.9877
vn -0.1386 -0.5729 0.8078
vn -0.1904 -0.7871 0.5867
vn -0.2237 -0.9246 0.3083
vn -0.2344 -0.9690 0.0784
vn -0.2344 -0.9690 -0.0784
vn -0.2237 -0.9246 -0.3083
vn -0.1904 -0.7871 -0.5867
vn -0.1386 -0.5729 -0.8078
vn -0.0453 -0.1497 -0.9877
vn -0.0732 -0.3026 -0.9503
vn -0.0578 -0.3057 0.9504
vn -0.0368 -0.1520 0.9877
vn -0.1094 -0.5790 0.8080
vn -0.1503 -0.7957 0.5868
vn -0.1766 -0.9347 0.3084
vn -0.1851 -0.9796 0.0784
vn -0.1851 -0.9796 -0.0784
vn -0.1766 -0.9347 -0.3084
vn -0.1503 -0.7957 -0.5868
vn -0.1094 -0.5790 -0.8080
vn -0.0368 -0.1520 -0.9877
vn -0.0578 -0.3057 -0.9504
vn -0.0438 -0.3078 0.9504
vn -0.0290 -0.1537 0.9877
vn -0.0830 -0.5832 0.8081
vn -0.1140 -0.8016 0.5869
vn -0.1340 -0.9418 0.3085
vn -0.1404 -0.9870 0.0784
vn -0.1404 -0.9870 -0.0784
vn -0.1340 -0.9418 -0.3085
vn -0.1140 -0.8016 -0.5869
vn -0.0830 -0.5832 -0.8081
vn -0.0290 -0.1537 -0.9877
vn -0.0438 -0.3078 -0.9504
vn -0.0312 -0.3091 0.9505
vn -0.0220 -0.1548 0.9877
vn -0.0591 -0.5860 0.8082
vn -0.0812 -0.8055 0.5869
vn -0.0954 -0.9464 0.3085
vn -0.1000 -0.9919 0.0784
vn -0.1000 -0.9919 -0.0784
vn -0.0954 -0.9464 -0.3085
vn -0.0812 -0.8055 -0.5869
vn -0.0591 -0.5860 -0.8082
vn -0.0220 -0.1548 -0.9877
vn -0.0312 -0.3091 -0.9505
vn -0.0198 -0.3099 0.9506
vn -0.0157 -0.1556 0.9877
vn -0.0375 -0.5877 0.8082
vn -0.0515 -0.8079 0.5870
vn -0.0605 -0.9493 0.3085
vn -0.0634 -0.9949 0.0784
vn -0.0634 -0.9949 -0.0784
vn -0.0605 -0.9493 -0.3085
vn -0.0515 -0.8079 -0.5870
vn -0.0375 -0.5877 -0.8082
vn -0.0157 -0.1556 -0.9877
vn -0.0198 -0.3099 -0.9506
vn -0.0094 -0.3103 0.9506
vn -0.0100 -0.1561 0.9877
vn -0.0179 -0.5885 0.8083
vn -0.0246 -0.8092 0.5871
vn -0.0290 -0.9508 0.3086
vn -0.0303 -0.9965 0.0784
vn -0.0303 -0.9965 -0.0784
vn -0.0290 -0.9508 -0.3086
vn -0.0246 -0.8092 -0.5871
vn -0.0179 -0.5885 -0.8083
vn -0.0100 -0.1561 -0.9877
vn -0.0094 -0.3103 -0.9506
vn -0.0013 -0.3099 0.9508
vn -0.0048 -0.1563 0.9877
vn -0.0024 -0.5884 0.8085
vn -0.0033 -0.8094 0.5873
vn -0.0039 -0.9511 0.3087
vn -0.0041 -0.9969 0.0784
vn -0.0041 -0.9969 -0.0784
vn -0.0039 -0.9511 -0.3087
vn -0.0033 -0.8094 -0.5873
vn -0.0024 -0.5884 -0.8085
vn -0.0048 -0.1563 -0.9877
vn -0.0013 -0.3099 -0.9508
vn 0.0040 -0.3096 0.9509
vn -0.0006 -0.1564 0.9877
vn 0.0076 -0.5881 0.8087
vn 0.0105 -0.8092 0.5875
vn 0.0123 -0.9510 0.3088
vn 0.0129 -0.9968 0.0784
vn 0.0129 -0.9968 -0.0784
vn 0.0123 -0.9510 -0.3088
vn 0.0105 -0.8092 -0.5875
vn 0.0076 -0.5881 -0.8087
vn -0.0006 -0.1564 -0.9877
vn 0.0040 -0.3096 -0.9509
vn 0.0041 -0.1564 0.9877
vn 0.0020 -0.1564 0.9877
vn 0.0081 -0.3095 0.9509
vn 0.0154 -0.5880 0.8087
vn 0.0212 -0.8090 0.5875
vn 0.0249 -0.9508 0.3088
vn 0.0261 -0.9966 -0.0784
vn 0.0249 -0.9508 -0.3088
vn 0.0212 -0.8090 -0.5875
vn 0.0154 -0.5880 -0.8087
vn 0.0081 -0.3095 -0.9509
vn 0.0041 -0.1564 -0.9877
vn 0.0020 -0.1564 -0.9877
vn 0.0062 -0.1563 0.9877
vn 0.0123 -0.3094 0.9509
vn 0.0233 -0.5878 0.8087
vn 0.0321 -0.8086 0.5875
vn 0.0261 -0.9966 0.0784
vn 0.0377 -0.9504 0.3088
vn 0.0395 -0.9961 -0.0784
vn 0.0377 -0.9504 -0.3088
vn 0.0321 -0.8086 -0.5875
vn 0.0233 -0.5878 -0.8087
vn 0.0123 -0.3094 -0.9509
vn 0.0062 -0.1563 -0.9877
vn 0.0084 -0.1562 0.9877
vn 0.0165 -0.3092 0.9509
vn 0.0314 -0.5874 0.8087
vn 0.0432 -0.8081 0.5875
vn 0.0395 -0.9961 0.0784
vn 0.0508 -0.9498 0.3088
vn 0.0533 -0.9955 -0.0784
vn 0.0508 -0.9498 -0.3088
vn 0.0432 -0.8081 -0.5875
vn 0.0314 -0.5874 -0.8087
vn 0.0165 -0.3092 -0.9509
vn 0.0084 -0.1562 -0.9877
vn 0.0106 -0.1561 0.9877
vn 0.0209 -0.3089 0.9509
vn 0.0397 -0.5869 0.8087
vn 0.0546 -0.8074 0.5875
vn 0.0533 -0.9955 0.0784
vn 0.0642 -0.9490 0.3088
vn 0.0673 -0.9946 -0.0784
vn 0.0642 -0.9490 -0.3088
vn 0.0546 -0.8074 -0.5875
vn 0.0397 -0.5869 -0.8087
vn 0.0209 -0.3089 -0.9509
vn 0.0106 -0.1561 -0.9877
vn 0.0128 -0.1559 0.9877
vn 0.0254 -0.3086 0.9508
vn 0.0482 -0.5863 0.8087
vn 0.0663 -0.8065 0.5875
vn 0.0673 -0.9946 0.0784
vn 0.0779 -0.9479 0.3088
vn 0.0816 -0.9936 -0.0784
vn 0.0779 -0.9479 -0.3088
vn 0.0663 -0.8065 -0.5874
vn 0.0482 -0.5863 -0.8087
vn 0.0254 -0.3086 -0.9508
vn 0.0128 -0.1559 -0.9877
vn 0.0151 -0.1557 0.9877
vn 0.0299 -0.3082 0.9508
vn 0.0568 -0.5855 0.8087
vn 0.0782 -0.8055 0.5874
vn 0.0816 -0.9936 0.0784
vn 0.0919 -0.9467 0.3088
vn 0.0963 -0.9923 -0.0784
vn 0.0919 -0.9467 -0.3088
vn 0.0782 -0.8055 -0.5874
vn 0.0568 -0.5855 -0.8087
vn 0.0299 -0.3082 -0.9508
vn 0.0151 -0.1557 -0.9877
vn 0.0174 -0.1555 0.9877
vn 0.0345 -0.3078 0.9508
vn 0.0656 -0.5846 0.8087
vn 0.0903 -0.8042 0.5874
vn 0.0963 -0.9923 0.0784
vn 0.1061 -0.9452 0.3088
vn 0.1112 -0.9907 -0.0784
vn 0.1061 -0.9452 -0.3088
vn 0.0903 -0.8042 -0.5874
vn 0.0656 -0.5846 -0.8087
vn 0.0345 -0.3078 -0.9508
vn 0.0174 -0.1555 -0.9877
vn 0.0198 -0.1552 0.9877
vn 0.0393 -0.3072 0.9508
vn 0.0746 -0.5835 0.8087
vn 0.1026 -0.8027 0.5874
vn 0.1112 -0.9907 0.0784
vn 0.1206 -0.9434 0.3088
vn 0.1264 -0.9889 -0.0784
vn 0.1206 -0.9434 -0.3088
vn 0.1026 -0.8027 -0.5874
vn 0.0746 -0.5835 -0.8087
vn 0.0393 -0.3072 -0.9508
vn 0.0198 -0.1552 -0.9877
vn 0.0223 -0.1548 0.9877
vn 0.0441 -0.3066 0.9508
vn 0.0838 -0.5823 0.8086
vn 0.1152 -0.8010 0.5874
vn 0.1264 -0.9889 0.0784
vn 0.1354 -0.9414 0.3088
vn 0.1420 -0.9868 -0.0784
vn 0.1354 -0.9414 -0.3088
vn 0.1152 -0.8010 -0.5874
vn 0.0838 -0.5823 -0.8086
vn 0.0441 -0.3066 -0.9508
vn 0.0223 -0.1548 -0.9877
vn 0.0248 -0.1545 0.9877
vn 0.0490 -0.3058 0.9508
vn 0.0931 -0.5809 0.8086
vn 0.1281 -0.7991 0.5874
vn 0.1420 -0.9868 0.0784
vn 0.1505 -0.9391 0.3088
vn 0.1578 -0.9844 -0.0784
vn 0.1505 -0.9391 -0.3088
vn 0.1281 -0.7991 -0.5874
vn 0.0931 -0.5809 -0.8086
vn 0.0490 -0.3058 -0.9508
vn 0.0248 -0.1545 -0.9877
vn 0.0900 -0.0930 0.9916
vn 0.2134 -0.2203 0.9518
vn 0.3860 -0.3986 0.8320
vn 0.5407 -0.5583 0.6293
vn 0.1578 -0.9844 0.0784
vn 0.6535 -0.6748 0.3428
vn 0.6927 -0.7154 -0.0917
vn 0.6535 -0.6748 -0.3428
vn 0.5407 -0.5583 -0.6293
vn 0.3860 -0.3986 -0.8320
vn 0.2134 -0.2203 -0.9518
vn 0.0900 -0.0930 -0.9916
vn 0.0673 0.0626 0.9958
vn 0.1788 0.1664 0.9697
vn 0.3308 0.3079 0.8921
vn 0.5008 0.4661 0.7293
vn 0.6927 -0.7154 0.0917
vn 0.6612 0.6154 0.4290
vn 0.7263 0.6760 -0.1241
vn 0.6612 0.6154 -0.4290
vn 0.5008 0.4661 -0.7293
vn 0.3308 0.3079 -0.8921
vn 0.1788 0.1664 -0.9697
vn 0.0673 0.0626 -0.9958
vn -0.0377 0.3062 0.9512
vn -0.0717 0.5831 0.8093
vn -0.0988 0.8028 0.5880
vn -0.1161 0.9439 0.3092
vn -0.1218 0.9895 0.0785
vn 0.7263 0.6760 0.1241
vn -0.1218 0.9895 -0.0785
vn -0.1161 0.9439 -0.3092
vn -0.0988 0.8028 -0.5880
vn -0.0717 0.5831 -0.8093
vn -0.0377 0.3062 -0.9512
vn -0.0180 0.1554 0.9877
vn -0.0191 0.1553 0.9877
vn -0.0355 0.3068 0.9511
vn -0.0675 0.5838 0.8091
vn -0.0929 0.8036 0.5879
vn -0.1092 0.9447 0.3091
vn -0.1145 0.9903 -0.0785
vn -0.1092 0.9447 -0.3091
vn -0.0929 0.8036 -0.5879
vn -0.0675 0.5838 -0.8091
vn -0.0355 0.3068 -0.9511
vn -0.0180 0.1554 -0.9877
vn -0.0191 0.1553 -0.9877
vn -0.0340 0.3069 0.9511
vn -0.0647 0.5840 0.8091
vn -0.0891 0.8040 0.5879
vn -0.1048 0.9452 0.3091
vn -0.1098 0.9908 0.0785
vn -0.1145 0.9903 0.0785
vn -0.1098 0.9908 -0.0785
vn -0.1048 0.9452 -0.3091
vn -0.0891 0.8040 -0.5879
vn -0.0647 0.5840 -0.8091
vn -0.0340 0.3069 -0.9511
vn -0.0324 0.3071 0.9511
vn -0.0172 0.1555 0.9877
vn -0.0616 0.5844 0.8092
vn -0.0849 0.8045 0.5879
vn -0.0998 0.9458 0.3091
vn -0.1046 0.9914 0.0785
vn -0.1046 0.9914 -0.0785
vn -0.0998 0.9458 -0.3091
vn -0.0849 0.8045 -0.5879
vn -0.0616 0.5844 -0.8092
vn -0.0172 0.1555 -0.9877
vn -0.0324 0.3071 -0.9511
vn -0.0306 0.3072 0.9511
vn -0.0164 0.1556 0.9877
vn -0.0582 0.5847 0.8092
vn -0.0801 0.8049 0.5879
vn -0.0941 0.9464 0.3091
vn -0.0987 0.9920 0.0785
vn -0.0987 0.9920 -0.0785
vn -0.0941 0.9464 -0.3091
vn -0.0801 0.8049 -0.5879
vn -0.0582 0.5847 -0.8092
vn -0.0164 0.1556 -0.9877
vn -0.0306 0.3072 -0.9511
vn -0.0285 0.3074 0.9512
vn -0.0155 0.1557 0.9877
vn -0.0542 0.5850 0.8092
vn -0.0747 0.8054 0.5880
vn -0.0878 0.9470 0.3091
vn -0.0920 0.9927 0.0785
vn -0.0920 0.9927 -0.0785
vn -0.0878 0.9470 -0.3091
vn -0.0747 0.8054 -0.5880
vn -0.0542 0.5850 -0.8092
vn -0.0155 0.1557 -0.9877
vn -0.0285 0.3074 -0.9512
vn -0.0261 0.3075 0.9512
vn -0.0144 0.1558 0.9877
vn -0.0497 0.5854 0.8092
vn -0.0685 0.8060 0.5880
vn -0.0805 0.9476 0.3091
vn -0.0844 0.9933 0.0785
vn -0.0844 0.9933 -0.0785
vn -0.0805 0.9476 -0.3091
vn -0.0685 0.8060 -0.5880
vn -0.0497 0.5854 -0.8092
vn -0.0144 0.1558 -0.9877
vn -0.0261 0.3075 -0.9512
vn -0.0234 0.3077 0.9512
vn -0.0132 0.1559 0.9877
vn -0.0446 0.5858 0.8092
vn -0.0613 0.8065 0.5880
vn -0.0721 0.9483 0.3092
vn -0.0756 0.9940 0.0785
vn -0.0756 0.9940 -0.0785
vn -0.0721 0.9483 -0.3092
vn -0.0613 0.8065 -0.5880
vn -0.0446 0.5858 -0.8092
vn -0.0132 0.1559 -0.9877
vn -0.0234 0.3077 -0.9512
vn -0.0202 0.3078 0.9512
vn -0.0119 0.1560 0.9877
vn -0.0385 0.5862 0.8093
vn -0.0530 0.8071 0.5881
vn -0.0624 0.9490 0.3092
vn -0.0654 0.9948 0.0785
vn -0.0654 0.9948 -0.0785
vn -0.0624 0.9490 -0.3092
vn -0.0530 0.8071 -0.5881
vn -0.0385 0.5862 -0.8093
vn -0.0119 0.1560 -0.9877
vn -0.0202 0.3078 -0.9512
vn -0.0165 0.3080 0.9513
vn -0.0103 0.1561 0.9877
vn -0.0314 0.5865 0.8093
vn -0.0432 0.8076 0.5881
vn -0.0508 0.9496 0.3092
vn -0.0533 0.9955 0.0785
vn -0.0533 0.9955 -0.0785
vn -0.0508 0.9496 -0.3092
vn -0.0432 0.8076 -0.5881
vn -0.0314 0.5865 -0.8093
vn -0.0103 0.1561 -0.9877
vn -0.0165 0.3080 -0.9513
vn -0.0120 0.3081 0.9513
vn -0.0084 0.1562 0.9877
vn -0.0229 0.5868 0.8094
vn -0.0315 0.8081 0.5882
vn -0.0370 0.9503 0.3093
vn -0.0388 0.9962 0.0785
vn -0.0388 0.9962 -0.0785
vn -0.0370 0.9503 -0.3093
vn -0.0315 0.8081 -0.5882
vn -0.0229 0.5868 -0.8094
vn -0.0084 0.1562 -0.9877
vn -0.0120 0.3081 -0.9513
vn -0.0065 0.3081 0.9513
vn -0.0061 0.1563 0.9877
vn -0.0125 0.5870 0.8095
vn -0.0172 0.8085 0.5883
vn -0.0202 0.9507 0.3093
vn -0.0212 0.9967 0.0785
vn -0.0212 0.9967 -0.0785
vn -0.0202 0.9507 -0.3093
vn -0.0172 0.8085 -0.5883
vn -0.0125 0.5870 -0.8095
vn -0.0061 0.1563 -0.9877
vn -0.0065 0.3081 -0.9513
vn 0.0022 0.3073 0.9516
vn -0.0033 0.1564 0.9877
vn 0.0042 0.5865 0.8099
vn 0.0058 0.8083 0.5887
vn 0.0068 0.9508 0.3096
vn 0.0072 0.9969 0.0785
vn 0.0072 0.9969 -0.0785
vn 0.0068 0.9508 -0.3096
vn 0.0058 0.8083 -0.5887
vn 0.0042 0.5865 -0.8099
vn -0.0033 0.1564 -0.9877
vn 0.0022 0.3073 -0.9516
vn 0.0167 0.3059 0.9519
vn 0.0011 0.1564 0.9877
vn 0.0319 0.5849 0.8105
vn 0.0440 0.8067 0.5893
vn 0.0518 0.9493 0.3100
vn 0.0543 0.9954 0.0786
vn 0.0543 0.9954 -0.0786
vn 0.0518 0.9493 -0.3100
vn 0.0440 0.8067 -0.5893
vn 0.0319 0.5849 -0.8105
vn 0.0011 0.1564 -0.9877
vn 0.0167 0.3059 -0.9519
vn 0.0354 0.3039 0.9521
vn 0.0085 0.1561 0.9877
vn 0.0678 0.5815 0.8107
vn 0.0935 0.8023 0.5895
vn 0.1100 0.9443 0.3101
vn 0.1154 0.9902 0.0786
vn 0.1154 0.9902 -0.0786
vn 0.1100 0.9443 -0.3101
vn 0.0935 0.8023 -0.5895
vn 0.0678 0.5815 -0.8107
vn 0.0085 0.1561 -0.9877
vn 0.0354 0.3039 -0.9521
vn 0.0567 0.3001 0.9522
vn 0.0181 0.1553 0.9877
vn 0.1086 0.5749 0.8110
vn 0.1499 0.7935 0.5898
vn 0.1764 0.9341 0.3103
vn 0.1850 0.9796 0.0787
vn 0.1850 0.9796 -0.0787
vn 0.1764 0.9341 -0.3103
vn 0.1499 0.7935 -0.5898
vn 0.1086 0.5749 -0.8110
vn 0.0181 0.1553 -0.9877
vn 0.0567 0.3001 -0.9522
vn 0.0806 0.2940 0.9524
vn 0.0290 0.1536 0.9877
vn 0.1546 0.5638 0.8113
vn 0.2135 0.7785 0.5902
vn 0.2514 0.9167 0.3105
vn 0.2637 0.9614 0.0787
vn 0.2637 0.9614 -0.0787
vn 0.2514 0.9167 -0.3105
vn 0.2135 0.7785 -0.5902
vn 0.1546 0.5638 -0.8113
vn 0.0290 0.1536 -0.9877
vn 0.0806 0.2940 -0.9524
vn 0.1073 0.2847 0.9526
vn 0.0413 0.1507 0.9877
vn 0.2059 0.5466 0.8117
vn 0.2845 0.7552 0.5906
vn 0.3351 0.8895 0.3107
vn -0.9172 0.3983 0.0078
vn -0.9171 0.3985 -0.0079
vn 0.3351 0.8895 -0.3107
vn 0.2845 0.7552 -0.5906
vn 0.2059 0.5466 -0.8117
vn 0.0413 0.1507 -0.9877
vn 0.1073 0.2847 -0.9526
vn 0.1362 0.2713 0.9528
vn 0.0551 0.1462 0.9877
vn 0.2618 0.5216 0.8121
vn 0.3619 0.7210 0.5910
vn -0.8507 0.5222 0.0601
vn -0.4472 -0.8910 0.0784
vn -0.8507 0.5222 -0.0603
vn 0.3619 0.7210 -0.5910
vn 0.2618 0.5216 -0.8121
vn 0.0551 0.1462 -0.9877
vn 0.1362 0.2713 -0.9528
vn 0.1666 0.2531 0.9530
vn 0.0701 0.1396 0.9877
vn 0.3206 0.4870 0.8124
vn -0.8083 0.5773 0.1160
vn -0.4472 -0.8910 -0.0784
vn -0.5231 -0.7948 -0.3077
vn -0.5481 -0.8327 0.0784
vn -0.5231 -0.7948 0.3077
vn -0.8082 0.5774 -0.1156
vn 0.3206 0.4870 -0.8124
vn 0.0701 0.1396 -0.9877
vn 0.1666 0.2531 -0.9530
vn 0.1971 0.2295 0.9532
vn 0.0858 0.1304 0.9877
vn 0.3796 0.4420 0.8127
vn -0.5282 -0.6150 -0.5855
vn -0.5481 -0.8327 -0.0784
vn -0.6199 -0.7218 -0.3077
vn -0.6495 -0.7563 0.0784
vn -0.6199 -0.7218 0.3077
vn -0.5282 -0.6149 0.5855
vn 0.3796 0.4420 -0.8127
vn 0.0858 0.1304 -0.9877
vn 0.1971 0.2295 -0.9532
vn 0.2259 0.2007 0.9533
vn 0.1017 0.1184 0.9877
vn 0.4354 0.3868 0.8129
vn -0.6062 -0.5383 -0.5854
vn -0.6495 -0.7563 -0.0784
vn -0.7114 -0.6319 -0.3076
vn -0.7454 -0.6620 0.0784
vn -0.7114 -0.6319 0.3076
vn -0.6062 -0.5384 0.5854
vn 0.4354 0.3868 -0.8129
vn 0.1017 0.1184 -0.9877
vn 0.2259 0.2007 -0.9533
vn 0.2514 0.1677 0.9533
vn 0.1167 0.1036 0.9877
vn 0.4845 0.3232 0.8129
vn -0.6745 -0.4498 -0.5854
vn -0.7454 -0.6620 -0.0784
vn -0.7915 -0.5280 -0.3076
vn -0.8293 -0.5532 0.0784
vn -0.7915 -0.5280 0.3076
vn -0.6745 -0.4499 0.5854
vn 0.4845 0.3232 -0.8129
vn 0.1167 0.1036 -0.9877
vn 0.2514 0.1677 -0.9533
vn 0.1404 0.0682 0.9877
vn 0.1298 0.0866 0.9877
vn 0.2720 0.1322 0.9532
vn 0.5240 0.2546 0.8128
vn 0.5106 -0.8577 0.0613
vn 0.4809 -0.8767 0.0078
vn -0.8293 -0.5532 -0.0784
vn 0.4810 -0.8767 -0.0078
vn 0.5105 -0.8577 -0.0613
vn 0.4677 -0.8762 -0.1165
vn 0.2720 0.1322 -0.9532
vn 0.1404 0.0682 -0.9877
vn 0.1298 0.0866 -0.9877
vn 0.1458 0.0565 0.9877
vn 0.2868 0.1111 0.9515
vn 0.4677 -0.8762 0.1163
vn 0.5471 0.2120 0.8098
vn 0.7538 0.2921 0.5886
vn 0.8866 0.3436 0.3095
vn 0.9295 0.3603 -0.0785
vn 0.8866 0.3436 -0.3095
vn 0.7538 0.2921 -0.5886
vn 0.5471 0.2120 -0.8098
vn 0.5240 0.2546 -0.8128
vn 0.2868 0.1111 -0.9515
vn 0.1458 0.0565 -0.9877
vn 0.2902 0.0992 0.9518
vn 0.5546 0.1896 0.8103
vn 0.7647 0.2614 0.5891
vn 0.8997 0.3075 0.3098
vn 0.9432 0.3228 0.0786
vn 0.9296 0.3602 0.0785
vn 0.9434 0.3222 -0.0786
vn 0.8997 0.3075 -0.3098
vn 0.7647 0.2614 -0.5891
vn 0.5546 0.1896 -0.8103
vn 0.2902 0.0992 -0.9518
vn 0.1502 0.0436 0.9877
vn 0.1480 0.0506 0.9877
vn 0.2948 0.0856 0.9517
vn 0.5630 0.1635 0.8101
vn 0.7761 0.2255 0.5889
vn 0.9131 0.2652 0.3097
vn 0.9574 0.2778 -0.0786
vn 0.9131 0.2652 -0.3097
vn 0.7761 0.2255 -0.5889
vn 0.5630 0.1635 -0.8101
vn 0.2948 0.0856 -0.9517
vn 0.1502 0.0436 -0.9877
vn 0.1480 0.0506 -0.9877
vn 0.1519 0.0373 0.9877
vn 0.2983 0.0732 0.9517
vn 0.5695 0.1398 0.8100
vn 0.7850 0.1927 0.5888
vn 0.9572 0.2785 0.0786
vn 0.9234 0.2266 0.3097
vn 0.9682 0.2376 -0.0786
vn 0.9234 0.2266 -0.3097
vn 0.7850 0.1927 -0.5888
vn 0.5695 0.1398 -0.8100
vn 0.2983 0.0732 -0.9517
vn 0.1519 0.0373 -0.9877
vn 0.1532 0.0315 0.9877
vn 0.3011 0.0619 0.9516
vn 0.5745 0.1181 0.8099
vn 0.7918 0.1628 0.5887
vn 0.9682 0.2377 0.0786
vn 0.9314 0.1915 0.3096
vn 0.9765 0.2008 -0.0785
vn 0.9314 0.1915 -0.3096
vn 0.7918 0.1628 -0.5887
vn 0.5745 0.1181 -0.8099
vn 0.3011 0.0619 -0.9516
vn 0.1532 0.0315 -0.9877
vn 0.1542 0.0262 0.9877
vn 0.3032 0.0516 0.9515
vn 0.5784 0.0984 0.8098
vn 0.7970 0.1356 0.5886
vn 0.9765 0.2008 0.0785
vn 0.9374 0.1595 0.3095
vn 0.9828 0.1672 -0.0785
vn 0.9374 0.1595 -0.3095
vn 0.7970 0.1356 -0.5886
vn 0.5784 0.0984 -0.8098
vn 0.3032 0.0516 -0.9515
vn 0.1542 0.0262 -0.9877
vn 0.1549 0.0214 0.9877
vn 0.3048 0.0421 0.9515
vn 0.5812 0.0804 0.8097
vn 0.8009 0.1108 0.5885
vn 0.9828 0.1672 0.0785
vn 0.9419 0.1302 0.3095
vn 0.9875 0.1366 -0.0785
vn 0.9419 0.1302 -0.3095
vn 0.8009 0.1108 -0.5885
vn 0.5812 0.0804 -0.8097
vn 0.3048 0.0421 -0.9515
vn 0.1549 0.0214 -0.9877
vn 0.1555 0.0170 0.9877
vn 0.3059 0.0335 0.9515
vn 0.5834 0.0639 0.8097
vn 0.8037 0.0881 0.5885
vn 0.9875 0.1366 0.0785
vn 0.9453 0.1036 0.3094
vn 0.9910 0.1086 -0.0785
vn 0.9453 0.1036 -0.3094
vn 0.8037 0.0881 -0.5885
vn 0.5834 0.0639 -0.8097
vn 0.3059 0.0335 -0.9515
vn 0.1555 0.0170 -0.9877
vn 0.1559 0.0130 0.9877
vn 0.3068 0.0257 0.9514
vn 0.5849 0.0489 0.8096
vn 0.8058 0.0674 0.5884
vn 0.9910 0.1086 0.0785
vn 0.9476 0.0792 0.3094
vn 0.9934 0.0830 -0.0785
vn 0.9476 0.0792 -0.3094
vn 0.8058 0.0674 -0.5884
vn 0.5849 0.0489 -0.8096
vn 0.3068 0.0257 -0.9514
vn 0.1559 0.0130 -0.9877
vn 0.1561 0.0094 0.9877
vn 0.3074 0.0184 0.9514
vn 0.5860 0.0351 0.8096
vn 0.8072 0.0484 0.5883
vn 0.9934 0.0831 0.0785
vn 0.9492 0.0569 0.3094
vn 0.9951 0.0597 -0.0785
vn 0.9492 0.0569 -0.3094
vn 0.8072 0.0484 -0.5883
vn 0.5860 0.0351 -0.8096
vn 0.3074 0.0184 -0.9514
vn 0.1561 0.0094 -0.9877
vn 0.1563 0.0060 0.9877
vn 0.3078 0.0118 0.9514
vn 0.5867 0.0225 0.8095
vn 0.8081 0.0310 0.5883
vn 0.9951 0.0597 0.0785
vn 0.9503 0.0364 0.3093
vn 0.9962 0.0382 -0.0785
vn 0.9503 0.0364 -0.3093
vn 0.8081 0.0310 -0.5883
vn 0.5867 0.0225 -0.8095
vn 0.3078 0.0118 -0.9514
vn 0.1563 0.0060 -0.9877
vn 0.1564 0.0029 0.9877
vn 0.3081 0.0057 0.9513
vn 0.5870 0.0108 0.8095
vn 0.8085 0.0149 0.5883
vn 0.9962 0.0382 0.0785
vn 0.9508 0.0176 0.3093
vn 0.9967 0.0184 -0.0785
vn 0.9508 0.0176 -0.3093
vn 0.8085 0.0149 -0.5883
vn 0.5870 0.0108 -0.8095
vn 0.3081 0.0057 -0.9513
vn 0.1564 0.0029 -0.9877
vn 0.1564 0.0007 0.9877
vn 0.3086 0.0014 0.9512
vn 0.5875 0.0026 0.8092
vn 0.8089 0.0036 0.5880
vn 0.9967 0.0184 0.0785
vn 0.9510 0.0043 0.3092
vn 0.9969 0.0045 -0.0785
vn 0.9510 0.0043 -0.3092
vn 0.8089 0.0036 -0.5880
vn 0.5875 0.0026 -0.8092
vn 0.3086 0.0014 -0.9512
vn 0.1564 0.0007 -0.9877
vn 0.0769 -0.1068 0.9913
vn 0.1961 -0.2723 0.9420
vn 0.8110 0.5673 0.1426
vn 0.8471 0.5234 0.0920
vn 0.8389 0.5441 0.0132
vn 0.9969 0.0045 0.0785
vn 0.8389 0.5441 -0.0132
vn 0.8471 0.5234 -0.0920
vn 0.8110 0.5673 -0.1426
vn 0.1961 -0.2723 -0.9420
vn 0.0769 -0.1068 -0.9913
vn -0.0494 -0.1484 0.9877
vn 0.0539 -0.0748 0.9957
vn -0.0976 -0.2933 0.9510
vn -0.1856 -0.5578 0.8089
vn 0.9705 -0.2333 -0.0617
vn 0.9611 -0.2760 -0.0070
vn 0.9599 -0.2802 0.0071
vn 0.9704 -0.2333 0.0618
vn 0.9520 -0.2868 0.1065
vn -0.0976 -0.2933 -0.9510
vn -0.0494 -0.1484 -0.9877
vn 0.0539 -0.0748 -0.9957
vn -0.0489 -0.1486 0.9877
vn -0.0967 -0.2937 0.9510
vn 0.9526 -0.2843 -0.1084
vn -0.1839 -0.5584 0.8089
vn -0.2530 -0.7685 0.5877
vn -0.2974 -0.9034 0.3090
vn -0.3118 -0.9469 -0.0785
vn -0.2974 -0.9034 -0.3090
vn -0.2530 -0.7685 -0.5877
vn -0.1839 -0.5584 -0.8089
vn -0.1856 -0.5578 -0.8090
vn -0.0967 -0.2937 -0.9510
vn -0.0489 -0.1486 -0.9877
vn -0.0484 -0.1487 0.9877
vn -0.0957 -0.2940 0.9510
vn -0.1821 -0.5590 0.8089
vn -0.2506 -0.7693 0.5877
vn -0.3118 -0.9469 0.0785
vn -0.2945 -0.9043 0.3090
vn -0.3087 -0.9479 -0.0785
vn -0.2945 -0.9043 -0.3090
vn -0.2506 -0.7693 -0.5877
vn -0.1821 -0.5590 -0.8089
vn -0.0957 -0.2940 -0.9510
vn -0.0484 -0.1487 -0.9877
vn -0.0479 -0.1489 0.9877
vn -0.0948 -0.2943 0.9510
vn -0.1802 -0.5596 0.8089
vn -0.2480 -0.7701 0.5877
vn -0.3087 -0.9479 0.0785
vn -0.2915 -0.9053 0.3090
vn -0.3056 -0.9489 -0.0785
vn -0.2915 -0.9053 -0.3090
vn -0.2480 -0.7701 -0.5877
vn -0.1802 -0.5596 -0.8089
vn -0.0948 -0.2943 -0.9510
vn -0.0479 -0.1489 -0.9877
vn -0.0474 -0.1491 0.9877
vn -0.0937 -0.2946 0.9510
vn -0.1782 -0.5602 0.8089
vn -0.2453 -0.7710 0.5877
vn -0.3056 -0.9489 0.0785
vn -0.2884 -0.9063 0.3090
vn -0.3022 -0.9500 -0.0785
vn -0.2884 -0.9063 -0.3090
vn -0.2453 -0.7710 -0.5877
vn -0.1782 -0.5602 -0.8089
vn -0.0937 -0.2946 -0.9510
vn -0.0474 -0.1491 -0.9877
vn -0.0469 -0.1492 0.9877
vn -0.0927 -0.2950 0.9510
vn -0.1762 -0.5609 0.8089
vn -0.2425 -0.7719 0.5877
vn -0.3022 -0.9500 0.0785
vn -0.2850 -0.9074 0.3090
vn -0.2988 -0.9511 -0.0785
vn -0.2850 -0.9074 -0.3090
vn -0.2425 -0.7719 -0.5877
vn -0.1762 -0.5609 -0.8089
vn -0.0927 -0.2950 -0.9510
vn -0.0469 -0.1492 -0.9877
vn -0.0463 -0.1494 0.9877
vn -0.0915 -0.2953 0.9510
vn -0.1740 -0.5616 0.8089
vn -0.2395 -0.7728 0.5877
vn -0.2988 -0.9511 0.0785
vn -0.2816 -0.9084 0.3090
vn -0.2951 -0.9522 -0.0785
vn -0.2816 -0.9084 -0.3090
vn -0.2395 -0.7728 -0.5877
vn -0.1740 -0.5616 -0.8089
vn -0.0915 -0.2953 -0.9510
vn -0.0463 -0.1494 -0.9877
vn -0.0457 -0.1496 0.9877
vn -0.0903 -0.2957 0.9510
vn -0.1718 -0.5623 0.8089
vn -0.2364 -0.7738 0.5877
vn -0.2951 -0.9522 0.0785
vn -0.2779 -0.9096 0.3090
vn -0.2913 -0.9534 -0.0785
vn -0.2779 -0.9096 -0.3090
vn -0.2364 -0.7738 -0.5877
vn -0.1718 -0.5623 -0.8089
vn -0.0903 -0.2957 -0.9510
vn -0.0457 -0.1496 -0.9877
vn -0.0451 -0.1498 0.9877
vn -0.0891 -0.2961 0.9510
vn -0.1694 -0.5630 0.8089
vn -0.2331 -0.7748 0.5877
vn -0.2913 -0.9534 0.0785
vn -0.2741 -0.9107 0.3090
vn -0.2873 -0.9546 -0.0785
vn -0.2741 -0.9107 -0.3090
vn -0.2331 -0.7748 -0.5877
vn -0.1694 -0.5630 -0.8089
vn -0.0891 -0.2961 -0.9510
vn -0.0451 -0.1498 -0.9877
vn -0.0444 -0.1500 0.9877
vn -0.0878 -0.2965 0.9510
vn -0.1669 -0.5637 0.8089
vn -0.2297 -0.7758 0.5877
vn -0.2873 -0.9546 0.0785
vn -0.2700 -0.9119 0.3090
vn -0.2830 -0.9559 -0.0785
vn -0.2700 -0.9119 -0.3090
vn -0.2297 -0.7758 -0.5877
vn -0.1669 -0.5637 -0.8089
vn -0.0878 -0.2965 -0.9510
vn -0.0444 -0.1500 -0.9877
vn -0.2708 -0.0794 0.9593
vn -0.0864 -0.2969 0.9510
vn -0.1643 -0.5645 0.8089
vn -0.2261 -0.7769 0.5877
vn -0.2830 -0.9559 0.0785
vn -0.2658 -0.9132 0.3089
vn -0.2786 -0.9572 -0.0784
vn -0.2658 -0.9132 -0.3089
vn -0.2261 -0.7769 -0.5877
vn -0.1643 -0.5645 -0.8089
vn -0.0864 -0.2969 -0.9510
vn -0.2676 -0.0822 -0.9600
vn 0.2441 0.0109 0.9697
vn 0.1354 -0.2450 0.9600
vn 0.2469 -0.4467 0.8599
vn 0.3575 -0.6468 0.6737
vn -0.2786 -0.9572 0.0784
vn 0.4476 -0.8098 0.3793
vn 0.4810 -0.8704 -0.1049
vn 0.4476 -0.8098 -0.3793
vn 0.3575 -0.6468 -0.6737
vn 0.2469 -0.4467 -0.8599
vn 0.1354 -0.2450 -0.9600
vn 0.0949 0.0545 0.9940
vn 0.2401 0.1380 0.9609
vn 0.4383 0.2518 0.8628
vn 0.6370 0.3660 0.6785
vn 0.4810 -0.8704 0.1049
vn 0.8008 0.4601 0.3834
vn 0.8621 0.4954 -0.1064
vn 0.8008 0.4601 -0.3834
vn 0.6370 0.3660 -0.6785
vn 0.4383 0.2518 -0.8628
vn 0.2401 0.1380 -0.9609
vn 0.0949 0.0545 -0.9940
vn 0.2441 0.0109 -0.9697
vn 0.0764 0.2992 0.9511
vn 0.1454 0.5693 0.8091
vn 0.2002 0.7838 0.5879
vn 0.2354 0.9214 0.3091
vn 0.2467 0.9659 0.0785
vn 0.8622 0.4953 0.1064
vn 0.2467 0.9659 -0.0785
vn 0.2354 0.9214 -0.3091
vn 0.2002 0.7838 -0.5879
vn 0.1454 0.5693 -0.8091
vn 0.0764 0.2992 -0.9511
vn 0.0395 0.1514 0.9877
vn 0.0387 0.1516 0.9877
vn 0.0779 0.2988 0.9511
vn 0.1483 0.5686 0.8091
vn 0.2041 0.7828 0.5879
vn 0.2400 0.9203 0.3091
vn 0.2515 0.9647 -0.0785
vn 0.2400 0.9203 -0.3091
vn 0.2041 0.7828 -0.5879
vn 0.1483 0.5686 -0.8091
vn 0.0779 0.2988 -0.9511
vn 0.0395 0.1514 -0.9877
vn 0.0387 0.1516 -0.9877
vn 0.0402 0.1512 0.9877
vn 0.0794 0.2984 0.9511
vn 0.1510 0.5679 0.8091
vn 0.2079 0.7818 0.5879
vn 0.2515 0.9647 0.0785
vn 0.2444 0.9191 0.3091
vn 0.2562 0.9634 -0.0785
vn 0.2444 0.9191 -0.3091
vn 0.2079 0.7818 -0.5879
vn 0.1510 0.5679 -0.8091
vn 0.0794 0.2984 -0.9511
vn 0.0402 0.1512 -0.9877
vn 0.0409 0.1510 0.9877
vn 0.0808 0.2981 0.9511
vn 0.1537 0.5672 0.8091
vn 0.2116 0.7808 0.5879
vn 0.2562 0.9634 0.0785
vn 0.2487 0.9179 0.3091
vn 0.2607 0.9622 -0.0785
vn 0.2487 0.9179 -0.3091
vn 0.2116 0.7808 -0.5879
vn 0.1537 0.5672 -0.8091
vn 0.0808 0.2981 -0.9511
vn 0.0409 0.1510 -0.9877
vn 0.0416 0.1508 0.9877
vn 0.0821 0.2977 0.9511
vn 0.1563 0.5665 0.8091
vn 0.2151 0.7798 0.5879
vn 0.2607 0.9622 0.0785
vn 0.2529 0.9168 0.3091
vn 0.2651 0.9610 -0.0785
vn 0.2529 0.9168 -0.3091
vn 0.2151 0.7798 -0.5879
vn 0.1563 0.5665 -0.8091
vn 0.0821 0.2977 -0.9511
vn 0.0416 0.1508 -0.9877
vn 0.0423 0.1506 0.9877
vn 0.0835 0.2973 0.9511
vn 0.1588 0.5658 0.8091
vn 0.2186 0.7788 0.5879
vn 0.2651 0.9610 0.0785
vn 0.2570 0.9157 0.3091
vn 0.2694 0.9598 -0.0785
vn 0.2570 0.9157 -0.3091
vn 0.2186 0.7788 -0.5879
vn 0.1588 0.5658 -0.8091
vn 0.0835 0.2973 -0.9511
vn 0.0423 0.1506 -0.9877
vn 0.0429 0.1504 0.9877
vn 0.0847 0.2970 0.9511
vn 0.1613 0.5651 0.8091
vn 0.2220 0.7779 0.5879
vn 0.2694 0.9598 0.0785
vn 0.2610 0.9145 0.3091
vn 0.2736 0.9586 -0.0785
vn 0.2610 0.9145 -0.3091
vn 0.2220 0.7779 -0.5879
vn 0.1613 0.5651 -0.8091
vn 0.0847 0.2970 -0.9511
vn 0.0429 0.1504 -0.9877
vn 0.0436 0.1502 0.9877
vn 0.0860 0.2966 0.9511
vn 0.1636 0.5644 0.8091
vn 0.2253 0.7769 0.5879
vn 0.2736 0.9586 0.0785
vn 0.2648 0.9134 0.3091
vn 0.2776 0.9575 -0.0785
vn 0.2648 0.9134 -0.3091
vn 0.2253 0.7769 -0.5879
vn 0.1636 0.5644 -0.8091
vn 0.0860 0.2966 -0.9511
vn 0.0436 0.1502 -0.9877
vn 0.0442 0.1501 0.9877
vn 0.0872 0.2963 0.9511
vn 0.1660 0.5637 0.8091
vn 0.2285 0.7760 0.5879
vn 0.2776 0.9575 0.0785
vn 0.2686 0.9123 0.3091
vn 0.2815 0.9563 -0.0785
vn 0.2686 0.9123 -0.3091
vn 0.2285 0.7760 -0.5879
vn 0.1660 0.5637 -0.8091
vn 0.0872 0.2963 -0.9511
vn 0.0442 0.1501 -0.9877
vn 0.0448 0.1499 0.9877
vn 0.0884 0.2959 0.9511
vn 0.1682 0.5631 0.8091
vn 0.2316 0.7751 0.5879
vn 0.2815 0.9563 0.0785
vn 0.2722 0.9112 0.3091
vn 0.2854 0.9552 -0.0785
vn 0.2722 0.9112 -0.3091
vn 0.2316 0.7751 -0.5879
vn 0.1682 0.5631 -0.8091
vn 0.0884 0.2959 -0.9511
vn 0.0448 0.1499 -0.9877
vn 0.0454 0.1497 0.9877
vn 0.0896 0.2956 0.9511
vn 0.1704 0.5624 0.8091
vn 0.2346 0.7742 0.5879
vn 0.2854 0.9552 0.0785
vn -0.9276 0.3690 0.0586
vn -0.9425 0.3341 -0.0088
vn -0.9260 0.3722 -0.0632
vn 0.2346 0.7742 -0.5879
vn 0.1704 0.5624 -0.8091
vn 0.0896 0.2956 -0.9511
vn 0.0454 0.1497 -0.9877
vn 0.1641 0.1215 0.9789
vn 0.3721 0.2755 0.8864
vn 0.5741 0.4250 0.6998
vn -0.9428 0.3334 0.0084
vn 0.6556 -0.7516 0.0731
vn 0.6338 -0.7734 -0.0097
vn 0.6556 -0.7516 -0.0731
vn 0.5741 0.4250 -0.6998
vn 0.3721 0.2755 -0.8864
vn 0.1641 0.1215 -0.9789
vn 0.1015 0.0751 0.9920
vn 0.7024 -0.7024 0.1158
vn 0.6338 -0.7734 0.0097
vn 0.7023 -0.7024 -0.1158
vn 0.1015 0.0751 -0.9920
vn 0.6543 0.6543 0.3792
vn 0.7024 -0.7023 0.1158
vn 0.6543 -0.6543 -0.3792
vn -0.7024 0.7023 -0.1158
vn -0.1564 -0.0003 0.9877
vn -0.3092 -0.0006 0.9510
vn -0.5879 -0.0011 0.8089
vn -0.8091 -0.0015 0.5877
vn -0.9511 -0.0017 0.3090
vn -0.9969 -0.0018 -0.0785
vn -0.9511 -0.0017 -0.3090
vn -0.8091 -0.0015 -0.5877
vn -0.5879 -0.0011 -0.8089
vn -0.3092 -0.0006 -0.9510
vn -0.1564 -0.0003 -0.9877
vn -0.1564 -0.0012 0.9877
vn -0.3094 -0.0024 0.9509
vn -0.5880 -0.0045 0.8088
vn -0.8091 -0.0062 0.5876
vn -0.9969 -0.0018 0.0785
vn -0.9511 -0.0073 0.3089
vn -0.9969 -0.0076 -0.0784
vn -0.9511 -0.0073 -0.3089
vn -0.8091 -0.0062 -0.5876
vn -0.5880 -0.0045 -0.8088
vn -0.3094 -0.0024 -0.9509
vn -0.1564 -0.0012 -0.9877
vn -0.1564 -0.0025 0.9877
vn -0.3094 -0.0049 0.9509
vn -0.5880 -0.0094 0.8088
vn -0.8091 -0.0129 0.5876
vn -0.9969 -0.0076 0.0784
vn -0.9510 -0.0152 0.3089
vn -0.9968 -0.0159 -0.0784
vn -0.9510 -0.0152 -0.3089
vn -0.8091 -0.0129 -0.5876
vn -0.5880 -0.0094 -0.8088
vn -0.3094 -0.0049 -0.9509
vn -0.1564 -0.0025 -0.9877
vn -0.1564 -0.0039 0.9877
vn -0.3094 -0.0078 0.9509
vn -0.5879 -0.0148 0.8088
vn -0.8089 -0.0204 0.5876
vn -0.9968 -0.0159 0.0784
vn -0.9508 -0.0240 0.3089
vn -0.9966 -0.0251 -0.0784
vn -0.9508 -0.0240 -0.3089
vn -0.8089 -0.0204 -0.5876
vn -0.5879 -0.0148 -0.8088
vn -0.3094 -0.0078 -0.9509
vn -0.1564 -0.0039 -0.9877
vn -0.1563 -0.0056 0.9877
vn -0.3093 -0.0110 0.9509
vn -0.5878 -0.0209 0.8088
vn -0.8087 -0.0288 0.5875
vn -0.9966 -0.0251 0.0784
vn -0.9505 -0.0338 0.3089
vn -0.9963 -0.0354 -0.0784
vn -0.9505 -0.0338 -0.3089
vn -0.8087 -0.0288 -0.5875
vn -0.5878 -0.0209 -0.8088
vn -0.3093 -0.0110 -0.9509
vn -0.1563 -0.0056 -0.9877
vn -0.1563 -0.0074 0.9877
vn -0.3092 -0.0146 0.9509
vn -0.5875 -0.0277 0.8087
vn -0.8083 -0.0382 0.5875
vn -0.9963 -0.0354 0.0784
vn -0.9501 -0.0448 0.3088
vn -0.9958 -0.0470 -0.0784
vn -0.9501 -0.0448 -0.3088
vn -0.8083 -0.0382 -0.5875
vn -0.5875 -0.0277 -0.8087
vn -0.3092 -0.0146 -0.9509
vn -0.1563 -0.0074 -0.9877
vn -0.1561 -0.0094 0.9877
vn -0.3091 -0.0187 0.9509
vn -0.5872 -0.0355 0.8087
vn -0.8078 -0.0488 0.5875
vn -0.9958 -0.0470 0.0784
vn -0.9494 -0.0573 0.3088
vn -0.9951 -0.0601 -0.0784
vn -0.9494 -0.0573 -0.3088
vn -0.8078 -0.0488 -0.5875
vn -0.5872 -0.0355 -0.8087
vn -0.3091 -0.0187 -0.9509
vn -0.1561 -0.0094 -0.9877
vn -0.1560 -0.0118 0.9877
vn -0.3089 -0.0233 0.9508
vn -0.5866 -0.0443 0.8086
vn -0.8070 -0.0609 0.5874
vn -0.9951 -0.0601 0.0784
vn -0.9484 -0.0716 0.3088
vn -0.9941 -0.0750 -0.0784
vn -0.9484 -0.0716 -0.3088
vn -0.8070 -0.0609 -0.5874
vn -0.5866 -0.0443 -0.8086
vn -0.3089 -0.0233 -0.9508
vn -0.1560 -0.0118 -0.9877
vn -0.1558 -0.0145 0.9877
vn -0.3085 -0.0286 0.9508
vn -0.5859 -0.0544 0.8086
vn -0.8059 -0.0748 0.5874
vn -0.9941 -0.0750 0.0784
vn -0.9471 -0.0879 0.3088
vn -0.9927 -0.0922 -0.0784
vn -0.9471 -0.0879 -0.3088
vn -0.8059 -0.0748 -0.5874
vn -0.5859 -0.0544 -0.8086
vn -0.3085 -0.0286 -0.9508
vn -0.1558 -0.0145 -0.9877
vn -0.1554 -0.0176 0.9877
vn -0.3080 -0.0348 0.9507
vn -0.5847 -0.0662 0.8085
vn -0.8042 -0.0910 0.5873
vn -0.9927 -0.0922 0.0784
vn -0.9451 -0.1069 0.3087
vn -0.9906 -0.1121 -0.0784
vn -0.9451 -0.1069 -0.3087
vn -0.8042 -0.0910 -0.5873
vn -0.5847 -0.0662 -0.8085
vn -0.3080 -0.0348 -0.9507
vn -0.1554 -0.0176 -0.9877
vn -0.1550 -0.0212 0.9877
vn -0.3073 -0.0421 0.9507
vn -0.5831 -0.0800 0.8084
vn -0.8019 -0.1099 0.5872
vn -0.9906 -0.1121 0.0784
vn -0.9424 -0.1292 0.3087
vn -0.9877 -0.1354 -0.0784
vn -0.9424 -0.1292 -0.3087
vn -0.8019 -0.1099 -0.5872
vn -0.5831 -0.0800 -0.8084
vn -0.3073 -0.0421 -0.9507
vn -0.1550 -0.0212 -0.9877
vn -0.1543 -0.0256 0.9877
vn -0.3062 -0.0508 0.9506
vn -0.5808 -0.0963 0.8083
vn -0.7986 -0.1325 0.5871
vn -0.9877 -0.1354 0.0784
vn -0.9384 -0.1556 0.3086
vn -0.9835 -0.1631 -0.0784
vn -0.9384 -0.1556 -0.3086
vn -0.7986 -0.1325 -0.5871
vn -0.5808 -0.0963 -0.8083
vn -0.3062 -0.0508 -0.9506
vn -0.1543 -0.0256 -0.9877
vn -0.1530 -0.0325 0.9877
vn -0.3048 -0.0648 0.9502
vn -0.5767 -0.1225 0.8077
vn -0.7922 -0.1683 0.5865
vn -0.9835 -0.1631 0.0784
vn -0.9305 -0.1977 0.3083
vn -0.9752 -0.2072 -0.0784
vn -0.9305 -0.1977 -0.3083
vn -0.7922 -0.1683 -0.5865
vn -0.5767 -0.1225 -0.8077
vn -0.3048 -0.0648 -0.9502
vn -0.1530 -0.0325 -0.9877
vn -0.1501 -0.0437 0.9877
vn -0.3003 -0.0874 0.9498
vn -0.5668 -0.1649 0.8072
vn -0.7780 -0.2264 0.5861
vn -0.9752 -0.2072 0.0784
vn -0.9135 -0.2658 0.3080
vn -0.9572 -0.2786 -0.0784
vn -0.9135 -0.2658 -0.3080
vn -0.7780 -0.2264 -0.5861
vn -0.5668 -0.1649 -0.8072
vn -0.3003 -0.0874 -0.9498
vn -0.1501 -0.0437 -0.9877
vn -0.1455 -0.0569 0.9877
vn -0.2913 -0.1139 0.9498
vn -0.5498 -0.2150 0.8071
vn -0.7546 -0.2951 0.5860
vn -0.9572 -0.2786 0.0784
vn -0.8861 -0.3465 0.3080
vn -0.9285 -0.3631 -0.0784
vn -0.8861 -0.3465 -0.3080
vn -0.7546 -0.2951 -0.5860
vn -0.5498 -0.2150 -0.8071
vn -0.2913 -0.1139 -0.9498
vn -0.1455 -0.0569 -0.9877
vn -0.1397 -0.0700 0.9877
vn -0.2797 -0.1401 0.9498
vn -0.5279 -0.2644 0.8071
vn -0.7245 -0.3629 0.5860
vn -0.9285 -0.3631 0.0784
vn -0.8507 -0.4261 0.3080
vn -0.8914 -0.4465 -0.0784
vn -0.8507 -0.4261 -0.3080
vn -0.7245 -0.3629 -0.5860
vn -0.5279 -0.2644 -0.8071
vn -0.2797 -0.1401 -0.9498
vn -0.1397 -0.0700 -0.9877
vn -0.2657 -0.1652 0.9498
vn -0.5013 -0.3118 0.8071
vn -0.6881 -0.4279 0.5860
vn -0.8079 -0.5025 0.3080
vn -0.8466 -0.5265 0.0784
vn -0.8914 -0.4464 0.0784
vn -0.8466 -0.5265 -0.0784
vn -0.8079 -0.5025 -0.3080
vn -0.6881 -0.4279 -0.5860
vn -0.5013 -0.3118 -0.8071
vn -0.2657 -0.1652 -0.9498
vn -0.2495 -0.1887 0.9498
vn -0.1327 -0.0825 0.9877
vn -0.4709 -0.3561 0.8072
vn -0.6463 -0.4887 0.5860
vn -0.7589 -0.5738 0.3080
vn -0.7952 -0.6013 0.0784
vn -0.7952 -0.6013 -0.0784
vn -0.7589 -0.5738 -0.3080
vn -0.6463 -0.4887 -0.5860
vn -0.4709 -0.3561 -0.8072
vn -0.1327 -0.0825 -0.9877
vn -0.2495 -0.1887 -0.9498
vn -0.2317 -0.2099 0.9499
vn -0.1247 -0.0943 0.9877
vn -0.4375 -0.3962 0.8072
vn -0.6005 -0.5439 0.5861
vn -0.7051 -0.6387 0.3080
vn -0.7389 -0.6693 0.0784
vn -0.7389 -0.6692 -0.0784
vn -0.7051 -0.6387 -0.3080
vn -0.6005 -0.5439 -0.5861
vn -0.4375 -0.3962 -0.8072
vn -0.1247 -0.0943 -0.9877
vn -0.2317 -0.2099 -0.9499
vn -0.2130 -0.2287 0.9499
vn -0.1158 -0.1049 0.9877
vn -0.4022 -0.4318 0.8073
vn -0.5522 -0.5929 0.5861
vn -0.6485 -0.6961 0.3080
vn -0.6795 -0.7295 0.0784
vn -0.6795 -0.7295 -0.0784
vn -0.6485 -0.6961 -0.3080
vn -0.5522 -0.5929 -0.5861
vn -0.4022 -0.4318 -0.8073
vn -0.1158 -0.1049 -0.9877
vn -0.2130 -0.2287 -0.9499
vn -0.1939 -0.2449 0.9500
vn -0.1065 -0.1144 0.9877
vn -0.3662 -0.4626 0.8074
vn -0.5029 -0.6352 0.5862
vn -0.5905 -0.7459 0.3081
vn -0.6188 -0.7816 0.0784
vn -0.6188 -0.7816 -0.0784
vn -0.5905 -0.7459 -0.3081
vn -0.5029 -0.6352 -0.5862
vn -0.3662 -0.4626 -0.8074
vn -0.1065 -0.1144 -0.9877
vn -0.1939 -0.2449 -0.9500
vn -0.1748 -0.2585 0.9501
vn -0.0970 -0.1226 0.9877
vn -0.3304 -0.4887 0.8075
vn -0.4537 -0.6711 0.5863
vn -0.5329 -0.7881 0.3081
vn -0.5584 -0.8259 0.0784
vn -0.5584 -0.8259 -0.0784
vn -0.5329 -0.7881 -0.3081
vn -0.4537 -0.6711 -0.5863
vn -0.3304 -0.4887 -0.8075
vn -0.0970 -0.1226 -0.9877
vn -0.1748 -0.2585 -0.9501
vn -0.1563 -0.2699 0.9501
vn -0.0876 -0.1295 0.9877
vn -0.2955 -0.5104 0.8076
vn -0.4059 -0.7010 0.5864
vn -0.4767 -0.8233 0.3082
vn -0.4995 -0.8627 0.0784
vn -0.4995 -0.8627 -0.0784
vn -0.4767 -0.8233 -0.3082
vn -0.4059 -0.7010 -0.5864
vn -0.2955 -0.5104 -0.8076
vn -0.0876 -0.1295 -0.9877
vn -0.1563 -0.2699 -0.9501
vn -0.1385 -0.2792 0.9502
vn -0.0783 -0.1353 0.9877
vn -0.2621 -0.5281 0.8077
vn -0.3601 -0.7255 0.5865
vn -0.4229 -0.8521 0.3082
vn -0.4432 -0.8930 0.0784
vn -0.4432 -0.8930 -0.0784
vn -0.4229 -0.8521 -0.3082
vn -0.3601 -0.7255 -0.5865
vn -0.2621 -0.5281 -0.8077
vn -0.0783 -0.1353 -0.9877
vn -0.1385 -0.2792 -0.9502
vn 0.0291 -0.1200 0.9924
vn -0.0695 -0.1401 0.9877
vn 0.0703 -0.2903 0.9543
vn 0.1275 -0.5261 0.8408
vn 0.1803 -0.7443 0.6431
vn 0.2202 -0.9090 0.3539
vn 0.2344 -0.9674 -0.0957
vn 0.2202 -0.9090 -0.3539
vn 0.1803 -0.7443 -0.6431
vn 0.1275 -0.5261 -0.8408
vn 0.0703 -0.2903 -0.9543
vn 0.0291 -0.1200 -0.9924
vn -0.0695 -0.1401 -0.9877
vn 0.0958 0.0225 0.9951
vn 0.2501 0.0588 0.9664
vn 0.4603 0.1083 0.8811
vn 0.6858 0.1613 0.7097
vn 0.2344 -0.9674 0.0957
vn 0.8875 0.2088 0.4109
vn 0.9667 0.2274 -0.1169
vn 0.8875 0.2088 -0.4109
vn 0.6858 0.1613 -0.7097
vn 0.4603 0.1083 -0.8811
vn 0.2501 0.0588 -0.9664
vn 0.0958 0.0225 -0.9951
vn 0.1371 0.2749 0.9516
vn 0.2618 0.5248 0.8100
vn 0.3608 0.7233 0.5888
vn 0.4244 0.8509 0.3096
vn 0.4450 0.8921 0.0786
vn 0.9668 0.2274 0.1169
vn 0.4450 0.8921 -0.0785
vn 0.4244 0.8509 -0.3096
vn 0.3608 0.7233 -0.5888
vn 0.2618 0.5248 -0.8100
vn 0.1371 0.2749 -0.9516
vn 0.1480 0.2690 0.9517
vn 0.0698 0.1400 0.9877
vn 0.2827 0.5137 0.8101
vn 0.3896 0.7081 0.5889
vn 0.4584 0.8331 0.3097
vn 0.4806 0.8734 0.0786
vn 0.4806 0.8734 -0.0786
vn 0.4584 0.8331 -0.3097
vn 0.3896 0.7081 -0.5889
vn 0.2827 0.5137 -0.8101
vn 0.0698 0.1400 -0.9877
vn 0.1480 0.2690 -0.9517
vn 0.1595 0.2622 0.9517
vn 0.0754 0.1370 0.9877
vn 0.3047 0.5008 0.8102
vn 0.4200 0.6905 0.5889
vn 0.4941 0.8123 0.3097
vn 0.5181 0.8517 0.0786
vn 0.5181 0.8517 -0.0786
vn 0.4941 0.8123 -0.3097
vn 0.4200 0.6905 -0.5889
vn 0.3047 0.5008 -0.8102
vn 0.0754 0.1370 -0.9877
vn 0.1595 0.2622 -0.9517
vn 0.1715 0.2543 0.9518
vn 0.0813 0.1336 0.9877
vn 0.3277 0.4859 0.8102
vn 0.4518 0.6700 0.5890
vn 0.5316 0.7883 0.3098
vn 0.5573 0.8266 0.0786
vn 0.5573 0.8266 -0.0786
vn 0.5316 0.7883 -0.3098
vn 0.4518 0.6700 -0.5890
vn 0.3277 0.4859 -0.8102
vn 0.0813 0.1336 -0.9877
vn 0.1715 0.2543 -0.9518
vn 0.1840 0.2453 0.9518
vn 0.0874 0.1297 0.9877
vn 0.3516 0.4688 0.8103
vn 0.4848 0.6464 0.5891
vn 0.5705 0.7606 0.3099
vn 0.5982 0.7975 0.0786
vn 0.5982 0.7975 -0.0786
vn 0.5705 0.7606 -0.3099
vn 0.4848 0.6464 -0.5891
vn 0.3516 0.4688 -0.8103
vn 0.0874 0.1297 -0.9877
vn 0.1840 0.2453 -0.9518
vn 0.1968 0.2349 0.9519
vn 0.0938 0.1251 0.9877
vn 0.3762 0.4490 0.8104
vn 0.5189 0.6193 0.5892
vn 0.6106 0.7288 0.3099
vn 0.6402 0.7641 0.0786
vn 0.6402 0.7641 -0.0786
vn 0.6106 0.7288 -0.3099
vn 0.5189 0.6193 -0.5892
vn 0.3762 0.4490 -0.8104
vn 0.0938 0.1251 -0.9877
vn 0.1968 0.2349 -0.9519
vn 0.2098 0.2230 0.9520
vn 0.1004 0.1199 0.9877
vn 0.4013 0.4266 0.8105
vn 0.5536 0.5884 0.5894
vn 0.6515 0.6924 0.3100
vn 0.6831 0.7261 0.0786
vn 0.6831 0.7261 -0.0786
vn 0.6515 0.6924 -0.3100
vn 0.5536 0.5884 -0.5894
vn 0.4013 0.4266 -0.8105
vn 0.1004 0.1199 -0.9877
vn 0.2098 0.2230 -0.9520
vn 0.2229 0.2097 0.9520
vn 0.1071 0.1139 0.9877
vn 0.4265 0.4012 0.8106
vn 0.5884 0.5534 0.5895
vn 0.6925 0.6513 0.3101
vn 0.7262 0.6830 0.0786
vn 0.7262 0.6830 -0.0786
vn 0.6925 0.6513 -0.3101
vn 0.5884 0.5534 -0.5895
vn 0.4265 0.4012 -0.8106
vn 0.1071 0.1139 -0.9877
vn 0.2229 0.2097 -0.9520
vn 0.2359 0.1947 0.9521
vn 0.1139 0.1071 0.9877
vn 0.4515 0.3727 0.8107
vn 0.6229 0.5142 0.5896
vn 0.7331 0.6052 0.3101
vn 0.7688 0.6347 0.0786
vn 0.7688 0.6347 -0.0786
vn 0.7331 0.6052 -0.3101
vn 0.6229 0.5142 -0.5896
vn 0.4515 0.3727 -0.8107
vn 0.1139 0.1071 -0.9877
vn 0.2359 0.1947 -0.9521
vn 0.2484 0.1782 0.9521
vn 0.1206 0.0995 0.9877
vn 0.4756 0.3412 0.8108
vn 0.6562 0.4708 0.5896
vn 0.7724 0.5542 0.3102
vn 0.8100 0.5811 0.0786
vn 0.8100 0.5811 -0.0786
vn 0.7724 0.5542 -0.3102
vn 0.6562 0.4708 -0.5896
vn 0.4756 0.3412 -0.8108
vn 0.1206 0.0995 -0.9877
vn 0.2484 0.1782 -0.9521
vn 0.2603 0.1602 0.9522
vn 0.1270 0.0911 0.9877
vn 0.4984 0.3067 0.8109
vn 0.6878 0.4233 0.5897
vn 0.8096 0.4983 0.3102
vn 0.8490 0.5226 0.0786
vn 0.8490 0.5225 -0.0786
vn 0.8096 0.4983 -0.3102
vn 0.6878 0.4233 -0.5897
vn 0.4984 0.3067 -0.8109
vn 0.1270 0.0911 -0.9877
vn 0.2603 0.1602 -0.9522
vn 0.1386 0.0724 0.9877
vn 0.1331 0.0819 0.9877
vn 0.2710 0.1415 0.9521
vn 0.5188 0.2709 0.8108
vn 0.7159 0.3739 0.5896
vn 0.8427 0.4401 0.3102
vn 0.8837 0.4615 -0.0786
vn 0.8427 0.4401 -0.3102
vn 0.7159 0.3739 -0.5896
vn 0.5188 0.2709 -0.8108
vn 0.2710 0.1415 -0.9521
vn 0.1386 0.0724 -0.9877
vn 0.1331 0.0819 -0.9877
vn 0.1425 0.0644 0.9877
vn 0.2797 0.1263 0.9517
vn 0.5343 0.2413 0.8102
vn 0.7366 0.3326 0.5890
vn 0.8837 0.4615 0.0786
vn 0.8666 0.3913 0.3097
vn 0.9086 0.4103 -0.0786
vn 0.8666 0.3913 -0.3097
vn 0.7366 0.3326 -0.5889
vn 0.5343 0.2413 -0.8102
vn 0.2797 0.1263 -0.9517
vn 0.1425 0.0644 -0.9877
vn 0.1452 0.0581 0.9877
vn 0.2851 0.1140 0.9517
vn 0.5444 0.2177 0.8101
vn 0.7504 0.3001 0.5889
vn 0.9086 0.4103 0.0786
vn 0.8829 0.3531 0.3097
vn 0.9256 0.3702 -0.0786
vn 0.8829 0.3531 -0.3097
vn 0.7504 0.3001 -0.5889
vn 0.5444 0.2177 -0.8101
vn 0.2851 0.1140 -0.9517
vn 0.1452 0.0581 -0.9877
vn 0.1475 0.0521 0.9877
vn 0.2897 0.1023 0.9517
vn 0.5530 0.1952 0.8100
vn 0.7622 0.2691 0.5888
vn 0.9256 0.3702 0.0786
vn 0.8966 0.3166 0.3096
vn 0.9400 0.3319 -0.0786
vn 0.8966 0.3166 -0.3096
vn 0.7622 0.2691 -0.5888
vn 0.5530 0.1952 -0.8100
vn 0.2897 0.1023 -0.9517
vn 0.1475 0.0521 -0.9877
vn 0.1494 0.0464 0.9877
vn 0.2935 0.0911 0.9516
vn 0.5601 0.1739 0.8099
vn 0.7720 0.2397 0.5887
vn 0.9400 0.3319 0.0786
vn 0.9081 0.2820 0.3096
vn 0.9521 0.2956 -0.0785
vn 0.9081 0.2820 -0.3096
vn 0.7720 0.2397 -0.5887
vn 0.5601 0.1739 -0.8099
vn 0.2935 0.0911 -0.9516
vn 0.1494 0.0464 -0.9877
vn 0.1509 0.0410 0.9877
vn 0.2967 0.0806 0.9516
vn 0.5661 0.1538 0.8099
vn 0.7801 0.2119 0.5887
vn 0.9521 0.2956 0.0785
vn 0.9176 0.2493 0.3096
vn 0.9621 0.2613 -0.0785
vn 0.9176 0.2493 -0.3096
vn 0.7801 0.2119 -0.5887
vn 0.5661 0.1538 -0.8099
vn 0.2967 0.0806 -0.9516
vn 0.1509 0.0410 -0.9877
vn 0.1522 0.0359 0.9877
vn 0.2993 0.0706 0.9515
vn 0.5710 0.1347 0.8098
vn 0.7868 0.1857 0.5886
vn 0.9621 0.2613 0.0785
vn 0.9255 0.2184 0.3095
vn 0.9703 0.2289 -0.0785
vn 0.9255 0.2184 -0.3095
vn 0.7868 0.1857 -0.5886
vn 0.5710 0.1347 -0.8098
vn 0.2993 0.0706 -0.9515
vn 0.1522 0.0359 -0.9877
vn 0.1533 0.0311 0.9877
vn 0.3015 0.0612 0.9515
vn 0.5750 0.1168 0.8098
vn 0.7923 0.1609 0.5885
vn 0.9703 0.2289 0.0785
vn 0.9319 0.1893 0.3095
vn 0.9770 0.1984 -0.0785
vn 0.9319 0.1893 -0.3095
vn 0.7923 0.1609 -0.5885
vn 0.5750 0.1168 -0.8098
vn 0.3015 0.0612 -0.9515
vn 0.1533 0.0311 -0.9877
vn 0.1541 0.0266 0.9877
vn 0.3032 0.0524 0.9515
vn 0.5783 0.0999 0.8097
vn 0.7967 0.1377 0.5885
vn 0.9770 0.1984 0.0785
vn 0.9370 0.1619 0.3095
vn 0.9824 0.1697 -0.0785
vn 0.9370 0.1619 -0.3095
vn 0.7967 0.1377 -0.5885
vn 0.5783 0.0999 -0.8097
vn 0.3032 0.0524 -0.9515
vn 0.1541 0.0266 -0.9877
vn 0.1548 0.0224 0.9877
vn 0.3046 0.0441 0.9515
vn 0.5808 0.0840 0.8097
vn 0.8002 0.1158 0.5884
vn 0.9824 0.1697 0.0785
vn 0.9411 0.1362 0.3094
vn 0.9866 0.1428 -0.0785
vn 0.9411 0.1362 -0.3094
vn 0.8002 0.1158 -0.5884
vn 0.5808 0.0840 -0.8097
vn 0.3046 0.0441 -0.9515
vn 0.1548 0.0224 -0.9877
vn 0.1553 0.0184 0.9877
vn 0.3057 0.0363 0.9514
vn 0.5829 0.0691 0.8096
vn 0.8029 0.0952 0.5884
vn 0.9866 0.1428 0.0785
vn 0.9443 0.1120 0.3094
vn 0.9900 0.1174 -0.0785
vn 0.9443 0.1120 -0.3094
vn 0.8029 0.0952 -0.5884
vn 0.5829 0.0691 -0.8096
vn 0.3057 0.0363 -0.9514
vn 0.1553 0.0184 -0.9877
vn 0.1557 0.0147 0.9877
vn 0.3066 0.0289 0.9514
vn 0.5844 0.0551 0.8096
vn 0.8050 0.0759 0.5884
vn 0.9900 0.1174 0.0785
vn 0.9467 0.0893 0.3094
vn 0.9925 0.0936 -0.0785
vn 0.9467 0.0893 -0.3094
vn 0.8050 0.0759 -0.5884
vn 0.5844 0.0551 -0.8096
vn 0.3066 0.0289 -0.9514
vn 0.1557 0.0147 -0.9877
vn 0.1560 0.0112 0.9877
vn 0.3072 0.0220 0.9514
vn 0.5856 0.0419 0.8096
vn 0.8066 0.0577 0.5883
vn 0.9925 0.0936 0.0785
vn 0.9485 0.0679 0.3094
vn 0.9944 0.0711 -0.0785
vn 0.9485 0.0679 -0.3094
vn 0.8066 0.0577 -0.5883
vn 0.5856 0.0419 -0.8096
vn 0.3072 0.0220 -0.9514
vn 0.1560 0.0112 -0.9877
vn 0.1562 0.0089 0.9877
vn 0.3082 0.0175 0.9512
vn 0.5866 0.0333 0.8092
vn 0.8076 0.0459 0.5880
vn 0.9944 0.0711 0.0785
vn 0.9495 0.0539 0.3091
vn 0.9953 0.0565 -0.0785
vn 0.9495 0.0539 -0.3091
vn 0.8076 0.0459 -0.5880
vn 0.5866 0.0333 -0.8092
vn 0.3082 0.0175 -0.9512
vn 0.1562 0.0089 -0.9877
vn 0.1562 0.0077 0.9877
vn 0.3083 0.0153 0.9512
vn 0.5868 0.0291 0.8092
vn 0.8079 0.0401 0.5879
vn 0.9953 0.0565 0.0785
vn 0.9499 0.0471 0.3091
vn 0.9957 0.0494 -0.0785
vn 0.9499 0.0471 -0.3091
vn 0.8079 0.0401 -0.5879
vn 0.5868 0.0291 -0.8092
vn 0.3083 0.0153 -0.9512
vn 0.1562 0.0077 -0.9877
vn 0.1563 0.0067 0.9877
vn 0.3084 0.0132 0.9512
vn 0.5870 0.0252 0.8092
vn 0.8082 0.0347 0.5879
vn 0.9957 0.0494 0.0785
vn 0.9502 0.0408 0.3091
vn 0.9960 0.0427 -0.0785
vn 0.9502 0.0408 -0.3091
vn 0.8082 0.0347 -0.5879
vn 0.5870 0.0252 -0.8092
vn 0.3084 0.0132 -0.9512
vn 0.1563 0.0067 -0.9877
vn 0.1563 0.0057 0.9877
vn 0.3085 0.0113 0.9511
vn 0.5872 0.0216 0.8092
vn 0.8084 0.0297 0.5879
vn 0.9960 0.0427 0.0785
vn 0.9504 0.0349 0.3091
vn 0.9962 0.0366 -0.0785
vn 0.9504 0.0349 -0.3091
vn 0.8084 0.0297 -0.5879
vn 0.5872 0.0216 -0.8092
vn 0.3085 0.0113 -0.9511
vn 0.1563 0.0057 -0.9877
vn 0.1564 0.0049 0.9877
vn 0.3086 0.0096 0.9511
vn 0.5873 0.0182 0.8091
vn 0.8085 0.0251 0.5879
vn 0.9962 0.0366 0.0785
vn 0.9506 0.0295 0.3091
vn 0.9964 0.0309 -0.0785
vn 0.9506 0.0295 -0.3091
vn 0.8085 0.0251 -0.5879
vn 0.5873 0.0182 -0.8091
vn 0.3086 0.0096 -0.9511
vn 0.1564 0.0049 -0.9877
vn 0.1564 0.0040 0.9877
vn 0.3087 0.0079 0.9511
vn 0.5874 0.0151 0.8091
vn 0.8087 0.0208 0.5879
vn 0.9964 0.0309 0.0785
vn 0.9507 0.0244 0.3091
vn 0.9966 0.0256 -0.0785
vn 0.9507 0.0244 -0.3091
vn 0.8087 0.0208 -0.5879
vn 0.5874 0.0151 -0.8091
vn 0.3087 0.0079 -0.9511
vn 0.1564 0.0040 -0.9877
vn 0.1564 0.0032 0.9877
vn 0.3087 0.0064 0.9511
vn 0.5875 0.0122 0.8091
vn 0.8088 0.0167 0.5879
vn 0.9966 0.0256 0.0785
vn 0.9508 0.0197 0.3091
vn 0.9967 0.0206 -0.0785
vn 0.9508 0.0197 -0.3091
vn 0.8088 0.0167 -0.5879
vn 0.5875 0.0122 -0.8091
vn 0.3087 0.0064 -0.9511
vn 0.1564 0.0032 -0.9877
vn 0.1564 0.0025 0.9877
vn 0.3088 0.0050 0.9511
vn 0.5876 0.0094 0.8091
vn 0.8088 0.0130 0.5879
vn 0.9967 0.0206 0.0785
vn 0.9509 0.0153 0.3091
vn 0.9968 0.0160 -0.0785
vn 0.9509 0.0153 -0.3091
vn 0.8088 0.0130 -0.5879
vn 0.5876 0.0094 -0.8091
vn 0.3088 0.0050 -0.9511
vn 0.1564 0.0025 -0.9877
vn 0.1564 0.0018 0.9877
vn 0.3088 0.0036 0.9511
vn 0.5876 0.0069 0.8091
vn 0.8089 0.0094 0.5879
vn 0.9968 0.0160 0.0785
vn 0.9510 0.0111 0.3091
vn 0.9968 0.0116 -0.0785
vn 0.9510 0.0111 -0.3091
vn 0.8089 0.0094 -0.5879
vn 0.5876 0.0069 -0.8091
vn 0.3088 0.0036 -0.9511
vn 0.1564 0.0018 -0.9877
vn 0.1564 0.0012 0.9877
vn 0.3088 0.0023 0.9511
vn 0.5876 0.0044 0.8091
vn 0.8089 0.0061 0.5879
vn 0.9968 0.0116 0.0785
vn 0.9510 0.0072 0.3091
vn 0.9969 0.0075 -0.0785
vn 0.9510 0.0072 -0.3091
vn 0.8089 0.0061 -0.5879
vn 0.5876 0.0044 -0.8091
vn 0.3088 0.0023 -0.9511
vn 0.1564 0.0012 -0.9877
vn 0.1564 0.0006 0.9877
vn 0.3088 0.0011 0.9511
vn 0.5877 0.0022 0.8091
vn 0.8089 0.0030 0.5879
vn 0.9969 0.0075 0.0785
vn 0.9510 0.0035 0.3091
vn 0.9969 0.0037 -0.0785
vn 0.9510 0.0035 -0.3091
vn 0.8089 0.0030 -0.5879
vn 0.5877 0.0022 -0.8091
vn 0.3088 0.0011 -0.9511
vn 0.1564 0.0006 -0.9877
vn 0.1564 0.0001 0.9877
vn 0.3089 0.0003 0.9511
vn 0.5877 0.0005 0.8091
vn 0.8090 0.0007 0.5878
vn 0.9969 0.0037 0.0785
vn 0.9510 0.0009 0.3090
vn 0.9969 0.0009 -0.0785
vn 0.9510 0.0009 -0.3090
vn 0.8090 0.0007 -0.5878
vn 0.5877 0.0005 -0.8091
vn 0.3089 0.0003 -0.9511
vn 0.1564 0.0001 -0.9877
vn 0.9969 0.0009 0.0785
vn -0.2235 -0.1709 0.9596
vn 0.0671 -0.0876 0.9939
vn -0.0891 -0.0681 0.9937
vn -0.4073 -0.3114 0.8586
vn 0.1694 -0.2210 0.9605
vn -0.5887 -0.4501 0.6715
vn 0.3090 -0.4031 0.8614
vn -0.7357 -0.5624 0.3774
vn 0.4482 -0.5848 0.6761
vn -0.7901 -0.6041 0.1042
vn 0.5623 -0.7337 0.3814
vn 0.6049 -0.7893 -0.1057
vn -0.7901 -0.6041 -0.1042
vn 0.5623 -0.7337 -0.3814
vn -0.7357 -0.5624 -0.3774
vn 0.4482 -0.5848 -0.6761
vn -0.5887 -0.4501 -0.6715
vn 0.3090 -0.4031 -0.8614
vn -0.4073 -0.3114 -0.8586
vn 0.1694 -0.2210 -0.9605
vn -0.2235 -0.1709 -0.9596
vn 0.0671 -0.0876 -0.9939
vn -0.0891 -0.0681 -0.9937
vn 0.3075 -0.0361 0.9509
vn 0.5842 -0.0686 0.8087
vn 0.8037 -0.0943 0.5875
vn 0.9446 -0.1108 0.3088
vn 0.9901 -0.1162 0.0784
vn 0.6049 -0.7893 0.1057
vn 0.9901 -0.1162 -0.0784
vn 0.9446 -0.1108 -0.3088
vn 0.8037 -0.0943 -0.5875
vn 0.5842 -0.0686 -0.8087
vn 0.3075 -0.0361 -0.9509
vn 0.3079 -0.0323 0.9509
vn 0.1554 -0.0182 0.9877
vn 0.5849 -0.0615 0.8087
vn 0.8048 -0.0845 0.5875
vn 0.9459 -0.0994 0.3088
vn 0.9915 -0.1042 0.0784
vn 0.9915 -0.1042 -0.0784
vn 0.9459 -0.0994 -0.3088
vn 0.8048 -0.0845 -0.5875
vn 0.5849 -0.0615 -0.8087
vn 0.1554 -0.0182 -0.9877
vn 0.3079 -0.0323 -0.9509
vn 0.3082 -0.0287 0.9509
vn 0.1556 -0.0163 0.9877
vn 0.5856 -0.0545 0.8087
vn 0.8057 -0.0750 0.5875
vn 0.9470 -0.0882 0.3089
vn 0.9926 -0.0925 0.0784
vn 0.9926 -0.0925 -0.0784
vn 0.9470 -0.0882 -0.3089
vn 0.8057 -0.0750 -0.5875
vn 0.5856 -0.0545 -0.8087
vn 0.1556 -0.0163 -0.9877
vn 0.3082 -0.0287 -0.9509
vn 0.3085 -0.0252 0.9509
vn 0.1558 -0.0145 0.9877
vn 0.5862 -0.0478 0.8088
vn 0.8065 -0.0658 0.5875
vn 0.9480 -0.0773 0.3089
vn 0.9936 -0.0810 0.0784
vn 0.9936 -0.0810 -0.0784
vn 0.9480 -0.0773 -0.3089
vn 0.8065 -0.0658 -0.5875
vn 0.5862 -0.0478 -0.8088
vn 0.1558 -0.0145 -0.9877
vn 0.3085 -0.0252 -0.9509
vn 0.3087 -0.0217 0.9509
vn 0.1559 -0.0127 0.9877
vn 0.5867 -0.0413 0.8088
vn 0.8072 -0.0568 0.5875
vn 0.9488 -0.0667 0.3089
vn 0.9945 -0.0699 0.0784
vn 0.9945 -0.0699 -0.0784
vn 0.9488 -0.0667 -0.3089
vn 0.8072 -0.0568 -0.5875
vn 0.5867 -0.0413 -0.8088
vn 0.1559 -0.0127 -0.9877
vn 0.3087 -0.0217 -0.9509
vn 0.3090 -0.0184 0.9509
vn 0.1560 -0.0110 0.9877
vn 0.5871 -0.0349 0.8088
vn 0.8078 -0.0480 0.5875
vn 0.9494 -0.0564 0.3089
vn 0.9952 -0.0591 0.0784
vn 0.9952 -0.0591 -0.0784
vn 0.9494 -0.0564 -0.3089
vn 0.8078 -0.0480 -0.5875
vn 0.5871 -0.0349 -0.8088
vn 0.1560 -0.0110 -0.9877
vn 0.3090 -0.0184 -0.9509
vn 0.3091 -0.0151 0.9509
vn 0.1562 -0.0093 0.9877
vn 0.5874 -0.0287 0.8088
vn 0.8082 -0.0395 0.5875
vn 0.9500 -0.0464 0.3089
vn 0.9957 -0.0486 0.0784
vn 0.9957 -0.0486 -0.0784
vn 0.9500 -0.0464 -0.3089
vn 0.8082 -0.0395 -0.5875
vn 0.5874 -0.0287 -0.8088
vn 0.1562 -0.0093 -0.9877
vn 0.3091 -0.0151 -0.9509
vn 0.3092 -0.0119 0.9509
vn 0.1562 -0.0076 0.9877
vn 0.5877 -0.0226 0.8088
vn 0.8086 -0.0312 0.5876
vn 0.9504 -0.0366 0.3089
vn 0.9962 -0.0384 0.0784
vn 0.9962 -0.0384 -0.0784
vn 0.9504 -0.0366 -0.3089
vn 0.8086 -0.0312 -0.5876
vn 0.5877 -0.0226 -0.8088
vn 0.1562 -0.0076 -0.9877
vn 0.3092 -0.0119 -0.9509
vn 0.3093 -0.0088 0.9509
vn 0.1563 -0.0060 0.9877
vn 0.5879 -0.0168 0.8088
vn 0.8089 -0.0231 0.5876
vn 0.9507 -0.0271 0.3089
vn 0.9965 -0.0284 0.0784
vn 0.9965 -0.0284 -0.0784
vn 0.9507 -0.0271 -0.3089
vn 0.8089 -0.0231 -0.5876
vn 0.5879 -0.0168 -0.8088
vn 0.1563 -0.0060 -0.9877
vn 0.3093 -0.0088 -0.9509
vn 0.3094 -0.0058 0.9509
vn 0.1564 -0.0045 0.9877
vn 0.5880 -0.0110 0.8088
vn 0.8090 -0.0152 0.5876
vn 0.9509 -0.0178 0.3089
vn 0.9967 -0.0187 0.0784
vn 0.9967 -0.0187 -0.0784
vn 0.9509 -0.0178 -0.3089
vn 0.8090 -0.0152 -0.5876
vn 0.5880 -0.0110 -0.8088
vn 0.1564 -0.0045 -0.9877
vn 0.3094 -0.0058 -0.9509
vn 0.3094 -0.0029 0.9509
vn 0.1564 -0.0029 0.9877
vn 0.5881 -0.0054 0.8088
vn 0.8091 -0.0075 0.5876
vn 0.9511 -0.0088 0.3089
vn 0.9969 -0.0092 0.0784
vn 0.9969 -0.0092 -0.0784
vn 0.9511 -0.0088 -0.3089
vn 0.8091 -0.0075 -0.5876
vn 0.5881 -0.0054 -0.8088
vn 0.1564 -0.0029 -0.9877
vn 0.3094 -0.0029 -0.9509
vn 0.1564 -0.0000 0.9877
vn 0.1564 -0.0014 0.9877
vn 0.3094 0.0001 0.9509
vn 0.5881 0.0001 0.8088
vn 0.8092 0.0001 0.5876
vn 0.9511 0.0002 0.3089
vn 0.9969 0.0002 -0.0784
vn 0.9511 0.0002 -0.3089
vn 0.8092 0.0001 -0.5876
vn 0.5881 0.0001 -0.8088
vn 0.3094 0.0001 -0.9509
vn 0.1564 -0.0000 -0.9877
vn 0.1564 -0.0014 -0.9877
vn 0.1564 0.0015 0.9877
vn 0.3094 0.0031 0.9509
vn 0.5881 0.0058 0.8088
vn 0.8091 0.0080 0.5876
vn 0.9969 0.0002 0.0784
vn 0.9511 0.0094 0.3089
vn 0.9969 0.0098 -0.0784
vn 0.9511 0.0094 -0.3089
vn 0.8091 0.0080 -0.5876
vn 0.5881 0.0058 -0.8088
vn 0.3094 0.0031 -0.9509
vn 0.1564 0.0015 -0.9877
vn 0.1564 0.0031 0.9877
vn 0.3094 0.0061 0.9509
vn 0.5880 0.0116 0.8088
vn 0.8090 0.0160 0.5876
vn 0.9969 0.0098 0.0784
vn 0.9509 0.0188 0.3089
vn 0.9967 0.0197 -0.0784
vn 0.9509 0.0188 -0.3089
vn 0.8090 0.0160 -0.5876
vn 0.5880 0.0116 -0.8088
vn 0.3094 0.0061 -0.9509
vn 0.1564 0.0031 -0.9877
vn 0.1564 0.0047 0.9877
vn 0.3093 0.0092 0.9509
vn 0.5878 0.0175 0.8088
vn 0.8088 0.0241 0.5876
vn 0.9967 0.0197 0.0784
vn 0.9507 0.0283 0.3089
vn 0.9965 0.0297 -0.0784
vn 0.9507 0.0283 -0.3089
vn 0.8088 0.0241 -0.5876
vn 0.5878 0.0175 -0.8088
vn 0.3093 0.0092 -0.9509
vn 0.1564 0.0047 -0.9877
vn 0.1563 0.0062 0.9877
vn 0.3092 0.0123 0.9509
vn 0.5876 0.0234 0.8088
vn 0.8085 0.0322 0.5876
vn 0.9965 0.0297 0.0784
vn 0.9503 0.0379 0.3089
vn 0.9961 0.0397 -0.0784
vn 0.9503 0.0379 -0.3089
vn 0.8085 0.0322 -0.5876
vn 0.5876 0.0234 -0.8088
vn 0.3092 0.0123 -0.9509
vn 0.1563 0.0062 -0.9877
vn 0.1562 0.0078 0.9877
vn 0.3091 0.0155 0.9509
vn 0.5874 0.0294 0.8088
vn 0.8082 0.0404 0.5875
vn 0.9961 0.0397 0.0784
vn 0.9499 0.0475 0.3089
vn 0.9957 0.0498 -0.0784
vn 0.9499 0.0475 -0.3089
vn 0.8082 0.0404 -0.5875
vn 0.5874 0.0294 -0.8088
vn 0.3091 0.0155 -0.9509
vn 0.1562 0.0078 -0.9877
vn 0.1562 0.0094 0.9877
vn 0.3089 0.0186 0.9509
vn 0.5870 0.0354 0.8088
vn 0.8077 0.0486 0.5875
vn 0.9951 0.0599 0.0784
vn 0.9957 0.0498 0.0784
vn 0.9951 0.0599 -0.0784
vn 0.9494 0.0572 -0.3089
vn 0.8077 0.0486 -0.5875
vn 0.5870 0.0354 -0.8088
vn 0.3089 0.0186 -0.9509
vn 0.1562 0.0094 -0.9877
vn 0.1560 0.0110 0.9877
vn 0.3087 0.0218 0.9509
vn 0.5867 0.0414 0.8088
vn 0.9494 0.0572 0.3089
vn 0.8072 0.0569 0.5875
vn 0.9944 0.0701 0.0784
vn 0.9944 0.0701 -0.0784
vn 0.8072 0.0569 -0.5875
vn 0.5867 0.0414 -0.8088
vn 0.3087 0.0218 -0.9509
vn 0.1560 0.0110 -0.9877
vn 0.1559 0.0126 0.9877
vn 0.3085 0.0249 0.9509
vn 0.5862 0.0474 0.8088
vn 0.9487 0.0669 0.3089
vn 0.8066 0.0652 0.5875
vn 0.9480 0.0767 0.3089
vn 0.9937 0.0804 -0.0784
vn 0.9480 0.0767 -0.3089
vn 0.9487 0.0669 -0.3089
vn 0.8066 0.0652 -0.5875
vn 0.5862 0.0474 -0.8088
vn 0.3085 0.0249 -0.9509
vn 0.1559 0.0126 -0.9877
vn 0.1558 0.0142 0.9877
vn 0.3082 0.0281 0.9509
vn 0.5857 0.0535 0.8088
vn 0.8058 0.0736 0.5875
vn 0.9937 0.0804 0.0784
vn 0.9472 0.0865 0.3089
vn 0.9928 0.0907 -0.0784
vn 0.9472 0.0865 -0.3089
vn 0.8058 0.0736 -0.5875
vn 0.5857 0.0535 -0.8088
vn 0.3082 0.0281 -0.9509
vn 0.1558 0.0142 -0.9877
vn 0.1556 0.0158 0.9877
vn 0.3079 0.0314 0.9509
vn 0.5851 0.0596 0.8088
vn 0.8050 0.0820 0.5875
vn 0.9928 0.0907 0.0784
vn 0.9462 0.0963 0.3089
vn 0.9918 0.1010 -0.0784
vn 0.9462 0.0963 -0.3089
vn 0.8050 0.0820 -0.5875
vn 0.5851 0.0596 -0.8088
vn 0.3079 0.0314 -0.9509
vn 0.1556 0.0158 -0.9877
vn 0.1555 0.0175 0.9877
vn 0.3075 0.0346 0.9509
vn 0.5844 0.0657 0.8088
vn 0.9452 0.1062 0.3089
vn 0.9918 0.1010 0.0784
vn 0.9907 0.1114 -0.0784
vn 0.9452 0.1062 -0.3089
vn 0.8041 0.0904 -0.5875
vn 0.5844 0.0657 -0.8088
vn 0.3075 0.0346 -0.9509
vn 0.1555 0.0175 -0.9877
vn 0.0709 0.0876 0.9936
vn 0.1777 0.2194 0.9593
vn 0.8041 0.0904 0.5875
vn 0.3237 0.3996 0.8576
vn 0.4673 0.5769 0.6700
vn 0.9907 0.1114 0.0784
vn 0.5832 0.7200 0.3762
vn 0.6261 0.7728 -0.1038
vn 0.5832 0.7200 -0.3762
vn 0.4673 0.5769 -0.6700
vn 0.3237 0.3996 -0.8576
vn 0.1777 0.2194 -0.9593
vn 0.0709 0.0876 -0.9936
vn -0.0855 0.0701 0.9939
vn -0.2156 0.1768 0.9603
vn -0.3932 0.3225 0.8610
vn -0.5701 0.4676 0.6755
vn 0.6261 0.7728 0.1038
vn -0.7149 0.5864 0.3809
vn -0.7689 0.6307 -0.1055
vn -0.7149 0.5864 -0.3809
vn -0.5701 0.4676 -0.6755
vn -0.3932 0.3225 -0.8610
vn -0.2156 0.1768 -0.9603
vn -0.0855 0.0701 -0.9939
vn -0.3071 -0.0311 0.9512
vn -0.5845 -0.0591 0.8092
vn -0.8048 -0.0814 0.5880
vn -0.9462 -0.0957 0.3091
vn -0.9919 -0.1003 0.0785
vn -0.7689 0.6307 0.1055
vn -0.9919 -0.1003 -0.0785
vn -0.9462 -0.0957 -0.3091
vn -0.8048 -0.0814 -0.5880
vn -0.5845 -0.0591 -0.8092
vn -0.3071 -0.0311 -0.9512
vn -0.3073 -0.0285 0.9512
vn -0.1556 -0.0157 0.9877
vn -0.5850 -0.0542 0.8092
vn -0.8054 -0.0746 0.5880
vn -0.9470 -0.0878 0.3091
vn -0.9927 -0.0920 0.0785
vn -0.9927 -0.0920 -0.0785
vn -0.9470 -0.0878 -0.3091
vn -0.8054 -0.0746 -0.5880
vn -0.5850 -0.0542 -0.8092
vn -0.1556 -0.0157 -0.9877
vn -0.3073 -0.0285 -0.9512
vn -0.3075 -0.0259 0.9512
vn -0.1558 -0.0144 0.9877
vn -0.5854 -0.0492 0.8092
vn -0.8060 -0.0678 0.5880
vn -0.9477 -0.0797 0.3091
vn -0.9934 -0.0835 0.0785
vn -0.9934 -0.0835 -0.0785
vn -0.9477 -0.0797 -0.3091
vn -0.8060 -0.0678 -0.5880
vn -0.5854 -0.0492 -0.8092
vn -0.1558 -0.0144 -0.9877
vn -0.3075 -0.0259 -0.9512
vn -0.3077 -0.0232 0.9512
vn -0.1559 -0.0131 0.9877
vn -0.5858 -0.0441 0.8092
vn -0.8066 -0.0608 0.5880
vn -0.9483 -0.0715 0.3091
vn -0.9941 -0.0749 0.0785
vn -0.9941 -0.0749 -0.0785
vn -0.9483 -0.0715 -0.3091
vn -0.8066 -0.0608 -0.5880
vn -0.5858 -0.0441 -0.8092
vn -0.1559 -0.0131 -0.9877
vn -0.3077 -0.0232 -0.9512
vn -0.3079 -0.0205 0.9512
vn -0.5862 -0.0390 0.8092
vn -0.8071 -0.0536 0.5880
vn -0.9489 -0.0631 0.3092
vn -0.9947 -0.0661 0.0785
vn -0.9947 -0.0661 -0.0785
vn -0.9489 -0.0631 -0.3092
vn -0.8071 -0.0536 -0.5880
vn -0.5862 -0.0390 -0.8092
vn -0.3079 -0.0205 -0.9512
vn -0.3081 -0.0177 0.9512
vn -0.1561 -0.0104 0.9877
vn -0.5865 -0.0337 0.8092
vn -0.8075 -0.0464 0.5880
vn -0.9494 -0.0545 0.3092
vn -0.9953 -0.0572 0.0785
vn -0.9953 -0.0572 -0.0785
vn -0.9494 -0.0545 -0.3092
vn -0.8075 -0.0464 -0.5880
vn -0.5865 -0.0337 -0.8092
vn -0.1561 -0.0104 -0.9877
vn -0.3081 -0.0177 -0.9512
vn -0.3082 -0.0149 0.9512
vn -0.1562 -0.0090 0.9877
vn -0.5868 -0.0283 0.8092
vn -0.8079 -0.0390 0.5880
vn -0.9499 -0.0458 0.3092
vn -0.9958 -0.0481 0.0785
vn -0.9958 -0.0481 -0.0785
vn -0.9499 -0.0458 -0.3092
vn -0.8079 -0.0390 -0.5880
vn -0.5868 -0.0283 -0.8092
vn -0.1562 -0.0090 -0.9877
vn -0.3082 -0.0149 -0.9512
vn -0.3084 -0.0120 0.9512
vn -0.1563 -0.0075 0.9877
vn -0.5870 -0.0229 0.8092
vn -0.8082 -0.0315 0.5880
vn -0.9503 -0.0370 0.3092
vn -0.9962 -0.0388 0.0785
vn -0.9962 -0.0388 -0.0785
vn -0.9503 -0.0370 -0.3092
vn -0.8082 -0.0315 -0.5880
vn -0.5870 -0.0229 -0.8092
vn -0.1563 -0.0075 -0.9877
vn -0.3084 -0.0120 -0.9512
vn -0.3084 -0.0091 0.9512
vn -0.1563 -0.0061 0.9877
vn -0.5872 -0.0173 0.8092
vn -0.8085 -0.0238 0.5880
vn -0.9506 -0.0280 0.3092
vn -0.9965 -0.0293 0.0785
vn -0.9965 -0.0293 -0.0785
vn -0.9506 -0.0280 -0.3092
vn -0.8085 -0.0238 -0.5880
vn -0.5872 -0.0173 -0.8092
vn -0.1563 -0.0061 -0.9877
vn -0.3084 -0.0091 -0.9512
vn -0.3085 -0.0061 0.9512
vn -0.1564 -0.0046 0.9877
vn -0.5873 -0.0116 0.8093
vn -0.8087 -0.0160 0.5880
vn -0.9508 -0.0188 0.3092
vn -0.9967 -0.0197 0.0785
vn -0.9967 -0.0197 -0.0785
vn -0.9508 -0.0188 -0.3092
vn -0.8087 -0.0160 -0.5880
vn -0.5873 -0.0116 -0.8093
vn -0.1564 -0.0046 -0.9877
vn -0.3085 -0.0061 -0.9512
vn -0.3086 -0.0031 0.9512
vn -0.1564 -0.0031 0.9877
vn -0.5874 -0.0059 0.8093
vn -0.8088 -0.0081 0.5880
vn -0.9510 -0.0095 0.3092
vn -0.9969 -0.0099 0.0785
vn -0.9969 -0.0099 -0.0785
vn -0.9510 -0.0095 -0.3092
vn -0.8088 -0.0081 -0.5880
vn -0.5874 -0.0059 -0.8093
vn -0.1564 -0.0031 -0.9877
vn -0.3086 -0.0031 -0.9512
vn -0.1564 -0.0000 0.9877
vn -0.1564 -0.0016 0.9877
vn -0.3086 -0.0001 0.9512
vn -0.5875 -0.0001 0.8092
vn -0.8088 -0.0002 0.5880
vn -0.9510 -0.0002 0.3092
vn -0.9969 -0.0002 -0.0785
vn -0.9510 -0.0002 -0.3092
vn -0.8088 -0.0002 -0.5880
vn -0.5875 -0.0001 -0.8092
vn -0.3086 -0.0001 -0.9512
vn -0.1564 -0.0000 -0.9877
vn -0.1564 -0.0016 -0.9877
vn -0.1564 0.0015 0.9877
vn -0.3086 0.0029 0.9512
vn -0.5874 0.0055 0.8092
vn -0.8088 0.0075 0.5880
vn -0.9969 -0.0002 0.0785
vn -0.9510 0.0089 0.3092
vn -0.9969 0.0093 -0.0785
vn -0.9510 0.0089 -0.3092
vn -0.8088 0.0075 -0.5880
vn -0.5874 0.0055 -0.8092
vn -0.3086 0.0029 -0.9512
vn -0.1564 0.0015 -0.9877
vn -0.3085 0.0058 0.9512
vn -0.5874 0.0111 0.8093
vn -0.8087 0.0153 0.5880
vn -0.9508 0.0180 0.3092
vn -0.9967 0.0188 0.0785
vn -0.9969 0.0093 0.0785
vn -0.9967 0.0188 -0.0785
vn -0.9508 0.0180 -0.3092
vn -0.8087 0.0153 -0.5880
vn -0.5874 0.0111 -0.8093
vn -0.3085 0.0058 -0.9512
vn -0.3084 0.0089 0.9512
vn -0.1564 0.0030 0.9877
vn -0.5872 0.0169 0.8093
vn -0.8085 0.0232 0.5880
vn -0.9506 0.0273 0.3092
vn -0.9965 0.0286 0.0785
vn -0.9965 0.0286 -0.0785
vn -0.9506 0.0273 -0.3092
vn -0.8085 0.0232 -0.5880
vn -0.5872 0.0169 -0.8093
vn -0.1564 0.0030 -0.9877
vn -0.3084 0.0089 -0.9512
vn -0.3083 0.0120 0.9512
vn -0.1564 0.0045 0.9877
vn -0.5870 0.0228 0.8093
vn -0.8082 0.0314 0.5880
vn -0.9503 0.0369 0.3092
vn -0.9962 0.0387 0.0785
vn -0.9962 0.0387 -0.0785
vn -0.9503 0.0369 -0.3092
vn -0.8082 0.0314 -0.5880
vn -0.5870 0.0228 -0.8093
vn -0.1564 0.0045 -0.9877
vn -0.3083 0.0120 -0.9512
vn -0.3082 0.0152 0.9512
vn -0.1563 0.0061 0.9877
vn -0.5867 0.0289 0.8093
vn -0.8078 0.0399 0.5880
vn -0.9498 0.0469 0.3092
vn -0.9957 0.0491 0.0785
vn -0.9957 0.0491 -0.0785
vn -0.9498 0.0469 -0.3092
vn -0.8078 0.0399 -0.5880
vn -0.5867 0.0289 -0.8093
vn -0.1563 0.0061 -0.9877
vn -0.3082 0.0152 -0.9512
vn -0.3080 0.0185 0.9512
vn -0.1562 0.0077 0.9877
vn -0.5864 0.0353 0.8093
vn -0.8074 0.0485 0.5880
vn -0.9493 0.0571 0.3092
vn -0.9951 0.0598 0.0785
vn -0.9951 0.0598 -0.0785
vn -0.9493 0.0571 -0.3092
vn -0.8074 0.0485 -0.5880
vn -0.5864 0.0353 -0.8093
vn -0.1562 0.0077 -0.9877
vn -0.3080 0.0185 -0.9512
vn -0.3077 0.0219 0.9512
vn -0.1562 0.0094 0.9877
vn -0.5859 0.0417 0.8093
vn -0.8068 0.0575 0.5881
vn -0.9486 0.0676 0.3092
vn -0.9944 0.0708 0.0785
vn -0.9944 0.0708 -0.0785
vn -0.9486 0.0676 -0.3092
vn -0.8068 0.0575 -0.5881
vn -0.5859 0.0417 -0.8093
vn -0.1562 0.0094 -0.9877
vn -0.3077 0.0219 -0.9512
vn -0.3074 0.0254 0.9512
vn -0.1560 0.0111 0.9877
vn -0.5854 0.0484 0.8093
vn -0.8061 0.0667 0.5881
vn -0.9478 0.0784 0.3092
vn -0.9935 0.0822 0.0785
vn -0.9935 0.0822 -0.0785
vn -0.9478 0.0784 -0.3092
vn -0.8061 0.0667 -0.5881
vn -0.5854 0.0484 -0.8093
vn -0.1560 0.0111 -0.9877
vn -0.3074 0.0254 -0.9512
vn -0.3071 0.0291 0.9512
vn -0.1559 0.0129 0.9877
vn -0.5848 0.0553 0.8093
vn -0.8052 0.0762 0.5881
vn -0.9468 0.0896 0.3092
vn -0.9925 0.0939 0.0785
vn -0.9925 0.0939 -0.0785
vn -0.9468 0.0896 -0.3092
vn -0.8052 0.0762 -0.5881
vn -0.5848 0.0553 -0.8093
vn -0.1559 0.0129 -0.9877
vn -0.3071 0.0291 -0.9512
vn -0.3067 0.0328 0.9512
vn -0.1557 0.0147 0.9877
vn -0.5841 0.0624 0.8093
vn -0.8042 0.0859 0.5881
vn -0.9456 0.1010 0.3092
vn -0.9913 0.1059 0.0785
vn -0.9913 0.1059 -0.0785
vn -0.9456 0.1010 -0.3092
vn -0.8042 0.0859 -0.5881
vn -0.5841 0.0624 -0.8093
vn -0.1557 0.0147 -0.9877
vn -0.3067 0.0328 -0.9512
vn -0.3063 0.0366 0.9512
vn -0.1555 0.0166 0.9877
vn -0.5832 0.0697 0.8093
vn -0.8031 0.0960 0.5881
vn -0.9443 0.1129 0.3092
vn -0.9899 0.1183 0.0785
vn -0.9899 0.1183 -0.0785
vn -0.9443 0.1129 -0.3092
vn -0.8031 0.0960 -0.5881
vn -0.5832 0.0697 -0.8093
vn -0.1555 0.0166 -0.9877
vn -0.3063 0.0366 -0.9512
vn -0.1553 0.0186 0.9877
vn -0.1553 0.0186 -0.9877
vn -0.1992 0.1918 0.9610
vn 0.0787 0.0757 0.9940
vn 0.1992 0.1918 0.9610
vn -0.3636 0.3501 0.8633
vn 0.3636 0.3501 0.8633
vn -0.5287 0.5090 0.6793
vn 0.5287 0.5090 0.6792
vn -0.6651 0.6404 0.3841
vn 0.6651 0.6404 0.3841
vn -0.7163 0.6896 0.1067
vn 0.7163 0.6896 0.1067
vn -0.7163 0.6896 -0.1067
vn 0.7163 0.6896 -0.1067
vn -0.6651 0.6404 -0.3841
vn 0.6651 0.6404 -0.3841
vn -0.5287 0.5090 -0.6793
vn 0.5287 0.5090 -0.6793
vn -0.3636 0.3501 -0.8633
vn 0.3636 0.3501 -0.8633
vn 0.1992 0.1918 -0.9610
vn -0.0787 0.0757 -0.9940
vn 0.0787 0.0757 -0.9940
vn -0.1966 -0.2042 0.9590
vn -0.0787 0.0757 0.9940
vn -0.3579 -0.3717 0.8566
vn -0.5160 -0.5359 0.6682
vn -0.6431 -0.6679 0.3747
vn -0.6899 -0.7165 0.1032
vn -0.6899 -0.7165 -0.1032
vn -0.6431 -0.6679 -0.3747
vn -0.5160 -0.5359 -0.6682
vn -0.1992 0.1918 -0.9610
vn -0.3579 -0.3717 -0.8566
vn -0.1966 -0.2042 -0.9590
vn 0.1966 -0.2042 0.9590
vn -0.0786 -0.0817 0.9936
vn 0.3579 -0.3717 0.8566
vn 0.5160 -0.5359 0.6682
vn 0.6431 -0.6679 0.3747
vn 0.6899 -0.7165 0.1032
vn 0.6899 -0.7165 -0.1032
vn 0.6431 -0.6679 -0.3747
vn 0.5160 -0.5359 -0.6682
vn 0.3579 -0.3717 -0.8566
vn 0.1966 -0.2042 -0.9590
vn 0.0786 -0.0817 -0.9936
vn -0.0786 -0.0817 -0.9936
vn 0.0786 -0.0817 0.9936
vt 1.000000 0.000000
vt 0.714286 0.000000
vt 0.571429 0.000000
vt 0.857143 0.000000
vt 0.000000 0.000000
vt 0.285714 0.000000
vt 0.142857 0.000000
vt 0.428571 0.000000
vt 0.413223 0.000000
vt 0.429752 0.000000
vt 0.421488 0.000000
vt 0.438017 0.000000
vt 0.991736 0.000000
vt 0.446281 0.000000
vt 0.454545 0.000000
vt 0.983471 0.000000
vt 0.975207 0.000000
vt 0.462810 0.000000
vt 0.471074 0.000000
vt 0.479339 0.000000
vt 0.966942 0.000000
vt 0.958678 0.000000
vt 0.487603 0.000000
vt 0.950413 0.000000
vt 0.942149 0.000000
vt 0.933884 0.000000
vt 0.495868 0.000000
vt 0.925620 0.000000
vt 0.917355 0.000000
vt 0.504132 0.000000
vt 0.909091 0.000000
vt 0.900826 0.000000
vt 0.892562 0.000000
vt 0.512397 0.000000
vt 0.884298 0.000000
vt 0.876033 0.000000
vt 0.867769 0.000000
vt 0.520661 0.000000
vt 0.859504 0.000000
vt 0.528926 0.000000
vt 0.851240 0.000000
vt 0.537190 0.000000
vt 0.842975 0.000000
vt 0.545455 0.000000
vt 0.834711 0.000000
vt 0.553719 0.000000
vt 0.826446 0.000000
vt 0.818182 0.000000
vt 0.561983 0.000000
vt 0.809917 0.000000
vt 0.570248 0.000000
vt 0.801653 0.000000
vt 0.578512 0.000000
vt 0.793388 0.000000
vt 0.785124 0.000000
vt 0.586777 0.000000
vt 0.776860 0.000000
vt 0.768595 0.000000
vt 0.595041 0.000000
vt 0.760331 0.000000
vt 0.752066 0.000000
vt 0.603306 0.000000
vt 0.743802 0.000000
vt 0.735537 0.000000
vt 0.611570 0.000000
vt 0.727273 0.000000
vt 0.719008 0.000000
vt 0.619835 0.000000
vt 0.710744 0.000000
vt 0.702479 0.000000
vt 0.628099 0.000000
vt 0.694215 0.000000
vt 0.636364 0.000000
vt 0.685950 0.000000
vt 0.677686 0.000000
vt 0.669421 0.000000
vt 0.644628 0.000000
vt 0.652893 0.000000
vt 0.661157 0.000000
vt 0.198347 0.000000
vt 0.214876 0.000000
vt 0.206612 0.000000
vt 0.223140 0.000000
vt 0.190083 0.000000
vt 0.231405 0.000000
vt 0.181818 0.000000
vt 0.239669 0.000000
vt 0.173554 0.000000
vt 0.247934 0.000000
vt 0.165289 0.000000
vt 0.256198 0.000000
vt 0.157025 0.000000
vt 0.264463 0.000000
vt 0.148760 0.000000
vt 0.272727 0.000000
vt 0.140496 0.000000
vt 0.280992 0.000000
vt 0.132231 0.000000
vt 0.289256 0.000000
vt 0.123967 0.000000
vt 0.297521 0.000000
vt 0.115702 0.000000
vt 0.305785 0.000000
vt 0.107438 0.000000
vt 0.314050 0.000000
vt 0.322314 0.000000
vt 0.099174 0.000000
vt 0.330579 0.000000
vt 0.090909 0.000000
vt 0.338843 0.000000
vt 0.082645 0.000000
vt 0.347107 0.000000
vt 0.074380 0.000000
vt 0.355372 0.000000
vt 0.066116 0.000000
vt 0.363636 0.000000
vt 0.057851 0.000000
vt 0.371901 0.000000
vt 0.049587 0.000000
vt 0.380165 0.000000
vt 0.041322 0.000000
vt 0.388430 0.000000
vt 0.033058 0.000000
vt 0.396694 0.000000
vt 0.024793 0.000000
vt 0.404959 0.000000
vt 0.016529 0.000000
vt 0.008264 0.000000
vt 0.005525 0.000000
vt 0.016575 0.000000
vt 0.011050 0.000000
vt 0.022099 0.000000
vt 0.038674 0.000000
vt 0.049724 0.000000
vt 0.044199 0.000000
vt 0.055249 0.000000
vt 0.060773 0.000000
vt 0.071823 0.000000
vt 0.066298 0.000000
vt 0.077348 0.000000
vt 0.027624 0.000000
vt 0.033149 0.000000
vt 0.082873 0.000000
vt 0.088398 0.000000
vt 0.867403 0.000000
vt 0.138122 0.000000
vt 0.143646 0.000000
vt 0.132597 0.000000
vt 0.127072 0.000000
vt 0.116022 0.000000
vt 0.121547 0.000000
vt 0.110497 0.000000
vt 0.104972 0.000000
vt 0.093923 0.000000
vt 0.099448 0.000000
vt 0.861878 0.000000
vt 0.856354 0.000000
vt 0.149171 0.000000
vt 0.154696 0.000000
vt 0.911602 0.000000
vt 0.922652 0.000000
vt 0.872928 0.000000
vt 0.878453 0.000000
vt 0.917127 0.000000
vt 0.994475 0.000000
vt 0.883978 0.000000
vt 0.209945 0.000000
vt 0.220994 0.000000
vt 0.215470 0.000000
vt 0.204420 0.000000
vt 0.226519 0.000000
vt 0.198895 0.000000
vt 0.193370 0.000000
vt 0.187845 0.000000
vt 0.182320 0.000000
vt 0.176796 0.000000
vt 0.171271 0.000000
vt 0.165746 0.000000
vt 0.160221 0.000000
vt 0.928177 0.000000
vt 0.933702 0.000000
vt 0.983425 0.000000
vt 0.988950 0.000000
vt 0.850829 0.000000
vt 0.845304 0.000000
vt 0.839779 0.000000
vt 0.834254 0.000000
vt 0.828729 0.000000
vt 0.237569 0.000000
vt 0.232044 0.000000
vt 0.243094 0.000000
vt 0.823204 0.000000
vt 0.248619 0.000000
vt 0.817680 0.000000
vt 0.254144 0.000000
vt 0.812155 0.000000
vt 0.259668 0.000000
vt 0.806630 0.000000
vt 0.265193 0.000000
vt 0.801105 0.000000
vt 0.270718 0.000000
vt 0.795580 0.000000
vt 0.276243 0.000000
vt 0.790055 0.000000
vt 0.784530 0.000000
vt 0.281768 0.000000
vt 0.287293 0.000000
vt 0.292818 0.000000
vt 0.298343 0.000000
vt 0.718232 0.000000
vt 0.303867 0.000000
vt 0.723757 0.000000
vt 0.712707 0.000000
vt 0.729282 0.000000
vt 0.734807 0.000000
vt 0.740331 0.000000
vt 0.745856 0.000000
vt 0.751381 0.000000
vt 0.756906 0.000000
vt 0.762431 0.000000
vt 0.767956 0.000000
vt 0.773481 0.000000
vt 0.779006 0.000000
vt 0.944751 0.000000
vt 0.939227 0.000000
vt 0.972376 0.000000
vt 0.950276 0.000000
vt 0.955801 0.000000
vt 0.977901 0.000000
vt 0.961326 0.000000
vt 0.966851 0.000000
vt 0.900553 0.000000
vt 0.895028 0.000000
vt 0.707182 0.000000
vt 0.701657 0.000000
vt 0.696133 0.000000
vt 0.690608 0.000000
vt 0.685083 0.000000
vt 0.679558 0.000000
vt 0.674033 0.000000
vt 0.668508 0.000000
vt 0.662983 0.000000
vt 0.657459 0.000000
vt 0.651934 0.000000
vt 0.646409 0.000000
vt 0.640884 0.000000
vt 0.635359 0.000000
vt 0.629834 0.000000
vt 0.624309 0.000000
vt 0.618785 0.000000
vt 0.502762 0.000000
vt 0.513812 0.000000
vt 0.508287 0.000000
vt 0.519337 0.000000
vt 0.613260 0.000000
vt 0.524862 0.000000
vt 0.530387 0.000000
vt 0.607735 0.000000
vt 0.535912 0.000000
vt 0.541436 0.000000
vt 0.602210 0.000000
vt 0.546961 0.000000
vt 0.552486 0.000000
vt 0.596685 0.000000
vt 0.558011 0.000000
vt 0.591160 0.000000
vt 0.563536 0.000000
vt 0.569061 0.000000
vt 0.585635 0.000000
vt 0.574586 0.000000
vt 0.580110 0.000000
vt 0.309392 0.000000
vt 0.314917 0.000000
vt 0.320442 0.000000
vt 0.906077 0.000000
vt 0.889503 0.000000
vt 0.325967 0.000000
vt 0.331492 0.000000
vt 0.337017 0.000000
vt 0.342541 0.000000
vt 0.348066 0.000000
vt 0.353591 0.000000
vt 0.359116 0.000000
vt 0.364641 0.000000
vt 0.370166 0.000000
vt 0.375691 0.000000
vt 0.381215 0.000000
vt 0.386740 0.000000
vt 0.392265 0.000000
vt 0.497238 0.000000
vt 0.491713 0.000000
vt 0.397790 0.000000
vt 0.486188 0.000000
vt 0.403315 0.000000
vt 0.480663 0.000000
vt 0.408840 0.000000
vt 0.475138 0.000000
vt 0.469613 0.000000
vt 0.414365 0.000000
vt 0.464088 0.000000
vt 0.419890 0.000000
vt 0.458564 0.000000
vt 0.425414 0.000000
vt 0.453039 0.000000
vt 0.447514 0.000000
vt 0.430939 0.000000
vt 0.441989 0.000000
vt 0.436464 0.000000
vt 0.006329 0.090909
vt 0.000000 0.090909
vt 0.006329 0.181818
vt 0.000000 0.181818
vt 0.006329 0.272727
vt 0.000000 0.272727
vt 0.006329 0.363636
vt 0.000000 0.363636
vt 0.006329 0.454545
vt 0.000000 0.454545
vt 0.006329 0.545455
vt 0.000000 0.545455
vt 0.000000 0.636364
vt 0.000000 0.727273
vt 0.006329 0.636364
vt 0.000000 0.818182
vt 0.006329 0.727273
vt 0.000000 0.909091
vt 0.006329 0.818182
vt 0.000000 1.000000
vt 0.006329 0.909091
vt 0.012658 0.000000
vt 0.006329 0.000000
vt 0.012658 0.090909
vt 0.012658 0.181818
vt 0.012658 0.272727
vt 0.012658 0.363636
vt 0.012658 0.545455
vt 0.012658 0.636364
vt 0.012658 0.727273
vt 0.012658 0.818182
vt 0.012658 0.909091
vt 0.012658 1.000000
vt 0.006329 1.000000
vt 0.018987 0.000000
vt 0.018987 0.181818
vt 0.018987 0.272727
vt 0.018987 0.363636
vt 0.018987 0.454545
vt 0.012658 0.454545
vt 0.018987 0.545455
vt 0.018987 0.636364
vt 0.018987 0.727273
vt 0.018987 0.818182
vt 0.018987 0.909091
vt 0.018987 1.000000
vt 0.025316 0.090909
vt 0.018987 0.090909
vt 0.025316 0.181818
vt 0.025316 0.272727
vt 0.025316 0.363636
vt 0.025316 0.454545
vt 0.025316 0.545455
vt 0.025316 0.636364
vt 0.025316 0.727273
vt 0.025316 0.818182
vt 0.025316 0.909091
vt 0.031646 0.090909
vt 0.025316 0.000000
vt 0.031646 0.181818
vt 0.031646 0.272727
vt 0.031646 0.363636
vt 0.031646 0.454545
vt 0.031646 0.545455
vt 0.031646 0.636364
vt 0.031646 0.727273
vt 0.031646 0.818182
vt 0.031646 0.909091
vt 0.025316 1.000000
vt 0.037975 0.000000
vt 0.031646 0.000000
vt 0.037975 0.090909
vt 0.037975 0.181818
vt 0.037975 0.272727
vt 0.037975 0.363636
vt 0.037975 0.545455
vt 0.037975 0.636364
vt 0.037975 0.727273
vt 0.037975 0.818182
vt 0.037975 0.909091
vt 0.037975 1.000000
vt 0.031646 1.000000
vt 0.044304 0.090909
vt 0.044304 0.181818
vt 0.044304 0.272727
vt 0.044304 0.363636
vt 0.044304 0.454545
vt 0.037975 0.454545
vt 0.044304 0.545455
vt 0.044304 0.636364
vt 0.044304 0.727273
vt 0.044304 0.818182
vt 0.044304 0.909091
vt 0.050633 0.000000
vt 0.044304 0.000000
vt 0.050633 0.090909
vt 0.050633 0.181818
vt 0.050633 0.272727
vt 0.050633 0.363636
vt 0.050633 0.545455
vt 0.050633 0.636364
vt 0.050633 0.727273
vt 0.050633 0.818182
vt 0.050633 0.909091
vt 0.050633 1.000000
vt 0.044304 1.000000
vt 0.056962 0.090909
vt 0.056962 0.181818
vt 0.056962 0.363636
vt 0.056962 0.454545
vt 0.050633 0.454545
vt 0.056962 0.545455
vt 0.056962 0.636364
vt 0.056962 0.818182
vt 0.056962 0.909091
vt 0.063291 0.090909
vt 0.056962 0.000000
vt 0.063291 0.181818
vt 0.063291 0.272727
vt 0.056962 0.272727
vt 0.063291 0.363636
vt 0.063291 0.454545
vt 0.063291 0.545455
vt 0.056962 0.727273
vt 0.063291 0.636364
vt 0.063291 0.727273
vt 0.063291 0.818182
vt 0.056962 1.000000
vt 0.063291 0.909091
vt 0.069620 0.090909
vt 0.063291 0.000000
vt 0.069620 0.181818
vt 0.069620 0.272727
vt 0.069620 0.363636
vt 0.069620 0.454545
vt 0.069620 0.545455
vt 0.069620 0.636364
vt 0.069620 0.727273
vt 0.069620 0.818182
vt 0.069620 0.909091
vt 0.069620 1.000000
vt 0.063291 1.000000
vt 0.075949 0.000000
vt 0.069620 0.000000
vt 0.075949 0.090909
vt 0.075949 0.181818
vt 0.075949 0.272727
vt 0.075949 0.363636
vt 0.075949 0.545455
vt 0.075949 0.636364
vt 0.075949 0.727273
vt 0.075949 0.818182
vt 0.075949 0.909091
vt 0.075949 1.000000
vt 0.082278 0.090909
vt 0.082278 0.181818
vt 0.082278 0.272727
vt 0.082278 0.363636
vt 0.082278 0.454545
vt 0.075949 0.454545
vt 0.082278 0.545455
vt 0.082278 0.636364
vt 0.082278 0.727273
vt 0.082278 0.909091
vt 0.082278 1.000000
vt 0.088608 0.090909
vt 0.082278 0.000000
vt 0.088608 0.181818
vt 0.088608 0.272727
vt 0.088608 0.363636
vt 0.088608 0.454545
vt 0.088608 0.545455
vt 0.088608 0.636364
vt 0.082278 0.818182
vt 0.088608 0.727273
vt 0.088608 0.818182
vt 0.088608 0.909091
vt 0.094937 0.000000
vt 0.088608 0.000000
vt 0.094937 0.090909
vt 0.094937 0.181818
vt 0.094937 0.272727
vt 0.094937 0.363636
vt 0.094937 0.545455
vt 0.094937 0.636364
vt 0.094937 0.727273
vt 0.094937 0.818182
vt 0.094937 0.909091
vt 0.094937 1.000000
vt 0.088608 1.000000
vt 0.101266 0.090909
vt 0.101266 0.181818
vt 0.101266 0.272727
vt 0.101266 0.363636
vt 0.101266 0.454545
vt 0.094937 0.454545
vt 0.101266 0.545455
vt 0.101266 0.636364
vt 0.101266 0.727273
vt 0.101266 0.818182
vt 0.101266 0.909091
vt 0.101266 1.000000
vt 0.107595 0.090909
vt 0.101266 0.000000
vt 0.107595 0.181818
vt 0.107595 0.272727
vt 0.107595 0.363636
vt 0.107595 0.454545
vt 0.107595 0.545455
vt 0.107595 0.636364
vt 0.107595 0.727273
vt 0.107595 0.818182
vt 0.107595 0.909091
vt 0.113924 0.000000
vt 0.107595 0.000000
vt 0.113924 0.090909
vt 0.113924 0.181818
vt 0.113924 0.272727
vt 0.113924 0.363636
vt 0.113924 0.545455
vt 0.113924 0.636364
vt 0.113924 0.727273
vt 0.113924 0.818182
vt 0.113924 0.909091
vt 0.113924 1.000000
vt 0.107595 1.000000
vt 0.120253 0.090909
vt 0.120253 0.181818
vt 0.120253 0.363636
vt 0.120253 0.454545
vt 0.113924 0.454545
vt 0.120253 0.545455
vt 0.120253 0.636364
vt 0.120253 0.727273
vt 0.120253 0.818182
vt 0.120253 0.909091
vt 0.120253 1.000000
vt 0.126582 0.090909
vt 0.120253 0.000000
vt 0.126582 0.181818
vt 0.126582 0.272727
vt 0.120253 0.272727
vt 0.126582 0.363636
vt 0.126582 0.454545
vt 0.126582 0.545455
vt 0.126582 0.636364
vt 0.126582 0.727273
vt 0.126582 0.818182
vt 0.126582 0.909091
vt 0.132911 0.090909
vt 0.126582 0.000000
vt 0.132911 0.181818
vt 0.132911 0.272727
vt 0.132911 0.363636
vt 0.132911 0.454545
vt 0.132911 0.545455
vt 0.132911 0.636364
vt 0.132911 0.727273
vt 0.132911 0.909091
vt 0.132911 1.000000
vt 0.126582 1.000000
vt 0.139241 0.000000
vt 0.132911 0.000000
vt 0.139241 0.090909
vt 0.139241 0.181818
vt 0.139241 0.272727
vt 0.139241 0.363636
vt 0.139241 0.545455
vt 0.139241 0.636364
vt 0.139241 0.727273
vt 0.139241 0.818182
vt 0.132911 0.818182
vt 0.139241 0.909091
vt 0.139241 1.000000
vt 0.145570 0.000000
vt 0.145570 0.181818
vt 0.145570 0.272727
vt 0.145570 0.454545
vt 0.139241 0.454545
vt 0.145570 0.545455
vt 0.145570 0.636364
vt 0.145570 0.727273
vt 0.145570 0.818182
vt 0.145570 1.000000
vt 0.151899 0.090909
vt 0.145570 0.090909
vt 0.151899 0.181818
vt 0.151899 0.272727
vt 0.151899 0.363636
vt 0.145570 0.363636
vt 0.151899 0.454545
vt 0.151899 0.545455
vt 0.151899 0.636364
vt 0.151899 0.727273
vt 0.145570 0.909091
vt 0.151899 0.818182
vt 0.151899 0.909091
vt 0.158228 0.090909
vt 0.151899 0.000000
vt 0.158228 0.181818
vt 0.158228 0.272727
vt 0.158228 0.363636
vt 0.158228 0.454545
vt 0.158228 0.545455
vt 0.158228 0.636364
vt 0.158228 0.727273
vt 0.158228 0.818182
vt 0.158228 0.909091
vt 0.158228 1.000000
vt 0.151899 1.000000
vt 0.164557 0.000000
vt 0.158228 0.000000
vt 0.164557 0.090909
vt 0.164557 0.181818
vt 0.164557 0.272727
vt 0.164557 0.363636
vt 0.164557 0.545455
vt 0.164557 0.636364
vt 0.164557 0.727273
vt 0.164557 0.818182
vt 0.164557 0.909091
vt 0.164557 1.000000
vt 0.170886 0.090909
vt 0.170886 0.181818
vt 0.170886 0.272727
vt 0.170886 0.363636
vt 0.170886 0.454545
vt 0.164557 0.454545
vt 0.170886 0.545455
vt 0.170886 0.636364
vt 0.170886 0.727273
vt 0.170886 0.818182
vt 0.170886 0.909091
vt 0.177215 0.090909
vt 0.170886 0.000000
vt 0.177215 0.181818
vt 0.177215 0.272727
vt 0.177215 0.363636
vt 0.177215 0.454545
vt 0.177215 0.545455
vt 0.177215 0.636364
vt 0.177215 0.727273
vt 0.177215 0.818182
vt 0.170886 1.000000
vt 0.177215 0.909091
vt 0.183544 0.000000
vt 0.177215 0.000000
vt 0.183544 0.090909
vt 0.183544 0.272727
vt 0.183544 0.363636
vt 0.183544 0.454545
vt 0.183544 0.545455
vt 0.183544 0.636364
vt 0.183544 0.727273
vt 0.183544 0.818182
vt 0.183544 1.000000
vt 0.177215 1.000000
vt 0.189873 0.090909
vt 0.189873 0.181818
vt 0.183544 0.181818
vt 0.189873 0.272727
vt 0.189873 0.363636
vt 0.189873 0.454545
vt 0.189873 0.545455
vt 0.189873 0.636364
vt 0.189873 0.727273
vt 0.183544 0.909091
vt 0.189873 0.818182
vt 0.189873 0.909091
vt 0.196203 0.090909
vt 0.189873 0.000000
vt 0.196203 0.181818
vt 0.196203 0.272727
vt 0.196203 0.363636
vt 0.196203 0.454545
vt 0.196203 0.545455
vt 0.196203 0.636364
vt 0.196203 0.727273
vt 0.196203 0.818182
vt 0.189873 1.000000
vt 0.196203 0.909091
vt 0.202532 0.090909
vt 0.196203 0.000000
vt 0.202532 0.181818
vt 0.202532 0.272727
vt 0.202532 0.363636
vt 0.202532 0.454545
vt 0.202532 0.545455
vt 0.202532 0.636364
vt 0.202532 0.727273
vt 0.202532 0.818182
vt 0.196203 1.000000
vt 0.202532 0.909091
vt 0.208861 0.090909
vt 0.202532 0.000000
vt 0.208861 0.181818
vt 0.208861 0.272727
vt 0.208861 0.363636
vt 0.208861 0.454545
vt 0.208861 0.545455
vt 0.208861 0.636364
vt 0.208861 0.727273
vt 0.208861 0.818182
vt 0.202532 1.000000
vt 0.208861 0.909091
vt 0.215190 0.090909
vt 0.208861 0.000000
vt 0.215190 0.181818
vt 0.215190 0.272727
vt 0.215190 0.363636
vt 0.215190 0.454545
vt 0.215190 0.545455
vt 0.215190 0.636364
vt 0.215190 0.727273
vt 0.215190 0.818182
vt 0.208861 1.000000
vt 0.215190 0.909091
vt 0.221519 0.090909
vt 0.215190 0.000000
vt 0.221519 0.181818
vt 0.221519 0.272727
vt 0.221519 0.363636
vt 0.221519 0.454545
vt 0.221519 0.545455
vt 0.221519 0.636364
vt 0.221519 0.727273
vt 0.221519 0.818182
vt 0.215190 1.000000
vt 0.221519 0.909091
vt 0.227848 0.090909
vt 0.221519 0.000000
vt 0.227848 0.181818
vt 0.227848 0.272727
vt 0.227848 0.363636
vt 0.227848 0.454545
vt 0.227848 0.545455
vt 0.227848 0.636364
vt 0.227848 0.727273
vt 0.227848 0.818182
vt 0.221519 1.000000
vt 0.227848 0.909091
vt 0.234177 0.090909
vt 0.227848 0.000000
vt 0.234177 0.181818
vt 0.234177 0.272727
vt 0.234177 0.363636
vt 0.234177 0.454545
vt 0.234177 0.545455
vt 0.234177 0.636364
vt 0.234177 0.727273
vt 0.234177 0.818182
vt 0.227848 1.000000
vt 0.234177 0.909091
vt 0.240506 0.090909
vt 0.234177 0.000000
vt 0.240506 0.181818
vt 0.240506 0.272727
vt 0.240506 0.363636
vt 0.240506 0.454545
vt 0.240506 0.545455
vt 0.240506 0.636364
vt 0.240506 0.727273
vt 0.240506 0.818182
vt 0.234177 1.000000
vt 0.240506 0.909091
vt 0.246835 0.090909
vt 0.240506 0.000000
vt 0.246835 0.181818
vt 0.246835 0.272727
vt 0.246835 0.363636
vt 0.246835 0.454545
vt 0.246835 0.545455
vt 0.246835 0.636364
vt 0.246835 0.727273
vt 0.246835 0.818182
vt 0.240506 1.000000
vt 0.246835 0.909091
vt 0.253165 0.000000
vt 0.246835 0.000000
vt 0.253165 0.090909
vt 0.253165 0.181818
vt 0.253165 0.272727
vt 0.253165 0.363636
vt 0.253165 0.545455
vt 0.253165 0.636364
vt 0.253165 0.727273
vt 0.253165 0.818182
vt 0.253165 0.909091
vt 0.246835 1.000000
vt 0.259494 0.090909
vt 0.259494 0.181818
vt 0.259494 0.272727
vt 0.259494 0.363636
vt 0.259494 0.454545
vt 0.253165 0.454545
vt 0.259494 0.545455
vt 0.259494 0.636364
vt 0.259494 0.727273
vt 0.259494 0.818182
vt 0.253165 1.000000
vt 0.259494 0.909091
vt 0.265823 0.000000
vt 0.259494 0.000000
vt 0.265823 0.181818
vt 0.265823 0.272727
vt 0.265823 0.363636
vt 0.265823 0.454545
vt 0.265823 0.545455
vt 0.265823 0.636364
vt 0.265823 0.727273
vt 0.265823 0.818182
vt 0.259494 1.000000
vt 0.265823 0.909091
vt 0.265823 0.090909
vt 0.272152 0.000000
vt 0.272152 0.090909
vt 0.272152 0.181818
vt 0.272152 0.272727
vt 0.272152 0.363636
vt 0.272152 0.545455
vt 0.272152 0.727273
vt 0.272152 0.818182
vt 0.272152 0.909091
vt 0.272152 1.000000
vt 0.265823 1.000000
vt 0.278481 0.000000
vt 0.278481 0.090909
vt 0.278481 0.181818
vt 0.278481 0.272727
vt 0.272152 0.454545
vt 0.278481 0.363636
vt 0.278481 0.545455
vt 0.278481 0.636364
vt 0.272152 0.636364
vt 0.278481 0.727273
vt 0.278481 0.818182
vt 0.278481 0.909091
vt 0.278481 1.000000
vt 0.284810 0.000000
vt 0.284810 0.090909
vt 0.284810 0.181818
vt 0.284810 0.272727
vt 0.278481 0.454545
vt 0.284810 0.363636
vt 0.284810 0.545455
vt 0.284810 0.636364
vt 0.284810 0.727273
vt 0.284810 0.818182
vt 0.284810 0.909091
vt 0.284810 1.000000
vt 0.291139 0.000000
vt 0.291139 0.090909
vt 0.291139 0.181818
vt 0.291139 0.272727
vt 0.284810 0.454545
vt 0.291139 0.363636
vt 0.291139 0.545455
vt 0.291139 0.636364
vt 0.291139 0.727273
vt 0.291139 0.818182
vt 0.291139 0.909091
vt 0.291139 1.000000
vt 0.297468 0.000000
vt 0.297468 0.090909
vt 0.297468 0.181818
vt 0.297468 0.272727
vt 0.291139 0.454545
vt 0.297468 0.363636
vt 0.297468 0.545455
vt 0.297468 0.636364
vt 0.297468 0.727273
vt 0.297468 0.818182
vt 0.297468 0.909091
vt 0.297468 1.000000
vt 0.303797 0.000000
vt 0.303797 0.090909
vt 0.303797 0.181818
vt 0.303797 0.272727
vt 0.303797 0.454545
vt 0.297468 0.454545
vt 0.303797 0.545455
vt 0.303797 0.727273
vt 0.303797 0.818182
vt 0.303797 0.909091
vt 0.303797 1.000000
vt 0.310127 0.000000
vt 0.310127 0.090909
vt 0.310127 0.181818
vt 0.303797 0.363636
vt 0.310127 0.272727
vt 0.310127 0.363636
vt 0.310127 0.545455
vt 0.310127 0.636364
vt 0.303797 0.636364
vt 0.310127 0.727273
vt 0.310127 0.818182
vt 0.310127 0.909091
vt 0.310127 1.000000
vt 0.316456 0.000000
vt 0.316456 0.090909
vt 0.316456 0.181818
vt 0.316456 0.272727
vt 0.310127 0.454545
vt 0.316456 0.363636
vt 0.316456 0.545455
vt 0.316456 0.636364
vt 0.316456 0.727273
vt 0.316456 0.818182
vt 0.316456 0.909091
vt 0.316456 1.000000
vt 0.322785 0.000000
vt 0.322785 0.090909
vt 0.322785 0.181818
vt 0.322785 0.272727
vt 0.316456 0.454545
vt 0.322785 0.363636
vt 0.322785 0.545455
vt 0.322785 0.636364
vt 0.322785 0.727273
vt 0.322785 0.818182
vt 0.322785 0.909091
vt 0.322785 1.000000
vt 0.329114 0.000000
vt 0.329114 0.090909
vt 0.329114 0.181818
vt 0.329114 0.272727
vt 0.322785 0.454545
vt 0.329114 0.363636
vt 0.329114 0.545455
vt 0.329114 0.636364
vt 0.329114 0.727273
vt 0.329114 0.818182
vt 0.329114 0.909091
vt 0.329114 1.000000
vt 0.335443 0.090909
vt 0.335443 0.181818
vt 0.335443 0.272727
vt 0.335443 0.363636
vt 0.335443 0.454545
vt 0.329114 0.454545
vt 0.335443 0.545455
vt 0.335443 0.636364
vt 0.335443 0.727273
vt 0.335443 0.818182
vt 0.335443 0.909091
vt 0.341772 0.090909
vt 0.335443 0.000000
vt 0.341772 0.181818
vt 0.341772 0.272727
vt 0.341772 0.363636
vt 0.341772 0.545455
vt 0.341772 0.636364
vt 0.341772 0.727273
vt 0.341772 0.818182
vt 0.335443 1.000000
vt 0.341772 0.909091
vt 0.348101 0.000000
vt 0.341772 0.000000
vt 0.348101 0.090909
vt 0.348101 0.181818
vt 0.348101 0.272727
vt 0.341772 0.454545
vt 0.348101 0.363636
vt 0.348101 0.545455
vt 0.348101 0.636364
vt 0.348101 0.727273
vt 0.348101 0.818182
vt 0.348101 0.909091
vt 0.348101 1.000000
vt 0.341772 1.000000
vt 0.354430 0.000000
vt 0.354430 0.090909
vt 0.354430 0.181818
vt 0.354430 0.272727
vt 0.348101 0.454545
vt 0.354430 0.363636
vt 0.354430 0.545455
vt 0.354430 0.636364
vt 0.354430 0.727273
vt 0.354430 0.818182
vt 0.354430 0.909091
vt 0.354430 1.000000
vt 0.360759 0.000000
vt 0.360759 0.090909
vt 0.360759 0.181818
vt 0.360759 0.272727
vt 0.354430 0.454545
vt 0.360759 0.363636
vt 0.360759 0.545455
vt 0.360759 0.636364
vt 0.360759 0.727273
vt 0.360759 0.818182
vt 0.360759 0.909091
vt 0.360759 1.000000
vt 0.367089 0.000000
vt 0.367089 0.090909
vt 0.367089 0.181818
vt 0.367089 0.272727
vt 0.360759 0.454545
vt 0.367089 0.363636
vt 0.367089 0.545455
vt 0.367089 0.636364
vt 0.367089 0.727273
vt 0.367089 0.818182
vt 0.367089 0.909091
vt 0.367089 1.000000
vt 0.373418 0.000000
vt 0.373418 0.090909
vt 0.373418 0.181818
vt 0.373418 0.272727
vt 0.367089 0.454545
vt 0.373418 0.363636
vt 0.373418 0.545455
vt 0.373418 0.636364
vt 0.373418 0.727273
vt 0.373418 0.818182
vt 0.373418 0.909091
vt 0.373418 1.000000
vt 0.379747 0.000000
vt 0.379747 0.090909
vt 0.379747 0.181818
vt 0.379747 0.272727
vt 0.373418 0.454545
vt 0.379747 0.363636
vt 0.379747 0.545455
vt 0.379747 0.636364
vt 0.379747 0.727273
vt 0.379747 0.818182
vt 0.379747 0.909091
vt 0.379747 1.000000
vt 0.386076 0.000000
vt 0.386076 0.090909
vt 0.386076 0.181818
vt 0.386076 0.272727
vt 0.379747 0.454545
vt 0.386076 0.363636
vt 0.386076 0.545455
vt 0.386076 0.636364
vt 0.386076 0.727273
vt 0.386076 0.818182
vt 0.386076 0.909091
vt 0.386076 1.000000
vt 0.392405 0.000000
vt 0.392405 0.090909
vt 0.392405 0.181818
vt 0.392405 0.272727
vt 0.386076 0.454545
vt 0.392405 0.363636
vt 0.392405 0.545455
vt 0.392405 0.636364
vt 0.392405 0.727273
vt 0.392405 0.818182
vt 0.392405 0.909091
vt 0.392405 1.000000
vt 0.398734 0.000000
vt 0.398734 0.090909
vt 0.398734 0.181818
vt 0.398734 0.272727
vt 0.392405 0.454545
vt 0.398734 0.363636
vt 0.398734 0.545455
vt 0.398734 0.636364
vt 0.398734 0.727273
vt 0.398734 0.818182
vt 0.398734 0.909091
vt 0.398734 1.000000
vt 0.405063 0.000000
vt 0.405063 0.090909
vt 0.405063 0.181818
vt 0.405063 0.272727
vt 0.398734 0.454545
vt 0.405063 0.363636
vt 0.405063 0.545455
vt 0.405063 0.636364
vt 0.405063 0.727273
vt 0.405063 0.818182
vt 0.405063 0.909091
vt 0.405063 1.000000
vt 0.411392 0.000000
vt 0.411392 0.090909
vt 0.411392 0.181818
vt 0.411392 0.272727
vt 0.405063 0.454545
vt 0.411392 0.363636
vt 0.411392 0.545455
vt 0.411392 0.636364
vt 0.411392 0.727273
vt 0.411392 0.818182
vt 0.411392 0.909091
vt 0.411392 1.000000
vt 0.417722 0.000000
vt 0.417722 0.090909
vt 0.417722 0.181818
vt 0.417722 0.272727
vt 0.411392 0.454545
vt 0.417722 0.363636
vt 0.417722 0.545455
vt 0.417722 0.636364
vt 0.417722 0.727273
vt 0.417722 0.818182
vt 0.417722 0.909091
vt 0.417722 1.000000
vt 0.424051 0.090909
vt 0.424051 0.181818
vt 0.424051 0.272727
vt 0.424051 0.363636
vt 0.424051 0.454545
vt 0.417722 0.454545
vt 0.424051 0.545455
vt 0.424051 0.636364
vt 0.424051 0.727273
vt 0.424051 0.818182
vt 0.424051 0.909091
vt 0.430380 0.090909
vt 0.424051 0.000000
vt 0.430380 0.181818
vt 0.430380 0.272727
vt 0.430380 0.363636
vt 0.430380 0.454545
vt 0.430380 0.545455
vt 0.430380 0.636364
vt 0.430380 0.727273
vt 0.430380 0.818182
vt 0.424051 1.000000
vt 0.430380 0.909091
vt 0.436709 0.090909
vt 0.430380 0.000000
vt 0.436709 0.181818
vt 0.436709 0.272727
vt 0.436709 0.363636
vt 0.436709 0.454545
vt 0.436709 0.545455
vt 0.436709 0.636364
vt 0.436709 0.727273
vt 0.436709 0.818182
vt 0.430380 1.000000
vt 0.436709 0.909091
vt 0.443038 0.090909
vt 0.436709 0.000000
vt 0.443038 0.181818
vt 0.443038 0.272727
vt 0.443038 0.363636
vt 0.443038 0.454545
vt 0.443038 0.545455
vt 0.443038 0.636364
vt 0.443038 0.727273
vt 0.443038 0.818182
vt 0.436709 1.000000
vt 0.443038 0.909091
vt 0.449367 0.090909
vt 0.443038 0.000000
vt 0.449367 0.181818
vt 0.449367 0.272727
vt 0.449367 0.363636
vt 0.449367 0.454545
vt 0.449367 0.545455
vt 0.449367 0.636364
vt 0.449367 0.727273
vt 0.449367 0.818182
vt 0.443038 1.000000
vt 0.449367 0.909091
vt 0.455696 0.090909
vt 0.449367 0.000000
vt 0.455696 0.181818
vt 0.455696 0.272727
vt 0.455696 0.363636
vt 0.455696 0.454545
vt 0.455696 0.545455
vt 0.455696 0.636364
vt 0.455696 0.727273
vt 0.455696 0.818182
vt 0.449367 1.000000
vt 0.455696 0.909091
vt 0.462025 0.090909
vt 0.455696 0.000000
vt 0.462025 0.181818
vt 0.462025 0.272727
vt 0.462025 0.363636
vt 0.462025 0.454545
vt 0.462025 0.545455
vt 0.462025 0.636364
vt 0.462025 0.727273
vt 0.462025 0.818182
vt 0.455696 1.000000
vt 0.462025 0.909091
vt 0.468354 0.090909
vt 0.462025 0.000000
vt 0.468354 0.181818
vt 0.468354 0.272727
vt 0.468354 0.363636
vt 0.468354 0.454545
vt 0.468354 0.545455
vt 0.468354 0.636364
vt 0.468354 0.727273
vt 0.468354 0.818182
vt 0.462025 1.000000
vt 0.468354 0.909091
vt 0.474684 0.090909
vt 0.468354 0.000000
vt 0.474684 0.181818
vt 0.474684 0.272727
vt 0.474684 0.363636
vt 0.474684 0.454545
vt 0.474684 0.545455
vt 0.474684 0.636364
vt 0.474684 0.727273
vt 0.474684 0.818182
vt 0.468354 1.000000
vt 0.474684 0.909091
vt 0.481013 0.090909
vt 0.474684 0.000000
vt 0.481013 0.181818
vt 0.481013 0.272727
vt 0.481013 0.363636
vt 0.481013 0.454545
vt 0.481013 0.545455
vt 0.481013 0.636364
vt 0.481013 0.727273
vt 0.481013 0.818182
vt 0.474684 1.000000
vt 0.481013 0.909091
vt 0.487342 0.090909
vt 0.481013 0.000000
vt 0.487342 0.181818
vt 0.487342 0.272727
vt 0.487342 0.363636
vt 0.487342 0.454545
vt 0.487342 0.545455
vt 0.487342 0.636364
vt 0.487342 0.727273
vt 0.487342 0.818182
vt 0.481013 1.000000
vt 0.487342 0.909091
vt 0.493671 0.090909
vt 0.487342 0.000000
vt 0.493671 0.181818
vt 0.493671 0.272727
vt 0.493671 0.363636
vt 0.493671 0.454545
vt 0.493671 0.545455
vt 0.493671 0.636364
vt 0.493671 0.727273
vt 0.493671 0.818182
vt 0.487342 1.000000
vt 0.493671 0.909091
vt 0.500000 0.090909
vt 0.493671 0.000000
vt 0.500000 0.181818
vt 0.500000 0.272727
vt 0.500000 0.363636
vt 0.500000 0.454545
vt 0.500000 0.545455
vt 0.500000 0.636364
vt 0.500000 0.727273
vt 0.500000 0.818182
vt 0.493671 1.000000
vt 0.500000 0.909091
vt 0.506329 0.090909
vt 0.500000 0.000000
vt 0.506329 0.181818
vt 0.506329 0.272727
vt 0.506329 0.363636
vt 0.506329 0.454545
vt 0.506329 0.545455
vt 0.506329 0.636364
vt 0.506329 0.727273
vt 0.506329 0.818182
vt 0.500000 1.000000
vt 0.506329 0.909091
vt 0.512658 0.000000
vt 0.506329 0.000000
vt 0.512658 0.090909
vt 0.512658 0.181818
vt 0.512658 0.272727
vt 0.512658 0.363636
vt 0.512658 0.545455
vt 0.512658 0.636364
vt 0.512658 0.727273
vt 0.512658 0.818182
vt 0.512658 0.909091
vt 0.512658 1.000000
vt 0.506329 1.000000
vt 0.518987 0.000000
vt 0.518987 0.090909
vt 0.518987 0.181818
vt 0.518987 0.272727
vt 0.512658 0.454545
vt 0.518987 0.363636
vt 0.518987 0.545455
vt 0.518987 0.636364
vt 0.518987 0.727273
vt 0.518987 0.818182
vt 0.518987 0.909091
vt 0.518987 1.000000
vt 0.525316 0.000000
vt 0.525316 0.090909
vt 0.525316 0.181818
vt 0.525316 0.272727
vt 0.518987 0.454545
vt 0.525316 0.363636
vt 0.525316 0.545455
vt 0.525316 0.636364
vt 0.525316 0.727273
vt 0.525316 0.818182
vt 0.525316 0.909091
vt 0.525316 1.000000
vt 0.531646 0.000000
vt 0.531646 0.090909
vt 0.531646 0.181818
vt 0.531646 0.272727
vt 0.525316 0.454545
vt 0.531646 0.363636
vt 0.531646 0.545455
vt 0.531646 0.636364
vt 0.531646 0.727273
vt 0.531646 0.818182
vt 0.531646 0.909091
vt 0.531646 1.000000
vt 0.537975 0.000000
vt 0.537975 0.090909
vt 0.537975 0.181818
vt 0.537975 0.272727
vt 0.531646 0.454545
vt 0.537975 0.363636
vt 0.537975 0.545455
vt 0.537975 0.636364
vt 0.537975 0.727273
vt 0.537975 0.818182
vt 0.537975 0.909091
vt 0.537975 1.000000
vt 0.544304 0.000000
vt 0.544304 0.090909
vt 0.544304 0.181818
vt 0.544304 0.272727
vt 0.537975 0.454545
vt 0.544304 0.363636
vt 0.544304 0.545455
vt 0.544304 0.636364
vt 0.544304 0.727273
vt 0.544304 0.818182
vt 0.544304 0.909091
vt 0.544304 1.000000
vt 0.550633 0.000000
vt 0.550633 0.090909
vt 0.550633 0.181818
vt 0.550633 0.272727
vt 0.544304 0.454545
vt 0.550633 0.363636
vt 0.550633 0.545455
vt 0.550633 0.636364
vt 0.550633 0.727273
vt 0.550633 0.818182
vt 0.550633 0.909091
vt 0.550633 1.000000
vt 0.556962 0.000000
vt 0.556962 0.090909
vt 0.556962 0.181818
vt 0.556962 0.272727
vt 0.550633 0.454545
vt 0.556962 0.363636
vt 0.556962 0.545455
vt 0.556962 0.636364
vt 0.556962 0.727273
vt 0.556962 0.818182
vt 0.556962 0.909091
vt 0.556962 1.000000
vt 0.563291 0.000000
vt 0.563291 0.090909
vt 0.563291 0.181818
vt 0.563291 0.272727
vt 0.556962 0.454545
vt 0.563291 0.363636
vt 0.563291 0.545455
vt 0.563291 0.636364
vt 0.563291 0.727273
vt 0.563291 0.818182
vt 0.563291 0.909091
vt 0.563291 1.000000
vt 0.569620 0.000000
vt 0.569620 0.090909
vt 0.569620 0.181818
vt 0.569620 0.272727
vt 0.563291 0.454545
vt 0.569620 0.363636
vt 0.569620 0.545455
vt 0.569620 0.636364
vt 0.569620 0.727273
vt 0.569620 0.818182
vt 0.569620 0.909091
vt 0.569620 1.000000
vt 0.575949 0.000000
vt 0.575949 0.090909
vt 0.575949 0.181818
vt 0.575949 0.272727
vt 0.569620 0.454545
vt 0.575949 0.363636
vt 0.575949 0.545455
vt 0.575949 0.636364
vt 0.575949 0.727273
vt 0.575949 0.818182
vt 0.575949 0.909091
vt 0.575949 1.000000
vt 0.582278 0.000000
vt 0.582278 0.090909
vt 0.582278 0.181818
vt 0.582278 0.272727
vt 0.575949 0.454545
vt 0.582278 0.363636
vt 0.582278 0.545455
vt 0.582278 0.636364
vt 0.582278 0.727273
vt 0.582278 0.818182
vt 0.582278 0.909091
vt 0.582278 1.000000
vt 0.588608 0.090909
vt 0.588608 0.181818
vt 0.588608 0.272727
vt 0.588608 0.363636
vt 0.588608 0.454545
vt 0.582278 0.454545
vt 0.588608 0.545455
vt 0.588608 0.636364
vt 0.588608 0.727273
vt 0.588608 0.818182
vt 0.588608 0.909091
vt 0.594937 0.000000
vt 0.588608 0.000000
vt 0.594937 0.090909
vt 0.594937 0.181818
vt 0.594937 0.272727
vt 0.594937 0.363636
vt 0.594937 0.545455
vt 0.594937 0.636364
vt 0.594937 0.727273
vt 0.594937 0.818182
vt 0.594937 0.909091
vt 0.594937 1.000000
vt 0.588608 1.000000
vt 0.601266 0.090909
vt 0.601266 0.181818
vt 0.601266 0.272727
vt 0.601266 0.363636
vt 0.601266 0.454545
vt 0.594937 0.454545
vt 0.601266 0.545455
vt 0.601266 0.636364
vt 0.601266 0.727273
vt 0.601266 0.818182
vt 0.601266 0.909091
vt 0.607595 0.090909
vt 0.601266 0.000000
vt 0.607595 0.181818
vt 0.607595 0.272727
vt 0.607595 0.363636
vt 0.607595 0.454545
vt 0.607595 0.545455
vt 0.607595 0.636364
vt 0.607595 0.727273
vt 0.607595 0.818182
vt 0.601266 1.000000
vt 0.607595 0.909091
vt 0.613924 0.090909
vt 0.607595 0.000000
vt 0.613924 0.181818
vt 0.613924 0.272727
vt 0.613924 0.363636
vt 0.613924 0.454545
vt 0.613924 0.545455
vt 0.613924 0.636364
vt 0.613924 0.727273
vt 0.613924 0.818182
vt 0.607595 1.000000
vt 0.613924 0.909091
vt 0.620253 0.090909
vt 0.613924 0.000000
vt 0.620253 0.181818
vt 0.620253 0.272727
vt 0.620253 0.363636
vt 0.620253 0.454545
vt 0.620253 0.545455
vt 0.620253 0.636364
vt 0.620253 0.727273
vt 0.620253 0.818182
vt 0.613924 1.000000
vt 0.620253 0.909091
vt 0.626582 0.090909
vt 0.620253 0.000000
vt 0.626582 0.181818
vt 0.626582 0.272727
vt 0.626582 0.363636
vt 0.626582 0.454545
vt 0.626582 0.545455
vt 0.626582 0.636364
vt 0.626582 0.727273
vt 0.626582 0.818182
vt 0.620253 1.000000
vt 0.626582 0.909091
vt 0.632911 0.090909
vt 0.626582 0.000000
vt 0.632911 0.181818
vt 0.632911 0.272727
vt 0.632911 0.363636
vt 0.632911 0.454545
vt 0.632911 0.545455
vt 0.632911 0.636364
vt 0.632911 0.727273
vt 0.632911 0.818182
vt 0.626582 1.000000
vt 0.632911 0.909091
vt 0.639241 0.090909
vt 0.632911 0.000000
vt 0.639241 0.181818
vt 0.639241 0.272727
vt 0.639241 0.363636
vt 0.639241 0.454545
vt 0.639241 0.545455
vt 0.639241 0.636364
vt 0.639241 0.727273
vt 0.639241 0.818182
vt 0.632911 1.000000
vt 0.639241 0.909091
vt 0.645570 0.090909
vt 0.639241 0.000000
vt 0.645570 0.181818
vt 0.645570 0.272727
vt 0.645570 0.363636
vt 0.645570 0.454545
vt 0.645570 0.545455
vt 0.645570 0.636364
vt 0.645570 0.727273
vt 0.645570 0.818182
vt 0.639241 1.000000
vt 0.645570 0.909091
vt 0.651899 0.090909
vt 0.645570 0.000000
vt 0.651899 0.181818
vt 0.651899 0.272727
vt 0.651899 0.363636
vt 0.651899 0.454545
vt 0.651899 0.545455
vt 0.651899 0.636364
vt 0.651899 0.727273
vt 0.651899 0.818182
vt 0.645570 1.000000
vt 0.651899 0.909091
vt 0.658228 0.090909
vt 0.651899 0.000000
vt 0.658228 0.181818
vt 0.658228 0.272727
vt 0.658228 0.363636
vt 0.658228 0.454545
vt 0.658228 0.545455
vt 0.658228 0.636364
vt 0.658228 0.727273
vt 0.658228 0.818182
vt 0.651899 1.000000
vt 0.658228 0.909091
vt 0.664557 0.090909
vt 0.658228 0.000000
vt 0.664557 0.181818
vt 0.664557 0.272727
vt 0.664557 0.363636
vt 0.664557 0.454545
vt 0.664557 0.545455
vt 0.664557 0.636364
vt 0.664557 0.727273
vt 0.664557 0.818182
vt 0.658228 1.000000
vt 0.664557 0.909091
vt 0.670886 0.090909
vt 0.664557 0.000000
vt 0.670886 0.181818
vt 0.670886 0.272727
vt 0.670886 0.363636
vt 0.670886 0.454545
vt 0.670886 0.545455
vt 0.670886 0.636364
vt 0.670886 0.727273
vt 0.670886 0.818182
vt 0.664557 1.000000
vt 0.670886 0.909091
vt 0.677215 0.090909
vt 0.670886 0.000000
vt 0.677215 0.181818
vt 0.677215 0.272727
vt 0.677215 0.363636
vt 0.677215 0.454545
vt 0.677215 0.545455
vt 0.677215 0.636364
vt 0.677215 0.727273
vt 0.677215 0.818182
vt 0.670886 1.000000
vt 0.677215 0.909091
vt 0.683544 0.090909
vt 0.677215 0.000000
vt 0.683544 0.181818
vt 0.683544 0.272727
vt 0.683544 0.363636
vt 0.683544 0.454545
vt 0.683544 0.545455
vt 0.683544 0.636364
vt 0.683544 0.727273
vt 0.683544 0.818182
vt 0.677215 1.000000
vt 0.683544 0.909091
vt 0.689873 0.090909
vt 0.683544 0.000000
vt 0.689873 0.181818
vt 0.689873 0.272727
vt 0.689873 0.363636
vt 0.689873 0.454545
vt 0.689873 0.545455
vt 0.689873 0.636364
vt 0.689873 0.727273
vt 0.689873 0.818182
vt 0.683544 1.000000
vt 0.689873 0.909091
vt 0.696203 0.090909
vt 0.689873 0.000000
vt 0.696203 0.181818
vt 0.696203 0.272727
vt 0.696203 0.363636
vt 0.696203 0.454545
vt 0.696203 0.545455
vt 0.696203 0.636364
vt 0.696203 0.727273
vt 0.696203 0.818182
vt 0.689873 1.000000
vt 0.696203 0.909091
vt 0.702532 0.090909
vt 0.696203 0.000000
vt 0.702532 0.181818
vt 0.702532 0.272727
vt 0.702532 0.363636
vt 0.702532 0.545455
vt 0.702532 0.636364
vt 0.702532 0.727273
vt 0.702532 0.818182
vt 0.696203 1.000000
vt 0.702532 0.909091
vt 0.708861 0.090909
vt 0.702532 0.000000
vt 0.708861 0.181818
vt 0.708861 0.272727
vt 0.702532 0.454545
vt 0.708861 0.363636
vt 0.708861 0.545455
vt 0.708861 0.636364
vt 0.708861 0.727273
vt 0.708861 0.818182
vt 0.702532 1.000000
vt 0.708861 0.909091
vt 0.715190 0.090909
vt 0.708861 0.000000
vt 0.715190 0.181818
vt 0.715190 0.272727
vt 0.708861 0.454545
vt 0.715190 0.363636
vt 0.715190 0.545455
vt 0.715190 0.636364
vt 0.715190 0.727273
vt 0.715190 0.818182
vt 0.708861 1.000000
vt 0.715190 0.909091
vt 0.721519 0.090909
vt 0.715190 0.000000
vt 0.721519 0.181818
vt 0.721519 0.272727
vt 0.715190 0.454545
vt 0.721519 0.363636
vt 0.721519 0.545455
vt 0.721519 0.636364
vt 0.721519 0.727273
vt 0.721519 0.818182
vt 0.715190 1.000000
vt 0.721519 0.909091
vt 0.727848 0.090909
vt 0.721519 0.000000
vt 0.727848 0.181818
vt 0.727848 0.272727
vt 0.721519 0.454545
vt 0.727848 0.363636
vt 0.727848 0.545455
vt 0.727848 0.636364
vt 0.727848 0.727273
vt 0.727848 0.818182
vt 0.721519 1.000000
vt 0.727848 0.909091
vt 0.734177 0.000000
vt 0.727848 0.000000
vt 0.734177 0.090909
vt 0.734177 0.181818
vt 0.734177 0.363636
vt 0.734177 0.454545
vt 0.727848 0.454545
vt 0.734177 0.545455
vt 0.734177 0.636364
vt 0.734177 0.727273
vt 0.734177 0.909091
vt 0.734177 1.000000
vt 0.727848 1.000000
vt 0.740506 0.000000
vt 0.740506 0.090909
vt 0.734177 0.272727
vt 0.740506 0.181818
vt 0.740506 0.272727
vt 0.740506 0.363636
vt 0.740506 0.545455
vt 0.740506 0.636364
vt 0.740506 0.727273
vt 0.740506 0.818182
vt 0.734177 0.818182
vt 0.740506 0.909091
vt 0.740506 1.000000
vt 0.746835 0.090909
vt 0.746835 0.181818
vt 0.746835 0.272727
vt 0.746835 0.363636
vt 0.746835 0.454545
vt 0.740506 0.454545
vt 0.746835 0.545455
vt 0.746835 0.636364
vt 0.746835 0.727273
vt 0.746835 0.818182
vt 0.746835 0.909091
vt 0.753165 0.000000
vt 0.746835 0.000000
vt 0.753165 0.090909
vt 0.753165 0.181818
vt 0.753165 0.272727
vt 0.753165 0.363636
vt 0.753165 0.545455
vt 0.753165 0.636364
vt 0.753165 0.727273
vt 0.753165 0.818182
vt 0.753165 0.909091
vt 0.753165 1.000000
vt 0.746835 1.000000
vt 0.759494 0.000000
vt 0.759494 0.090909
vt 0.759494 0.181818
vt 0.759494 0.272727
vt 0.753165 0.454545
vt 0.759494 0.363636
vt 0.759494 0.545455
vt 0.759494 0.636364
vt 0.759494 0.727273
vt 0.759494 0.818182
vt 0.759494 0.909091
vt 0.759494 1.000000
vt 0.765823 0.000000
vt 0.765823 0.090909
vt 0.765823 0.181818
vt 0.765823 0.272727
vt 0.759494 0.454545
vt 0.765823 0.363636
vt 0.765823 0.545455
vt 0.765823 0.636364
vt 0.765823 0.727273
vt 0.765823 0.818182
vt 0.765823 0.909091
vt 0.765823 1.000000
vt 0.772152 0.000000
vt 0.772152 0.090909
vt 0.772152 0.181818
vt 0.772152 0.272727
vt 0.765823 0.454545
vt 0.772152 0.363636
vt 0.772152 0.545455
vt 0.772152 0.636364
vt 0.772152 0.727273
vt 0.772152 0.818182
vt 0.772152 0.909091
vt 0.772152 1.000000
vt 0.778481 0.000000
vt 0.778481 0.090909
vt 0.778481 0.181818
vt 0.778481 0.272727
vt 0.772152 0.454545
vt 0.778481 0.363636
vt 0.778481 0.545455
vt 0.778481 0.636364
vt 0.778481 0.727273
vt 0.778481 0.818182
vt 0.778481 0.909091
vt 0.778481 1.000000
vt 0.784810 0.000000
vt 0.784810 0.090909
vt 0.784810 0.181818
vt 0.784810 0.272727
vt 0.778481 0.454545
vt 0.784810 0.363636
vt 0.784810 0.545455
vt 0.784810 0.636364
vt 0.784810 0.727273
vt 0.784810 0.818182
vt 0.784810 0.909091
vt 0.784810 1.000000
vt 0.791139 0.000000
vt 0.791139 0.090909
vt 0.791139 0.181818
vt 0.791139 0.272727
vt 0.784810 0.454545
vt 0.791139 0.363636
vt 0.791139 0.545455
vt 0.791139 0.636364
vt 0.791139 0.727273
vt 0.791139 0.818182
vt 0.791139 0.909091
vt 0.791139 1.000000
vt 0.797468 0.000000
vt 0.797468 0.090909
vt 0.797468 0.181818
vt 0.797468 0.272727
vt 0.791139 0.454545
vt 0.797468 0.363636
vt 0.797468 0.545455
vt 0.797468 0.636364
vt 0.797468 0.727273
vt 0.797468 0.818182
vt 0.797468 0.909091
vt 0.797468 1.000000
vt 0.803797 0.000000
vt 0.803797 0.090909
vt 0.803797 0.181818
vt 0.803797 0.272727
vt 0.797468 0.454545
vt 0.803797 0.363636
vt 0.803797 0.545455
vt 0.803797 0.636364
vt 0.803797 0.727273
vt 0.803797 0.818182
vt 0.803797 0.909091
vt 0.803797 1.000000
vt 0.810127 0.000000
vt 0.810127 0.090909
vt 0.810127 0.181818
vt 0.810127 0.272727
vt 0.803797 0.454545
vt 0.810127 0.363636
vt 0.810127 0.545455
vt 0.810127 0.636364
vt 0.810127 0.727273
vt 0.810127 0.818182
vt 0.810127 0.909091
vt 0.810127 1.000000
vt 0.816456 0.000000
vt 0.816456 0.090909
vt 0.816456 0.181818
vt 0.816456 0.272727
vt 0.810127 0.454545
vt 0.816456 0.363636
vt 0.816456 0.545455
vt 0.816456 0.636364
vt 0.816456 0.727273
vt 0.816456 0.818182
vt 0.816456 0.909091
vt 0.816456 1.000000
vt 0.822785 0.090909
vt 0.822785 0.181818
vt 0.822785 0.272727
vt 0.822785 0.363636
vt 0.822785 0.454545
vt 0.816456 0.454545
vt 0.822785 0.545455
vt 0.822785 0.636364
vt 0.822785 0.727273
vt 0.822785 0.818182
vt 0.822785 0.909091
vt 0.829114 0.000000
vt 0.822785 0.000000
vt 0.829114 0.090909
vt 0.829114 0.181818
vt 0.829114 0.363636
vt 0.829114 0.454545
vt 0.829114 0.545455
vt 0.829114 0.636364
vt 0.829114 0.727273
vt 0.829114 0.909091
vt 0.829114 1.000000
vt 0.822785 1.000000
vt 0.835443 0.000000
vt 0.835443 0.090909
vt 0.829114 0.272727
vt 0.835443 0.181818
vt 0.835443 0.272727
vt 0.835443 0.363636
vt 0.835443 0.545455
vt 0.835443 0.636364
vt 0.835443 0.727273
vt 0.835443 0.818182
vt 0.829114 0.818182
vt 0.835443 0.909091
vt 0.835443 1.000000
vt 0.841772 0.000000
vt 0.841772 0.090909
vt 0.841772 0.181818
vt 0.841772 0.272727
vt 0.835443 0.454545
vt 0.841772 0.363636
vt 0.841772 0.545455
vt 0.841772 0.636364
vt 0.841772 0.727273
vt 0.841772 0.818182
vt 0.841772 0.909091
vt 0.841772 1.000000
vt 0.848101 0.000000
vt 0.848101 0.090909
vt 0.848101 0.181818
vt 0.848101 0.272727
vt 0.841772 0.454545
vt 0.848101 0.363636
vt 0.848101 0.545455
vt 0.848101 0.636364
vt 0.848101 0.727273
vt 0.848101 0.818182
vt 0.848101 0.909091
vt 0.848101 1.000000
vt 0.854430 0.000000
vt 0.854430 0.090909
vt 0.854430 0.181818
vt 0.854430 0.272727
vt 0.848101 0.454545
vt 0.854430 0.363636
vt 0.854430 0.545455
vt 0.854430 0.636364
vt 0.854430 0.727273
vt 0.854430 0.818182
vt 0.854430 0.909091
vt 0.854430 1.000000
vt 0.860759 0.000000
vt 0.860759 0.090909
vt 0.860759 0.181818
vt 0.860759 0.272727
vt 0.854430 0.454545
vt 0.860759 0.363636
vt 0.860759 0.545455
vt 0.860759 0.636364
vt 0.860759 0.727273
vt 0.860759 0.818182
vt 0.860759 0.909091
vt 0.860759 1.000000
vt 0.867089 0.000000
vt 0.867089 0.090909
vt 0.867089 0.181818
vt 0.867089 0.272727
vt 0.860759 0.454545
vt 0.867089 0.363636
vt 0.867089 0.545455
vt 0.867089 0.636364
vt 0.867089 0.727273
vt 0.867089 0.818182
vt 0.867089 0.909091
vt 0.867089 1.000000
vt 0.873418 0.000000
vt 0.873418 0.090909
vt 0.873418 0.181818
vt 0.873418 0.272727
vt 0.867089 0.454545
vt 0.873418 0.363636
vt 0.873418 0.545455
vt 0.873418 0.636364
vt 0.873418 0.727273
vt 0.873418 0.818182
vt 0.873418 0.909091
vt 0.873418 1.000000
vt 0.879747 0.000000
vt 0.879747 0.090909
vt 0.879747 0.181818
vt 0.879747 0.272727
vt 0.873418 0.454545
vt 0.879747 0.363636
vt 0.879747 0.545455
vt 0.879747 0.636364
vt 0.879747 0.727273
vt 0.879747 0.818182
vt 0.879747 0.909091
vt 0.879747 1.000000
vt 0.886076 0.000000
vt 0.886076 0.090909
vt 0.886076 0.181818
vt 0.886076 0.272727
vt 0.879747 0.454545
vt 0.886076 0.363636
vt 0.886076 0.545455
vt 0.886076 0.636364
vt 0.886076 0.727273
vt 0.886076 0.818182
vt 0.886076 0.909091
vt 0.886076 1.000000
vt 0.892405 0.000000
vt 0.892405 0.090909
vt 0.892405 0.181818
vt 0.892405 0.272727
vt 0.886076 0.454545
vt 0.892405 0.363636
vt 0.892405 0.545455
vt 0.892405 0.636364
vt 0.892405 0.727273
vt 0.892405 0.818182
vt 0.892405 0.909091
vt 0.892405 1.000000
vt 0.898734 0.000000
vt 0.898734 0.090909
vt 0.898734 0.181818
vt 0.898734 0.272727
vt 0.892405 0.454545
vt 0.898734 0.363636
vt 0.898734 0.545455
vt 0.898734 0.636364
vt 0.898734 0.727273
vt 0.898734 0.818182
vt 0.898734 0.909091
vt 0.905063 0.000000
vt 0.905063 0.090909
vt 0.905063 0.181818
vt 0.905063 0.272727
vt 0.898734 0.454545
vt 0.905063 0.363636
vt 0.905063 0.545455
vt 0.905063 0.636364
vt 0.905063 0.727273
vt 0.905063 0.818182
vt 0.905063 0.909091
vt 0.905063 1.000000
vt 0.898734 1.000000
vt 0.911392 0.090909
vt 0.911392 0.181818
vt 0.911392 0.272727
vt 0.911392 0.363636
vt 0.911392 0.454545
vt 0.905063 0.454545
vt 0.911392 0.545455
vt 0.911392 0.636364
vt 0.911392 0.727273
vt 0.911392 0.818182
vt 0.911392 0.909091
vt 0.917722 0.000000
vt 0.911392 0.000000
vt 0.917722 0.090909
vt 0.917722 0.181818
vt 0.917722 0.272727
vt 0.917722 0.363636
vt 0.917722 0.545455
vt 0.917722 0.636364
vt 0.917722 0.727273
vt 0.917722 0.818182
vt 0.917722 0.909091
vt 0.917722 1.000000
vt 0.911392 1.000000
vt 0.924051 0.000000
vt 0.924051 0.090909
vt 0.924051 0.181818
vt 0.924051 0.272727
vt 0.917722 0.454545
vt 0.924051 0.363636
vt 0.924051 0.545455
vt 0.924051 0.636364
vt 0.924051 0.727273
vt 0.924051 0.818182
vt 0.924051 0.909091
vt 0.924051 1.000000
vt 0.930380 0.000000
vt 0.930380 0.090909
vt 0.930380 0.181818
vt 0.930380 0.272727
vt 0.924051 0.454545
vt 0.930380 0.363636
vt 0.930380 0.545455
vt 0.930380 0.636364
vt 0.930380 0.727273
vt 0.930380 0.818182
vt 0.930380 0.909091
vt 0.930380 1.000000
vt 0.936709 0.000000
vt 0.936709 0.090909
vt 0.936709 0.181818
vt 0.936709 0.272727
vt 0.930380 0.454545
vt 0.936709 0.363636
vt 0.936709 0.545455
vt 0.936709 0.636364
vt 0.936709 0.727273
vt 0.936709 0.818182
vt 0.936709 0.909091
vt 0.936709 1.000000
vt 0.943038 0.000000
vt 0.943038 0.090909
vt 0.943038 0.181818
vt 0.943038 0.272727
vt 0.936709 0.454545
vt 0.943038 0.363636
vt 0.943038 0.545455
vt 0.943038 0.636364
vt 0.943038 0.727273
vt 0.943038 0.818182
vt 0.943038 0.909091
vt 0.943038 1.000000
vt 0.949367 0.000000
vt 0.949367 0.090909
vt 0.949367 0.181818
vt 0.949367 0.272727
vt 0.943038 0.454545
vt 0.949367 0.363636
vt 0.949367 0.545455
vt 0.949367 0.636364
vt 0.949367 0.727273
vt 0.949367 0.818182
vt 0.949367 0.909091
vt 0.949367 1.000000
vt 0.955696 0.000000
vt 0.955696 0.090909
vt 0.955696 0.181818
vt 0.955696 0.272727
vt 0.949367 0.454545
vt 0.955696 0.363636
vt 0.955696 0.545455
vt 0.955696 0.636364
vt 0.955696 0.727273
vt 0.955696 0.818182
vt 0.955696 0.909091
vt 0.955696 1.000000
vt 0.962025 0.000000
vt 0.962025 0.090909
vt 0.962025 0.181818
vt 0.962025 0.272727
vt 0.955696 0.454545
vt 0.962025 0.363636
vt 0.962025 0.545455
vt 0.962025 0.636364
vt 0.962025 0.727273
vt 0.962025 0.818182
vt 0.962025 0.909091
vt 0.962025 1.000000
vt 0.968354 0.000000
vt 0.968354 0.090909
vt 0.968354 0.181818
vt 0.968354 0.272727
vt 0.962025 0.454545
vt 0.968354 0.363636
vt 0.968354 0.545455
vt 0.968354 0.636364
vt 0.968354 0.727273
vt 0.968354 0.818182
vt 0.968354 0.909091
vt 0.968354 1.000000
vt 0.974684 0.000000
vt 0.974684 0.090909
vt 0.974684 0.181818
vt 0.974684 0.272727
vt 0.968354 0.454545
vt 0.974684 0.363636
vt 0.974684 0.545455
vt 0.974684 0.636364
vt 0.974684 0.727273
vt 0.974684 0.818182
vt 0.974684 0.909091
vt 0.974684 1.000000
vt 0.981013 0.090909
vt 0.981013 0.181818
vt 0.981013 0.272727
vt 0.974684 0.454545
vt 0.981013 0.363636
vt 0.981013 0.545455
vt 0.981013 0.636364
vt 0.981013 0.727273
vt 0.981013 0.818182
vt 0.981013 0.909091
vt 0.987342 0.090909
vt 0.981013 0.000000
vt 0.987342 0.181818
vt 0.987342 0.272727
vt 0.987342 0.363636
vt 0.987342 0.454545
vt 0.981013 0.454545
vt 0.987342 0.545455
vt 0.987342 0.636364
vt 0.987342 0.727273
vt 0.987342 0.818182
vt 0.981013 1.000000
vt 0.987342 0.909091
vt 0.993671 0.000000
vt 0.987342 0.000000
vt 0.993671 0.090909
vt 0.993671 0.181818
vt 0.993671 0.272727
vt 0.993671 0.363636
vt 0.993671 0.545455
vt 0.993671 0.636364
vt 0.993671 0.727273
vt 0.993671 0.818182
vt 0.993671 0.909091
vt 0.993671 1.000000
vt 0.987342 1.000000
vt 1.000000 0.090909
vt 1.000000 0.181818
vt 1.000000 0.272727
vt 1.000000 0.363636
vt 1.000000 0.454545
vt 0.993671 0.454545
vt 1.000000 0.545455
vt 1.000000 0.727273
vt 1.000000 0.818182
vt 1.000000 0.909091
vt 1.000000 1.000000
vt 0.125000 0.090909
vt 0.125000 0.272727
vt 0.125000 0.363636
vt 0.125000 0.454545
vt 0.125000 0.545455
vt 0.125000 0.636364
vt 0.125000 0.727273
vt 0.125000 0.909091
vt 0.125000 1.000000
vt 0.250000 0.090909
vt 0.125000 0.000000
vt 0.125000 0.181818
vt 0.250000 0.272727
vt 0.250000 0.363636
vt 0.250000 0.454545
vt 0.250000 0.545455
vt 0.250000 0.636364
vt 0.250000 0.727273
vt 0.250000 0.818182
vt 0.125000 0.818182
vt 0.250000 0.909091
vt 0.250000 1.000000
vt 0.375000 0.090909
vt 0.250000 0.000000
vt 0.375000 0.181818
vt 0.250000 0.181818
vt 0.375000 0.272727
vt 0.375000 0.363636
vt 0.375000 0.454545
vt 0.375000 0.545455
vt 0.375000 0.727273
vt 0.375000 0.818182
vt 0.375000 0.909091
vt 0.375000 1.000000
vt 0.375000 0.000000
vt 0.375000 0.636364
vt 0.625000 0.090909
vt 0.625000 0.181818
vt 0.625000 0.272727
vt 0.625000 0.363636
vt 0.625000 0.454545
vt 0.625000 0.545455
vt 0.625000 0.636364
vt 0.625000 0.818182
vt 0.625000 0.909091
vt 0.625000 1.000000
vt 0.750000 0.000000
vt 0.625000 0.000000
vt 0.750000 0.090909
vt 0.750000 0.181818
vt 0.750000 0.272727
vt 0.750000 0.363636
vt 0.750000 0.545455
vt 0.750000 0.636364
vt 0.750000 0.727273
vt 0.625000 0.727273
vt 0.750000 0.818182
vt 0.750000 0.909091
vt 0.750000 1.000000
vt 0.875000 0.090909
vt 0.875000 0.181818
vt 0.875000 0.272727
vt 0.875000 0.363636
vt 0.875000 0.454545
vt 0.750000 0.454545
vt 0.875000 0.545455
vt 0.875000 0.636364
vt 0.875000 0.727273
vt 0.875000 0.818182
vt 0.875000 0.909091
vt 0.875000 0.000000
vt 1.000000 0.636364
vt 0.875000 1.000000
vt 0.013889 0.000000
vt 0.013889 0.090909
vt 0.013889 0.181818
vt 0.013889 0.272727
vt 0.013889 0.363636
vt 0.013889 0.545455
vt 0.013889 0.636364
vt 0.013889 0.727273
vt 0.013889 0.818182
vt 0.013889 0.909091
vt 0.013889 1.000000
vt 0.027778 0.000000
vt 0.027778 0.181818
vt 0.027778 0.272727
vt 0.027778 0.363636
vt 0.027778 0.454545
vt 0.013889 0.454545
vt 0.027778 0.545455
vt 0.027778 0.636364
vt 0.027778 0.727273
vt 0.027778 0.909091
vt 0.027778 1.000000
vt 0.041667 0.090909
vt 0.027778 0.090909
vt 0.041667 0.181818
vt 0.041667 0.272727
vt 0.041667 0.363636
vt 0.041667 0.454545
vt 0.041667 0.545455
vt 0.041667 0.636364
vt 0.027778 0.818182
vt 0.041667 0.727273
vt 0.041667 0.818182
vt 0.041667 0.909091
vt 0.055556 0.000000
vt 0.041667 0.000000
vt 0.055556 0.090909
vt 0.055556 0.181818
vt 0.055556 0.272727
vt 0.055556 0.363636
vt 0.055556 0.545455
vt 0.055556 0.636364
vt 0.055556 0.727273
vt 0.055556 0.818182
vt 0.055556 0.909091
vt 0.055556 1.000000
vt 0.041667 1.000000
vt 0.069444 0.090909
vt 0.069444 0.181818
vt 0.069444 0.272727
vt 0.069444 0.454545
vt 0.055556 0.454545
vt 0.069444 0.545455
vt 0.069444 0.636364
vt 0.069444 0.727273
vt 0.069444 0.909091
vt 0.083333 0.090909
vt 0.069444 0.000000
vt 0.083333 0.181818
vt 0.083333 0.272727
vt 0.083333 0.363636
vt 0.069444 0.363636
vt 0.083333 0.454545
vt 0.083333 0.545455
vt 0.083333 0.636364
vt 0.069444 0.818182
vt 0.083333 0.727273
vt 0.083333 0.818182
vt 0.069444 1.000000
vt 0.083333 0.909091
vt 0.097222 0.000000
vt 0.083333 0.000000
vt 0.097222 0.090909
vt 0.097222 0.181818
vt 0.097222 0.272727
vt 0.097222 0.363636
vt 0.097222 0.545455
vt 0.097222 0.636364
vt 0.097222 0.727273
vt 0.097222 0.818182
vt 0.097222 0.909091
vt 0.097222 1.000000
vt 0.083333 1.000000
vt 0.111111 0.000000
vt 0.111111 0.090909
vt 0.111111 0.181818
vt 0.111111 0.272727
vt 0.097222 0.454545
vt 0.111111 0.363636
vt 0.111111 0.545455
vt 0.111111 0.636364
vt 0.111111 0.727273
vt 0.111111 0.818182
vt 0.111111 0.909091
vt 0.111111 1.000000
vt 0.111111 0.454545
vt 0.138889 0.000000
vt 0.138889 0.090909
vt 0.138889 0.181818
vt 0.138889 0.272727
vt 0.138889 0.363636
vt 0.138889 0.545455
vt 0.138889 0.636364
vt 0.138889 0.727273
vt 0.138889 0.818182
vt 0.138889 0.909091
vt 0.138889 1.000000
vt 0.152778 0.000000
vt 0.152778 0.090909
vt 0.152778 0.181818
vt 0.152778 0.272727
vt 0.138889 0.454545
vt 0.152778 0.363636
vt 0.152778 0.545455
vt 0.152778 0.636364
vt 0.152778 0.727273
vt 0.152778 0.818182
vt 0.152778 0.909091
vt 0.152778 1.000000
vt 0.166667 0.000000
vt 0.166667 0.090909
vt 0.166667 0.181818
vt 0.166667 0.272727
vt 0.152778 0.454545
vt 0.166667 0.363636
vt 0.166667 0.545455
vt 0.166667 0.636364
vt 0.166667 0.727273
vt 0.166667 0.818182
vt 0.166667 0.909091
vt 0.166667 1.000000
vt 0.180556 0.000000
vt 0.180556 0.090909
vt 0.180556 0.181818
vt 0.180556 0.272727
vt 0.166667 0.454545
vt 0.180556 0.363636
vt 0.180556 0.545455
vt 0.180556 0.636364
vt 0.180556 0.727273
vt 0.180556 0.818182
vt 0.180556 0.909091
vt 0.180556 1.000000
vt 0.194444 0.000000
vt 0.194444 0.090909
vt 0.194444 0.181818
vt 0.194444 0.272727
vt 0.180556 0.454545
vt 0.194444 0.363636
vt 0.194444 0.545455
vt 0.194444 0.636364
vt 0.194444 0.727273
vt 0.194444 0.818182
vt 0.194444 0.909091
vt 0.194444 1.000000
vt 0.208333 0.000000
vt 0.208333 0.090909
vt 0.208333 0.181818
vt 0.208333 0.272727
vt 0.194444 0.454545
vt 0.208333 0.363636
vt 0.208333 0.545455
vt 0.208333 0.636364
vt 0.208333 0.727273
vt 0.208333 0.818182
vt 0.208333 0.909091
vt 0.208333 1.000000
vt 0.222222 0.000000
vt 0.222222 0.090909
vt 0.222222 0.181818
vt 0.222222 0.272727
vt 0.208333 0.454545
vt 0.222222 0.363636
vt 0.222222 0.545455
vt 0.222222 0.636364
vt 0.222222 0.727273
vt 0.222222 0.818182
vt 0.222222 0.909091
vt 0.222222 1.000000
vt 0.236111 0.000000
vt 0.236111 0.090909
vt 0.236111 0.181818
vt 0.236111 0.272727
vt 0.222222 0.454545
vt 0.236111 0.363636
vt 0.236111 0.545455
vt 0.236111 0.636364
vt 0.236111 0.727273
vt 0.236111 0.818182
vt 0.236111 0.909091
vt 0.236111 1.000000
vt 0.236111 0.454545
vt 0.263889 0.000000
vt 0.263889 0.090909
vt 0.263889 0.181818
vt 0.263889 0.272727
vt 0.263889 0.363636
vt 0.263889 0.545455
vt 0.263889 0.636364
vt 0.263889 0.727273
vt 0.263889 0.818182
vt 0.263889 0.909091
vt 0.263889 1.000000
vt 0.277778 0.000000
vt 0.277778 0.090909
vt 0.277778 0.181818
vt 0.277778 0.272727
vt 0.263889 0.454545
vt 0.277778 0.363636
vt 0.277778 0.545455
vt 0.277778 0.636364
vt 0.277778 0.727273
vt 0.277778 0.818182
vt 0.277778 0.909091
vt 0.277778 1.000000
vt 0.291667 0.000000
vt 0.291667 0.090909
vt 0.291667 0.181818
vt 0.291667 0.272727
vt 0.277778 0.454545
vt 0.291667 0.363636
vt 0.291667 0.545455
vt 0.291667 0.636364
vt 0.291667 0.727273
vt 0.291667 0.818182
vt 0.291667 0.909091
vt 0.291667 1.000000
vt 0.305556 0.000000
vt 0.305556 0.090909
vt 0.305556 0.181818
vt 0.305556 0.272727
vt 0.291667 0.454545
vt 0.305556 0.363636
vt 0.305556 0.545455
vt 0.305556 0.636364
vt 0.305556 0.727273
vt 0.305556 0.818182
vt 0.305556 0.909091
vt 0.305556 1.000000
vt 0.319444 0.090909
vt 0.319444 0.181818
vt 0.319444 0.272727
vt 0.319444 0.363636
vt 0.319444 0.454545
vt 0.305556 0.454545
vt 0.319444 0.545455
vt 0.319444 0.636364
vt 0.319444 0.727273
vt 0.319444 0.818182
vt 0.319444 0.909091
vt 0.333333 0.090909
vt 0.319444 0.000000
vt 0.333333 0.181818
vt 0.333333 0.272727
vt 0.333333 0.363636
vt 0.333333 0.454545
vt 0.333333 0.545455
vt 0.333333 0.636364
vt 0.333333 0.727273
vt 0.333333 0.818182
vt 0.319444 1.000000
vt 0.333333 0.909091
vt 0.347222 0.090909
vt 0.333333 0.000000
vt 0.347222 0.181818
vt 0.347222 0.272727
vt 0.347222 0.363636
vt 0.347222 0.454545
vt 0.347222 0.545455
vt 0.347222 0.636364
vt 0.347222 0.727273
vt 0.347222 0.818182
vt 0.333333 1.000000
vt 0.347222 0.909091
vt 0.361111 0.090909
vt 0.347222 0.000000
vt 0.361111 0.181818
vt 0.361111 0.272727
vt 0.361111 0.363636
vt 0.361111 0.454545
vt 0.361111 0.545455
vt 0.361111 0.636364
vt 0.361111 0.727273
vt 0.361111 0.818182
vt 0.347222 1.000000
vt 0.361111 0.909091
vt 0.361111 0.000000
vt 0.361111 1.000000
vt 0.388889 0.090909
vt 0.388889 0.181818
vt 0.388889 0.272727
vt 0.388889 0.363636
vt 0.388889 0.454545
vt 0.388889 0.545455
vt 0.388889 0.636364
vt 0.388889 0.727273
vt 0.388889 0.818182
vt 0.388889 0.909091
vt 0.402778 0.090909
vt 0.388889 0.000000
vt 0.402778 0.181818
vt 0.402778 0.272727
vt 0.402778 0.363636
vt 0.402778 0.454545
vt 0.402778 0.545455
vt 0.402778 0.636364
vt 0.402778 0.727273
vt 0.402778 0.818182
vt 0.388889 1.000000
vt 0.402778 0.909091
vt 0.416667 0.090909
vt 0.402778 0.000000
vt 0.416667 0.181818
vt 0.416667 0.272727
vt 0.416667 0.363636
vt 0.416667 0.454545
vt 0.416667 0.545455
vt 0.416667 0.636364
vt 0.416667 0.727273
vt 0.416667 0.818182
vt 0.402778 1.000000
vt 0.416667 0.909091
vt 0.430556 0.000000
vt 0.416667 0.000000
vt 0.430556 0.090909
vt 0.430556 0.181818
vt 0.430556 0.272727
vt 0.430556 0.363636
vt 0.430556 0.545455
vt 0.430556 0.636364
vt 0.430556 0.727273
vt 0.430556 0.818182
vt 0.430556 0.909091
vt 0.430556 1.000000
vt 0.416667 1.000000
vt 0.444444 0.000000
vt 0.444444 0.090909
vt 0.444444 0.181818
vt 0.444444 0.272727
vt 0.430556 0.454545
vt 0.444444 0.363636
vt 0.444444 0.545455
vt 0.444444 0.636364
vt 0.444444 0.727273
vt 0.444444 0.818182
vt 0.444444 0.909091
vt 0.444444 1.000000
vt 0.458333 0.090909
vt 0.458333 0.181818
vt 0.458333 0.272727
vt 0.458333 0.363636
vt 0.458333 0.454545
vt 0.444444 0.454545
vt 0.458333 0.545455
vt 0.458333 0.636364
vt 0.458333 0.727273
vt 0.458333 0.818182
vt 0.458333 0.909091
vt 0.472222 0.090909
vt 0.458333 0.000000
vt 0.472222 0.181818
vt 0.472222 0.272727
vt 0.472222 0.363636
vt 0.472222 0.454545
vt 0.472222 0.545455
vt 0.472222 0.636364
vt 0.472222 0.727273
vt 0.472222 0.818182
vt 0.458333 1.000000
vt 0.472222 0.909091
vt 0.486111 0.090909
vt 0.472222 0.000000
vt 0.486111 0.181818
vt 0.486111 0.272727
vt 0.486111 0.363636
vt 0.486111 0.454545
vt 0.486111 0.545455
vt 0.486111 0.636364
vt 0.486111 0.727273
vt 0.486111 0.818182
vt 0.472222 1.000000
vt 0.486111 0.909091
vt 0.486111 0.000000
vt 0.486111 1.000000
vt 0.513889 0.090909
vt 0.513889 0.181818
vt 0.513889 0.272727
vt 0.513889 0.363636
vt 0.513889 0.454545
vt 0.513889 0.545455
vt 0.513889 0.636364
vt 0.513889 0.727273
vt 0.513889 0.818182
vt 0.513889 0.909091
vt 0.527778 0.090909
vt 0.513889 0.000000
vt 0.527778 0.181818
vt 0.527778 0.272727
vt 0.527778 0.363636
vt 0.527778 0.454545
vt 0.527778 0.545455
vt 0.527778 0.636364
vt 0.527778 0.727273
vt 0.527778 0.818182
vt 0.513889 1.000000
vt 0.527778 0.909091
vt 0.541667 0.090909
vt 0.527778 0.000000
vt 0.541667 0.181818
vt 0.541667 0.272727
vt 0.541667 0.363636
vt 0.541667 0.454545
vt 0.541667 0.545455
vt 0.541667 0.636364
vt 0.541667 0.727273
vt 0.541667 0.818182
vt 0.527778 1.000000
vt 0.541667 0.909091
vt 0.555556 0.090909
vt 0.541667 0.000000
vt 0.555556 0.181818
vt 0.555556 0.272727
vt 0.555556 0.363636
vt 0.555556 0.454545
vt 0.555556 0.545455
vt 0.555556 0.636364
vt 0.555556 0.727273
vt 0.555556 0.818182
vt 0.541667 1.000000
vt 0.555556 0.909091
vt 0.569444 0.090909
vt 0.555556 0.000000
vt 0.569444 0.181818
vt 0.569444 0.272727
vt 0.569444 0.363636
vt 0.569444 0.454545
vt 0.569444 0.545455
vt 0.569444 0.636364
vt 0.569444 0.727273
vt 0.569444 0.818182
vt 0.555556 1.000000
vt 0.569444 0.909091
vt 0.583333 0.090909
vt 0.569444 0.000000
vt 0.583333 0.181818
vt 0.583333 0.272727
vt 0.583333 0.363636
vt 0.583333 0.454545
vt 0.583333 0.545455
vt 0.583333 0.636364
vt 0.583333 0.727273
vt 0.583333 0.818182
vt 0.569444 1.000000
vt 0.583333 0.909091
vt 0.597222 0.090909
vt 0.583333 0.000000
vt 0.597222 0.181818
vt 0.597222 0.272727
vt 0.597222 0.363636
vt 0.597222 0.454545
vt 0.597222 0.545455
vt 0.597222 0.636364
vt 0.597222 0.727273
vt 0.597222 0.818182
vt 0.583333 1.000000
vt 0.597222 0.909091
vt 0.611111 0.000000
vt 0.597222 0.000000
vt 0.611111 0.090909
vt 0.611111 0.181818
vt 0.611111 0.272727
vt 0.611111 0.363636
vt 0.611111 0.545455
vt 0.611111 0.636364
vt 0.611111 0.727273
vt 0.611111 0.818182
vt 0.611111 0.909091
vt 0.611111 1.000000
vt 0.597222 1.000000
vt 0.611111 0.454545
vt 0.638889 0.000000
vt 0.638889 0.090909
vt 0.638889 0.181818
vt 0.638889 0.272727
vt 0.638889 0.363636
vt 0.638889 0.545455
vt 0.638889 0.636364
vt 0.638889 0.727273
vt 0.638889 0.818182
vt 0.638889 0.909091
vt 0.638889 1.000000
vt 0.652778 0.000000
vt 0.652778 0.090909
vt 0.652778 0.181818
vt 0.652778 0.272727
vt 0.638889 0.454545
vt 0.652778 0.363636
vt 0.652778 0.545455
vt 0.652778 0.636364
vt 0.652778 0.727273
vt 0.652778 0.818182
vt 0.652778 0.909091
vt 0.652778 1.000000
vt 0.666667 0.000000
vt 0.666667 0.090909
vt 0.666667 0.181818
vt 0.666667 0.272727
vt 0.652778 0.454545
vt 0.666667 0.363636
vt 0.666667 0.545455
vt 0.666667 0.636364
vt 0.666667 0.727273
vt 0.666667 0.818182
vt 0.666667 0.909091
vt 0.666667 1.000000
vt 0.680556 0.000000
vt 0.680556 0.090909
vt 0.680556 0.181818
vt 0.680556 0.272727
vt 0.666667 0.454545
vt 0.680556 0.363636
vt 0.680556 0.545455
vt 0.680556 0.636364
vt 0.680556 0.727273
vt 0.680556 0.818182
vt 0.680556 0.909091
vt 0.680556 1.000000
vt 0.694444 0.000000
vt 0.694444 0.090909
vt 0.694444 0.181818
vt 0.694444 0.272727
vt 0.680556 0.454545
vt 0.694444 0.363636
vt 0.694444 0.545455
vt 0.694444 0.636364
vt 0.694444 0.727273
vt 0.694444 0.818182
vt 0.694444 0.909091
vt 0.694444 1.000000
vt 0.708333 0.000000
vt 0.708333 0.090909
vt 0.708333 0.181818
vt 0.708333 0.272727
vt 0.694444 0.454545
vt 0.708333 0.363636
vt 0.708333 0.545455
vt 0.708333 0.636364
vt 0.708333 0.727273
vt 0.708333 0.818182
vt 0.708333 0.909091
vt 0.708333 1.000000
vt 0.722222 0.000000
vt 0.722222 0.090909
vt 0.722222 0.181818
vt 0.722222 0.272727
vt 0.708333 0.454545
vt 0.722222 0.363636
vt 0.722222 0.545455
vt 0.722222 0.636364
vt 0.722222 0.727273
vt 0.722222 0.818182
vt 0.722222 0.909091
vt 0.722222 1.000000
vt 0.736111 0.000000
vt 0.736111 0.090909
vt 0.736111 0.181818
vt 0.736111 0.272727
vt 0.722222 0.454545
vt 0.736111 0.363636
vt 0.736111 0.545455
vt 0.736111 0.636364
vt 0.736111 0.727273
vt 0.736111 0.818182
vt 0.736111 0.909091
vt 0.736111 1.000000
vt 0.736111 0.454545
vt 0.763889 0.000000
vt 0.763889 0.090909
vt 0.763889 0.181818
vt 0.763889 0.272727
vt 0.763889 0.363636
vt 0.763889 0.545455
vt 0.763889 0.636364
vt 0.763889 0.727273
vt 0.763889 0.818182
vt 0.763889 0.909091
vt 0.763889 1.000000
vt 0.777778 0.000000
vt 0.777778 0.090909
vt 0.777778 0.181818
vt 0.777778 0.272727
vt 0.763889 0.454545
vt 0.777778 0.363636
vt 0.777778 0.545455
vt 0.777778 0.636364
vt 0.777778 0.727273
vt 0.777778 0.818182
vt 0.777778 0.909091
vt 0.777778 1.000000
vt 0.791667 0.000000
vt 0.791667 0.090909
vt 0.791667 0.181818
vt 0.791667 0.272727
vt 0.777778 0.454545
vt 0.791667 0.363636
vt 0.791667 0.545455
vt 0.791667 0.636364
vt 0.791667 0.727273
vt 0.791667 0.818182
vt 0.791667 0.909091
vt 0.791667 1.000000
vt 0.805556 0.000000
vt 0.805556 0.090909
vt 0.805556 0.181818
vt 0.805556 0.272727
vt 0.791667 0.454545
vt 0.805556 0.363636
vt 0.805556 0.545455
vt 0.805556 0.636364
vt 0.805556 0.727273
vt 0.805556 0.818182
vt 0.805556 0.909091
vt 0.805556 1.000000
vt 0.819444 0.000000
vt 0.819444 0.090909
vt 0.819444 0.181818
vt 0.819444 0.272727
vt 0.805556 0.454545
vt 0.819444 0.363636
vt 0.819444 0.545455
vt 0.819444 0.636364
vt 0.819444 0.727273
vt 0.819444 0.818182
vt 0.819444 0.909091
vt 0.819444 1.000000
vt 0.833333 0.000000
vt 0.833333 0.090909
vt 0.833333 0.181818
vt 0.833333 0.272727
vt 0.819444 0.454545
vt 0.833333 0.363636
vt 0.833333 0.545455
vt 0.833333 0.636364
vt 0.833333 0.727273
vt 0.833333 0.818182
vt 0.833333 0.909091
vt 0.833333 1.000000
vt 0.847222 0.000000
vt 0.847222 0.090909
vt 0.847222 0.181818
vt 0.847222 0.272727
vt 0.833333 0.454545
vt 0.847222 0.363636
vt 0.847222 0.545455
vt 0.847222 0.636364
vt 0.847222 0.727273
vt 0.847222 0.818182
vt 0.847222 0.909091
vt 0.847222 1.000000
vt 0.861111 0.000000
vt 0.861111 0.090909
vt 0.861111 0.181818
vt 0.861111 0.272727
vt 0.847222 0.454545
vt 0.861111 0.363636
vt 0.861111 0.545455
vt 0.861111 0.636364
vt 0.861111 0.727273
vt 0.861111 0.818182
vt 0.861111 0.909091
vt 0.861111 1.000000
vt 0.861111 0.454545
vt 0.888889 0.000000
vt 0.888889 0.090909
vt 0.888889 0.181818
vt 0.888889 0.272727
vt 0.888889 0.363636
vt 0.888889 0.545455
vt 0.888889 0.636364
vt 0.888889 0.727273
vt 0.888889 0.818182
vt 0.888889 0.909091
vt 0.888889 1.000000
vt 0.902778 0.000000
vt 0.902778 0.090909
vt 0.902778 0.181818
vt 0.902778 0.272727
vt 0.888889 0.454545
vt 0.902778 0.363636
vt 0.902778 0.545455
vt 0.902778 0.636364
vt 0.902778 0.727273
vt 0.902778 0.818182
vt 0.902778 0.909091
vt 0.902778 1.000000
vt 0.916667 0.000000
vt 0.916667 0.090909
vt 0.916667 0.181818
vt 0.916667 0.272727
vt 0.902778 0.454545
vt 0.916667 0.363636
vt 0.916667 0.545455
vt 0.916667 0.636364
vt 0.916667 0.727273
vt 0.916667 0.818182
vt 0.916667 0.909091
vt 0.916667 1.000000
vt 0.930556 0.000000
vt 0.930556 0.090909
vt 0.930556 0.181818
vt 0.930556 0.272727
vt 0.916667 0.454545
vt 0.930556 0.363636
vt 0.930556 0.545455
vt 0.930556 0.636364
vt 0.930556 0.727273
vt 0.930556 0.818182
vt 0.930556 0.909091
vt 0.930556 1.000000
vt 0.944444 0.000000
vt 0.944444 0.090909
vt 0.944444 0.181818
vt 0.944444 0.272727
vt 0.930556 0.454545
vt 0.944444 0.363636
vt 0.944444 0.545455
vt 0.944444 0.636364
vt 0.944444 0.727273
vt 0.944444 0.818182
vt 0.944444 0.909091
vt 0.944444 1.000000
vt 0.958333 0.090909
vt 0.958333 0.181818
vt 0.958333 0.272727
vt 0.958333 0.363636
vt 0.958333 0.454545
vt 0.944444 0.454545
vt 0.958333 0.545455
vt 0.958333 0.636364
vt 0.958333 0.727273
vt 0.958333 0.818182
vt 0.958333 0.909091
vt 0.972222 0.000000
vt 0.958333 0.000000
vt 0.972222 0.090909
vt 0.972222 0.181818
vt 0.972222 0.272727
vt 0.972222 0.363636
vt 0.972222 0.545455
vt 0.972222 0.636364
vt 0.972222 0.727273
vt 0.972222 0.818182
vt 0.972222 0.909091
vt 0.972222 1.000000
vt 0.958333 1.000000
vt 0.986111 0.090909
vt 0.986111 0.181818
vt 0.986111 0.363636
vt 0.986111 0.454545
vt 0.972222 0.454545
vt 0.986111 0.545455
vt 0.986111 0.636364
vt 0.986111 0.818182
vt 0.986111 0.909091
vt 0.986111 0.000000
vt 0.986111 0.272727
vt 0.986111 0.727273
vt 0.986111 1.000000
vt 0.020000 0.000000
vt 0.020000 0.090909
vt 0.020000 0.181818
vt 0.020000 0.272727
vt 0.020000 0.363636
vt 0.020000 0.545455
vt 0.020000 0.636364
vt 0.020000 0.727273
vt 0.020000 0.818182
vt 0.020000 0.909091
vt 0.020000 1.000000
vt 0.040000 0.090909
vt 0.040000 0.181818
vt 0.040000 0.272727
vt 0.040000 0.363636
vt 0.040000 0.454545
vt 0.020000 0.454545
vt 0.040000 0.545455
vt 0.040000 0.636364
vt 0.040000 0.727273
vt 0.040000 0.818182
vt 0.040000 0.909091
vt 0.060000 0.090909
vt 0.040000 0.000000
vt 0.060000 0.181818
vt 0.060000 0.272727
vt 0.060000 0.363636
vt 0.060000 0.454545
vt 0.060000 0.545455
vt 0.060000 0.636364
vt 0.060000 0.727273
vt 0.060000 0.818182
vt 0.040000 1.000000
vt 0.060000 0.909091
vt 0.080000 0.090909
vt 0.060000 0.000000
vt 0.080000 0.181818
vt 0.080000 0.272727
vt 0.080000 0.363636
vt 0.080000 0.454545
vt 0.080000 0.545455
vt 0.080000 0.636364
vt 0.080000 0.727273
vt 0.080000 0.818182
vt 0.060000 1.000000
vt 0.080000 0.909091
vt 0.100000 0.090909
vt 0.080000 0.000000
vt 0.100000 0.181818
vt 0.100000 0.272727
vt 0.100000 0.363636
vt 0.100000 0.454545
vt 0.100000 0.545455
vt 0.100000 0.636364
vt 0.100000 0.727273
vt 0.100000 0.818182
vt 0.080000 1.000000
vt 0.100000 0.909091
vt 0.120000 0.090909
vt 0.100000 0.000000
vt 0.120000 0.181818
vt 0.120000 0.272727
vt 0.120000 0.363636
vt 0.120000 0.454545
vt 0.120000 0.545455
vt 0.120000 0.636364
vt 0.120000 0.727273
vt 0.120000 0.818182
vt 0.100000 1.000000
vt 0.120000 0.909091
vt 0.140000 0.090909
vt 0.120000 0.000000
vt 0.140000 0.181818
vt 0.140000 0.272727
vt 0.140000 0.363636
vt 0.140000 0.454545
vt 0.140000 0.545455
vt 0.140000 0.636364
vt 0.140000 0.727273
vt 0.140000 0.818182
vt 0.120000 1.000000
vt 0.140000 0.909091
vt 0.160000 0.090909
vt 0.140000 0.000000
vt 0.160000 0.181818
vt 0.160000 0.272727
vt 0.160000 0.363636
vt 0.160000 0.454545
vt 0.160000 0.545455
vt 0.160000 0.636364
vt 0.160000 0.727273
vt 0.160000 0.818182
vt 0.140000 1.000000
vt 0.160000 0.909091
vt 0.180000 0.090909
vt 0.160000 0.000000
vt 0.180000 0.181818
vt 0.180000 0.272727
vt 0.180000 0.363636
vt 0.180000 0.454545
vt 0.180000 0.545455
vt 0.180000 0.636364
vt 0.180000 0.727273
vt 0.180000 0.818182
vt 0.160000 1.000000
vt 0.180000 0.909091
vt 0.200000 0.090909
vt 0.180000 0.000000
vt 0.200000 0.181818
vt 0.200000 0.272727
vt 0.200000 0.363636
vt 0.200000 0.454545
vt 0.200000 0.545455
vt 0.200000 0.636364
vt 0.200000 0.727273
vt 0.200000 0.818182
vt 0.180000 1.000000
vt 0.200000 0.909091
vt 0.220000 0.090909
vt 0.200000 0.000000
vt 0.220000 0.181818
vt 0.220000 0.272727
vt 0.220000 0.363636
vt 0.220000 0.454545
vt 0.220000 0.545455
vt 0.220000 0.636364
vt 0.220000 0.727273
vt 0.220000 0.818182
vt 0.200000 1.000000
vt 0.220000 0.909091
vt 0.240000 0.090909
vt 0.220000 0.000000
vt 0.240000 0.181818
vt 0.240000 0.272727
vt 0.240000 0.363636
vt 0.240000 0.454545
vt 0.240000 0.545455
vt 0.240000 0.636364
vt 0.240000 0.727273
vt 0.240000 0.818182
vt 0.220000 1.000000
vt 0.240000 0.909091
vt 0.260000 0.000000
vt 0.240000 0.000000
vt 0.260000 0.090909
vt 0.260000 0.181818
vt 0.260000 0.272727
vt 0.260000 0.363636
vt 0.260000 0.545455
vt 0.260000 0.636364
vt 0.260000 0.727273
vt 0.260000 0.818182
vt 0.260000 0.909091
vt 0.260000 1.000000
vt 0.240000 1.000000
vt 0.280000 0.000000
vt 0.280000 0.090909
vt 0.280000 0.181818
vt 0.280000 0.272727
vt 0.260000 0.454545
vt 0.280000 0.363636
vt 0.280000 0.545455
vt 0.280000 0.636364
vt 0.280000 0.727273
vt 0.280000 0.818182
vt 0.280000 0.909091
vt 0.280000 1.000000
vt 0.300000 0.000000
vt 0.300000 0.090909
vt 0.300000 0.181818
vt 0.300000 0.272727
vt 0.280000 0.454545
vt 0.300000 0.363636
vt 0.300000 0.545455
vt 0.300000 0.636364
vt 0.300000 0.727273
vt 0.300000 0.818182
vt 0.300000 0.909091
vt 0.300000 1.000000
vt 0.320000 0.000000
vt 0.320000 0.090909
vt 0.320000 0.181818
vt 0.320000 0.272727
vt 0.300000 0.454545
vt 0.320000 0.363636
vt 0.320000 0.545455
vt 0.320000 0.636364
vt 0.320000 0.727273
vt 0.320000 0.818182
vt 0.320000 0.909091
vt 0.320000 1.000000
vt 0.340000 0.000000
vt 0.340000 0.090909
vt 0.340000 0.181818
vt 0.340000 0.272727
vt 0.320000 0.454545
vt 0.340000 0.363636
vt 0.340000 0.545455
vt 0.340000 0.636364
vt 0.340000 0.727273
vt 0.340000 0.818182
vt 0.340000 0.909091
vt 0.340000 1.000000
vt 0.360000 0.000000
vt 0.360000 0.090909
vt 0.360000 0.181818
vt 0.360000 0.272727
vt 0.340000 0.454545
vt 0.360000 0.363636
vt 0.360000 0.545455
vt 0.360000 0.636364
vt 0.360000 0.727273
vt 0.360000 0.818182
vt 0.360000 0.909091
vt 0.360000 1.000000
vt 0.380000 0.000000
vt 0.380000 0.090909
vt 0.380000 0.181818
vt 0.380000 0.272727
vt 0.380000 0.454545
vt 0.360000 0.454545
vt 0.380000 0.545455
vt 0.380000 0.636364
vt 0.380000 0.727273
vt 0.380000 0.818182
vt 0.380000 0.909091
vt 0.380000 1.000000
vt 0.400000 0.000000
vt 0.400000 0.090909
vt 0.400000 0.181818
vt 0.380000 0.363636
vt 0.400000 0.272727
vt 0.400000 0.454545
vt 0.400000 0.545455
vt 0.400000 0.727273
vt 0.400000 0.818182
vt 0.400000 0.909091
vt 0.400000 1.000000
vt 0.420000 0.000000
vt 0.420000 0.090909
vt 0.420000 0.181818
vt 0.400000 0.363636
vt 0.420000 0.272727
vt 0.420000 0.363636
vt 0.420000 0.545455
vt 0.420000 0.636364
vt 0.400000 0.636364
vt 0.420000 0.727273
vt 0.420000 0.818182
vt 0.420000 0.909091
vt 0.420000 1.000000
vt 0.440000 0.000000
vt 0.440000 0.090909
vt 0.440000 0.181818
vt 0.440000 0.272727
vt 0.420000 0.454545
vt 0.440000 0.363636
vt 0.440000 0.545455
vt 0.440000 0.636364
vt 0.440000 0.727273
vt 0.440000 0.818182
vt 0.440000 0.909091
vt 0.440000 1.000000
vt 0.460000 0.000000
vt 0.460000 0.090909
vt 0.460000 0.181818
vt 0.460000 0.272727
vt 0.440000 0.454545
vt 0.460000 0.363636
vt 0.460000 0.545455
vt 0.460000 0.636364
vt 0.460000 0.727273
vt 0.460000 0.818182
vt 0.460000 0.909091
vt 0.460000 1.000000
vt 0.480000 0.000000
vt 0.480000 0.090909
vt 0.480000 0.181818
vt 0.480000 0.363636
vt 0.460000 0.454545
vt 0.480000 0.545455
vt 0.480000 0.636364
vt 0.480000 0.727273
vt 0.480000 0.818182
vt 0.480000 0.909091
vt 0.480000 1.000000
vt 0.480000 0.272727
vt 0.480000 0.454545
vt 0.520000 0.000000
vt 0.520000 0.090909
vt 0.520000 0.181818
vt 0.520000 0.272727
vt 0.520000 0.363636
vt 0.520000 0.545455
vt 0.520000 0.636364
vt 0.520000 0.727273
vt 0.520000 0.818182
vt 0.520000 0.909091
vt 0.520000 1.000000
vt 0.540000 0.090909
vt 0.540000 0.181818
vt 0.540000 0.272727
vt 0.540000 0.363636
vt 0.540000 0.454545
vt 0.520000 0.454545
vt 0.540000 0.545455
vt 0.540000 0.636364
vt 0.540000 0.727273
vt 0.540000 0.818182
vt 0.540000 0.909091
vt 0.560000 0.090909
vt 0.540000 0.000000
vt 0.560000 0.181818
vt 0.560000 0.272727
vt 0.560000 0.363636
vt 0.560000 0.454545
vt 0.560000 0.545455
vt 0.560000 0.636364
vt 0.560000 0.727273
vt 0.560000 0.818182
vt 0.540000 1.000000
vt 0.560000 0.909091
vt 0.580000 0.090909
vt 0.560000 0.000000
vt 0.580000 0.181818
vt 0.580000 0.272727
vt 0.580000 0.363636
vt 0.580000 0.454545
vt 0.580000 0.545455
vt 0.580000 0.636364
vt 0.580000 0.727273
vt 0.580000 0.818182
vt 0.560000 1.000000
vt 0.580000 0.909091
vt 0.600000 0.090909
vt 0.580000 0.000000
vt 0.600000 0.181818
vt 0.600000 0.272727
vt 0.600000 0.363636
vt 0.600000 0.454545
vt 0.600000 0.545455
vt 0.600000 0.636364
vt 0.600000 0.727273
vt 0.600000 0.818182
vt 0.580000 1.000000
vt 0.600000 0.909091
vt 0.620000 0.090909
vt 0.600000 0.000000
vt 0.620000 0.181818
vt 0.620000 0.272727
vt 0.620000 0.363636
vt 0.620000 0.454545
vt 0.620000 0.545455
vt 0.620000 0.636364
vt 0.620000 0.727273
vt 0.620000 0.818182
vt 0.600000 1.000000
vt 0.620000 0.909091
vt 0.640000 0.090909
vt 0.620000 0.000000
vt 0.640000 0.181818
vt 0.640000 0.272727
vt 0.640000 0.363636
vt 0.640000 0.454545
vt 0.640000 0.545455
vt 0.640000 0.636364
vt 0.640000 0.727273
vt 0.640000 0.818182
vt 0.620000 1.000000
vt 0.640000 0.909091
vt 0.660000 0.090909
vt 0.640000 0.000000
vt 0.660000 0.181818
vt 0.660000 0.272727
vt 0.660000 0.363636
vt 0.660000 0.454545
vt 0.660000 0.545455
vt 0.660000 0.636364
vt 0.660000 0.727273
vt 0.660000 0.818182
vt 0.640000 1.000000
vt 0.660000 0.909091
vt 0.680000 0.090909
vt 0.660000 0.000000
vt 0.680000 0.181818
vt 0.680000 0.272727
vt 0.680000 0.363636
vt 0.680000 0.454545
vt 0.680000 0.545455
vt 0.680000 0.636364
vt 0.680000 0.727273
vt 0.680000 0.818182
vt 0.660000 1.000000
vt 0.680000 0.909091
vt 0.700000 0.090909
vt 0.680000 0.000000
vt 0.700000 0.181818
vt 0.700000 0.272727
vt 0.700000 0.363636
vt 0.700000 0.454545
vt 0.700000 0.545455
vt 0.700000 0.636364
vt 0.700000 0.727273
vt 0.700000 0.818182
vt 0.680000 1.000000
vt 0.700000 0.909091
vt 0.720000 0.090909
vt 0.700000 0.000000
vt 0.720000 0.181818
vt 0.720000 0.272727
vt 0.720000 0.363636
vt 0.720000 0.454545
vt 0.720000 0.545455
vt 0.720000 0.636364
vt 0.720000 0.727273
vt 0.720000 0.818182
vt 0.700000 1.000000
vt 0.720000 0.909091
vt 0.740000 0.090909
vt 0.720000 0.000000
vt 0.740000 0.181818
vt 0.740000 0.272727
vt 0.740000 0.363636
vt 0.740000 0.454545
vt 0.740000 0.545455
vt 0.740000 0.636364
vt 0.740000 0.727273
vt 0.740000 0.818182
vt 0.720000 1.000000
vt 0.740000 0.909091
vt 0.760000 0.000000
vt 0.740000 0.000000
vt 0.760000 0.090909
vt 0.760000 0.181818
vt 0.760000 0.272727
vt 0.760000 0.363636
vt 0.760000 0.545455
vt 0.760000 0.636364
vt 0.760000 0.727273
vt 0.760000 0.818182
vt 0.760000 0.909091
vt 0.760000 1.000000
vt 0.740000 1.000000
vt 0.780000 0.000000
vt 0.780000 0.090909
vt 0.780000 0.181818
vt 0.780000 0.272727
vt 0.760000 0.454545
vt 0.780000 0.363636
vt 0.780000 0.545455
vt 0.780000 0.636364
vt 0.780000 0.727273
vt 0.780000 0.818182
vt 0.780000 0.909091
vt 0.780000 1.000000
vt 0.800000 0.090909
vt 0.800000 0.181818
vt 0.800000 0.272727
vt 0.800000 0.363636
vt 0.800000 0.454545
vt 0.780000 0.454545
vt 0.800000 0.545455
vt 0.800000 0.636364
vt 0.800000 0.727273
vt 0.800000 0.818182
vt 0.800000 0.909091
vt 0.820000 0.090909
vt 0.800000 0.000000
vt 0.820000 0.181818
vt 0.820000 0.272727
vt 0.820000 0.363636
vt 0.820000 0.454545
vt 0.820000 0.545455
vt 0.820000 0.636364
vt 0.820000 0.727273
vt 0.820000 0.818182
vt 0.800000 1.000000
vt 0.820000 0.909091
vt 0.840000 0.090909
vt 0.820000 0.000000
vt 0.840000 0.181818
vt 0.840000 0.272727
vt 0.840000 0.363636
vt 0.840000 0.454545
vt 0.840000 0.545455
vt 0.840000 0.636364
vt 0.840000 0.727273
vt 0.840000 0.818182
vt 0.820000 1.000000
vt 0.840000 0.909091
vt 0.860000 0.090909
vt 0.840000 0.000000
vt 0.860000 0.181818
vt 0.860000 0.272727
vt 0.860000 0.363636
vt 0.860000 0.454545
vt 0.860000 0.545455
vt 0.860000 0.636364
vt 0.860000 0.727273
vt 0.860000 0.818182
vt 0.840000 1.000000
vt 0.860000 0.909091
vt 0.880000 0.090909
vt 0.860000 0.000000
vt 0.880000 0.181818
vt 0.880000 0.272727
vt 0.880000 0.363636
vt 0.880000 0.454545
vt 0.880000 0.545455
vt 0.880000 0.636364
vt 0.880000 0.727273
vt 0.880000 0.818182
vt 0.860000 1.000000
vt 0.880000 0.909091
vt 0.900000 0.090909
vt 0.880000 0.000000
vt 0.900000 0.181818
vt 0.900000 0.272727
vt 0.900000 0.363636
vt 0.900000 0.454545
vt 0.900000 0.545455
vt 0.900000 0.636364
vt 0.900000 0.727273
vt 0.900000 0.818182
vt 0.880000 1.000000
vt 0.900000 0.909091
vt 0.920000 0.090909
vt 0.900000 0.000000
vt 0.920000 0.181818
vt 0.920000 0.272727
vt 0.920000 0.363636
vt 0.920000 0.454545
vt 0.920000 0.545455
vt 0.920000 0.636364
vt 0.920000 0.727273
vt 0.920000 0.818182
vt 0.900000 1.000000
vt 0.920000 0.909091
vt 0.940000 0.090909
vt 0.920000 0.000000
vt 0.940000 0.181818
vt 0.940000 0.272727
vt 0.940000 0.363636
vt 0.940000 0.454545
vt 0.940000 0.545455
vt 0.940000 0.636364
vt 0.940000 0.727273
vt 0.940000 0.818182
vt 0.920000 1.000000
vt 0.940000 0.909091
vt 0.960000 0.090909
vt 0.940000 0.000000
vt 0.960000 0.181818
vt 0.960000 0.272727
vt 0.960000 0.363636
vt 0.960000 0.454545
vt 0.960000 0.545455
vt 0.960000 0.636364
vt 0.960000 0.727273
vt 0.960000 0.818182
vt 0.940000 1.000000
vt 0.960000 0.909091
vt 0.980000 0.090909
vt 0.960000 0.000000
vt 0.980000 0.181818
vt 0.980000 0.272727
vt 0.980000 0.363636
vt 0.980000 0.454545
vt 0.980000 0.545455
vt 0.980000 0.636364
vt 0.980000 0.727273
vt 0.980000 0.818182
vt 0.960000 1.000000
vt 0.980000 0.909091
vt 0.980000 0.000000
vt 0.980000 1.000000
s 0
f 8/1/1 6/2/1 5/3/1
f 8/1/1 7/4/1 6/2/1
f 1/5/1 3/6/1 2/7/1
f 1/5/1 4/8/1 3/6/1
f 59/9/1 61/10/1 60/11/1
f 59/9/1 62/12/1 61/10/1
f 129/13/1 59/9/1 130/1/1
f 129/13/1 62/12/1 59/9/1
f 129/13/1 63/14/1 62/12/1
f 129/13/1 64/15/1 63/14/1
f 128/16/1 64/15/1 129/13/1
f 127/17/1 65/18/1 128/16/1
f 65/18/1 64/15/1 128/16/1
f 127/17/1 66/19/1 65/18/1
f 127/17/1 67/20/1 66/19/1
f 126/21/1 67/20/1 127/17/1
f 125/22/1 67/20/1 126/21/1
f 125/22/1 68/23/1 67/20/1
f 124/24/1 68/23/1 125/22/1
f 123/25/1 68/23/1 124/24/1
f 122/26/1 68/23/1 123/25/1
f 122/26/1 69/27/1 68/23/1
f 121/28/1 69/27/1 122/26/1
f 120/29/1 69/27/1 121/28/1
f 120/29/1 70/30/1 69/27/1
f 119/31/1 70/30/1 120/29/1
f 118/32/1 70/30/1 119/31/1
f 117/33/1 70/30/1 118/32/1
f 117/33/1 71/34/1 70/30/1
f 116/35/1 71/34/1 117/33/1
f 115/36/1 71/34/1 116/35/1
f 114/37/1 71/34/1 115/36/1
f 114/37/1 72/38/1 71/34/1
f 113/39/1 72/38/1 114/37/1
f 113/39/1 73/40/1 72/38/1
f 112/41/1 73/40/1 113/39/1
f 112/41/1 74/42/1 73/40/1
f 111/43/1 74/42/1 112/41/1
f 111/43/1 75/44/1 74/42/1
f 110/45/1 75/44/1 111/43/1
f 110/45/1 76/46/1 75/44/1
f 109/47/1 76/46/1 110/45/1
f 108/48/1 76/46/1 109/47/1
f 108/48/1 77/49/1 76/46/1
f 107/50/1 77/49/1 108/48/1
f 107/50/1 78/51/1 77/49/1
f 106/52/1 78/51/1 107/50/1
f 106/52/1 79/53/1 78/51/1
f 105/54/1 79/53/1 106/52/1
f 104/55/1 79/53/1 105/54/1
f 104/55/1 80/56/1 79/53/1
f 103/57/1 80/56/1 104/55/1
f 102/58/1 80/56/1 103/57/1
f 102/58/1 81/59/1 80/56/1
f 101/60/1 81/59/1 102/58/1
f 100/61/1 81/59/1 101/60/1
f 100/61/1 82/62/1 81/59/1
f 99/63/1 82/62/1 100/61/1
f 98/64/1 82/62/1 99/63/1
f 98/64/1 83/65/1 82/62/1
f 97/66/1 83/65/1 98/64/1
f 96/67/1 83/65/1 97/66/1
f 96/67/1 84/68/1 83/65/1
f 95/69/1 84/68/1 96/67/1
f 94/70/1 84/68/1 95/69/1
f 94/70/1 85/71/1 84/68/1
f 93/72/1 85/71/1 94/70/1
f 93/72/1 86/73/1 85/71/1
f 92/74/1 86/73/1 93/72/1
f 91/75/1 86/73/1 92/74/1
f 90/76/1 86/73/1 91/75/1
f 90/76/1 87/77/1 86/73/1
f 90/76/1 88/78/1 87/77/1
f 90/76/1 89/79/1 88/78/1
f 33/80/1 35/81/1 34/82/1
f 33/80/1 36/83/1 35/81/1
f 32/84/1 36/83/1 33/80/1
f 32/84/1 37/85/1 36/83/1
f 31/86/1 37/85/1 32/84/1
f 31/86/1 38/87/1 37/85/1
f 30/88/1 38/87/1 31/86/1
f 30/88/1 39/89/1 38/87/1
f 29/90/1 39/89/1 30/88/1
f 29/90/1 40/91/1 39/89/1
f 28/92/1 40/91/1 29/90/1
f 28/92/1 41/93/1 40/91/1
f 27/94/1 41/93/1 28/92/1
f 27/94/1 42/95/1 41/93/1
f 26/96/1 42/95/1 27/94/1
f 26/96/1 43/97/1 42/95/1
f 25/98/1 43/97/1 26/96/1
f 25/98/1 44/99/1 43/97/1
f 24/100/1 44/99/1 25/98/1
f 24/100/1 45/101/1 44/99/1
f 23/102/1 45/101/1 24/100/1
f 23/102/1 46/103/1 45/101/1
f 22/104/1 46/103/1 23/102/1
f 22/104/1 47/105/1 46/103/1
f 22/104/1 48/106/1 47/105/1
f 21/107/1 48/106/1 22/104/1
f 21/107/1 49/108/1 48/106/1
f 20/109/1 49/108/1 21/107/1
f 20/109/1 50/110/1 49/108/1
f 19/111/1 50/110/1 20/109/1
f 19/111/1 51/112/1 50/110/1
f 18/113/1 51/112/1 19/111/1
f 18/113/1 52/114/1 51/112/1
f 17/115/1 52/114/1 18/113/1
f 17/115/1 53/116/1 52/114/1
f 16/117/1 53/116/1 17/115/1
f 16/117/1 54/118/1 53/116/1
f 15/119/1 54/118/1 16/117/1
f 15/119/1 55/120/1 54/118/1
f 14/121/1 55/120/1 15/119/1
f 14/121/1 56/122/1 55/120/1
f 13/123/1 56/122/1 14/121/1
f 13/123/1 57/124/1 56/122/1
f 12/125/1 57/124/1 13/123/1
f 12/125/1 58/126/1 57/124/1
f 11/127/1 58/126/1 12/125/1
f 11/127/1 9/5/1 58/126/1
f 10/128/1 9/5/1 11/127/1
f 132/129/1 134/130/1 133/131/1
f 132/129/1 135/132/1 134/130/1
f 138/133/1 140/134/1 139/135/1
f 138/133/1 141/136/1 140/134/1
f 142/137/1 144/138/1 143/139/1
f 142/137/1 145/140/1 144/138/1
f 136/141/1 138/133/1 137/142/1
f 136/141/1 141/136/1 138/133/1
f 136/141/1 142/137/1 141/136/1
f 136/141/1 145/140/1 142/137/1
f 136/141/1 146/143/1 145/140/1
f 136/141/1 147/144/1 146/143/1
f 288/145/1 132/129/1 131/5/1
f 288/145/1 135/132/1 132/129/1
f 288/145/1 136/141/1 135/132/1
f 288/145/1 156/146/1 136/141/1
f 156/146/1 147/144/1 136/141/1
f 288/145/1 157/147/1 156/146/1
f 155/148/2 147/144/2 156/146/2
f 154/149/1 152/150/1 155/148/1
f 152/150/1 147/144/1 155/148/1
f 154/149/1 153/151/1 152/150/1
f 151/152/1 147/144/1 152/150/1
f 150/153/1 148/154/1 151/152/1
f 148/154/1 147/144/1 151/152/1
f 150/153/1 149/155/1 148/154/1
f 287/156/1 157/147/1 288/145/1
f 286/157/1 158/158/1 287/156/1
f 158/158/1 157/147/1 287/156/1
f 286/157/1 159/159/1 158/158/1
f 296/160/1 298/161/1 289/162/1
f 298/161/1 290/163/1 289/162/1
f 298/161/1 297/164/1 290/163/1
f 297/164/1 311/165/1 290/163/1
f 311/165/1 291/166/1 290/163/1
f 169/167/1 171/168/1 170/169/1
f 168/170/3 171/168/3 169/167/3
f 168/170/1 172/171/1 171/168/1
f 167/172/1 172/171/1 168/170/1
f 166/173/1 172/171/1 167/172/1
f 165/174/1 172/171/1 166/173/1
f 164/175/1 172/171/1 165/174/1
f 163/176/1 172/171/1 164/175/1
f 162/177/1 172/171/1 163/176/1
f 161/178/1 172/171/1 162/177/1
f 160/179/1 172/171/1 161/178/1
f 159/159/1 172/171/1 160/179/1
f 286/157/1 172/171/1 159/159/1
f 296/160/1 299/180/1 298/161/1
f 300/181/1 312/1/1 297/164/1
f 312/1/1 311/165/1 297/164/1
f 300/181/1 309/182/1 312/1/1
f 310/183/1 291/166/1 311/165/1
f 285/184/1 172/171/1 286/157/1
f 284/185/1 172/171/1 285/184/1
f 283/186/1 172/171/1 284/185/1
f 282/187/1 172/171/1 283/186/1
f 281/188/1 172/171/1 282/187/1
f 174/189/4 172/171/4 173/190/4
f 281/188/1 174/189/1 172/171/1
f 281/188/1 175/191/1 174/189/1
f 280/192/1 175/191/1 281/188/1
f 280/192/1 176/193/1 175/191/1
f 279/194/1 176/193/1 280/192/1
f 279/194/1 177/195/1 176/193/1
f 278/196/1 177/195/1 279/194/1
f 278/196/1 178/197/1 177/195/1
f 277/198/1 178/197/1 278/196/1
f 277/198/1 179/199/1 178/197/1
f 276/200/1 179/199/1 277/198/1
f 276/200/1 180/201/1 179/199/1
f 275/202/1 180/201/1 276/200/1
f 275/202/1 181/203/1 180/201/1
f 274/204/1 181/203/1 275/202/1
f 273/205/1 181/203/1 274/204/1
f 273/205/1 182/206/1 181/203/1
f 273/205/1 183/207/1 182/206/1
f 273/205/1 184/208/1 183/207/1
f 273/205/1 185/209/1 184/208/1
f 273/205/1 261/210/1 185/209/1
f 261/210/1 186/211/1 185/209/1
f 273/205/1 262/212/1 261/210/1
f 260/213/1 186/211/1 261/210/1
f 273/205/1 263/214/1 262/212/1
f 273/205/1 264/215/1 263/214/1
f 273/205/1 265/216/1 264/215/1
f 273/205/1 266/217/1 265/216/1
f 273/205/1 267/218/1 266/217/1
f 273/205/1 268/219/1 267/218/1
f 273/205/1 269/220/1 268/219/1
f 273/205/3 270/221/3 269/220/3
f 273/205/5 271/222/5 270/221/5
f 272/223/1 273/205/1 271/222/1
f 296/160/1 302/224/1 299/180/1
f 302/224/1 300/181/1 299/180/1
f 302/224/1 309/182/1 300/181/1
f 302/224/1 310/183/1 309/182/1
f 302/224/1 301/225/1 310/183/1
f 301/225/1 307/226/1 310/183/1
f 307/226/1 291/166/1 310/183/1
f 296/160/1 303/227/1 302/224/1
f 304/228/1 308/229/1 301/225/1
f 308/229/1 307/226/1 301/225/1
f 304/228/1 305/230/1 308/229/1
f 306/231/1 291/166/1 307/226/1
f 296/160/1 294/232/1 303/227/1
f 294/232/1 304/228/1 303/227/1
f 294/232/1 305/230/1 304/228/1
f 294/232/1 306/231/1 305/230/1
f 294/232/1 293/233/1 306/231/1
f 293/233/1 291/166/1 306/231/1
f 259/234/1 186/211/1 260/213/1
f 258/235/1 186/211/1 259/234/1
f 257/236/1 186/211/1 258/235/1
f 256/237/1 186/211/1 257/236/1
f 255/238/1 186/211/1 256/237/1
f 254/239/1 186/211/1 255/238/1
f 253/240/1 186/211/1 254/239/1
f 252/241/1 186/211/1 253/240/1
f 251/242/1 186/211/1 252/241/1
f 250/243/1 186/211/1 251/242/1
f 249/244/1 186/211/1 250/243/1
f 248/245/1 186/211/1 249/244/1
f 247/246/1 186/211/1 248/245/1
f 246/247/1 186/211/1 247/246/1
f 245/248/1 186/211/1 246/247/1
f 244/249/1 186/211/1 245/248/1
f 243/250/1 186/211/1 244/249/1
f 222/251/1 224/252/1 223/253/1
f 222/251/1 225/254/1 224/252/1
f 242/255/1 186/211/1 243/250/1
f 222/251/1 226/256/1 225/254/1
f 222/251/1 227/257/1 226/256/1
f 241/258/1 186/211/1 242/255/1
f 222/251/1 228/259/1 227/257/1
f 222/251/1 229/260/1 228/259/1
f 240/261/1 186/211/1 241/258/1
f 222/251/1 230/262/1 229/260/1
f 222/251/1 231/263/1 230/262/1
f 239/264/1 186/211/1 240/261/1
f 222/251/1 232/265/1 231/263/1
f 238/266/1 186/211/1 239/264/1
f 222/251/1 233/267/1 232/265/1
f 222/251/1 234/268/1 233/267/1
f 237/269/1 186/211/1 238/266/1
f 222/251/1 235/270/1 234/268/1
f 236/271/1 186/211/1 237/269/1
f 222/251/1 236/271/1 235/270/1
f 222/251/1 186/211/1 236/271/1
f 222/251/1 187/272/1 186/211/1
f 222/251/1 188/273/1 187/272/1
f 222/251/1 189/274/1 188/273/1
f 296/160/1 295/275/1 294/232/1
f 292/276/1 291/166/1 293/233/1
f 222/251/1 190/277/1 189/274/1
f 222/251/1 191/278/1 190/277/1
f 222/251/1 192/279/1 191/278/1
f 222/251/1 193/280/1 192/279/1
f 222/251/1 194/281/1 193/280/1
f 222/251/1 195/282/1 194/281/1
f 222/251/1 196/283/1 195/282/1
f 222/251/1 197/284/1 196/283/1
f 222/251/1 198/285/1 197/284/1
f 222/251/1 199/286/1 198/285/1
f 222/251/1 200/287/1 199/286/1
f 222/251/1 201/288/1 200/287/1
f 222/251/1 202/289/1 201/288/1
f 221/290/1 202/289/1 222/251/1
f 220/291/1 202/289/1 221/290/1
f 220/291/1 203/292/1 202/289/1
f 219/293/1 203/292/1 220/291/1
f 219/293/1 204/294/1 203/292/1
f 218/295/1 204/294/1 219/293/1
f 218/295/1 205/296/1 204/294/1
f 217/297/1 205/296/1 218/295/1
f 216/298/1 205/296/1 217/297/1
f 216/298/1 206/299/1 205/296/1
f 215/300/1 206/299/1 216/298/1
f 215/300/1 207/301/1 206/299/1
f 214/302/1 207/301/1 215/300/1
f 214/302/1 208/303/1 207/301/1
f 213/304/1 208/303/1 214/302/1
f 212/305/1 208/303/1 213/304/1
f 212/305/1 209/306/1 208/303/1
f 211/307/1 209/306/1 212/305/1
f 211/307/1 210/308/1 209/306/1
f 320/1/2 317/3/2 318/2/2
f 320/1/2 318/2/2 319/4/2
f 313/5/2 314/7/2 315/6/2
f 313/5/2 315/6/2 316/8/2
f 371/9/2 372/11/2 373/10/2
f 371/9/2 373/10/2 374/12/2
f 441/13/2 442/1/2 371/9/2
f 441/13/2 371/9/2 374/12/2
f 441/13/2 374/12/2 375/14/2
f 441/13/2 375/14/2 376/15/2
f 440/16/1 441/13/1 376/15/1
f 439/17/2 440/16/2 377/18/2
f 377/18/1 440/16/1 376/15/1
f 439/17/2 377/18/2 378/19/2
f 439/17/2 378/19/2 379/20/2
f 438/21/2 439/17/2 379/20/2
f 437/22/2 438/21/2 379/20/2
f 437/22/2 379/20/2 380/23/2
f 436/24/2 437/22/2 380/23/2
f 435/25/2 436/24/2 380/23/2
f 434/26/2 435/25/2 380/23/2
f 434/26/2 380/23/2 381/27/2
f 433/28/2 434/26/2 381/27/2
f 432/29/2 433/28/2 381/27/2
f 432/29/2 381/27/2 382/30/2
f 431/31/2 432/29/2 382/30/2
f 430/32/2 431/31/2 382/30/2
f 429/33/2 430/32/2 382/30/2
f 429/33/2 382/30/2 383/34/2
f 428/35/2 429/33/2 383/34/2
f 427/36/2 428/35/2 383/34/2
f 426/37/2 427/36/2 383/34/2
f 426/37/2 383/34/2 384/38/2
f 425/39/2 426/37/2 384/38/2
f 425/39/2 384/38/2 385/40/2
f 424/41/2 425/39/2 385/40/2
f 424/41/2 385/40/2 386/42/2
f 423/43/2 424/41/2 386/42/2
f 423/43/2 386/42/2 387/44/2
f 422/45/2 423/43/2 387/44/2
f 422/45/2 387/44/2 388/46/2
f 421/47/2 422/45/2 388/46/2
f 420/48/2 421/47/2 388/46/2
f 420/48/2 388/46/2 389/49/2
f 419/50/2 420/48/2 389/49/2
f 419/50/2 389/49/2 390/51/2
f 418/52/2 419/50/2 390/51/2
f 418/52/2 390/51/2 391/53/2
f 417/54/2 418/52/2 391/53/2
f 416/55/2 417/54/2 391/53/2
f 416/55/2 391/53/2 392/56/2
f 415/57/2 416/55/2 392/56/2
f 414/58/2 415/57/2 392/56/2
f 414/58/2 392/56/2 393/59/2
f 413/60/2 414/58/2 393/59/2
f 412/61/2 413/60/2 393/59/2
f 412/61/2 393/59/2 394/62/2
f 411/63/2 412/61/2 394/62/2
f 410/64/2 411/63/2 394/62/2
f 410/64/2 394/62/2 395/65/2
f 409/66/2 410/64/2 395/65/2
f 408/67/2 409/66/2 395/65/2
f 408/67/2 395/65/2 396/68/2
f 407/69/2 408/67/2 396/68/2
f 406/70/2 407/69/2 396/68/2
f 406/70/2 396/68/2 397/71/2
f 405/72/2 406/70/2 397/71/2
f 405/72/2 397/71/2 398/73/2
f 404/74/2 405/72/2 398/73/2
f 403/75/2 404/74/2 398/73/2
f 402/76/2 403/75/2 398/73/2
f 402/76/2 398/73/2 399/77/2
f 402/76/2 399/77/2 400/78/2
f 402/76/2 400/78/2 401/79/2
f 345/80/2 346/82/2 347/81/2
f 345/80/2 347/81/2 348/83/2
f 344/84/2 345/80/2 348/83/2
f 344/84/2 348/83/2 349/85/2
f 343/86/2 344/84/2 349/85/2
f 343/86/2 349/85/2 350/87/2
f 342/88/2 343/86/2 350/87/2
f 342/88/2 350/87/2 351/89/2
f 341/90/2 342/88/2 351/89/2
f 341/90/2 351/89/2 352/91/2
f 340/92/2 341/90/2 352/91/2
f 340/92/2 352/91/2 353/93/2
f 339/94/2 340/92/2 353/93/2
f 339/94/2 353/93/2 354/95/2
f 338/96/2 339/94/2 354/95/2
f 338/96/2 354/95/2 355/97/2
f 337/98/2 338/96/2 355/97/2
f 337/98/2 355/97/2 356/99/2
f 336/100/2 337/98/2 356/99/2
f 336/100/2 356/99/2 357/101/2
f 335/102/2 336/100/2 357/101/2
f 335/102/2 357/101/2 358/103/2
f 334/104/2 335/102/2 358/103/2
f 334/104/2 358/103/2 359/105/2
f 334/104/2 359/105/2 360/106/2
f 333/107/2 334/104/2 360/106/2
f 333/107/2 360/106/2 361/108/2
f 332/109/2 333/107/2 361/108/2
f 332/109/2 361/108/2 362/110/2
f 331/111/2 332/109/2 362/110/2
f 331/111/2 362/110/2 363/112/2
f 330/113/2 331/111/2 363/112/2
f 330/113/2 363/112/2 364/114/2
f 329/115/2 330/113/2 364/114/2
f 329/115/2 364/114/2 365/116/2
f 328/117/2 329/115/2 365/116/2
f 328/117/2 365/116/2 366/118/2
f 327/119/2 328/117/2 366/118/2
f 327/119/2 366/118/2 367/120/2
f 326/121/2 327/119/2 367/120/2
f 326/121/2 367/120/2 368/122/2
f 325/123/2 326/121/2 368/122/2
f 325/123/2 368/122/2 369/124/2
f 324/125/2 325/123/2 369/124/2
f 324/125/2 369/124/2 370/126/2
f 323/127/2 324/125/2 370/126/2
f 323/127/2 370/126/2 321/5/2
f 322/128/2 323/127/2 321/5/2
f 444/129/2 445/131/2 446/130/2
f 444/129/2 446/130/2 447/132/2
f 450/133/2 451/135/2 452/134/2
f 450/133/2 452/134/2 453/136/2
f 454/137/2 455/139/2 456/138/2
f 454/137/2 456/138/2 457/140/2
f 448/141/2 449/142/2 450/133/2
f 448/141/2 450/133/2 453/136/2
f 448/141/2 453/136/2 454/137/2
f 448/141/2 454/137/2 457/140/2
f 448/141/2 457/140/2 458/143/2
f 448/141/2 458/143/2 459/144/2
f 600/145/2 443/5/2 444/129/2
f 600/145/2 444/129/2 447/132/2
f 600/145/2 447/132/2 448/141/2
f 600/145/2 448/141/2 468/146/2
f 468/146/2 448/141/2 459/144/2
f 600/145/2 468/146/2 469/147/2
f 467/148/1 468/146/1 459/144/1
f 466/149/2 467/148/2 464/150/2
f 464/150/2 467/148/2 459/144/2
f 466/149/2 464/150/2 465/151/2
f 463/152/1 464/150/1 459/144/1
f 462/153/2 463/152/2 460/154/2
f 460/154/2 463/152/2 459/144/2
f 462/153/2 460/154/2 461/155/2
f 599/156/1 600/145/1 469/147/1
f 598/157/2 599/156/2 470/158/2
f 470/158/1 599/156/1 469/147/1
f 598/157/2 470/158/2 471/159/2
f 608/160/2 601/162/2 610/161/2
f 610/161/2 601/162/2 602/163/2
f 610/161/2 602/163/2 609/164/2
f 609/164/2 602/163/2 623/165/2
f 623/165/2 602/163/2 603/166/2
f 481/167/2 482/169/2 483/168/2
f 480/170/6 481/167/6 483/168/6
f 480/170/2 483/168/2 484/171/2
f 479/172/2 480/170/2 484/171/2
f 478/173/2 479/172/2 484/171/2
f 477/174/2 478/173/2 484/171/2
f 476/175/2 477/174/2 484/171/2
f 475/176/2 476/175/2 484/171/2
f 474/177/2 475/176/2 484/171/2
f 473/178/2 474/177/2 484/171/2
f 472/179/2 473/178/2 484/171/2
f 471/159/2 472/179/2 484/171/2
f 598/157/2 471/159/2 484/171/2
f 608/160/2 610/161/2 611/180/2
f 612/181/2 609/164/2 624/1/2
f 624/1/1 609/164/1 623/165/1
f 612/181/2 624/1/2 621/182/2
f 622/183/2 623/165/2 603/166/2
f 597/184/2 598/157/2 484/171/2
f 596/185/2 597/184/2 484/171/2
f 595/186/2 596/185/2 484/171/2
f 594/187/2 595/186/2 484/171/2
f 593/188/2 594/187/2 484/171/2
f 486/189/7 485/190/7 484/171/7
f 593/188/2 484/171/2 486/189/2
f 593/188/2 486/189/2 487/191/2
f 592/192/2 593/188/2 487/191/2
f 592/192/2 487/191/2 488/193/2
f 591/194/2 592/192/2 488/193/2
f 591/194/2 488/193/2 489/195/2
f 590/196/2 591/194/2 489/195/2
f 590/196/2 489/195/2 490/197/2
f 589/198/2 590/196/2 490/197/2
f 589/198/2 490/197/2 491/199/2
f 588/200/2 589/198/2 491/199/2
f 588/200/2 491/199/2 492/201/2
f 587/202/2 588/200/2 492/201/2
f 587/202/2 492/201/2 493/203/2
f 586/204/2 587/202/2 493/203/2
f 585/205/2 586/204/2 493/203/2
f 585/205/2 493/203/2 494/206/2
f 585/205/2 494/206/2 495/207/2
f 585/205/2 495/207/2 496/208/2
f 585/205/2 496/208/2 497/209/2
f 585/205/2 497/209/2 573/210/2
f 573/210/2 497/209/2 498/211/2
f 585/205/2 573/210/2 574/212/2
f 572/213/2 573/210/2 498/211/2
f 585/205/2 574/212/2 575/214/2
f 585/205/2 575/214/2 576/215/2
f 585/205/2 576/215/2 577/216/2
f 585/205/2 577/216/2 578/217/2
f 585/205/2 578/217/2 579/218/2
f 585/205/2 579/218/2 580/219/2
f 585/205/2 580/219/2 581/220/2
f 585/205/6 581/220/6 582/221/6
f 585/205/8 582/221/8 583/222/8
f 584/223/2 583/222/2 585/205/2
f 608/160/2 611/180/2 614/224/2
f 614/224/2 611/180/2 612/181/2
f 614/224/2 612/181/2 621/182/2
f 614/224/2 621/182/2 622/183/2
f 614/224/2 622/183/2 613/225/2
f 613/225/2 622/183/2 619/226/2
f 619/226/2 622/183/2 603/166/2
f 608/160/2 614/224/2 615/227/2
f 616/228/2 613/225/2 620/229/2
f 620/229/1 613/225/1 619/226/1
f 616/228/2 620/229/2 617/230/2
f 618/231/2 619/226/2 603/166/2
f 608/160/2 615/227/2 606/232/2
f 606/232/2 615/227/2 616/228/2
f 606/232/2 616/228/2 617/230/2
f 606/232/2 617/230/2 618/231/2
f 606/232/2 618/231/2 605/233/2
f 605/233/2 618/231/2 603/166/2
f 571/234/2 572/213/2 498/211/2
f 570/235/2 571/234/2 498/211/2
f 569/236/2 570/235/2 498/211/2
f 568/237/2 569/236/2 498/211/2
f 567/238/2 568/237/2 498/211/2
f 566/239/2 567/238/2 498/211/2
f 565/240/2 566/239/2 498/211/2
f 564/241/2 565/240/2 498/211/2
f 563/242/2 564/241/2 498/211/2
f 562/243/2 563/242/2 498/211/2
f 561/244/2 562/243/2 498/211/2
f 560/245/2 561/244/2 498/211/2
f 559/246/2 560/245/2 498/211/2
f 558/247/2 559/246/2 498/211/2
f 557/248/2 558/247/2 498/211/2
f 556/249/2 557/248/2 498/211/2
f 555/250/2 556/249/2 498/211/2
f 534/251/2 535/253/2 536/252/2
f 534/251/2 536/252/2 537/254/2
f 554/255/2 555/250/2 498/211/2
f 534/251/2 537/254/2 538/256/2
f 534/251/2 538/256/2 539/257/2
f 553/258/2 554/255/2 498/211/2
f 534/251/2 539/257/2 540/259/2
f 534/251/2 540/259/2 541/260/2
f 552/261/2 553/258/2 498/211/2
f 534/251/2 541/260/2 542/262/2
f 534/251/2 542/262/2 543/263/2
f 551/264/2 552/261/2 498/211/2
f 534/251/2 543/263/2 544/265/2
f 550/266/2 551/264/2 498/211/2
f 534/251/2 544/265/2 545/267/2
f 534/251/2 545/267/2 546/268/2
f 549/269/2 550/266/2 498/211/2
f 534/251/2 546/268/2 547/270/2
f 548/271/2 549/269/2 498/211/2
f 534/251/2 547/270/2 548/271/2
f 534/251/2 548/271/2 498/211/2
f 534/251/2 498/211/2 499/272/2
f 534/251/2 499/272/2 500/273/2
f 534/251/2 500/273/2 501/274/2
f 608/160/2 606/232/2 607/275/2
f 604/276/2 605/233/2 603/166/2
f 534/251/2 501/274/2 502/277/2
f 534/251/2 502/277/2 503/278/2
f 534/251/2 503/278/2 504/279/2
f 534/251/2 504/279/2 505/280/2
f 534/251/2 505/280/2 506/281/2
f 534/251/2 506/281/2 507/282/2
f 534/251/2 507/282/2 508/283/2
f 534/251/2 508/283/2 509/284/2
f 534/251/2 509/284/2 510/285/2
f 534/251/2 510/285/2 511/286/2
f 534/251/2 511/286/2 512/287/2
f 534/251/2 512/287/2 513/288/2
f 534/251/2 513/288/2 514/289/2
f 533/290/2 534/251/2 514/289/2
f 532/291/2 533/290/2 514/289/2
f 532/291/2 514/289/2 515/292/2
f 531/293/2 532/291/2 515/292/2
f 531/293/2 515/292/2 516/294/2
f 530/295/2 531/293/2 516/294/2
f 530/295/2 516/294/2 517/296/2
f 529/297/2 530/295/2 517/296/2
f 528/298/2 529/297/2 517/296/2
f 528/298/2 517/296/2 518/299/2
f 527/300/2 528/298/2 518/299/2
f 527/300/2 518/299/2 519/301/2
f 526/302/2 527/300/2 519/301/2
f 526/302/2 519/301/2 520/303/2
f 525/304/2 526/302/2 520/303/2
f 524/305/2 525/304/2 520/303/2
f 524/305/2 520/303/2 521/306/2
f 523/307/2 524/305/2 521/306/2
f 523/307/2 521/306/2 522/308/2
s 1
f 638/309/9 625/5/10 626/310/11
f 639/311/12 626/310/11 627/312/13
f 640/313/14 627/312/13 628/314/15
f 641/315/16 628/314/15 629/316/17
f 642/317/18 629/316/17 630/318/19
f 643/319/20 630/318/19 631/320/21
f 632/321/22 643/319/20 631/320/21
f 633/322/23 644/323/24 632/321/22
f 634/324/25 645/325/26 633/322/23
f 635/326/27 646/327/28 634/324/25
f 636/328/29 647/329/30 635/326/27
f 638/309/9 649/330/10 637/331/10
f 639/311/12 650/332/11 638/309/9
f 640/313/14 651/333/13 639/311/12
f 641/315/16 652/334/15 640/313/14
f 642/317/18 653/335/17 641/315/16
f 655/336/21 642/317/18 643/319/20
f 656/337/22 643/319/20 644/323/24
f 657/338/23 644/323/24 645/325/26
f 658/339/25 645/325/26 646/327/28
f 659/340/27 646/327/28 647/329/30
f 660/341/29 647/329/30 648/342/29
f 650/332/11 661/343/31 649/330/10
f 663/344/32 650/332/11 651/333/13
f 664/345/33 651/333/13 652/334/15
f 665/346/34 652/334/15 653/335/17
f 666/347/35 653/335/17 654/348/19
f 667/349/36 654/348/19 655/336/21
f 668/350/37 655/336/21 656/337/22
f 669/351/38 656/337/22 657/338/23
f 670/352/39 657/338/23 658/339/25
f 671/353/40 658/339/25 659/340/27
f 672/354/41 659/340/27 660/341/29
f 674/355/42 661/343/31 662/356/43
f 675/357/44 662/356/43 663/344/32
f 676/358/45 663/344/32 664/345/33
f 677/359/46 664/345/33 665/346/34
f 678/360/47 665/346/34 666/347/35
f 679/361/48 666/347/35 667/349/36
f 668/350/37 679/361/48 667/349/36
f 669/351/38 680/362/49 668/350/37
f 670/352/39 681/363/50 669/351/38
f 671/353/40 682/364/51 670/352/39
f 672/354/41 683/365/52 671/353/40
f 686/366/9 673/367/31 674/355/42
f 687/368/12 674/355/42 675/357/44
f 688/369/14 675/357/44 676/358/45
f 689/370/16 676/358/45 677/359/46
f 690/371/53 677/359/46 678/360/47
f 691/372/54 678/360/47 679/361/48
f 692/373/24 679/361/48 680/362/49
f 693/374/26 680/362/49 681/363/50
f 694/375/28 681/363/50 682/364/51
f 695/376/30 682/364/51 683/365/52
f 684/377/41 695/376/30 683/365/52
f 686/366/9 697/378/10 685/379/10
f 687/368/12 698/380/11 686/366/9
f 688/369/14 699/381/13 687/368/12
f 689/370/16 700/382/15 688/369/14
f 690/371/53 701/383/17 689/370/16
f 703/384/21 690/371/53 691/372/54
f 704/385/22 691/372/54 692/373/24
f 705/386/23 692/373/24 693/374/26
f 706/387/25 693/374/26 694/375/28
f 707/388/27 694/375/28 695/376/30
f 708/389/29 695/376/30 696/390/29
f 710/391/9 697/378/10 698/380/11
f 711/392/12 698/380/11 699/381/13
f 712/393/14 699/381/13 700/382/15
f 713/394/16 700/382/15 701/383/17
f 714/395/55 701/383/17 702/396/19
f 715/397/54 702/396/19 703/384/21
f 704/385/22 715/397/54 703/384/21
f 705/386/23 716/398/24 704/385/22
f 706/387/25 717/399/26 705/386/23
f 707/388/27 718/400/28 706/387/25
f 708/389/29 719/401/30 707/388/27
f 710/391/9 721/402/10 709/403/10
f 711/392/12 722/404/11 710/391/9
f 712/393/14 723/405/13 711/392/12
f 713/394/16 724/406/15 712/393/14
f 714/395/55 725/407/17 713/394/16
f 727/408/21 714/395/55 715/397/54
f 728/409/56 715/397/54 716/398/24
f 729/410/23 716/398/24 717/399/26
f 730/411/25 717/399/26 718/400/28
f 731/412/27 718/400/28 719/401/30
f 732/413/29 719/401/30 720/414/29
f 734/415/43 721/402/10 722/404/11
f 723/405/13 734/415/43 722/404/11
f 724/406/15 735/416/32 723/405/13
f 737/417/34 724/406/15 725/407/17
f 738/418/35 725/407/17 726/419/19
f 739/420/36 726/419/19 727/408/21
f 740/421/37 727/408/21 728/409/56
f 729/410/23 740/421/37 728/409/56
f 742/422/39 729/410/23 730/411/25
f 743/423/40 730/411/25 731/412/27
f 732/413/29 743/423/40 731/412/27
f 746/424/42 733/425/31 734/415/43
f 747/426/44 734/415/43 735/416/32
f 748/427/45 735/416/32 736/428/33
f 749/429/46 736/428/33 737/417/34
f 750/430/57 737/417/34 738/418/35
f 751/431/58 738/418/35 739/420/36
f 740/421/37 751/431/58 739/420/36
f 741/432/38 752/433/49 740/421/37
f 742/422/39 753/434/50 741/432/38
f 743/423/40 754/435/51 742/422/39
f 744/436/41 755/437/52 743/423/40
f 758/438/9 745/439/31 746/424/42
f 759/440/12 746/424/42 747/426/44
f 760/441/14 747/426/44 748/427/45
f 761/442/16 748/427/45 749/429/46
f 762/443/55 749/429/46 750/430/57
f 763/444/59 750/430/57 751/431/58
f 764/445/24 751/431/58 752/433/49
f 765/446/26 752/433/49 753/434/50
f 766/447/28 753/434/50 754/435/51
f 767/448/30 754/435/51 755/437/52
f 768/449/29 755/437/52 756/450/41
f 758/438/9 769/451/10 757/452/10
f 759/440/12 770/453/11 758/438/9
f 760/441/14 771/454/13 759/440/12
f 761/442/16 772/455/15 760/441/14
f 762/443/55 773/456/17 761/442/16
f 775/457/21 762/443/55 763/444/59
f 776/458/56 763/444/59 764/445/24
f 777/459/23 764/445/24 765/446/26
f 778/460/25 765/446/26 766/447/28
f 779/461/27 766/447/28 767/448/30
f 780/462/29 767/448/30 768/449/29
f 782/463/43 769/451/10 770/453/11
f 783/464/32 770/453/11 771/454/13
f 784/465/33 771/454/13 772/455/15
f 785/466/60 772/455/15 773/456/17
f 786/467/35 773/456/17 774/468/19
f 787/469/36 774/468/19 775/457/21
f 788/470/37 775/457/21 776/458/56
f 789/471/38 776/458/56 777/459/23
f 778/460/25 789/471/38 777/459/23
f 791/472/40 778/460/25 779/461/27
f 792/473/41 779/461/27 780/462/29
f 794/474/42 781/475/31 782/463/43
f 795/476/44 782/463/43 783/464/32
f 796/477/45 783/464/32 784/465/33
f 797/478/46 784/465/33 785/466/60
f 798/479/47 785/466/60 786/467/35
f 799/480/58 786/467/35 787/469/36
f 788/470/37 799/480/58 787/469/36
f 789/471/38 800/481/49 788/470/37
f 790/482/39 801/483/50 789/471/38
f 791/472/40 802/484/51 790/482/39
f 792/473/41 803/485/52 791/472/40
f 794/474/42 805/486/31 793/487/31
f 795/476/44 806/488/43 794/474/42
f 796/477/45 807/489/32 795/476/44
f 797/478/46 808/490/33 796/477/45
f 798/479/47 809/491/60 797/478/46
f 811/492/36 798/479/47 799/480/58
f 812/493/61 799/480/58 800/481/49
f 813/494/38 800/481/49 801/483/50
f 814/495/39 801/483/50 802/484/51
f 815/496/40 802/484/51 803/485/52
f 816/497/41 803/485/52 804/498/41
f 818/499/62 805/486/31 806/488/43
f 819/500/63 806/488/43 807/489/32
f 820/501/64 807/489/32 808/490/33
f 821/502/65 808/490/33 809/491/60
f 822/503/66 809/491/60 810/504/35
f 823/505/67 810/504/35 811/492/36
f 824/506/68 811/492/36 812/493/61
f 825/507/69 812/493/61 813/494/38
f 826/508/70 813/494/38 814/495/39
f 827/509/71 814/495/39 815/496/40
f 828/510/72 815/496/40 816/497/41
f 830/511/73 817/512/74 818/499/62
f 831/513/75 818/499/62 819/500/63
f 832/514/76 819/500/63 820/501/64
f 833/515/77 820/501/64 821/502/65
f 834/516/78 821/502/65 822/503/66
f 835/517/79 822/503/66 823/505/67
f 824/506/68 835/517/79 823/505/67
f 825/507/69 836/518/80 824/506/68
f 826/508/70 837/519/81 825/507/69
f 827/509/71 838/520/82 826/508/70
f 828/510/72 839/521/83 827/509/71
f 830/511/73 841/522/74 829/523/74
f 831/513/75 842/524/62 830/511/73
f 832/514/76 843/525/63 831/513/75
f 833/515/77 844/526/64 832/514/76
f 834/516/78 845/527/84 833/515/77
f 847/528/67 834/516/78 835/517/79
f 848/529/68 835/517/79 836/518/80
f 849/530/69 836/518/80 837/519/81
f 850/531/70 837/519/81 838/520/82
f 851/532/71 838/520/82 839/521/83
f 852/533/72 839/521/83 840/534/72
f 854/535/85 841/522/74 842/524/62
f 855/536/86 842/524/62 843/525/63
f 844/526/64 855/536/86 843/525/63
f 857/537/87 844/526/64 845/527/84
f 858/538/88 845/527/84 846/539/66
f 859/540/89 846/539/66 847/528/67
f 860/541/90 847/528/67 848/529/68
f 861/542/91 848/529/68 849/530/69
f 862/543/92 849/530/69 850/531/70
f 863/544/93 850/531/70 851/532/71
f 864/545/94 851/532/71 852/533/72
f 866/546/95 853/547/96 854/535/85
f 867/548/97 854/535/85 855/536/86
f 868/549/98 855/536/86 856/550/99
f 869/551/100 856/550/99 857/537/87
f 870/552/101 857/537/87 858/538/88
f 871/553/102 858/538/88 859/540/89
f 860/541/90 871/553/102 859/540/89
f 861/542/91 872/554/103 860/541/90
f 862/543/92 873/555/104 861/542/91
f 863/544/93 874/556/105 862/543/92
f 864/545/94 875/557/106 863/544/93
f 878/558/73 865/559/96 866/546/95
f 879/560/75 866/546/95 867/548/97
f 880/561/76 867/548/97 868/549/98
f 881/562/77 868/549/98 869/551/100
f 882/563/78 869/551/100 870/552/101
f 883/564/107 870/552/101 871/553/102
f 884/565/80 871/553/102 872/554/103
f 885/566/81 872/554/103 873/555/104
f 874/556/105 885/566/81 873/555/104
f 887/567/83 874/556/105 875/557/106
f 888/568/72 875/557/106 876/569/94
f 878/558/73 889/570/74 877/571/74
f 879/560/75 890/572/62 878/558/73
f 880/561/76 891/573/63 879/560/75
f 881/562/77 892/574/64 880/561/76
f 882/563/78 893/575/65 881/562/77
f 895/576/67 882/563/78 883/564/107
f 896/577/68 883/564/107 884/565/80
f 897/578/69 884/565/80 885/566/81
f 898/579/70 885/566/81 886/580/82
f 899/581/71 886/580/82 887/567/83
f 900/582/72 887/567/83 888/568/72
f 890/572/62 901/583/96 889/570/74
f 903/584/86 890/572/62 891/573/63
f 904/585/99 891/573/63 892/574/64
f 893/575/65 904/585/99 892/574/64
f 906/586/88 893/575/65 894/587/66
f 907/588/89 894/587/66 895/576/67
f 908/589/90 895/576/67 896/577/68
f 909/590/91 896/577/68 897/578/69
f 898/579/70 909/590/91 897/578/69
f 899/581/71 910/591/92 898/579/70
f 912/592/94 899/581/71 900/582/72
f 914/593/95 901/583/96 902/594/85
f 915/595/97 902/594/85 903/584/86
f 916/596/98 903/584/86 904/585/99
f 917/597/100 904/585/99 905/598/108
f 918/599/101 905/598/108 906/586/88
f 919/600/102 906/586/88 907/588/89
f 908/589/90 919/600/102 907/588/89
f 909/590/91 920/601/103 908/589/90
f 910/591/92 921/602/104 909/590/91
f 911/603/93 922/604/105 910/591/92
f 912/592/94 923/605/106 911/603/93
f 926/606/73 913/607/96 914/593/95
f 927/608/75 914/593/95 915/595/97
f 928/609/76 915/595/97 916/596/98
f 929/610/77 916/596/98 917/597/100
f 930/611/78 917/597/100 918/599/101
f 931/612/107 918/599/101 919/600/102
f 932/613/80 919/600/102 920/601/103
f 933/614/81 920/601/103 921/602/104
f 934/615/82 921/602/104 922/604/105
f 935/616/83 922/604/105 923/605/106
f 936/617/72 923/605/106 924/618/94
f 926/606/73 937/619/74 925/620/74
f 927/608/75 938/621/62 926/606/73
f 928/609/76 939/622/63 927/608/75
f 929/610/77 940/623/64 928/609/76
f 930/611/78 941/624/65 929/610/77
f 943/625/67 930/611/78 931/612/107
f 944/626/109 931/612/107 932/613/80
f 945/627/69 932/613/80 933/614/81
f 946/628/70 933/614/81 934/615/82
f 947/629/71 934/615/82 935/616/83
f 948/630/72 935/616/83 936/617/72
f 950/631/73 937/619/74 938/621/62
f 951/632/75 938/621/62 939/622/63
f 952/633/76 939/622/63 940/623/64
f 953/634/77 940/623/64 941/624/65
f 954/635/78 941/624/65 942/636/66
f 955/637/107 942/636/66 943/625/67
f 944/626/109 955/637/107 943/625/67
f 945/627/69 956/638/80 944/626/109
f 946/628/70 957/639/81 945/627/69
f 947/629/71 958/640/82 946/628/70
f 948/630/72 959/641/83 947/629/71
f 962/642/110 949/643/74 950/631/73
f 963/644/111 950/631/73 951/632/75
f 964/645/112 951/632/75 952/633/76
f 965/646/113 952/633/76 953/634/77
f 966/647/114 953/634/77 954/635/78
f 967/648/115 954/635/78 955/637/107
f 956/638/80 967/648/115 955/637/107
f 957/639/81 968/649/116 956/638/80
f 958/640/82 969/650/117 957/639/81
f 959/641/83 970/651/118 958/640/82
f 960/652/72 971/653/119 959/641/83
f 962/642/110 973/654/120 961/655/121
f 963/644/111 974/656/122 962/642/110
f 976/657/123 963/644/111 964/645/112
f 977/658/124 964/645/112 965/646/113
f 978/659/125 965/646/113 966/647/114
f 979/660/126 966/647/114 967/648/115
f 968/649/116 979/660/126 967/648/115
f 969/650/117 980/661/127 968/649/116
f 970/651/118 981/662/128 969/650/117
f 971/653/119 982/663/129 970/651/118
f 984/664/130 971/653/119 972/665/131
f 986/666/132 973/654/120 974/656/122
f 987/667/133 974/656/122 975/668/134
f 988/669/135 975/668/134 976/657/123
f 989/670/136 976/657/123 977/658/124
f 990/671/137 977/658/124 978/659/125
f 991/672/138 978/659/125 979/660/126
f 980/661/127 991/672/138 979/660/126
f 981/662/128 992/673/139 980/661/127
f 982/663/129 993/674/140 981/662/128
f 983/675/141 994/676/142 982/663/129
f 984/664/130 995/677/143 983/675/141
f 998/678/144 985/679/145 986/666/132
f 999/680/146 986/666/132 987/667/133
f 1000/681/147 987/667/133 988/669/135
f 1001/682/148 988/669/135 989/670/136
f 1002/683/149 989/670/136 990/671/137
f 1003/684/150 990/671/137 991/672/138
f 992/673/139 1003/684/150 991/672/138
f 993/674/140 1004/685/151 992/673/139
f 994/676/142 1005/686/152 993/674/140
f 995/677/143 1006/687/153 994/676/142
f 996/688/154 1007/689/155 995/677/143
f 1010/690/156 997/691/157 998/678/144
f 1011/692/158 998/678/144 999/680/146
f 1012/693/159 999/680/146 1000/681/147
f 1013/694/160 1000/681/147 1001/682/148
f 1014/695/161 1001/682/148 1002/683/149
f 1015/696/162 1002/683/149 1003/684/150
f 1004/685/151 1015/696/162 1003/684/150
f 1005/686/152 1016/697/163 1004/685/151
f 1006/687/153 1017/698/164 1005/686/152
f 1007/689/155 1018/699/165 1006/687/153
f 1008/700/166 1019/701/167 1007/689/155
f 1022/702/168 1009/703/169 1010/690/156
f 1023/704/170 1010/690/156 1011/692/158
f 1024/705/171 1011/692/158 1012/693/159
f 1025/706/172 1012/693/159 1013/694/160
f 1026/707/173 1013/694/160 1014/695/161
f 1027/708/174 1014/695/161 1015/696/162
f 1016/697/163 1027/708/174 1015/696/162
f 1017/698/164 1028/709/175 1016/697/163
f 1018/699/165 1029/710/176 1017/698/164
f 1019/701/167 1030/711/177 1018/699/165
f 1020/712/178 1031/713/179 1019/701/167
f 1034/714/180 1021/715/181 1022/702/168
f 1035/716/182 1022/702/168 1023/704/170
f 1036/717/183 1023/704/170 1024/705/171
f 1037/718/184 1024/705/171 1025/706/172
f 1038/719/185 1025/706/172 1026/707/173
f 1039/720/186 1026/707/173 1027/708/174
f 1028/709/175 1039/720/186 1027/708/174
f 1029/710/176 1040/721/187 1028/709/175
f 1030/711/177 1041/722/188 1029/710/176
f 1031/713/179 1042/723/189 1030/711/177
f 1032/724/190 1043/725/191 1031/713/179
f 1046/726/192 1033/727/193 1034/714/180
f 1047/728/194 1034/714/180 1035/716/182
f 1048/729/195 1035/716/182 1036/717/183
f 1049/730/196 1036/717/183 1037/718/184
f 1050/731/197 1037/718/184 1038/719/185
f 1051/732/198 1038/719/185 1039/720/186
f 1040/721/187 1051/732/198 1039/720/186
f 1041/722/188 1052/733/199 1040/721/187
f 1042/723/189 1053/734/200 1041/722/188
f 1043/725/191 1054/735/201 1042/723/189
f 1044/736/202 1055/737/203 1043/725/191
f 1058/738/204 1045/739/205 1046/726/192
f 1059/740/206 1046/726/192 1047/728/194
f 1060/741/207 1047/728/194 1048/729/195
f 1061/742/208 1048/729/195 1049/730/196
f 1062/743/209 1049/730/196 1050/731/197
f 1063/744/210 1050/731/197 1051/732/198
f 1052/733/199 1063/744/210 1051/732/198
f 1053/734/200 1064/745/211 1052/733/199
f 1054/735/201 1065/746/212 1053/734/200
f 1055/737/203 1066/747/213 1054/735/201
f 1056/748/214 1067/749/215 1055/737/203
f 1070/750/216 1057/751/217 1058/738/204
f 1071/752/218 1058/738/204 1059/740/206
f 1072/753/219 1059/740/206 1060/741/207
f 1073/754/220 1060/741/207 1061/742/208
f 1074/755/221 1061/742/208 1062/743/209
f 1075/756/222 1062/743/209 1063/744/210
f 1064/745/211 1075/756/222 1063/744/210
f 1065/746/212 1076/757/223 1064/745/211
f 1066/747/213 1077/758/224 1065/746/212
f 1067/749/215 1078/759/225 1066/747/213
f 1068/760/226 1079/761/227 1067/749/215
f 1082/762/228 1069/763/229 1070/750/216
f 1083/764/230 1070/750/216 1071/752/218
f 1084/765/231 1071/752/218 1072/753/219
f 1085/766/232 1072/753/219 1073/754/220
f 1086/767/233 1073/754/220 1074/755/221
f 1087/768/234 1074/755/221 1075/756/222
f 1076/757/223 1087/768/234 1075/756/222
f 1077/758/224 1088/769/235 1076/757/223
f 1078/759/225 1089/770/236 1077/758/224
f 1079/761/227 1090/771/237 1078/759/225
f 1080/772/238 1091/773/239 1079/761/227
f 1094/774/240 1081/775/241 1082/762/228
f 1095/776/242 1082/762/228 1083/764/230
f 1096/777/243 1083/764/230 1084/765/231
f 1097/778/244 1084/765/231 1085/766/232
f 1098/779/245 1085/766/232 1086/767/233
f 1099/780/246 1086/767/233 1087/768/234
f 1088/769/235 1099/780/246 1087/768/234
f 1089/770/236 1100/781/247 1088/769/235
f 1090/771/237 1101/782/248 1089/770/236
f 1091/773/239 1102/783/249 1090/771/237
f 1092/784/250 1103/785/251 1091/773/239
f 1094/774/240 1105/786/252 1093/787/253
f 1095/776/242 1106/788/254 1094/774/240
f 1096/777/243 1107/789/255 1095/776/242
f 1097/778/244 1108/790/256 1096/777/243
f 1098/779/245 1109/791/257 1097/778/244
f 1111/792/258 1098/779/245 1099/780/246
f 1112/793/259 1099/780/246 1100/781/247
f 1113/794/260 1100/781/247 1101/782/248
f 1114/795/261 1101/782/248 1102/783/249
f 1115/796/262 1102/783/249 1103/785/251
f 1104/797/263 1115/796/262 1103/785/251
f 1118/798/264 1105/786/252 1106/788/254
f 1119/799/265 1106/788/254 1107/789/255
f 1120/800/266 1107/789/255 1108/790/256
f 1121/801/267 1108/790/256 1109/791/257
f 1122/802/268 1109/791/257 1110/803/269
f 1123/804/270 1110/803/269 1111/792/258
f 1112/793/259 1123/804/270 1111/792/258
f 1113/794/260 1124/805/271 1112/793/259
f 1114/795/261 1125/806/272 1113/794/260
f 1115/796/262 1126/807/273 1114/795/261
f 1116/808/274 1127/809/275 1115/796/262
f 1118/798/264 1129/810/276 1117/811/277
f 1131/812/278 1118/798/264 1119/799/265
f 1132/813/279 1119/799/265 1120/800/266
f 1133/814/280 1120/800/266 1121/801/267
f 1134/815/281 1121/801/267 1122/802/268
f 1135/816/282 1122/802/268 1123/804/270
f 1124/805/271 1135/816/282 1123/804/270
f 1125/806/272 1136/817/283 1124/805/271
f 1126/807/273 1137/818/284 1125/806/272
f 1127/809/275 1138/819/285 1126/807/273
f 1128/820/286 1139/821/287 1127/809/275
f 1130/822/288 1141/823/289 1129/810/276
f 1131/812/278 1142/824/290 1130/822/288
f 1132/813/279 1143/825/291 1131/812/278
f 1133/814/280 1144/826/292 1132/813/279
f 1134/815/281 1145/827/293 1133/814/280
f 1147/828/294 1134/815/281 1135/816/282
f 1136/817/283 1147/828/294 1135/816/282
f 1149/829/295 1136/817/283 1137/818/284
f 1150/830/296 1137/818/284 1138/819/285
f 1151/831/297 1138/819/285 1139/821/287
f 1152/832/298 1139/821/287 1140/833/299
f 1142/824/290 1153/834/300 1141/823/289
f 1143/825/291 1154/835/301 1142/824/290
f 1144/826/292 1155/836/302 1143/825/291
f 1145/827/293 1156/837/303 1144/826/292
f 1146/838/304 1157/839/305 1145/827/293
f 1159/840/306 1146/838/304 1147/828/294
f 1160/841/307 1147/828/294 1148/842/308
f 1161/843/309 1148/842/308 1149/829/295
f 1162/844/310 1149/829/295 1150/830/296
f 1163/845/311 1150/830/296 1151/831/297
f 1164/846/312 1151/831/297 1152/832/298
f 1154/835/301 1165/847/313 1153/834/300
f 1155/836/302 1166/848/314 1154/835/301
f 1156/837/303 1167/849/315 1155/836/302
f 1157/839/305 1168/850/316 1156/837/303
f 1158/851/317 1169/852/318 1157/839/305
f 1171/853/319 1158/851/317 1159/840/306
f 1172/854/320 1159/840/306 1160/841/307
f 1173/855/321 1160/841/307 1161/843/309
f 1174/856/322 1161/843/309 1162/844/310
f 1175/857/323 1162/844/310 1163/845/311
f 1176/858/324 1163/845/311 1164/846/312
f 1166/848/314 1177/859/325 1165/847/313
f 1167/849/315 1178/860/326 1166/848/314
f 1168/850/316 1179/861/327 1167/849/315
f 1169/852/318 1180/862/328 1168/850/316
f 1170/863/329 1181/864/330 1169/852/318
f 1183/865/331 1170/863/329 1171/853/319
f 1184/866/332 1171/853/319 1172/854/320
f 1185/867/333 1172/854/320 1173/855/321
f 1186/868/334 1173/855/321 1174/856/322
f 1187/869/335 1174/856/322 1175/857/323
f 1188/870/336 1175/857/323 1176/858/324
f 1178/860/326 1189/871/337 1177/859/325
f 1179/861/327 1190/872/338 1178/860/326
f 1180/862/328 1191/873/339 1179/861/327
f 1181/864/330 1192/874/340 1180/862/328
f 1182/875/341 1193/876/342 1181/864/330
f 1195/877/343 1182/875/341 1183/865/331
f 1196/878/344 1183/865/331 1184/866/332
f 1197/879/345 1184/866/332 1185/867/333
f 1198/880/346 1185/867/333 1186/868/334
f 1199/881/347 1186/868/334 1187/869/335
f 1200/882/348 1187/869/335 1188/870/336
f 1190/872/338 1201/883/349 1189/871/337
f 1191/873/339 1202/884/350 1190/872/338
f 1192/874/340 1203/885/351 1191/873/339
f 1193/876/342 1204/886/352 1192/874/340
f 1206/887/353 1193/876/342 1194/888/354
f 1207/889/355 1194/888/354 1195/877/343
f 1196/878/344 1207/889/355 1195/877/343
f 1209/890/356 1196/878/344 1197/879/345
f 1210/891/357 1197/879/345 1198/880/346
f 1211/892/358 1198/880/346 1199/881/347
f 1212/893/359 1199/881/347 1200/882/348
f 1202/884/350 1213/894/360 1201/883/349
f 1203/885/351 1214/895/361 1202/884/350
f 1204/886/352 1215/896/362 1203/885/351
f 1205/897/363 1216/898/364 1204/886/352
f 1206/887/353 1217/899/365 1205/897/363
f 1219/900/366 1206/887/353 1207/889/355
f 1220/901/367 1207/889/355 1208/902/368
f 1221/903/369 1208/902/368 1209/890/356
f 1222/904/370 1209/890/356 1210/891/357
f 1223/905/371 1210/891/357 1211/892/358
f 1224/906/372 1211/892/358 1212/893/359
f 1214/895/361 1225/907/373 1213/894/360
f 1215/896/362 1226/908/374 1214/895/361
f 1216/898/364 1227/909/375 1215/896/362
f 1217/899/365 1228/910/376 1216/898/364
f 1218/911/377 1229/912/378 1217/899/365
f 1231/913/379 1218/911/377 1219/900/366
f 1232/914/380 1219/900/366 1220/901/367
f 1233/915/381 1220/901/367 1221/903/369
f 1234/916/382 1221/903/369 1222/904/370
f 1235/917/383 1222/904/370 1223/905/371
f 1236/918/384 1223/905/371 1224/906/372
f 1226/908/374 1237/919/385 1225/907/373
f 1227/909/375 1238/920/386 1226/908/374
f 1228/910/376 1239/921/387 1227/909/375
f 1229/912/378 1240/922/388 1228/910/376
f 1230/923/389 1241/924/390 1229/912/378
f 1243/925/391 1230/923/389 1231/913/379
f 1244/926/392 1231/913/379 1232/914/380
f 1245/927/393 1232/914/380 1233/915/381
f 1246/928/394 1233/915/381 1234/916/382
f 1247/929/395 1234/916/382 1235/917/383
f 1248/930/396 1235/917/383 1236/918/384
f 1238/920/386 1249/931/397 1237/919/385
f 1239/921/387 1250/932/398 1238/920/386
f 1240/922/388 1251/933/399 1239/921/387
f 1241/924/390 1252/934/400 1240/922/388
f 1242/935/401 1253/936/402 1241/924/390
f 1255/937/403 1242/935/401 1243/925/391
f 1256/938/404 1243/925/391 1244/926/392
f 1257/939/405 1244/926/392 1245/927/393
f 1258/940/406 1245/927/393 1246/928/394
f 1259/941/407 1246/928/394 1247/929/395
f 1260/942/408 1247/929/395 1248/930/396
f 1262/943/409 1249/931/397 1250/932/398
f 1263/944/410 1250/932/398 1251/933/399
f 1264/945/411 1251/933/399 1252/934/400
f 1265/946/412 1252/934/400 1253/936/402
f 1266/947/413 1253/936/402 1254/948/414
f 1267/949/415 1254/948/414 1255/937/403
f 1256/938/404 1267/949/415 1255/937/403
f 1257/939/405 1268/950/416 1256/938/404
f 1258/940/406 1269/951/417 1257/939/405
f 1259/941/407 1270/952/418 1258/940/406
f 1260/942/408 1271/953/419 1259/941/407
f 1274/954/420 1261/955/421 1262/943/409
f 1275/956/422 1262/943/409 1263/944/410
f 1264/945/411 1275/956/422 1263/944/410
f 1265/946/412 1276/957/423 1264/945/411
f 1266/947/413 1277/958/424 1265/946/412
f 1279/959/425 1266/947/413 1267/949/415
f 1280/960/426 1267/949/415 1268/950/416
f 1281/961/427 1268/950/416 1269/951/417
f 1270/952/418 1281/961/427 1269/951/417
f 1271/953/419 1282/962/428 1270/952/418
f 1272/963/429 1283/964/430 1271/953/419
f 1274/954/420 1285/965/431 1273/966/432
f 1275/956/422 1286/967/433 1274/954/420
f 1276/957/423 1287/968/434 1275/956/422
f 1277/958/424 1288/969/435 1276/957/423
f 1278/970/436 1289/971/437 1277/958/424
f 1291/972/438 1278/970/436 1279/959/425
f 1292/973/439 1279/959/425 1280/960/426
f 1293/974/440 1280/960/426 1281/961/427
f 1294/975/441 1281/961/427 1282/962/428
f 1295/976/442 1282/962/428 1283/964/430
f 1296/977/443 1283/964/430 1284/978/444
f 1286/967/433 1297/979/445 1285/965/431
f 1287/968/434 1298/980/446 1286/967/433
f 1288/969/435 1299/981/447 1287/968/434
f 1289/971/437 1300/982/448 1288/969/435
f 1290/983/449 1301/984/450 1289/971/437
f 1303/985/451 1290/983/449 1291/972/438
f 1304/986/452 1291/972/438 1292/973/439
f 1305/987/453 1292/973/439 1293/974/440
f 1306/988/454 1293/974/440 1294/975/441
f 1307/989/455 1294/975/441 1295/976/442
f 1308/990/456 1295/976/442 1296/977/443
f 1298/980/446 1309/991/457 1297/979/445
f 1299/981/447 1310/992/458 1298/980/446
f 1300/982/448 1311/993/459 1299/981/447
f 1301/984/450 1312/994/460 1300/982/448
f 1302/995/461 1313/996/462 1301/984/450
f 1315/997/463 1302/995/461 1303/985/451
f 1316/998/464 1303/985/451 1304/986/452
f 1317/999/465 1304/986/452 1305/987/453
f 1318/1000/466 1305/987/453 1306/988/454
f 1319/1001/467 1306/988/454 1307/989/455
f 1320/1002/468 1307/989/455 1308/990/456
f 1310/992/458 1321/1003/469 1309/991/457
f 1311/993/459 1322/1004/470 1310/992/458
f 1312/994/460 1323/1005/471 1311/993/459
f 1313/996/462 1324/1006/472 1312/994/460
f 1314/1007/473 1325/1008/474 1313/996/462
f 1327/1009/475 1314/1007/473 1315/997/463
f 1328/1010/476 1315/997/463 1316/998/464
f 1329/1011/477 1316/998/464 1317/999/465
f 1330/1012/478 1317/999/465 1318/1000/466
f 1331/1013/479 1318/1000/466 1319/1001/467
f 1332/1014/480 1319/1001/467 1320/1002/468
f 1322/1004/470 1333/1015/481 1321/1003/469
f 1323/1005/471 1334/1016/482 1322/1004/470
f 1324/1006/472 1335/1017/483 1323/1005/471
f 1325/1008/474 1336/1018/484 1324/1006/472
f 1326/1019/485 1337/1020/486 1325/1008/474
f 1339/1021/487 1326/1019/485 1327/1009/475
f 1340/1022/488 1327/1009/475 1328/1010/476
f 1341/1023/489 1328/1010/476 1329/1011/477
f 1342/1024/490 1329/1011/477 1330/1012/478
f 1343/1025/491 1330/1012/478 1331/1013/479
f 1344/1026/492 1331/1013/479 1332/1014/480
f 1334/1016/482 1345/1027/493 1333/1015/481
f 1335/1017/483 1346/1028/494 1334/1016/482
f 1336/1018/484 1347/1029/495 1335/1017/483
f 1337/1020/486 1348/1030/496 1336/1018/484
f 1338/1031/497 1349/1032/498 1337/1020/486
f 1351/1033/499 1338/1031/497 1339/1021/487
f 1352/1034/500 1339/1021/487 1340/1022/488
f 1353/1035/501 1340/1022/488 1341/1023/489
f 1354/1036/502 1341/1023/489 1342/1024/490
f 1355/1037/503 1342/1024/490 1343/1025/491
f 1356/1038/504 1343/1025/491 1344/1026/492
f 1346/1028/494 1357/1039/505 1345/1027/493
f 1347/1029/495 1358/1040/506 1346/1028/494
f 1348/1030/496 1359/1041/507 1347/1029/495
f 1349/1032/498 1360/1042/508 1348/1030/496
f 1350/1043/509 1361/1044/510 1349/1032/498
f 1363/1045/511 1350/1043/509 1351/1033/499
f 1364/1046/512 1351/1033/499 1352/1034/500
f 1365/1047/513 1352/1034/500 1353/1035/501
f 1366/1048/514 1353/1035/501 1354/1036/502
f 1367/1049/515 1354/1036/502 1355/1037/503
f 1368/1050/516 1355/1037/503 1356/1038/504
f 1358/1040/506 1369/1051/517 1357/1039/505
f 1359/1041/507 1370/1052/518 1358/1040/506
f 1360/1042/508 1371/1053/519 1359/1041/507
f 1361/1044/510 1372/1054/520 1360/1042/508
f 1362/1055/521 1373/1056/522 1361/1044/510
f 1375/1057/523 1362/1055/521 1363/1045/511
f 1376/1058/524 1363/1045/511 1364/1046/512
f 1377/1059/525 1364/1046/512 1365/1047/513
f 1378/1060/526 1365/1047/513 1366/1048/514
f 1379/1061/527 1366/1048/514 1367/1049/515
f 1380/1062/528 1367/1049/515 1368/1050/516
f 1370/1052/518 1381/1063/529 1369/1051/517
f 1371/1053/519 1382/1064/530 1370/1052/518
f 1372/1054/520 1383/1065/531 1371/1053/519
f 1373/1056/522 1384/1066/532 1372/1054/520
f 1374/1067/533 1385/1068/534 1373/1056/522
f 1387/1069/535 1374/1067/533 1375/1057/523
f 1388/1070/536 1375/1057/523 1376/1058/524
f 1389/1071/537 1376/1058/524 1377/1059/525
f 1390/1072/538 1377/1059/525 1378/1060/526
f 1391/1073/539 1378/1060/526 1379/1061/527
f 1392/1074/540 1379/1061/527 1380/1062/528
f 1382/1064/530 1393/1075/541 1381/1063/529
f 1383/1065/531 1394/1076/542 1382/1064/530
f 1384/1066/532 1395/1077/543 1383/1065/531
f 1385/1068/534 1396/1078/544 1384/1066/532
f 1386/1079/545 1397/1080/546 1385/1068/534
f 1399/1081/547 1386/1079/545 1387/1069/535
f 1400/1082/548 1387/1069/535 1388/1070/536
f 1401/1083/549 1388/1070/536 1389/1071/537
f 1402/1084/550 1389/1071/537 1390/1072/538
f 1403/1085/551 1390/1072/538 1391/1073/539
f 1404/1086/552 1391/1073/539 1392/1074/540
f 1394/1076/542 1405/1087/553 1393/1075/541
f 1395/1077/543 1406/1088/554 1394/1076/542
f 1396/1078/544 1407/1089/555 1395/1077/543
f 1397/1080/546 1408/1090/556 1396/1078/544
f 1398/1091/557 1409/1092/558 1397/1080/546
f 1411/1093/559 1398/1091/557 1399/1081/547
f 1412/1094/560 1399/1081/547 1400/1082/548
f 1413/1095/561 1400/1082/548 1401/1083/549
f 1414/1096/562 1401/1083/549 1402/1084/550
f 1415/1097/563 1402/1084/550 1403/1085/551
f 1416/1098/564 1403/1085/551 1404/1086/552
f 1406/1088/554 1417/1099/565 1405/1087/553
f 1407/1089/555 1418/1100/566 1406/1088/554
f 1408/1090/556 1419/1101/567 1407/1089/555
f 1409/1092/558 1420/1102/568 1408/1090/556
f 1410/1103/569 1421/1104/570 1409/1092/558
f 1423/1105/571 1410/1103/569 1411/1093/559
f 1424/1106/572 1411/1093/559 1412/1094/560
f 1425/1107/573 1412/1094/560 1413/1095/561
f 1426/1108/574 1413/1095/561 1414/1096/562
f 1427/1109/575 1414/1096/562 1415/1097/563
f 1428/1110/576 1415/1097/563 1416/1098/564
f 1430/1111/577 1417/1099/565 1418/1100/566
f 1431/1112/578 1418/1100/566 1419/1101/567
f 1432/1113/579 1419/1101/567 1420/1102/568
f 1433/1114/580 1420/1102/568 1421/1104/570
f 1434/1115/581 1421/1104/570 1422/1116/582
f 1435/1117/583 1422/1116/582 1423/1105/571
f 1424/1106/572 1435/1117/583 1423/1105/571
f 1425/1107/573 1436/1118/584 1424/1106/572
f 1426/1108/574 1437/1119/585 1425/1107/573
f 1427/1109/575 1438/1120/586 1426/1108/574
f 1428/1110/576 1439/1121/587 1427/1109/575
f 1442/1122/588 1429/1123/589 1430/1111/577
f 1443/1124/590 1430/1111/577 1431/1112/578
f 1444/1125/591 1431/1112/578 1432/1113/579
f 1445/1126/592 1432/1113/579 1433/1114/580
f 1446/1127/593 1433/1114/580 1434/1115/581
f 1447/1128/594 1434/1115/581 1435/1117/583
f 1436/1118/584 1447/1128/594 1435/1117/583
f 1437/1119/585 1448/1129/595 1436/1118/584
f 1438/1120/586 1449/1130/596 1437/1119/585
f 1439/1121/587 1450/1131/597 1438/1120/586
f 1440/1132/598 1451/1133/599 1439/1121/587
f 1454/1134/600 1441/1135/601 1442/1122/588
f 1455/1136/602 1442/1122/588 1443/1124/590
f 1456/1137/603 1443/1124/590 1444/1125/591
f 1457/1138/604 1444/1125/591 1445/1126/592
f 1458/1139/605 1445/1126/592 1446/1127/593
f 1459/1140/606 1446/1127/593 1447/1128/594
f 1448/1129/595 1459/1140/606 1447/1128/594
f 1449/1130/596 1460/1141/607 1448/1129/595
f 1450/1131/597 1461/1142/608 1449/1130/596
f 1451/1133/599 1462/1143/609 1450/1131/597
f 1452/1144/610 1463/1145/611 1451/1133/599
f 1466/1146/612 1453/1147/613 1454/1134/600
f 1467/1148/614 1454/1134/600 1455/1136/602
f 1468/1149/615 1455/1136/602 1456/1137/603
f 1469/1150/616 1456/1137/603 1457/1138/604
f 1470/1151/617 1457/1138/604 1458/1139/605
f 1471/1152/618 1458/1139/605 1459/1140/606
f 1460/1141/607 1471/1152/618 1459/1140/606
f 1461/1142/608 1472/1153/619 1460/1141/607
f 1462/1143/609 1473/1154/620 1461/1142/608
f 1463/1145/611 1474/1155/621 1462/1143/609
f 1464/1156/622 1475/1157/623 1463/1145/611
f 1478/1158/624 1465/1159/625 1466/1146/612
f 1479/1160/626 1466/1146/612 1467/1148/614
f 1480/1161/627 1467/1148/614 1468/1149/615
f 1481/1162/628 1468/1149/615 1469/1150/616
f 1482/1163/629 1469/1150/616 1470/1151/617
f 1483/1164/630 1470/1151/617 1471/1152/618
f 1472/1153/619 1483/1164/630 1471/1152/618
f 1473/1154/620 1484/1165/631 1472/1153/619
f 1474/1155/621 1485/1166/632 1473/1154/620
f 1475/1157/623 1486/1167/633 1474/1155/621
f 1476/1168/634 1487/1169/635 1475/1157/623
f 1490/1170/636 1477/1171/637 1478/1158/624
f 1491/1172/638 1478/1158/624 1479/1160/626
f 1492/1173/639 1479/1160/626 1480/1161/627
f 1493/1174/640 1480/1161/627 1481/1162/628
f 1494/1175/641 1481/1162/628 1482/1163/629
f 1495/1176/642 1482/1163/629 1483/1164/630
f 1484/1165/631 1495/1176/642 1483/1164/630
f 1485/1166/632 1496/1177/643 1484/1165/631
f 1486/1167/633 1497/1178/644 1485/1166/632
f 1487/1169/635 1498/1179/645 1486/1167/633
f 1488/1180/646 1499/1181/647 1487/1169/635
f 1502/1182/648 1489/1183/649 1490/1170/636
f 1503/1184/650 1490/1170/636 1491/1172/638
f 1504/1185/651 1491/1172/638 1492/1173/639
f 1505/1186/652 1492/1173/639 1493/1174/640
f 1506/1187/653 1493/1174/640 1494/1175/641
f 1507/1188/654 1494/1175/641 1495/1176/642
f 1496/1177/643 1507/1188/654 1495/1176/642
f 1497/1178/644 1508/1189/655 1496/1177/643
f 1498/1179/645 1509/1190/656 1497/1178/644
f 1499/1181/647 1510/1191/657 1498/1179/645
f 1500/1192/658 1511/1193/659 1499/1181/647
f 1514/1194/660 1501/1195/661 1502/1182/648
f 1515/1196/662 1502/1182/648 1503/1184/650
f 1516/1197/663 1503/1184/650 1504/1185/651
f 1517/1198/664 1504/1185/651 1505/1186/652
f 1518/1199/665 1505/1186/652 1506/1187/653
f 1519/1200/666 1506/1187/653 1507/1188/654
f 1508/1189/655 1519/1200/666 1507/1188/654
f 1509/1190/656 1520/1201/667 1508/1189/655
f 1510/1191/657 1521/1202/668 1509/1190/656
f 1511/1193/659 1522/1203/669 1510/1191/657
f 1512/1204/670 1523/1205/671 1511/1193/659
f 1526/1206/672 1513/1207/673 1514/1194/660
f 1527/1208/674 1514/1194/660 1515/1196/662
f 1528/1209/675 1515/1196/662 1516/1197/663
f 1529/1210/676 1516/1197/663 1517/1198/664
f 1530/1211/677 1517/1198/664 1518/1199/665
f 1531/1212/678 1518/1199/665 1519/1200/666
f 1520/1201/667 1531/1212/678 1519/1200/666
f 1521/1202/668 1532/1213/679 1520/1201/667
f 1522/1203/669 1533/1214/680 1521/1202/668
f 1523/1205/671 1534/1215/681 1522/1203/669
f 1524/1216/682 1535/1217/683 1523/1205/671
f 1538/1218/684 1525/1219/685 1526/1206/672
f 1539/1220/686 1526/1206/672 1527/1208/674
f 1540/1221/687 1527/1208/674 1528/1209/675
f 1541/1222/688 1528/1209/675 1529/1210/676
f 1542/1223/689 1529/1210/676 1530/1211/677
f 1543/1224/690 1530/1211/677 1531/1212/678
f 1532/1213/679 1543/1224/690 1531/1212/678
f 1533/1214/680 1544/1225/691 1532/1213/679
f 1534/1215/681 1545/1226/692 1533/1214/680
f 1535/1217/683 1546/1227/693 1534/1215/681
f 1536/1228/694 1547/1229/695 1535/1217/683
f 1550/1230/696 1537/1231/697 1538/1218/684
f 1551/1232/698 1538/1218/684 1539/1220/686
f 1552/1233/699 1539/1220/686 1540/1221/687
f 1553/1234/700 1540/1221/687 1541/1222/688
f 1554/1235/701 1541/1222/688 1542/1223/689
f 1555/1236/702 1542/1223/689 1543/1224/690
f 1544/1225/691 1555/1236/702 1543/1224/690
f 1545/1226/692 1556/1237/703 1544/1225/691
f 1546/1227/693 1557/1238/704 1545/1226/692
f 1547/1229/695 1558/1239/705 1546/1227/693
f 1548/1240/706 1559/1241/707 1547/1229/695
f 1562/1242/708 1549/1243/709 1550/1230/696
f 1563/1244/710 1550/1230/696 1551/1232/698
f 1564/1245/711 1551/1232/698 1552/1233/699
f 1565/1246/712 1552/1233/699 1553/1234/700
f 1566/1247/713 1553/1234/700 1554/1235/701
f 1567/1248/714 1554/1235/701 1555/1236/702
f 1556/1237/703 1567/1248/714 1555/1236/702
f 1557/1238/704 1568/1249/715 1556/1237/703
f 1558/1239/705 1569/1250/716 1557/1238/704
f 1559/1241/707 1570/1251/717 1558/1239/705
f 1560/1252/718 1571/1253/719 1559/1241/707
f 1574/1254/720 1561/1255/721 1562/1242/708
f 1575/1256/722 1562/1242/708 1563/1244/710
f 1576/1257/723 1563/1244/710 1564/1245/711
f 1577/1258/724 1564/1245/711 1565/1246/712
f 1578/1259/725 1565/1246/712 1566/1247/713
f 1579/1260/726 1566/1247/713 1567/1248/714
f 1568/1249/715 1579/1260/726 1567/1248/714
f 1569/1250/716 1580/1261/727 1568/1249/715
f 1570/1251/717 1581/1262/728 1569/1250/716
f 1571/1253/719 1582/1263/729 1570/1251/717
f 1572/1264/730 1583/1265/731 1571/1253/719
f 1586/1266/732 1573/1267/733 1574/1254/720
f 1587/1268/734 1574/1254/720 1575/1256/722
f 1588/1269/735 1575/1256/722 1576/1257/723
f 1589/1270/736 1576/1257/723 1577/1258/724
f 1590/1271/737 1577/1258/724 1578/1259/725
f 1591/1272/738 1578/1259/725 1579/1260/726
f 1580/1261/727 1591/1272/738 1579/1260/726
f 1581/1262/728 1592/1273/739 1580/1261/727
f 1582/1263/729 1593/1274/740 1581/1262/728
f 1583/1265/731 1594/1275/741 1582/1263/729
f 1584/1276/742 1595/1277/743 1583/1265/731
f 1586/1266/732 1597/1278/744 1585/1279/745
f 1587/1268/734 1598/1280/746 1586/1266/732
f 1588/1269/735 1599/1281/747 1587/1268/734
f 1589/1270/736 1600/1282/748 1588/1269/735
f 1590/1271/737 1601/1283/749 1589/1270/736
f 1603/1284/750 1590/1271/737 1591/1272/738
f 1604/1285/751 1591/1272/738 1592/1273/739
f 1605/1286/752 1592/1273/739 1593/1274/740
f 1606/1287/753 1593/1274/740 1594/1275/741
f 1607/1288/754 1594/1275/741 1595/1277/743
f 1608/1289/755 1595/1277/743 1596/1290/756
f 1598/1280/746 1609/1291/757 1597/1278/744
f 1599/1281/747 1610/1292/758 1598/1280/746
f 1600/1282/748 1611/1293/759 1599/1281/747
f 1601/1283/749 1612/1294/760 1600/1282/748
f 1602/1295/761 1613/1296/762 1601/1283/749
f 1615/1297/763 1602/1295/761 1603/1284/750
f 1616/1298/764 1603/1284/750 1604/1285/751
f 1617/1299/765 1604/1285/751 1605/1286/752
f 1618/1300/766 1605/1286/752 1606/1287/753
f 1619/1301/767 1606/1287/753 1607/1288/754
f 1620/1302/768 1607/1288/754 1608/1289/755
f 1610/1292/758 1621/1303/769 1609/1291/757
f 1611/1293/759 1622/1304/770 1610/1292/758
f 1612/1294/760 1623/1305/771 1611/1293/759
f 1613/1296/762 1624/1306/772 1612/1294/760
f 1614/1307/773 1625/1308/774 1613/1296/762
f 1627/1309/775 1614/1307/773 1615/1297/763
f 1628/1310/776 1615/1297/763 1616/1298/764
f 1629/1311/777 1616/1298/764 1617/1299/765
f 1630/1312/778 1617/1299/765 1618/1300/766
f 1631/1313/779 1618/1300/766 1619/1301/767
f 1632/1314/780 1619/1301/767 1620/1302/768
f 1622/1304/770 1633/1315/781 1621/1303/769
f 1623/1305/771 1634/1316/782 1622/1304/770
f 1624/1306/772 1635/1317/783 1623/1305/771
f 1625/1308/774 1636/1318/784 1624/1306/772
f 1626/1319/785 1637/1320/786 1625/1308/774
f 1639/1321/787 1626/1319/785 1627/1309/775
f 1640/1322/788 1627/1309/775 1628/1310/776
f 1641/1323/789 1628/1310/776 1629/1311/777
f 1642/1324/790 1629/1311/777 1630/1312/778
f 1643/1325/791 1630/1312/778 1631/1313/779
f 1644/1326/792 1631/1313/779 1632/1314/780
f 1634/1316/782 1645/1327/793 1633/1315/781
f 1635/1317/783 1646/1328/794 1634/1316/782
f 1636/1318/784 1647/1329/795 1635/1317/783
f 1637/1320/786 1648/1330/796 1636/1318/784
f 1638/1331/797 1649/1332/798 1637/1320/786
f 1651/1333/799 1638/1331/797 1639/1321/787
f 1652/1334/800 1639/1321/787 1640/1322/788
f 1653/1335/801 1640/1322/788 1641/1323/789
f 1654/1336/802 1641/1323/789 1642/1324/790
f 1655/1337/803 1642/1324/790 1643/1325/791
f 1656/1338/804 1643/1325/791 1644/1326/792
f 1646/1328/794 1657/1339/805 1645/1327/793
f 1647/1329/795 1658/1340/806 1646/1328/794
f 1648/1330/796 1659/1341/807 1647/1329/795
f 1649/1332/798 1660/1342/808 1648/1330/796
f 1650/1343/809 1661/1344/810 1649/1332/798
f 1663/1345/811 1650/1343/809 1651/1333/799
f 1664/1346/812 1651/1333/799 1652/1334/800
f 1665/1347/813 1652/1334/800 1653/1335/801
f 1666/1348/814 1653/1335/801 1654/1336/802
f 1667/1349/815 1654/1336/802 1655/1337/803
f 1668/1350/816 1655/1337/803 1656/1338/804
f 1658/1340/806 1669/1351/817 1657/1339/805
f 1659/1341/807 1670/1352/818 1658/1340/806
f 1660/1342/808 1671/1353/819 1659/1341/807
f 1661/1344/810 1672/1354/820 1660/1342/808
f 1662/1355/821 1673/1356/822 1661/1344/810
f 1675/1357/823 1662/1355/821 1663/1345/811
f 1676/1358/824 1663/1345/811 1664/1346/812
f 1677/1359/825 1664/1346/812 1665/1347/813
f 1678/1360/826 1665/1347/813 1666/1348/814
f 1679/1361/827 1666/1348/814 1667/1349/815
f 1680/1362/828 1667/1349/815 1668/1350/816
f 1670/1352/818 1681/1363/829 1669/1351/817
f 1671/1353/819 1682/1364/830 1670/1352/818
f 1672/1354/820 1683/1365/831 1671/1353/819
f 1673/1356/822 1684/1366/832 1672/1354/820
f 1674/1367/833 1685/1368/834 1673/1356/822
f 1687/1369/835 1674/1367/833 1675/1357/823
f 1688/1370/836 1675/1357/823 1676/1358/824
f 1689/1371/837 1676/1358/824 1677/1359/825
f 1690/1372/838 1677/1359/825 1678/1360/826
f 1691/1373/839 1678/1360/826 1679/1361/827
f 1692/1374/840 1679/1361/827 1680/1362/828
f 1682/1364/830 1693/1375/841 1681/1363/829
f 1683/1365/831 1694/1376/842 1682/1364/830
f 1684/1366/832 1695/1377/843 1683/1365/831
f 1685/1368/834 1696/1378/844 1684/1366/832
f 1686/1379/845 1697/1380/846 1685/1368/834
f 1699/1381/847 1686/1379/845 1687/1369/835
f 1700/1382/848 1687/1369/835 1688/1370/836
f 1701/1383/849 1688/1370/836 1689/1371/837
f 1702/1384/850 1689/1371/837 1690/1372/838
f 1703/1385/851 1690/1372/838 1691/1373/839
f 1704/1386/852 1691/1373/839 1692/1374/840
f 1694/1376/842 1705/1387/853 1693/1375/841
f 1695/1377/843 1706/1388/854 1694/1376/842
f 1696/1378/844 1707/1389/855 1695/1377/843
f 1697/1380/846 1708/1390/856 1696/1378/844
f 1698/1391/857 1709/1392/858 1697/1380/846
f 1711/1393/859 1698/1391/857 1699/1381/847
f 1712/1394/860 1699/1381/847 1700/1382/848
f 1713/1395/861 1700/1382/848 1701/1383/849
f 1714/1396/862 1701/1383/849 1702/1384/850
f 1715/1397/863 1702/1384/850 1703/1385/851
f 1716/1398/864 1703/1385/851 1704/1386/852
f 1706/1388/854 1717/1399/865 1705/1387/853
f 1707/1389/855 1718/1400/866 1706/1388/854
f 1708/1390/856 1719/1401/867 1707/1389/855
f 1709/1392/858 1720/1402/868 1708/1390/856
f 1710/1403/869 1721/1404/870 1709/1392/858
f 1723/1405/871 1710/1403/869 1711/1393/859
f 1724/1406/872 1711/1393/859 1712/1394/860
f 1725/1407/873 1712/1394/860 1713/1395/861
f 1726/1408/874 1713/1395/861 1714/1396/862
f 1727/1409/875 1714/1396/862 1715/1397/863
f 1728/1410/876 1715/1397/863 1716/1398/864
f 1718/1400/866 1729/1411/877 1717/1399/865
f 1719/1401/867 1730/1412/878 1718/1400/866
f 1720/1402/868 1731/1413/879 1719/1401/867
f 1721/1404/870 1732/1414/880 1720/1402/868
f 1722/1415/881 1733/1416/882 1721/1404/870
f 1735/1417/883 1722/1415/881 1723/1405/871
f 1736/1418/884 1723/1405/871 1724/1406/872
f 1737/1419/885 1724/1406/872 1725/1407/873
f 1738/1420/886 1725/1407/873 1726/1408/874
f 1739/1421/887 1726/1408/874 1727/1409/875
f 1740/1422/888 1727/1409/875 1728/1410/876
f 1742/1423/889 1729/1411/877 1730/1412/878
f 1743/1424/890 1730/1412/878 1731/1413/879
f 1744/1425/891 1731/1413/879 1732/1414/880
f 1745/1426/892 1732/1414/880 1733/1416/882
f 1746/1427/893 1733/1416/882 1734/1428/894
f 1747/1429/895 1734/1428/894 1735/1417/883
f 1736/1418/884 1747/1429/895 1735/1417/883
f 1737/1419/885 1748/1430/896 1736/1418/884
f 1738/1420/886 1749/1431/897 1737/1419/885
f 1739/1421/887 1750/1432/898 1738/1420/886
f 1740/1422/888 1751/1433/899 1739/1421/887
f 1742/1423/889 1753/1434/900 1741/1435/901
f 1743/1424/890 1754/1436/902 1742/1423/889
f 1744/1425/891 1755/1437/903 1743/1424/890
f 1745/1426/892 1756/1438/904 1744/1425/891
f 1746/1427/893 1757/1439/905 1745/1426/892
f 1759/1440/906 1746/1427/893 1747/1429/895
f 1760/1441/907 1747/1429/895 1748/1430/896
f 1761/1442/908 1748/1430/896 1749/1431/897
f 1762/1443/909 1749/1431/897 1750/1432/898
f 1763/1444/910 1750/1432/898 1751/1433/899
f 1764/1445/911 1751/1433/899 1752/1446/912
f 1766/1447/913 1753/1434/900 1754/1436/902
f 1767/1448/914 1754/1436/902 1755/1437/903
f 1768/1449/915 1755/1437/903 1756/1438/904
f 1769/1450/916 1756/1438/904 1757/1439/905
f 1770/1451/917 1757/1439/905 1758/1452/918
f 1771/1453/919 1758/1452/918 1759/1440/906
f 1760/1441/907 1771/1453/919 1759/1440/906
f 1761/1442/908 1772/1454/920 1760/1441/907
f 1762/1443/909 1773/1455/921 1761/1442/908
f 1763/1444/910 1774/1456/922 1762/1443/909
f 1764/1445/911 1775/1457/923 1763/1444/910
f 1778/1458/924 1765/1459/925 1766/1447/913
f 1779/1460/926 1766/1447/913 1767/1448/914
f 1780/1461/927 1767/1448/914 1768/1449/915
f 1781/1462/928 1768/1449/915 1769/1450/916
f 1782/1463/929 1769/1450/916 1770/1451/917
f 1783/1464/930 1770/1451/917 1771/1453/919
f 1772/1454/920 1783/1464/930 1771/1453/919
f 1773/1455/921 1784/1465/931 1772/1454/920
f 1774/1456/922 1785/1466/932 1773/1455/921
f 1775/1457/923 1786/1467/933 1774/1456/922
f 1776/1468/934 1787/1469/935 1775/1457/923
f 1790/1470/936 1777/1471/937 1778/1458/924
f 1791/1472/938 1778/1458/924 1779/1460/926
f 1792/1473/939 1779/1460/926 1780/1461/927
f 1793/1474/940 1780/1461/927 1781/1462/928
f 1794/1475/941 1781/1462/928 1782/1463/929
f 1795/1476/942 1782/1463/929 1783/1464/930
f 1784/1465/931 1795/1476/942 1783/1464/930
f 1785/1466/932 1796/1477/943 1784/1465/931
f 1786/1467/933 1797/1478/944 1785/1466/932
f 1787/1469/935 1798/1479/945 1786/1467/933
f 1788/1480/946 1799/1481/947 1787/1469/935
f 1802/1482/948 1789/1483/949 1790/1470/936
f 1803/1484/950 1790/1470/936 1791/1472/938
f 1804/1485/951 1791/1472/938 1792/1473/939
f 1805/1486/952 1792/1473/939 1793/1474/940
f 1806/1487/953 1793/1474/940 1794/1475/941
f 1807/1488/954 1794/1475/941 1795/1476/942
f 1796/1477/943 1807/1488/954 1795/1476/942
f 1797/1478/944 1808/1489/955 1796/1477/943
f 1798/1479/945 1809/1490/956 1797/1478/944
f 1799/1481/947 1810/1491/957 1798/1479/945
f 1800/1492/958 1811/1493/959 1799/1481/947
f 1814/1494/960 1801/1495/961 1802/1482/948
f 1815/1496/962 1802/1482/948 1803/1484/950
f 1816/1497/963 1803/1484/950 1804/1485/951
f 1817/1498/964 1804/1485/951 1805/1486/952
f 1818/1499/965 1805/1486/952 1806/1487/953
f 1819/1500/966 1806/1487/953 1807/1488/954
f 1808/1489/955 1819/1500/966 1807/1488/954
f 1809/1490/956 1820/1501/967 1808/1489/955
f 1810/1491/957 1821/1502/968 1809/1490/956
f 1811/1493/959 1822/1503/969 1810/1491/957
f 1812/1504/970 1823/1505/971 1811/1493/959
f 1826/1506/972 1813/1507/973 1814/1494/960
f 1827/1508/974 1814/1494/960 1815/1496/962
f 1828/1509/975 1815/1496/962 1816/1497/963
f 1829/1510/976 1816/1497/963 1817/1498/964
f 1830/1511/977 1817/1498/964 1818/1499/965
f 1831/1512/978 1818/1499/965 1819/1500/966
f 1820/1501/967 1831/1512/978 1819/1500/966
f 1821/1502/968 1832/1513/979 1820/1501/967
f 1822/1503/969 1833/1514/980 1821/1502/968
f 1823/1505/971 1834/1515/981 1822/1503/969
f 1824/1516/982 1835/1517/983 1823/1505/971
f 1838/1518/984 1825/1519/985 1826/1506/972
f 1839/1520/986 1826/1506/972 1827/1508/974
f 1840/1521/987 1827/1508/974 1828/1509/975
f 1841/1522/988 1828/1509/975 1829/1510/976
f 1842/1523/989 1829/1510/976 1830/1511/977
f 1843/1524/990 1830/1511/977 1831/1512/978
f 1832/1513/979 1843/1524/990 1831/1512/978
f 1833/1514/980 1844/1525/991 1832/1513/979
f 1834/1515/981 1845/1526/992 1833/1514/980
f 1835/1517/983 1846/1527/993 1834/1515/981
f 1836/1528/994 1847/1529/995 1835/1517/983
f 1850/1530/996 1837/1531/997 1838/1518/984
f 1851/1532/998 1838/1518/984 1839/1520/986
f 1852/1533/999 1839/1520/986 1840/1521/987
f 1853/1534/1000 1840/1521/987 1841/1522/988
f 1854/1535/1001 1841/1522/988 1842/1523/989
f 1855/1536/1002 1842/1523/989 1843/1524/990
f 1844/1525/991 1855/1536/1002 1843/1524/990
f 1845/1526/992 1856/1537/1003 1844/1525/991
f 1846/1527/993 1857/1538/1004 1845/1526/992
f 1847/1529/995 1858/1539/1005 1846/1527/993
f 1848/1540/1006 1859/1541/1007 1847/1529/995
f 1862/1542/1008 1849/1543/1009 1850/1530/996
f 1863/1544/1010 1850/1530/996 1851/1532/998
f 1864/1545/1011 1851/1532/998 1852/1533/999
f 1865/1546/1012 1852/1533/999 1853/1534/1000
f 1866/1547/1013 1853/1534/1000 1854/1535/1001
f 1867/1548/1014 1854/1535/1001 1855/1536/1002
f 1856/1537/1003 1867/1548/1014 1855/1536/1002
f 1857/1538/1004 1868/1549/1015 1856/1537/1003
f 1858/1539/1005 1869/1550/1016 1857/1538/1004
f 1859/1541/1007 1870/1551/1017 1858/1539/1005
f 1860/1552/1018 1871/1553/1019 1859/1541/1007
f 1874/1554/1020 1861/1555/1021 1862/1542/1008
f 1875/1556/1022 1862/1542/1008 1863/1544/1010
f 1876/1557/1023 1863/1544/1010 1864/1545/1011
f 1877/1558/1024 1864/1545/1011 1865/1546/1012
f 1878/1559/1025 1865/1546/1012 1866/1547/1013
f 1879/1560/1026 1866/1547/1013 1867/1548/1014
f 1868/1549/1015 1879/1560/1026 1867/1548/1014
f 1869/1550/1016 1880/1561/1027 1868/1549/1015
f 1870/1551/1017 1881/1562/1028 1869/1550/1016
f 1871/1553/1019 1882/1563/1029 1870/1551/1017
f 1872/1564/1030 1883/1565/1031 1871/1553/1019
f 1886/1566/1032 1873/1567/1033 1874/1554/1020
f 1887/1568/1034 1874/1554/1020 1875/1556/1022
f 1888/1569/1035 1875/1556/1022 1876/1557/1023
f 1889/1570/1036 1876/1557/1023 1877/1558/1024
f 1890/1571/1037 1877/1558/1024 1878/1559/1025
f 1891/1572/1038 1878/1559/1025 1879/1560/1026
f 1880/1561/1027 1891/1572/1038 1879/1560/1026
f 1881/1562/1028 1892/1573/1039 1880/1561/1027
f 1882/1563/1029 1893/1574/1040 1881/1562/1028
f 1883/1565/1031 1894/1575/1041 1882/1563/1029
f 1884/1576/1042 1895/1577/1043 1883/1565/1031
f 1898/1578/1044 1885/1579/1045 1886/1566/1032
f 1899/1580/1046 1886/1566/1032 1887/1568/1034
f 1900/1581/1047 1887/1568/1034 1888/1569/1035
f 1901/1582/1048 1888/1569/1035 1889/1570/1036
f 1902/1583/1049 1889/1570/1036 1890/1571/1037
f 1903/1584/1050 1890/1571/1037 1891/1572/1038
f 1892/1573/1039 1903/1584/1050 1891/1572/1038
f 1893/1574/1040 1904/1585/1051 1892/1573/1039
f 1894/1575/1041 1905/1586/1052 1893/1574/1040
f 1895/1577/1043 1906/1587/1053 1894/1575/1041
f 1896/1588/1054 1907/1589/1055 1895/1577/1043
f 1910/1590/1056 1897/1591/1057 1898/1578/1044
f 1911/1592/1058 1898/1578/1044 1899/1580/1046
f 1912/1593/1059 1899/1580/1046 1900/1581/1047
f 1913/1594/1060 1900/1581/1047 1901/1582/1048
f 1914/1595/1061 1901/1582/1048 1902/1583/1049
f 1915/1596/1062 1902/1583/1049 1903/1584/1050
f 1904/1585/1051 1915/1596/1062 1903/1584/1050
f 1905/1586/1052 1916/1597/1063 1904/1585/1051
f 1906/1587/1053 1917/1598/1064 1905/1586/1052
f 1907/1589/1055 1918/1599/1065 1906/1587/1053
f 1908/1600/1066 1919/1601/1067 1907/1589/1055
f 1922/1602/1068 1909/1603/1069 1910/1590/1056
f 1923/1604/1070 1910/1590/1056 1911/1592/1058
f 1924/1605/1071 1911/1592/1058 1912/1593/1059
f 1925/1606/1072 1912/1593/1059 1913/1594/1060
f 1926/1607/1073 1913/1594/1060 1914/1595/1061
f 1927/1608/1074 1914/1595/1061 1915/1596/1062
f 1916/1597/1063 1927/1608/1074 1915/1596/1062
f 1917/1598/1064 1928/1609/1075 1916/1597/1063
f 1918/1599/1065 1929/1610/1076 1917/1598/1064
f 1919/1601/1067 1930/1611/1077 1918/1599/1065
f 1920/1612/1078 1931/1613/1079 1919/1601/1067
f 1934/1614/1080 1921/1615/1081 1922/1602/1068
f 1935/1616/1082 1922/1602/1068 1923/1604/1070
f 1936/1617/1083 1923/1604/1070 1924/1605/1071
f 1937/1618/1084 1924/1605/1071 1925/1606/1072
f 1938/1619/1085 1925/1606/1072 1926/1607/1073
f 1939/1620/1086 1926/1607/1073 1927/1608/1074
f 1928/1609/1075 1939/1620/1086 1927/1608/1074
f 1929/1610/1076 1940/1621/1087 1928/1609/1075
f 1930/1611/1077 1941/1622/1088 1929/1610/1076
f 1931/1613/1079 1942/1623/1089 1930/1611/1077
f 1932/1624/1090 1943/1625/1091 1931/1613/1079
f 1946/1626/1092 1933/1627/1093 1934/1614/1080
f 1947/1628/1094 1934/1614/1080 1935/1616/1082
f 1948/1629/1095 1935/1616/1082 1936/1617/1083
f 1949/1630/1096 1936/1617/1083 1937/1618/1084
f 1950/1631/1097 1937/1618/1084 1938/1619/1085
f 1951/1632/1098 1938/1619/1085 1939/1620/1086
f 1940/1621/1087 1951/1632/1098 1939/1620/1086
f 1941/1622/1088 1952/1633/1099 1940/1621/1087
f 1942/1623/1089 1953/1634/1100 1941/1622/1088
f 1943/1625/1091 1954/1635/1101 1942/1623/1089
f 1944/1636/1102 1955/1637/1103 1943/1625/1091
f 1958/1638/1104 1945/1639/1105 1946/1626/1092
f 1959/1640/1106 1946/1626/1092 1947/1628/1094
f 1960/1641/1107 1947/1628/1094 1948/1629/1095
f 1961/1642/1108 1948/1629/1095 1949/1630/1096
f 1950/1631/1097 1961/1642/1108 1949/1630/1096
f 1963/1643/1109 1950/1631/1097 1951/1632/1098
f 1952/1633/1099 1963/1643/1109 1951/1632/1098
f 1953/1634/1100 1964/1644/1110 1952/1633/1099
f 1954/1635/1101 1965/1645/1111 1953/1634/1100
f 1955/1637/1103 1966/1646/1112 1954/1635/1101
f 1956/1647/1113 1967/1648/1114 1955/1637/1103
f 1970/1649/1115 1957/1650/1116 1958/1638/1104
f 1971/1651/1117 1958/1638/1104 1959/1640/1106
f 1972/1652/1118 1959/1640/1106 1960/1641/1107
f 1961/1642/1108 1972/1652/1118 1960/1641/1107
f 1962/1653/1119 1973/1654/1120 1961/1642/1108
f 1975/1655/1121 1962/1653/1119 1963/1643/1109
f 1976/1656/1122 1963/1643/1109 1964/1644/1110
f 1965/1645/1111 1976/1656/1122 1964/1644/1110
f 1966/1646/1112 1977/1657/1123 1965/1645/1111
f 1967/1648/1114 1978/1658/1124 1966/1646/1112
f 1968/1659/1125 1979/1660/1126 1967/1648/1114
f 1982/1661/1127 1969/1662/1128 1970/1649/1115
f 1983/1663/1129 1970/1649/1115 1971/1651/1117
f 1972/1652/1118 1983/1663/1129 1971/1651/1117
f 1973/1654/1120 1984/1664/1130 1972/1652/1118
f 1974/1665/1131 1985/1666/1132 1973/1654/1120
f 1987/1667/1133 1974/1665/1131 1975/1655/1121
f 1988/1668/1134 1975/1655/1121 1976/1656/1122
f 1989/1669/1135 1976/1656/1122 1977/1657/1123
f 1978/1658/1124 1989/1669/1135 1977/1657/1123
f 1979/1660/1126 1990/1670/1136 1978/1658/1124
f 1980/1671/1137 1991/1672/1138 1979/1660/1126
f 1994/1673/1139 1981/1674/1140 1982/1661/1127
f 1995/1675/1141 1982/1661/1127 1983/1663/1129
f 1984/1664/1130 1995/1675/1141 1983/1663/1129
f 1985/1666/1132 1996/1676/1142 1984/1664/1130
f 1986/1677/1143 1997/1678/1144 1985/1666/1132
f 1999/1679/1145 1986/1677/1143 1987/1667/1133
f 2000/1680/1146 1987/1667/1133 1988/1668/1134
f 2001/1681/1147 1988/1668/1134 1989/1669/1135
f 1990/1670/1136 2001/1681/1147 1989/1669/1135
f 1991/1672/1138 2002/1682/1148 1990/1670/1136
f 1992/1683/1149 2003/1684/1150 1991/1672/1138
f 2006/1685/1151 1993/1686/1152 1994/1673/1139
f 2007/1687/1153 1994/1673/1139 1995/1675/1141
f 1996/1676/1142 2007/1687/1153 1995/1675/1141
f 1997/1678/1144 2008/1688/1154 1996/1676/1142
f 1998/1689/1155 2009/1690/1156 1997/1678/1144
f 2011/1691/1157 1998/1689/1155 1999/1679/1145
f 2012/1692/1158 1999/1679/1145 2000/1680/1146
f 2013/1693/1159 2000/1680/1146 2001/1681/1147
f 2002/1682/1148 2013/1693/1159 2001/1681/1147
f 2003/1684/1150 2014/1694/1160 2002/1682/1148
f 2004/1695/1161 2015/1696/1162 2003/1684/1150
f 2006/1685/1151 2017/1697/1163 2005/1698/1164
f 2007/1687/1153 2018/1699/1165 2006/1685/1151
f 2008/1688/1154 2019/1700/1166 2007/1687/1153
f 2021/1701/1167 2008/1688/1154 2009/1690/1156
f 2022/1702/1168 2009/1690/1156 2010/1703/1169
f 2023/1704/1170 2010/1703/1169 2011/1691/1157
f 2012/1692/1158 2023/1704/1170 2011/1691/1157
f 2013/1693/1159 2024/1705/1171 2012/1692/1158
f 2014/1694/1160 2025/1706/1172 2013/1693/1159
f 2027/1707/1173 2014/1694/1160 2015/1696/1162
f 2028/1708/1174 2015/1696/1162 2016/1709/1175
f 2018/1699/1165 2029/1710/1176 2017/1697/1163
f 2019/1700/1166 2030/1711/1177 2018/1699/1165
f 2020/1712/1178 2031/1713/1179 2019/1700/1166
f 2021/1701/1167 2032/1714/1180 2020/1712/1178
f 2022/1702/1168 2033/1715/1181 2021/1701/1167
f 2035/1716/1182 2022/1702/1168 2023/1704/1170
f 2036/1717/1183 2023/1704/1170 2024/1705/1171
f 2037/1718/1184 2024/1705/1171 2025/1706/1172
f 2038/1719/1185 2025/1706/1172 2026/1720/1186
f 2039/1721/1187 2026/1720/1186 2027/1707/1173
f 2040/1722/1188 2027/1707/1173 2028/1708/1174
f 2042/1723/1189 2029/1710/1176 2030/1711/1177
f 2043/1724/1190 2030/1711/1177 2031/1713/1179
f 2044/1725/1191 2031/1713/1179 2032/1714/1180
f 2045/1726/1192 2032/1714/1180 2033/1715/1181
f 2046/1727/1193 2033/1715/1181 2034/1728/1194
f 2047/1729/1195 2034/1728/1194 2035/1716/1182
f 2036/1717/1183 2047/1729/1195 2035/1716/1182
f 2037/1718/1184 2048/1730/1196 2036/1717/1183
f 2038/1719/1185 2049/1731/1197 2037/1718/1184
f 2039/1721/1187 2050/1732/1198 2038/1719/1185
f 2040/1722/1188 2051/1733/1199 2039/1721/1187
f 2042/1723/1189 2053/1734/1200 2041/1735/1201
f 2043/1724/1190 2054/1736/1202 2042/1723/1189
f 2044/1725/1191 2055/1737/1203 2043/1724/1190
f 2045/1726/1192 2056/1738/1204 2044/1725/1191
f 2046/1727/1193 2057/1739/1205 2045/1726/1192
f 2059/1740/1206 2046/1727/1193 2047/1729/1195
f 2060/1741/1207 2047/1729/1195 2048/1730/1196
f 2061/1742/1208 2048/1730/1196 2049/1731/1197
f 2062/1743/1209 2049/1731/1197 2050/1732/1198
f 2063/1744/1210 2050/1732/1198 2051/1733/1199
f 2064/1745/1211 2051/1733/1199 2052/1746/1212
f 2054/1736/1202 2065/1747/1213 2053/1734/1200
f 2055/1737/1203 2066/1748/1214 2054/1736/1202
f 2056/1738/1204 2067/1749/1215 2055/1737/1203
f 2057/1739/1205 2068/1750/1216 2056/1738/1204
f 2058/1751/1217 2069/1752/1218 2057/1739/1205
f 2071/1753/1219 2058/1751/1217 2059/1740/1206
f 2072/1754/1220 2059/1740/1206 2060/1741/1207
f 2073/1755/1221 2060/1741/1207 2061/1742/1208
f 2074/1756/1222 2061/1742/1208 2062/1743/1209
f 2075/1757/1223 2062/1743/1209 2063/1744/1210
f 2076/1758/1224 2063/1744/1210 2064/1745/1211
f 2066/1748/1214 2077/1759/1225 2065/1747/1213
f 2067/1749/1215 2078/1760/1226 2066/1748/1214
f 2068/1750/1216 2079/1761/1227 2067/1749/1215
f 2069/1752/1218 2080/1762/1228 2068/1750/1216
f 2070/1763/1229 2081/1764/1230 2069/1752/1218
f 2083/1765/1231 2070/1763/1229 2071/1753/1219
f 2084/1766/1232 2071/1753/1219 2072/1754/1220
f 2085/1767/1233 2072/1754/1220 2073/1755/1221
f 2086/1768/1234 2073/1755/1221 2074/1756/1222
f 2087/1769/1235 2074/1756/1222 2075/1757/1223
f 2088/1770/1236 2075/1757/1223 2076/1758/1224
f 2078/1760/1226 2089/1771/1237 2077/1759/1225
f 2079/1761/1227 2090/1772/1238 2078/1760/1226
f 2080/1762/1228 2091/1773/1239 2079/1761/1227
f 2081/1764/1230 2092/1774/1240 2080/1762/1228
f 2082/1775/1241 2093/1776/1242 2081/1764/1230
f 2095/1777/1243 2082/1775/1241 2083/1765/1231
f 2096/1778/1244 2083/1765/1231 2084/1766/1232
f 2097/1779/1245 2084/1766/1232 2085/1767/1233
f 2098/1780/1246 2085/1767/1233 2086/1768/1234
f 2099/1781/1247 2086/1768/1234 2087/1769/1235
f 2100/1782/1248 2087/1769/1235 2088/1770/1236
f 2090/1772/1238 2101/1783/1249 2089/1771/1237
f 2091/1773/1239 2102/1784/1250 2090/1772/1238
f 2092/1774/1240 2103/1785/1251 2091/1773/1239
f 2093/1776/1242 2104/1786/1252 2092/1774/1240
f 2094/1787/1253 2105/1788/1254 2093/1776/1242
f 2107/1789/1255 2094/1787/1253 2095/1777/1243
f 2108/1790/1256 2095/1777/1243 2096/1778/1244
f 2109/1791/1257 2096/1778/1244 2097/1779/1245
f 2110/1792/1258 2097/1779/1245 2098/1780/1246
f 2111/1793/1259 2098/1780/1246 2099/1781/1247
f 2112/1794/1260 2099/1781/1247 2100/1782/1248
f 2102/1784/1250 2113/1795/1261 2101/1783/1249
f 2103/1785/1251 2114/1796/1262 2102/1784/1250
f 2104/1786/1252 2115/1797/1263 2103/1785/1251
f 2105/1788/1254 2116/1798/1264 2104/1786/1252
f 2106/1799/1265 2117/1800/1266 2105/1788/1254
f 2119/1801/1267 2106/1799/1265 2107/1789/1255
f 2120/1802/1268 2107/1789/1255 2108/1790/1256
f 2121/1803/1269 2108/1790/1256 2109/1791/1257
f 2122/1804/1270 2109/1791/1257 2110/1792/1258
f 2123/1805/1271 2110/1792/1258 2111/1793/1259
f 2124/1806/1272 2111/1793/1259 2112/1794/1260
f 2114/1796/1262 2125/1807/1273 2113/1795/1261
f 2115/1797/1263 2126/1808/1274 2114/1796/1262
f 2116/1798/1264 2127/1809/1275 2115/1797/1263
f 2117/1800/1266 2128/1810/1276 2116/1798/1264
f 2118/1811/1277 2129/1812/1278 2117/1800/1266
f 2131/1813/1279 2118/1811/1277 2119/1801/1267
f 2132/1814/1280 2119/1801/1267 2120/1802/1268
f 2133/1815/1281 2120/1802/1268 2121/1803/1269
f 2134/1816/1282 2121/1803/1269 2122/1804/1270
f 2135/1817/1283 2122/1804/1270 2123/1805/1271
f 2136/1818/1284 2123/1805/1271 2124/1806/1272
f 2126/1808/1274 2137/1819/1285 2125/1807/1273
f 2127/1809/1275 2138/1820/1286 2126/1808/1274
f 2128/1810/1276 2139/1821/1287 2127/1809/1275
f 2129/1812/1278 2140/1822/1288 2128/1810/1276
f 2130/1823/1289 2141/1824/1290 2129/1812/1278
f 2143/1825/1291 2130/1823/1289 2131/1813/1279
f 2144/1826/1292 2131/1813/1279 2132/1814/1280
f 2145/1827/1293 2132/1814/1280 2133/1815/1281
f 2146/1828/1294 2133/1815/1281 2134/1816/1282
f 2147/1829/1295 2134/1816/1282 2135/1817/1283
f 2148/1830/1296 2135/1817/1283 2136/1818/1284
f 2138/1820/1286 2149/1831/1297 2137/1819/1285
f 2139/1821/1287 2150/1832/1298 2138/1820/1286
f 2140/1822/1288 2151/1833/1299 2139/1821/1287
f 2141/1824/1290 2152/1834/1300 2140/1822/1288
f 2142/1835/1301 2153/1836/1302 2141/1824/1290
f 2155/1837/1303 2142/1835/1301 2143/1825/1291
f 2156/1838/1304 2143/1825/1291 2144/1826/1292
f 2157/1839/1305 2144/1826/1292 2145/1827/1293
f 2158/1840/1306 2145/1827/1293 2146/1828/1294
f 2159/1841/1307 2146/1828/1294 2147/1829/1295
f 2160/1842/1308 2147/1829/1295 2148/1830/1296
f 2150/1832/1298 2161/1843/1309 2149/1831/1297
f 2151/1833/1299 2162/1844/1310 2150/1832/1298
f 2152/1834/1300 2163/1845/1311 2151/1833/1299
f 2153/1836/1302 2164/1846/1312 2152/1834/1300
f 2154/1847/1313 2165/1848/1314 2153/1836/1302
f 2167/1849/1315 2154/1847/1313 2155/1837/1303
f 2168/1850/1316 2155/1837/1303 2156/1838/1304
f 2169/1851/1317 2156/1838/1304 2157/1839/1305
f 2170/1852/1318 2157/1839/1305 2158/1840/1306
f 2171/1853/1319 2158/1840/1306 2159/1841/1307
f 2172/1854/1320 2159/1841/1307 2160/1842/1308
f 2162/1844/1310 2173/1855/1321 2161/1843/1309
f 2163/1845/1311 2174/1856/1322 2162/1844/1310
f 2164/1846/1312 2175/1857/1323 2163/1845/1311
f 2165/1848/1314 2176/1858/1324 2164/1846/1312
f 2166/1859/1325 2177/1860/1326 2165/1848/1314
f 2179/1861/1327 2166/1859/1325 2167/1849/1315
f 2180/1862/1328 2167/1849/1315 2168/1850/1316
f 2181/1863/1329 2168/1850/1316 2169/1851/1317
f 2182/1864/1330 2169/1851/1317 2170/1852/1318
f 2183/1865/1331 2170/1852/1318 2171/1853/1319
f 2184/1866/1332 2171/1853/1319 2172/1854/1320
f 2186/1867/1333 2173/1855/1321 2174/1856/1322
f 2187/1868/1334 2174/1856/1322 2175/1857/1323
f 2188/1869/1335 2175/1857/1323 2176/1858/1324
f 2189/1870/1336 2176/1858/1324 2177/1860/1326
f 2190/1871/1337 2177/1860/1326 2178/1872/1338
f 2191/1873/1339 2178/1872/1338 2179/1861/1327
f 2180/1862/1328 2191/1873/1339 2179/1861/1327
f 2181/1863/1329 2192/1874/1340 2180/1862/1328
f 2182/1864/1330 2193/1875/1341 2181/1863/1329
f 2183/1865/1331 2194/1876/1342 2182/1864/1330
f 2184/1866/1332 2195/1877/1343 2183/1865/1331
f 2186/1867/1333 2197/1878/1344 2185/1879/1345
f 2187/1868/1334 2198/1880/1346 2186/1867/1333
f 2188/1869/1335 2199/1881/1347 2187/1868/1334
f 2201/1882/1348 2188/1869/1335 2189/1870/1336
f 2202/1883/1349 2189/1870/1336 2190/1871/1337
f 2203/1884/1350 2190/1871/1337 2191/1873/1339
f 2192/1874/1340 2203/1884/1350 2191/1873/1339
f 2193/1875/1341 2204/1885/1351 2192/1874/1340
f 2194/1876/1342 2205/1886/1352 2193/1875/1341
f 2207/1887/1353 2194/1876/1342 2195/1877/1343
f 2208/1888/1354 2195/1877/1343 2196/1889/1355
f 2198/1880/1346 2209/1890/1356 2197/1878/1344
f 2199/1881/1347 2210/1891/1357 2198/1880/1346
f 2200/1892/1358 2211/1893/1359 2199/1881/1347
f 2201/1882/1348 2212/1894/1360 2200/1892/1358
f 2202/1883/1349 2213/1895/1361 2201/1882/1348
f 2215/1896/1362 2202/1883/1349 2203/1884/1350
f 2216/1897/1363 2203/1884/1350 2204/1885/1351
f 2217/1898/1364 2204/1885/1351 2205/1886/1352
f 2218/1899/1365 2205/1886/1352 2206/1900/1366
f 2219/1901/1367 2206/1900/1366 2207/1887/1353
f 2220/1902/1368 2207/1887/1353 2208/1888/1354
f 2210/1891/1357 2221/1903/1369 2209/1890/1356
f 2211/1893/1359 2222/1904/1370 2210/1891/1357
f 2212/1894/1360 2223/1905/1371 2211/1893/1359
f 2213/1895/1361 2224/1906/1372 2212/1894/1360
f 2214/1907/1373 2225/1908/1374 2213/1895/1361
f 2227/1909/1375 2214/1907/1373 2215/1896/1362
f 2228/1910/1376 2215/1896/1362 2216/1897/1363
f 2229/1911/1377 2216/1897/1363 2217/1898/1364
f 2230/1912/1378 2217/1898/1364 2218/1899/1365
f 2231/1913/1379 2218/1899/1365 2219/1901/1367
f 2232/1914/1380 2219/1901/1367 2220/1902/1368
f 2222/1904/1370 2233/1915/1381 2221/1903/1369
f 2223/1905/1371 2234/1916/1382 2222/1904/1370
f 2224/1906/1372 2235/1917/1383 2223/1905/1371
f 2225/1908/1374 2236/1918/1384 2224/1906/1372
f 2226/1919/1385 2237/1920/1386 2225/1908/1374
f 2239/1921/1387 2226/1919/1385 2227/1909/1375
f 2240/1922/1388 2227/1909/1375 2228/1910/1376
f 2241/1923/1389 2228/1910/1376 2229/1911/1377
f 2242/1924/1390 2229/1911/1377 2230/1912/1378
f 2243/1925/1391 2230/1912/1378 2231/1913/1379
f 2244/1926/1392 2231/1913/1379 2232/1914/1380
f 2234/1916/1382 2245/1927/1393 2233/1915/1381
f 2235/1917/1383 2246/1928/1394 2234/1916/1382
f 2236/1918/1384 2247/1929/1395 2235/1917/1383
f 2237/1920/1386 2248/1930/1396 2236/1918/1384
f 2238/1931/1397 2249/1932/1398 2237/1920/1386
f 2251/1933/1399 2238/1931/1397 2239/1921/1387
f 2252/1934/1400 2239/1921/1387 2240/1922/1388
f 2253/1935/1401 2240/1922/1388 2241/1923/1389
f 2254/1936/1402 2241/1923/1389 2242/1924/1390
f 2255/1937/1403 2242/1924/1390 2243/1925/1391
f 2256/1938/1404 2243/1925/1391 2244/1926/1392
f 2246/1928/1394 2257/1939/1405 2245/1927/1393
f 2247/1929/1395 2258/1940/1406 2246/1928/1394
f 2248/1930/1396 2259/1941/1407 2247/1929/1395
f 2249/1932/1398 2260/1942/1408 2248/1930/1396
f 2250/1943/1409 2261/1944/1410 2249/1932/1398
f 2263/1945/1411 2250/1943/1409 2251/1933/1399
f 2264/1946/1412 2251/1933/1399 2252/1934/1400
f 2265/1947/1413 2252/1934/1400 2253/1935/1401
f 2266/1948/1414 2253/1935/1401 2254/1936/1402
f 2267/1949/1415 2254/1936/1402 2255/1937/1403
f 2268/1950/1416 2255/1937/1403 2256/1938/1404
f 2258/1940/1406 2269/1951/1417 2257/1939/1405
f 2259/1941/1407 2270/1952/1418 2258/1940/1406
f 2260/1942/1408 2271/1953/1419 2259/1941/1407
f 2261/1944/1410 2272/1954/1420 2260/1942/1408
f 2262/1955/1421 2273/1956/1422 2261/1944/1410
f 2275/1957/1423 2262/1955/1421 2263/1945/1411
f 2276/1958/1424 2263/1945/1411 2264/1946/1412
f 2277/1959/1425 2264/1946/1412 2265/1947/1413
f 2278/1960/1426 2265/1947/1413 2266/1948/1414
f 2279/1961/1427 2266/1948/1414 2267/1949/1415
f 2280/1962/1428 2267/1949/1415 2268/1950/1416
f 2270/1952/1418 2281/1963/1429 2269/1951/1417
f 2271/1953/1419 2282/1964/1430 2270/1952/1418
f 2272/1954/1420 2283/1965/1431 2271/1953/1419
f 2273/1956/1422 2284/1966/1432 2272/1954/1420
f 2274/1967/1433 2285/1968/1434 2273/1956/1422
f 2287/1969/1435 2274/1967/1433 2275/1957/1423
f 2288/1970/1436 2275/1957/1423 2276/1958/1424
f 2289/1971/1437 2276/1958/1424 2277/1959/1425
f 2290/1972/1438 2277/1959/1425 2278/1960/1426
f 2291/1973/1439 2278/1960/1426 2279/1961/1427
f 2292/1974/1440 2279/1961/1427 2280/1962/1428
f 2282/1964/1430 2293/1975/1441 2281/1963/1429
f 2283/1965/1431 2294/1976/1442 2282/1964/1430
f 2284/1966/1432 2295/1977/1443 2283/1965/1431
f 2285/1968/1434 2296/1978/1444 2284/1966/1432
f 2286/1979/1445 2297/1980/1446 2285/1968/1434
f 2299/1981/1447 2286/1979/1445 2287/1969/1435
f 2300/1982/1448 2287/1969/1435 2288/1970/1436
f 2301/1983/1449 2288/1970/1436 2289/1971/1437
f 2302/1984/1450 2289/1971/1437 2290/1972/1438
f 2303/1985/1451 2290/1972/1438 2291/1973/1439
f 2304/1986/1452 2291/1973/1439 2292/1974/1440
f 2294/1976/1442 2305/1987/1453 2293/1975/1441
f 2295/1977/1443 2306/1988/1454 2294/1976/1442
f 2296/1978/1444 2307/1989/1455 2295/1977/1443
f 2297/1980/1446 2308/1990/1456 2296/1978/1444
f 2298/1991/1457 2309/1992/1458 2297/1980/1446
f 2311/1993/1459 2298/1991/1457 2299/1981/1447
f 2312/1994/1460 2299/1981/1447 2300/1982/1448
f 2313/1995/1461 2300/1982/1448 2301/1983/1449
f 2314/1996/1462 2301/1983/1449 2302/1984/1450
f 2315/1997/1463 2302/1984/1450 2303/1985/1451
f 2316/1998/1464 2303/1985/1451 2304/1986/1452
f 2306/1988/1454 2317/1999/1465 2305/1987/1453
f 2307/1989/1455 2318/2000/1466 2306/1988/1454
f 2308/1990/1456 2319/2001/1467 2307/1989/1455
f 2309/1992/1458 2320/2002/1468 2308/1990/1456
f 2310/2003/1469 2321/2004/1470 2309/1992/1458
f 2323/2005/1471 2310/2003/1469 2311/1993/1459
f 2324/2006/1472 2311/1993/1459 2312/1994/1460
f 2325/2007/1473 2312/1994/1460 2313/1995/1461
f 2326/2008/1474 2313/1995/1461 2314/1996/1462
f 2327/2009/1475 2314/1996/1462 2315/1997/1463
f 2328/2010/1476 2315/1997/1463 2316/1998/1464
f 2318/2000/1466 2329/2011/1477 2317/1999/1465
f 2319/2001/1467 2330/2012/1478 2318/2000/1466
f 2320/2002/1468 2331/2013/1479 2319/2001/1467
f 2321/2004/1470 2332/2014/1480 2320/2002/1468
f 2322/2015/1481 2333/2016/1482 2321/2004/1470
f 2335/2017/1483 2322/2015/1481 2323/2005/1471
f 2336/2018/1484 2323/2005/1471 2324/2006/1472
f 2337/2019/1485 2324/2006/1472 2325/2007/1473
f 2338/2020/1486 2325/2007/1473 2326/2008/1474
f 2339/2021/1487 2326/2008/1474 2327/2009/1475
f 2328/2010/1476 2339/2021/1487 2327/2009/1475
f 2330/2012/1478 2341/2022/1488 2329/2011/1477
f 2331/2013/1479 2342/2023/1489 2330/2012/1478
f 2332/2014/1480 2343/2024/1490 2331/2013/1479
f 2333/2016/1482 2344/2025/1491 2332/2014/1480
f 2334/2026/1492 2345/2027/1493 2333/2016/1482
f 2347/2028/1494 2334/2026/1492 2335/2017/1483
f 2348/2029/1495 2335/2017/1483 2336/2018/1484
f 2349/2030/1496 2336/2018/1484 2337/2019/1485
f 2350/2031/1497 2337/2019/1485 2338/2020/1486
f 2351/2032/1498 2338/2020/1486 2339/2021/1487
f 2352/2033/1499 2339/2021/1487 2340/2034/1500
f 2354/2035/1501 2341/2022/1488 2342/2023/1489
f 2355/2036/1502 2342/2023/1489 2343/2024/1490
f 2356/2037/1503 2343/2024/1490 2344/2025/1491
f 2357/2038/1504 2344/2025/1491 2345/2027/1493
f 2358/2039/1505 2345/2027/1493 2346/2040/1506
f 2359/2041/1507 2346/2040/1506 2347/2028/1494
f 2348/2029/1495 2359/2041/1507 2347/2028/1494
f 2349/2030/1496 2360/2042/1508 2348/2029/1495
f 2350/2031/1497 2361/2043/1509 2349/2030/1496
f 2351/2032/1498 2362/2044/1510 2350/2031/1497
f 2352/2033/1499 2363/2045/1511 2351/2032/1498
f 2354/2035/1501 2365/2046/1512 2353/2047/1513
f 2355/2036/1502 2366/2048/1514 2354/2035/1501
f 2356/2037/1503 2367/2049/1515 2355/2036/1502
f 2357/2038/1504 2368/2050/1516 2356/2037/1503
f 2358/2039/1505 2369/2051/1517 2357/2038/1504
f 2371/2052/1518 2358/2039/1505 2359/2041/1507
f 2372/2053/1519 2359/2041/1507 2360/2042/1508
f 2373/2054/1520 2360/2042/1508 2361/2043/1509
f 2374/2055/1521 2361/2043/1509 2362/2044/1510
f 2375/2056/1522 2362/2044/1510 2363/2045/1511
f 2376/2057/1523 2363/2045/1511 2364/2058/1524
f 2366/2048/1514 2377/2059/1525 2365/2046/1512
f 2367/2049/1515 2378/2060/1526 2366/2048/1514
f 2368/2050/1516 2379/2061/1527 2367/2049/1515
f 2369/2051/1517 2380/2062/1528 2368/2050/1516
f 2370/2063/1529 2381/2064/1530 2369/2051/1517
f 2383/2065/1531 2370/2063/1529 2371/2052/1518
f 2384/2066/1532 2371/2052/1518 2372/2053/1519
f 2385/2067/1533 2372/2053/1519 2373/2054/1520
f 2386/2068/1534 2373/2054/1520 2374/2055/1521
f 2387/2069/1535 2374/2055/1521 2375/2056/1522
f 2388/2070/1536 2375/2056/1522 2376/2057/1523
f 2378/2060/1526 2389/2071/1537 2377/2059/1525
f 2379/2061/1527 2390/2072/1538 2378/2060/1526
f 2380/2062/1528 2391/2073/1539 2379/2061/1527
f 2381/2064/1530 2392/2074/1540 2380/2062/1528
f 2382/2075/1541 2393/2076/1542 2381/2064/1530
f 2395/2077/1543 2382/2075/1541 2383/2065/1531
f 2396/2078/1544 2383/2065/1531 2384/2066/1532
f 2397/2079/1545 2384/2066/1532 2385/2067/1533
f 2398/2080/1546 2385/2067/1533 2386/2068/1534
f 2399/2081/1547 2386/2068/1534 2387/2069/1535
f 2400/2082/1548 2387/2069/1535 2388/2070/1536
f 2390/2072/1538 2401/2083/1549 2389/2071/1537
f 2391/2073/1539 2402/2084/1550 2390/2072/1538
f 2392/2074/1540 2403/2085/1551 2391/2073/1539
f 2393/2076/1542 2404/2086/1552 2392/2074/1540
f 2394/2087/1553 2405/2088/1554 2393/2076/1542
f 2407/2089/1555 2394/2087/1553 2395/2077/1543
f 2408/2090/1556 2395/2077/1543 2396/2078/1544
f 2409/2091/1557 2396/2078/1544 2397/2079/1545
f 2410/2092/1558 2397/2079/1545 2398/2080/1546
f 2411/2093/1559 2398/2080/1546 2399/2081/1547
f 2412/2094/1560 2399/2081/1547 2400/2082/1548
f 2402/2084/1550 2413/2095/1561 2401/2083/1549
f 2403/2085/1551 2414/2096/1562 2402/2084/1550
f 2404/2086/1552 2415/2097/1563 2403/2085/1551
f 2405/2088/1554 2416/2098/1564 2404/2086/1552
f 2406/2099/1565 2417/2100/1566 2405/2088/1554
f 2419/2101/1567 2406/2099/1565 2407/2089/1555
f 2420/2102/1568 2407/2089/1555 2408/2090/1556
f 2421/2103/1569 2408/2090/1556 2409/2091/1557
f 2422/2104/1570 2409/2091/1557 2410/2092/1558
f 2423/2105/1571 2410/2092/1558 2411/2093/1559
f 2424/2106/1572 2411/2093/1559 2412/2094/1560
f 2414/2096/1562 2425/2107/1573 2413/2095/1561
f 2415/2097/1563 2426/2108/1574 2414/2096/1562
f 2416/2098/1564 2427/2109/1575 2415/2097/1563
f 2417/2100/1566 2428/2110/1576 2416/2098/1564
f 2418/2111/1577 2429/2112/1578 2417/2100/1566
f 2431/2113/1579 2418/2111/1577 2419/2101/1567
f 2432/2114/1580 2419/2101/1567 2420/2102/1568
f 2433/2115/1581 2420/2102/1568 2421/2103/1569
f 2434/2116/1582 2421/2103/1569 2422/2104/1570
f 2435/2117/1583 2422/2104/1570 2423/2105/1571
f 2436/2118/1584 2423/2105/1571 2424/2106/1572
f 2426/2108/1574 2437/2119/1585 2425/2107/1573
f 2427/2109/1575 2438/2120/1586 2426/2108/1574
f 2428/2110/1576 2439/2121/1587 2427/2109/1575
f 2429/2112/1578 2440/2122/1588 2428/2110/1576
f 2430/2123/1589 2441/2124/1590 2429/2112/1578
f 2443/2125/1591 2430/2123/1589 2431/2113/1579
f 2444/2126/1592 2431/2113/1579 2432/2114/1580
f 2445/2127/1593 2432/2114/1580 2433/2115/1581
f 2446/2128/1594 2433/2115/1581 2434/2116/1582
f 2447/2129/1595 2434/2116/1582 2435/2117/1583
f 2448/2130/1596 2435/2117/1583 2436/2118/1584
f 2438/2120/1586 2449/2131/1597 2437/2119/1585
f 2439/2121/1587 2450/2132/1598 2438/2120/1586
f 2440/2122/1588 2451/2133/1599 2439/2121/1587
f 2441/2124/1590 2452/2134/1600 2440/2122/1588
f 2442/2135/1601 2453/2136/1602 2441/2124/1590
f 2455/2137/1603 2442/2135/1601 2443/2125/1591
f 2456/2138/1604 2443/2125/1591 2444/2126/1592
f 2457/2139/1605 2444/2126/1592 2445/2127/1593
f 2458/2140/1606 2445/2127/1593 2446/2128/1594
f 2459/2141/1607 2446/2128/1594 2447/2129/1595
f 2460/2142/1608 2447/2129/1595 2448/2130/1596
f 2450/2132/1598 2461/2143/1609 2449/2131/1597
f 2451/2133/1599 2462/2144/1610 2450/2132/1598
f 2452/2134/1600 2463/2145/1611 2451/2133/1599
f 2453/2136/1602 2464/2146/1612 2452/2134/1600
f 2454/2147/1613 2465/2148/1614 2453/2136/1602
f 2467/2149/1615 2454/2147/1613 2455/2137/1603
f 2468/2150/1616 2455/2137/1603 2456/2138/1604
f 2469/2151/1617 2456/2138/1604 2457/2139/1605
f 2470/2152/1618 2457/2139/1605 2458/2140/1606
f 2471/2153/1619 2458/2140/1606 2459/2141/1607
f 2472/2154/1620 2459/2141/1607 2460/2142/1608
f 2462/2144/1610 2473/2155/1621 2461/2143/1609
f 2463/2145/1611 2474/2156/1622 2462/2144/1610
f 2464/2146/1612 2475/2157/1623 2463/2145/1611
f 2465/2148/1614 2476/2158/1624 2464/2146/1612
f 2466/2159/1625 2477/2160/1626 2465/2148/1614
f 2479/2161/1627 2466/2159/1625 2467/2149/1615
f 2480/2162/1628 2467/2149/1615 2468/2150/1616
f 2481/2163/1629 2468/2150/1616 2469/2151/1617
f 2482/2164/1630 2469/2151/1617 2470/2152/1618
f 2483/2165/1631 2470/2152/1618 2471/2153/1619
f 2484/2166/1632 2471/2153/1619 2472/2154/1620
f 2486/2167/1633 2473/2155/1621 2474/2156/1622
f 2487/2168/1634 2474/2156/1622 2475/2157/1623
f 2488/2169/1635 2475/2157/1623 2476/2158/1624
f 2477/2160/1626 2488/2169/1635 2476/2158/1624
f 2478/2170/1636 2489/2171/1637 2477/2160/1626
f 2491/2172/1638 2478/2170/1636 2479/2161/1627
f 2492/2173/1639 2479/2161/1627 2480/2162/1628
f 2481/2163/1629 2492/2173/1639 2480/2162/1628
f 2482/2164/1630 2493/2174/1640 2481/2163/1629
f 2483/2165/1631 2494/2175/1641 2482/2164/1630
f 2484/2166/1632 2495/2176/1642 2483/2165/1631
f 2498/2177/95 2485/2178/1643 2486/2167/1633
f 2499/2179/97 2486/2167/1633 2487/2168/1634
f 2500/2180/98 2487/2168/1634 2488/2169/1635
f 2501/2181/100 2488/2169/1635 2489/2171/1637
f 2502/2182/1644 2489/2171/1637 2490/2183/1645
f 2503/2184/1646 2490/2183/1645 2491/2172/1638
f 2492/2173/1639 2503/2184/1646 2491/2172/1638
f 2493/2174/1640 2504/2185/103 2492/2173/1639
f 2494/2175/1641 2505/2186/104 2493/2174/1640
f 2495/2176/1642 2506/2187/105 2494/2175/1641
f 2496/2188/1647 2507/2189/106 2495/2176/1642
f 2498/2177/95 2509/2190/96 2497/2191/96
f 2499/2179/97 2510/2192/85 2498/2177/95
f 2500/2180/98 2511/2193/86 2499/2179/97
f 2501/2181/100 2512/2194/99 2500/2180/98
f 2502/2182/1644 2513/2195/108 2501/2181/100
f 2515/2196/89 2502/2182/1644 2503/2184/1646
f 2516/2197/90 2503/2184/1646 2504/2185/103
f 2517/2198/91 2504/2185/103 2505/2186/104
f 2518/2199/92 2505/2186/104 2506/2187/105
f 2519/2200/93 2506/2187/105 2507/2189/106
f 2520/2201/94 2507/2189/106 2508/2202/94
f 626/2203/11 2509/2190/96 2510/2192/85
f 627/2204/13 2510/2192/85 2511/2193/86
f 628/2205/15 2511/2193/86 2512/2194/99
f 629/2206/17 2512/2194/99 2513/2195/108
f 630/2207/19 2513/2195/108 2514/2208/88
f 631/2209/21 2514/2208/88 2515/2196/89
f 2516/2197/90 631/2209/21 2515/2196/89
f 633/2210/23 2516/2197/90 2517/2198/91
f 634/2211/25 2517/2198/91 2518/2199/92
f 635/2212/27 2518/2199/92 2519/2200/93
f 636/2213/29 2519/2200/93 2520/2201/94
f 2534/2214/43 2521/5/10 2522/310/11
f 2523/312/13 2534/2214/43 2522/310/11
f 2536/2215/33 2523/312/13 2524/314/15
f 2537/2216/60 2524/314/15 2525/316/1648
f 2538/2217/35 2525/316/1648 2526/318/19
f 2539/2218/36 2526/318/19 2527/320/21
f 2540/2219/61 2527/320/21 2528/321/56
f 2529/322/23 2540/2219/61 2528/321/56
f 2530/324/25 2541/2220/38 2529/322/23
f 2543/2221/40 2530/324/25 2531/326/27
f 2544/2222/41 2531/326/27 2532/328/29
f 2546/2223/62 2533/2224/31 2534/2214/43
f 2535/2225/32 2546/2223/62 2534/2214/43
f 2548/2226/64 2535/2225/32 2536/2215/33
f 2549/2227/84 2536/2215/33 2537/2216/60
f 2550/2228/66 2537/2216/60 2538/2217/35
f 2551/2229/67 2538/2217/35 2539/2218/36
f 2552/2230/109 2539/2218/36 2540/2219/61
f 2553/2231/69 2540/2219/61 2541/2220/38
f 2554/2232/70 2541/2220/38 2542/2233/39
f 2555/2234/71 2542/2233/39 2543/2221/40
f 2556/2235/72 2543/2221/40 2544/2222/41
f 2558/2236/85 2545/2237/74 2546/2223/62
f 2559/2238/86 2546/2223/62 2547/2239/63
f 2560/2240/99 2547/2239/63 2548/2226/64
f 2561/2241/87 2548/2226/64 2549/2227/84
f 2562/2242/88 2549/2227/84 2550/2228/66
f 2563/2243/89 2550/2228/66 2551/2229/67
f 2552/2230/109 2563/2243/89 2551/2229/67
f 2565/2244/91 2552/2230/109 2553/2231/69
f 2566/2245/92 2553/2231/69 2554/2232/70
f 2567/2246/93 2554/2232/70 2555/2234/71
f 2568/2247/94 2555/2234/71 2556/2235/72
f 2570/1254/95 2557/2248/96 2558/2236/85
f 2571/1256/97 2558/2236/85 2559/2238/86
f 2572/1257/98 2559/2238/86 2560/2240/99
f 2573/1258/100 2560/2240/99 2561/2241/87
f 2574/1259/1649 2561/2241/87 2562/2242/88
f 2575/1260/102 2562/2242/88 2563/2243/89
f 2564/2249/1650 2575/1260/102 2563/2243/89
f 2565/2244/91 2576/1261/103 2564/2249/1650
f 2566/2245/92 2577/1262/104 2565/2244/91
f 2567/2246/93 2578/1263/105 2566/2245/92
f 2568/2247/94 2579/1265/106 2567/2246/93
f 2582/2250/73 2569/1267/96 2570/1254/95
f 2583/2251/75 2570/1254/95 2571/1256/97
f 2584/2252/76 2571/1256/97 2572/1257/98
f 2585/2253/77 2572/1257/98 2573/1258/100
f 2586/2254/78 2573/1258/100 2574/1259/1649
f 2587/2255/79 2574/1259/1649 2575/1260/102
f 2588/2256/80 2575/1260/102 2576/1261/103
f 2577/1262/104 2588/2256/80 2576/1261/103
f 2590/2257/82 2577/1262/104 2578/1263/105
f 2591/2258/83 2578/1263/105 2579/1265/106
f 2592/2259/72 2579/1265/106 2580/1276/94
f 2582/2250/73 2593/2260/74 2581/2261/74
f 2583/2251/75 2594/2262/62 2582/2250/73
f 2584/2252/76 2595/2263/63 2583/2251/75
f 2585/2253/77 2596/2264/64 2584/2252/76
f 2586/2254/78 2597/2265/84 2585/2253/77
f 2599/2266/67 2586/2254/78 2587/2255/79
f 2600/2267/109 2587/2255/79 2588/2256/80
f 2601/2268/69 2588/2256/80 2589/2269/81
f 2602/2270/70 2589/2269/81 2590/2257/82
f 2603/2271/71 2590/2257/82 2591/2258/83
f 2604/2272/72 2591/2258/83 2592/2259/72
f 2606/2273/85 2593/2260/74 2594/2262/62
f 2607/2274/86 2594/2262/62 2595/2263/63
f 2608/2275/99 2595/2263/63 2596/2264/64
f 2609/2276/108 2596/2264/64 2597/2265/84
f 2610/2277/88 2597/2265/84 2598/2278/66
f 2611/2279/89 2598/2278/66 2599/2266/67
f 2612/2280/90 2599/2266/67 2600/2267/109
f 2613/2281/91 2600/2267/109 2601/2268/69
f 2614/2282/92 2601/2268/69 2602/2270/70
f 2615/2283/93 2602/2270/70 2603/2271/71
f 2604/2272/72 2615/2283/93 2603/2271/71
f 2522/2203/11 2605/2284/96 2606/2273/85
f 2523/2204/13 2606/2273/85 2607/2274/86
f 2524/2205/15 2607/2274/86 2608/2275/99
f 2525/2206/1648 2608/2275/99 2609/2276/108
f 2526/2207/19 2609/2276/108 2610/2277/88
f 2527/2209/21 2610/2277/88 2611/2279/89
f 2528/2285/56 2611/2279/89 2612/2280/90
f 2529/2210/23 2612/2280/90 2613/2281/91
f 2530/2211/25 2613/2281/91 2614/2282/92
f 2615/2283/93 2530/2211/25 2614/2282/92
f 2616/2286/94 2531/2212/27 2615/2283/93
f 2630/2223/73 2617/5/96 2618/310/95
f 2619/312/97 2630/2223/73 2618/310/95
f 2620/314/98 2631/2239/75 2619/312/97
f 2633/2227/77 2620/314/98 2621/316/100
f 2634/2228/78 2621/316/100 2622/318/101
f 2635/2229/107 2622/318/101 2623/320/102
f 2636/2230/80 2623/320/102 2624/321/103
f 2625/322/104 2636/2230/80 2624/321/103
f 2638/2232/82 2625/322/104 2626/324/105
f 2639/2234/83 2626/324/105 2627/326/106
f 2628/328/94 2639/2234/83 2627/326/106
f 2642/1254/42 2629/2237/74 2630/2223/73
f 2643/1256/44 2630/2223/73 2631/2239/75
f 2644/1257/45 2631/2239/75 2632/2226/76
f 2645/1258/46 2632/2226/76 2633/2227/77
f 2646/1259/57 2633/2227/77 2634/2228/78
f 2647/1260/1651 2634/2228/78 2635/2229/107
f 2648/1261/49 2635/2229/107 2636/2230/80
f 2649/1262/50 2636/2230/80 2637/2231/81
f 2650/1263/51 2637/2231/81 2638/2232/82
f 2651/1265/52 2638/2232/82 2639/2234/83
f 2652/1276/41 2639/2234/83 2640/2235/72
f 2654/2262/9 2641/1267/31 2642/1254/42
f 2655/2263/12 2642/1254/42 2643/1256/44
f 2656/2264/14 2643/1256/44 2644/1257/45
f 2645/1258/46 2656/2264/14 2644/1257/45
f 2658/2278/53 2645/1258/46 2646/1259/57
f 2659/2266/59 2646/1259/57 2647/1260/1651
f 2660/2267/24 2647/1260/1651 2648/1261/49
f 2661/2268/26 2648/1261/49 2649/1262/50
f 2650/1263/51 2661/2268/26 2649/1262/50
f 2651/1265/52 2662/2270/28 2650/1263/51
f 2664/2272/29 2651/1265/52 2652/1276/41
f 2618/2203/95 2653/2260/10 2654/2262/9
f 2619/2204/97 2654/2262/9 2655/2263/12
f 2620/2205/98 2655/2263/12 2656/2264/14
f 2621/2206/100 2656/2264/14 2657/2265/16
f 2622/2207/101 2657/2265/16 2658/2278/53
f 2623/2209/102 2658/2278/53 2659/2266/59
f 2624/2285/103 2659/2266/59 2660/2267/24
f 2625/2210/104 2660/2267/24 2661/2268/26
f 2626/2211/105 2661/2268/26 2662/2270/28
f 2627/2212/106 2662/2270/28 2663/2271/30
f 2628/2213/94 2663/2271/30 2664/2272/29
f 2678/2223/73 2665/5/96 2666/310/95
f 2667/312/97 2678/2223/73 2666/310/95
f 2668/314/98 2679/2239/75 2667/312/97
f 2681/2227/77 2668/314/98 2669/316/100
f 2682/2228/78 2669/316/100 2670/318/101
f 2683/2229/107 2670/318/101 2671/320/102
f 2684/2230/80 2671/320/102 2672/321/103
f 2673/322/104 2684/2230/80 2672/321/103
f 2686/2232/82 2673/322/104 2674/324/105
f 2687/2234/83 2674/324/105 2675/326/106
f 2676/328/94 2687/2234/83 2675/326/106
f 2690/1254/42 2677/2237/74 2678/2223/73
f 2691/1256/44 2678/2223/73 2679/2239/75
f 2692/1257/45 2679/2239/75 2680/2226/76
f 2681/2227/77 2692/1257/45 2680/2226/76
f 2694/1259/57 2681/2227/77 2682/2228/78
f 2695/1260/1651 2682/2228/78 2683/2229/107
f 2696/1261/49 2683/2229/107 2684/2230/80
f 2697/1262/50 2684/2230/80 2685/2231/81
f 2698/1263/51 2685/2231/81 2686/2232/82
f 2699/1265/52 2686/2232/82 2687/2234/83
f 2700/1276/41 2687/2234/83 2688/2235/72
f 2690/1254/42 2701/2260/10 2689/1267/31
f 2703/2263/12 2690/1254/42 2691/1256/44
f 2704/2264/14 2691/1256/44 2692/1257/45
f 2693/1258/46 2704/2264/14 2692/1257/45
f 2694/1259/57 2705/2265/16 2693/1258/46
f 2707/2266/59 2694/1259/57 2695/1260/1651
f 2708/2267/24 2695/1260/1651 2696/1261/49
f 2709/2268/26 2696/1261/49 2697/1262/50
f 2698/1263/51 2709/2268/26 2697/1262/50
f 2699/1265/52 2710/2270/28 2698/1263/51
f 2712/2272/29 2699/1265/52 2700/1276/41
f 2666/2203/95 2701/2260/10 2702/2262/9
f 2667/2204/97 2702/2262/9 2703/2263/12
f 2668/2205/98 2703/2263/12 2704/2264/14
f 2669/2206/100 2704/2264/14 2705/2265/16
f 2670/2207/101 2705/2265/16 2706/2278/53
f 2671/2209/102 2706/2278/53 2707/2266/59
f 2672/2285/103 2707/2266/59 2708/2267/24
f 2709/2268/26 2672/2285/103 2708/2267/24
f 2674/2211/105 2709/2268/26 2710/2270/28
f 2675/2212/106 2710/2270/28 2711/2271/30
f 2676/2213/94 2711/2271/30 2712/2272/29
f 2726/2223/9 2713/5/31 2714/310/42
f 2727/2239/12 2714/310/42 2715/312/44
f 2728/2226/14 2715/312/44 2716/314/45
f 2729/2227/16 2716/314/45 2717/316/46
f 2730/2228/53 2717/316/46 2718/318/57
f 2731/2229/59 2718/318/57 2719/320/1651
f 2732/2230/24 2719/320/1651 2720/321/49
f 2733/2231/26 2720/321/49 2721/322/50
f 2734/2232/28 2721/322/50 2722/324/51
f 2735/2234/30 2722/324/51 2723/326/52
f 2736/2235/29 2723/326/52 2724/328/41
f 2738/1254/95 2725/2237/10 2726/2223/9
f 2739/1256/97 2726/2223/9 2727/2239/12
f 2740/1257/98 2727/2239/12 2728/2226/14
f 2741/1258/100 2728/2226/14 2729/2227/16
f 2742/1259/101 2729/2227/16 2730/2228/53
f 2743/1260/102 2730/2228/53 2731/2229/59
f 2744/1261/103 2731/2229/59 2732/2230/24
f 2733/2231/26 2744/1261/103 2732/2230/24
f 2746/1263/105 2733/2231/26 2734/2232/28
f 2747/1265/106 2734/2232/28 2735/2234/30
f 2748/1276/94 2735/2234/30 2736/2235/29
f 2750/2262/73 2737/1267/96 2738/1254/95
f 2751/2263/75 2738/1254/95 2739/1256/97
f 2752/2264/76 2739/1256/97 2740/1257/98
f 2753/2265/77 2740/1257/98 2741/1258/100
f 2754/2278/78 2741/1258/100 2742/1259/101
f 2755/2266/107 2742/1259/101 2743/1260/102
f 2756/2267/80 2743/1260/102 2744/1261/103
f 2757/2268/81 2744/1261/103 2745/1262/104
f 2758/2270/82 2745/1262/104 2746/1263/105
f 2759/2271/83 2746/1263/105 2747/1265/106
f 2748/1276/94 2759/2271/83 2747/1265/106
f 2714/2203/42 2749/2260/74 2750/2262/73
f 2715/2204/44 2750/2262/73 2751/2263/75
f 2716/2205/45 2751/2263/75 2752/2264/76
f 2717/2206/46 2752/2264/76 2753/2265/77
f 2718/2207/57 2753/2265/77 2754/2278/78
f 2719/2209/1651 2754/2278/78 2755/2266/107
f 2756/2267/80 2719/2209/1651 2755/2266/107
f 2721/2210/50 2756/2267/80 2757/2268/81
f 2722/2211/51 2757/2268/81 2758/2270/82
f 2723/2212/52 2758/2270/82 2759/2271/83
f 2724/2213/41 2759/2271/83 2760/2272/72
f 2774/2223/9 2761/5/31 2762/310/42
f 2775/2239/12 2762/310/42 2763/312/44
f 2776/2226/14 2763/312/44 2764/314/45
f 2777/2227/16 2764/314/45 2765/316/46
f 2778/2228/53 2765/316/46 2766/318/57
f 2779/2229/59 2766/318/57 2767/320/1651
f 2780/2230/24 2767/320/1651 2768/321/49
f 2781/2231/26 2768/321/49 2769/322/50
f 2782/2232/28 2769/322/50 2770/324/51
f 2783/2234/30 2770/324/51 2771/326/52
f 2784/2235/29 2771/326/52 2772/328/41
f 2786/1254/95 2773/2237/10 2774/2223/9
f 2787/1256/97 2774/2223/9 2775/2239/12
f 2788/1257/98 2775/2239/12 2776/2226/14
f 2789/1258/100 2776/2226/14 2777/2227/16
f 2790/1259/101 2777/2227/16 2778/2228/53
f 2791/1260/102 2778/2228/53 2779/2229/59
f 2792/1261/103 2779/2229/59 2780/2230/24
f 2793/1262/104 2780/2230/24 2781/2231/26
f 2794/1263/105 2781/2231/26 2782/2232/28
f 2795/1265/106 2782/2232/28 2783/2234/30
f 2796/1276/94 2783/2234/30 2784/2235/29
f 2798/2262/73 2785/1267/96 2786/1254/95
f 2799/2263/75 2786/1254/95 2787/1256/97
f 2800/2264/76 2787/1256/97 2788/1257/98
f 2801/2265/77 2788/1257/98 2789/1258/100
f 2802/2278/78 2789/1258/100 2790/1259/101
f 2803/2266/107 2790/1259/101 2791/1260/102
f 2804/2267/80 2791/1260/102 2792/1261/103
f 2805/2268/81 2792/1261/103 2793/1262/104
f 2806/2270/82 2793/1262/104 2794/1263/105
f 2807/2271/83 2794/1263/105 2795/1265/106
f 2796/1276/94 2807/2271/83 2795/1265/106
f 2762/2203/42 2797/2260/74 2798/2262/73
f 2763/2204/44 2798/2262/73 2799/2263/75
f 2764/2205/45 2799/2263/75 2800/2264/76
f 2765/2206/46 2800/2264/76 2801/2265/77
f 2766/2207/57 2801/2265/77 2802/2278/78
f 2767/2209/1651 2802/2278/78 2803/2266/107
f 2768/2285/49 2803/2266/107 2804/2267/80
f 2769/2210/50 2804/2267/80 2805/2268/81
f 2770/2211/51 2805/2268/81 2806/2270/82
f 2771/2212/52 2806/2270/82 2807/2271/83
f 2772/2213/41 2807/2271/83 2808/2272/72
f 2810/310/9 2821/2287/10 2809/5/10
f 2811/312/12 2822/2288/11 2810/310/9
f 2812/314/14 2823/2289/13 2811/312/12
f 2813/316/16 2824/2290/15 2812/314/14
f 2814/318/18 2825/2291/1648 2813/316/16
f 2827/2292/21 2814/318/18 2815/320/54
f 2828/2293/22 2815/320/54 2816/321/24
f 2829/2294/23 2816/321/24 2817/322/26
f 2830/2295/25 2817/322/26 2818/324/28
f 2831/2296/27 2818/324/28 2819/326/30
f 2832/2297/29 2819/326/30 2820/328/29
f 2822/2288/11 2833/2298/31 2821/2287/10
f 2835/2299/32 2822/2288/11 2823/2289/13
f 2836/2300/33 2823/2289/13 2824/2290/15
f 2837/2301/34 2824/2290/15 2825/2291/1648
f 2838/2302/35 2825/2291/1648 2826/2303/19
f 2839/2304/36 2826/2303/19 2827/2292/21
f 2840/2305/61 2827/2292/21 2828/2293/22
f 2841/2306/38 2828/2293/22 2829/2294/23
f 2830/2295/25 2841/2306/38 2829/2294/23
f 2843/2307/40 2830/2295/25 2831/2296/27
f 2844/2308/41 2831/2296/27 2832/2297/29
f 2846/2309/42 2833/2298/31 2834/2310/43
f 2847/2311/44 2834/2310/43 2835/2299/32
f 2848/2312/45 2835/2299/32 2836/2300/33
f 2849/2313/46 2836/2300/33 2837/2301/34
f 2850/2314/47 2837/2301/34 2838/2302/35
f 2851/2315/48 2838/2302/35 2839/2304/36
f 2840/2305/61 2851/2315/48 2839/2304/36
f 2841/2306/38 2852/2316/49 2840/2305/61
f 2842/2317/39 2853/2318/50 2841/2306/38
f 2843/2307/40 2854/2319/51 2842/2317/39
f 2844/2308/41 2855/2320/52 2843/2307/40
f 2846/2309/42 2857/2321/31 2845/2322/31
f 2847/2311/44 2858/2323/43 2846/2309/42
f 2848/2312/45 2859/2324/32 2847/2311/44
f 2849/2313/46 2860/2325/33 2848/2312/45
f 2850/2314/47 2861/2326/60 2849/2313/46
f 2863/2327/36 2850/2314/47 2851/2315/48
f 2864/2328/61 2851/2315/48 2852/2316/49
f 2865/2329/38 2852/2316/49 2853/2318/50
f 2866/2330/39 2853/2318/50 2854/2319/51
f 2867/2331/40 2854/2319/51 2855/2320/52
f 2868/2332/41 2855/2320/52 2856/2333/41
f 2870/2334/62 2857/2321/31 2858/2323/43
f 2871/2335/63 2858/2323/43 2859/2324/32
f 2872/2336/64 2859/2324/32 2860/2325/33
f 2861/2326/60 2872/2336/64 2860/2325/33
f 2874/2337/66 2861/2326/60 2862/2338/35
f 2875/2339/67 2862/2338/35 2863/2327/36
f 2876/2340/68 2863/2327/36 2864/2328/61
f 2877/2341/69 2864/2328/61 2865/2329/38
f 2866/2330/39 2877/2341/69 2865/2329/38
f 2879/2342/71 2866/2330/39 2867/2331/40
f 2868/2332/41 2879/2342/71 2867/2331/40
f 2882/2343/73 2869/2344/74 2870/2334/62
f 2883/2345/75 2870/2334/62 2871/2335/63
f 2884/2346/76 2871/2335/63 2872/2336/64
f 2885/2347/77 2872/2336/64 2873/2348/65
f 2886/2349/78 2873/2348/65 2874/2337/66
f 2887/2350/79 2874/2337/66 2875/2339/67
f 2876/2340/68 2887/2350/79 2875/2339/67
f 2877/2341/69 2888/2351/80 2876/2340/68
f 2878/2352/70 2889/2353/81 2877/2341/69
f 2879/2342/71 2890/2354/82 2878/2352/70
f 2880/2355/72 2891/2356/83 2879/2342/71
f 2882/2343/73 2893/2357/1652 2881/2358/74
f 2883/2345/75 2894/2359/1653 2882/2343/73
f 2884/2346/76 2895/2360/1654 2883/2345/75
f 2885/2347/77 2896/2361/1655 2884/2346/76
f 2886/2349/78 2897/2362/1656 2885/2347/77
f 2899/2363/1657 2886/2349/78 2887/2350/79
f 2900/2364/1658 2887/2350/79 2888/2351/80
f 2901/2365/1659 2888/2351/80 2889/2353/81
f 2902/2366/1660 2889/2353/81 2890/2354/82
f 2903/2367/1661 2890/2354/82 2891/2356/83
f 2904/2368/1662 2891/2356/83 2892/2369/72
f 2894/2359/1653 2905/2370/1663 2893/2357/1652
f 2895/2360/1654 2906/2371/1664 2894/2359/1653
f 2896/2361/1655 2907/2372/1665 2895/2360/1654
f 2897/2362/1656 2908/2373/1666 2896/2361/1655
f 2898/2374/1667 2909/2375/1668 2897/2362/1656
f 2911/2376/1669 2898/2374/1667 2899/2363/1657
f 2912/2377/1670 2899/2363/1657 2900/2364/1658
f 2913/2378/1671 2900/2364/1658 2901/2365/1659
f 2914/2379/1672 2901/2365/1659 2902/2366/1660
f 2915/2380/1673 2902/2366/1660 2903/2367/1661
f 2916/2381/1674 2903/2367/1661 2904/2368/1662
f 2906/2371/1664 2917/2224/1675 2905/2370/1663
f 2907/2372/1665 2918/2214/1676 2906/2371/1664
f 2908/2373/1666 2919/2225/1677 2907/2372/1665
f 2909/2375/1668 2920/2215/1678 2908/2373/1666
f 2910/2382/1679 2921/2216/1680 2909/2375/1668
f 2923/2218/1681 2910/2382/1679 2911/2376/1669
f 2924/2219/1682 2911/2376/1669 2912/2377/1670
f 2925/2220/1683 2912/2377/1670 2913/2378/1671
f 2926/2233/1684 2913/2378/1671 2914/2379/1672
f 2927/2221/1685 2914/2379/1672 2915/2380/1673
f 2928/2222/1686 2915/2380/1673 2916/2381/1674
f 2918/2214/1676 2929/2383/1687 2917/2224/1675
f 2919/2225/1677 2930/2384/1688 2918/2214/1676
f 2920/2215/1678 2931/2385/1689 2919/2225/1677
f 2921/2216/1680 2932/2386/1690 2920/2215/1678
f 2922/2217/1691 2933/2387/1692 2921/2216/1680
f 2935/2388/1693 2922/2217/1691 2923/2218/1681
f 2936/2389/1694 2923/2218/1681 2924/2219/1682
f 2937/2390/1695 2924/2219/1682 2925/2220/1683
f 2938/2391/1696 2925/2220/1683 2926/2233/1684
f 2939/2392/1697 2926/2233/1684 2927/2221/1685
f 2940/2393/1698 2927/2221/1685 2928/2222/1686
f 2930/2384/1688 2941/2394/1699 2929/2383/1687
f 2931/2385/1689 2942/2395/1700 2930/2384/1688
f 2932/2386/1690 2943/2396/1701 2931/2385/1689
f 2933/2387/1692 2944/2397/1702 2932/2386/1690
f 2934/2398/1703 2945/2399/1704 2933/2387/1692
f 2947/2400/1705 2934/2398/1703 2935/2388/1693
f 2948/2401/1706 2935/2388/1693 2936/2389/1694
f 2949/2402/1707 2936/2389/1694 2937/2390/1695
f 2950/2403/1708 2937/2390/1695 2938/2391/1696
f 2951/2404/1709 2938/2391/1696 2939/2392/1697
f 2952/2405/1710 2939/2392/1697 2940/2393/1698
f 2942/2395/1700 2953/2406/1711 2941/2394/1699
f 2943/2396/1701 2954/2407/1712 2942/2395/1700
f 2944/2397/1702 2955/2408/1713 2943/2396/1701
f 2945/2399/1704 2956/2409/1714 2944/2397/1702
f 2946/2410/1715 2957/2411/1716 2945/2399/1704
f 2959/2412/1717 2946/2410/1715 2947/2400/1705
f 2960/2413/1718 2947/2400/1705 2948/2401/1706
f 2961/2414/1719 2948/2401/1706 2949/2402/1707
f 2962/2415/1720 2949/2402/1707 2950/2403/1708
f 2963/2416/1721 2950/2403/1708 2951/2404/1709
f 2964/2417/1722 2951/2404/1709 2952/2405/1710
f 2954/2407/1712 2965/2418/1723 2953/2406/1711
f 2955/2408/1713 2966/2419/1724 2954/2407/1712
f 2956/2409/1714 2967/2420/1725 2955/2408/1713
f 2957/2411/1716 2968/2421/1726 2956/2409/1714
f 2958/2422/1727 2969/2423/1728 2957/2411/1716
f 2971/2424/1729 2958/2422/1727 2959/2412/1717
f 2972/2425/1730 2959/2412/1717 2960/2413/1718
f 2973/2426/1731 2960/2413/1718 2961/2414/1719
f 2974/2427/1732 2961/2414/1719 2962/2415/1720
f 2975/2428/1733 2962/2415/1720 2963/2416/1721
f 2976/2429/1734 2963/2416/1721 2964/2417/1722
f 2966/2419/1724 2977/2430/1735 2965/2418/1723
f 2967/2420/1725 2978/2431/1736 2966/2419/1724
f 2968/2421/1726 2979/2432/1737 2967/2420/1725
f 2969/2423/1728 2980/2433/1738 2968/2421/1726
f 2970/2434/1739 2981/2435/1740 2969/2423/1728
f 2983/2436/1741 2970/2434/1739 2971/2424/1729
f 2984/2437/1742 2971/2424/1729 2972/2425/1730
f 2985/2438/1743 2972/2425/1730 2973/2426/1731
f 2986/2439/1744 2973/2426/1731 2974/2427/1732
f 2987/2440/1745 2974/2427/1732 2975/2428/1733
f 2988/2441/1746 2975/2428/1733 2976/2429/1734
f 2978/2431/1736 2989/2442/1747 2977/2430/1735
f 2979/2432/1737 2990/2443/1748 2978/2431/1736
f 2980/2433/1738 2991/2444/1749 2979/2432/1737
f 2981/2435/1740 2992/2445/1750 2980/2433/1738
f 2982/2446/1751 2993/2447/1752 2981/2435/1740
f 2995/2448/1753 2982/2446/1751 2983/2436/1741
f 2996/2449/1754 2983/2436/1741 2984/2437/1742
f 2997/2450/1755 2984/2437/1742 2985/2438/1743
f 2998/2451/1756 2985/2438/1743 2986/2439/1744
f 2999/2452/1757 2986/2439/1744 2987/2440/1745
f 3000/2453/1758 2987/2440/1745 2988/2441/1746
f 2990/2443/1748 3001/2454/1759 2989/2442/1747
f 2991/2444/1749 3002/2455/1760 2990/2443/1748
f 2992/2445/1750 3003/2456/1761 2991/2444/1749
f 2993/2447/1752 3004/2457/1762 2992/2445/1750
f 2994/2458/1763 3005/2459/1764 2993/2447/1752
f 3007/2460/1765 2994/2458/1763 2995/2448/1753
f 3008/2461/1766 2995/2448/1753 2996/2449/1754
f 3009/2462/1767 2996/2449/1754 2997/2450/1755
f 3010/2463/1768 2997/2450/1755 2998/2451/1756
f 3011/2464/1769 2998/2451/1756 2999/2452/1757
f 3012/2465/1770 2999/2452/1757 3000/2453/1758
f 3002/2455/1760 3013/2466/1771 3001/2454/1759
f 3003/2456/1761 3014/2467/1772 3002/2455/1760
f 3004/2457/1762 3015/2468/1773 3003/2456/1761
f 3005/2459/1764 3016/2469/1774 3004/2457/1762
f 3006/2470/1775 3017/2471/1776 3005/2459/1764
f 3019/2472/1777 3006/2470/1775 3007/2460/1765
f 3020/2473/1778 3007/2460/1765 3008/2461/1766
f 3021/2474/1779 3008/2461/1766 3009/2462/1767
f 3022/2475/1780 3009/2462/1767 3010/2463/1768
f 3023/2476/1781 3010/2463/1768 3011/2464/1769
f 3024/2477/1782 3011/2464/1769 3012/2465/1770
f 3014/2467/1772 3025/2237/1783 3013/2466/1771
f 3015/2468/1773 3026/2223/1784 3014/2467/1772
f 3016/2469/1774 3027/2239/1785 3015/2468/1773
f 3017/2471/1776 3028/2226/1786 3016/2469/1774
f 3018/2478/1787 3029/2227/1788 3017/2471/1776
f 3031/2229/1789 3018/2478/1787 3019/2472/1777
f 3032/2230/1790 3019/2472/1777 3020/2473/1778
f 3033/2231/1791 3020/2473/1778 3021/2474/1779
f 3034/2232/1792 3021/2474/1779 3022/2475/1780
f 3035/2234/1793 3022/2475/1780 3023/2476/1781
f 3036/2235/1794 3023/2476/1781 3024/2477/1782
f 3026/2223/1784 3037/2479/1795 3025/2237/1783
f 3027/2239/1785 3038/2480/1796 3026/2223/1784
f 3028/2226/1786 3039/2481/1797 3027/2239/1785
f 3029/2227/1788 3040/2482/1798 3028/2226/1786
f 3030/2228/1799 3041/2483/1800 3029/2227/1788
f 3043/2484/1801 3030/2228/1799 3031/2229/1789
f 3044/2485/1802 3031/2229/1789 3032/2230/1790
f 3045/2486/1803 3032/2230/1790 3033/2231/1791
f 3046/2487/1804 3033/2231/1791 3034/2232/1792
f 3047/2488/1805 3034/2232/1792 3035/2234/1793
f 3048/2489/1806 3035/2234/1793 3036/2235/1794
f 3038/2480/1796 3049/2490/1807 3037/2479/1795
f 3039/2481/1797 3050/2491/1808 3038/2480/1796
f 3040/2482/1798 3051/2492/1809 3039/2481/1797
f 3041/2483/1800 3052/2493/1810 3040/2482/1798
f 3042/2494/1811 3053/2495/1812 3041/2483/1800
f 3055/2496/1813 3042/2494/1811 3043/2484/1801
f 3056/2497/1814 3043/2484/1801 3044/2485/1802
f 3057/2498/1815 3044/2485/1802 3045/2486/1803
f 3058/2499/1816 3045/2486/1803 3046/2487/1804
f 3059/2500/1817 3046/2487/1804 3047/2488/1805
f 3060/2501/1818 3047/2488/1805 3048/2489/1806
f 3050/2491/1808 3061/2502/1819 3049/2490/1807
f 3051/2492/1809 3062/2503/1820 3050/2491/1808
f 3052/2493/1810 3063/2504/1821 3051/2492/1809
f 3053/2495/1812 3064/2505/1822 3052/2493/1810
f 3054/2506/1823 3065/2507/1824 3053/2495/1812
f 3067/2508/1825 3054/2506/1823 3055/2496/1813
f 3068/2509/1826 3055/2496/1813 3056/2497/1814
f 3069/2510/1827 3056/2497/1814 3057/2498/1815
f 3070/2511/1828 3057/2498/1815 3058/2499/1816
f 3071/2512/1829 3058/2499/1816 3059/2500/1817
f 3072/2513/1830 3059/2500/1817 3060/2501/1818
f 3062/2503/1820 3073/2514/1831 3061/2502/1819
f 3063/2504/1821 3074/2515/1832 3062/2503/1820
f 3064/2505/1822 3075/2516/1833 3063/2504/1821
f 3065/2507/1824 3076/2517/1834 3064/2505/1822
f 3066/2518/1835 3077/2519/1836 3065/2507/1824
f 3079/2520/1837 3066/2518/1835 3067/2508/1825
f 3080/2521/1838 3067/2508/1825 3068/2509/1826
f 3081/2522/1839 3068/2509/1826 3069/2510/1827
f 3082/2523/1840 3069/2510/1827 3070/2511/1828
f 3083/2524/1841 3070/2511/1828 3071/2512/1829
f 3084/2525/1842 3071/2512/1829 3072/2513/1830
f 3086/2526/1843 3073/2514/1831 3074/2515/1832
f 3087/2527/1844 3074/2515/1832 3075/2516/1833
f 3088/2528/1845 3075/2516/1833 3076/2517/1834
f 3089/2529/1846 3076/2517/1834 3077/2519/1836
f 3090/2530/1847 3077/2519/1836 3078/2531/1848
f 3091/2532/1849 3078/2531/1848 3079/2520/1837
f 3080/2521/1838 3091/2532/1849 3079/2520/1837
f 3081/2522/1839 3092/2533/1850 3080/2521/1838
f 3082/2523/1840 3093/2534/1851 3081/2522/1839
f 3083/2524/1841 3094/2535/1852 3082/2523/1840
f 3084/2525/1842 3095/2536/1853 3083/2524/1841
f 3098/2537/1854 3085/2538/1855 3086/2526/1843
f 3099/2539/1856 3086/2526/1843 3087/2527/1844
f 3100/2540/1857 3087/2527/1844 3088/2528/1845
f 3101/2541/1858 3088/2528/1845 3089/2529/1846
f 3102/2542/1859 3089/2529/1846 3090/2530/1847
f 3103/2543/1860 3090/2530/1847 3091/2532/1849
f 3092/2533/1850 3103/2543/1860 3091/2532/1849
f 3093/2534/1851 3104/2544/1861 3092/2533/1850
f 3094/2535/1852 3105/2545/1862 3093/2534/1851
f 3095/2536/1853 3106/2546/1863 3094/2535/1852
f 3096/2547/1864 3107/2548/1865 3095/2536/1853
f 3110/2549/1866 3097/2550/1867 3098/2537/1854
f 3111/2551/1868 3098/2537/1854 3099/2539/1856
f 3112/2552/1869 3099/2539/1856 3100/2540/1857
f 3113/2553/1870 3100/2540/1857 3101/2541/1858
f 3114/2554/1871 3101/2541/1858 3102/2542/1859
f 3115/2555/1872 3102/2542/1859 3103/2543/1860
f 3104/2544/1861 3115/2555/1872 3103/2543/1860
f 3105/2545/1862 3116/2556/1873 3104/2544/1861
f 3106/2546/1863 3117/2557/1874 3105/2545/1862
f 3107/2548/1865 3118/2558/1875 3106/2546/1863
f 3108/2559/1876 3119/2560/1877 3107/2548/1865
f 3122/2561/1878 3109/2562/1879 3110/2549/1866
f 3123/2563/1880 3110/2549/1866 3111/2551/1868
f 3124/2564/1881 3111/2551/1868 3112/2552/1869
f 3125/2565/1882 3112/2552/1869 3113/2553/1870
f 3126/2566/1883 3113/2553/1870 3114/2554/1871
f 3127/2567/1884 3114/2554/1871 3115/2555/1872
f 3116/2556/1873 3127/2567/1884 3115/2555/1872
f 3117/2557/1874 3128/2568/1885 3116/2556/1873
f 3118/2558/1875 3129/2569/1886 3117/2557/1874
f 3119/2560/1877 3130/2570/1887 3118/2558/1875
f 3120/2571/1888 3131/2572/1889 3119/2560/1877
f 3134/2236/1890 3121/2573/1891 3122/2561/1878
f 3135/2238/1892 3122/2561/1878 3123/2563/1880
f 3136/2240/1893 3123/2563/1880 3124/2564/1881
f 3137/2241/1894 3124/2564/1881 3125/2565/1882
f 3138/2242/1895 3125/2565/1882 3126/2566/1883
f 3139/2243/1896 3126/2566/1883 3127/2567/1884
f 3128/2568/1885 3139/2243/1896 3127/2567/1884
f 3129/2569/1886 3140/2249/1897 3128/2568/1885
f 3130/2570/1887 3141/2244/1898 3129/2569/1886
f 3131/2572/1889 3142/2245/1899 3130/2570/1887
f 3132/2574/1900 3143/2246/1901 3131/2572/1889
f 3146/2575/1902 3133/2248/1903 3134/2236/1890
f 3147/2576/1904 3134/2236/1890 3135/2238/1892
f 3148/2577/1905 3135/2238/1892 3136/2240/1893
f 3149/2578/1906 3136/2240/1893 3137/2241/1894
f 3150/2579/1907 3137/2241/1894 3138/2242/1895
f 3151/2580/1908 3138/2242/1895 3139/2243/1896
f 3140/2249/1897 3151/2580/1908 3139/2243/1896
f 3141/2244/1898 3152/2581/1909 3140/2249/1897
f 3142/2245/1899 3153/2582/1910 3141/2244/1898
f 3143/2246/1901 3154/2583/1911 3142/2245/1899
f 3144/2247/1912 3155/2584/1913 3143/2246/1901
f 3158/2585/1914 3145/2586/1915 3146/2575/1902
f 3159/2587/1916 3146/2575/1902 3147/2576/1904
f 3160/2588/1917 3147/2576/1904 3148/2577/1905
f 3161/2589/1918 3148/2577/1905 3149/2578/1906
f 3162/2590/1919 3149/2578/1906 3150/2579/1907
f 3163/2591/1920 3150/2579/1907 3151/2580/1908
f 3152/2581/1909 3163/2591/1920 3151/2580/1908
f 3153/2582/1910 3164/2592/1921 3152/2581/1909
f 3154/2583/1911 3165/2593/1922 3153/2582/1910
f 3155/2584/1913 3166/2594/1923 3154/2583/1911
f 3156/2595/1924 3167/2596/1925 3155/2584/1913
f 3170/2597/1926 3157/2598/1927 3158/2585/1914
f 3171/2599/1928 3158/2585/1914 3159/2587/1916
f 3172/2600/1929 3159/2587/1916 3160/2588/1917
f 3173/2601/1930 3160/2588/1917 3161/2589/1918
f 3174/2602/1931 3161/2589/1918 3162/2590/1919
f 3175/2603/1932 3162/2590/1919 3163/2591/1920
f 3164/2592/1921 3175/2603/1932 3163/2591/1920
f 3165/2593/1922 3176/2604/1933 3164/2592/1921
f 3166/2594/1923 3177/2605/1934 3165/2593/1922
f 3167/2596/1925 3178/2606/1935 3166/2594/1923
f 3168/2607/1936 3179/2608/1937 3167/2596/1925
f 3170/2597/1926 3181/2609/1938 3169/2610/1939
f 3171/2599/1928 3182/2611/1940 3170/2597/1926
f 3172/2600/1929 3183/2612/1941 3171/2599/1928
f 3173/2601/1930 3184/2613/1942 3172/2600/1929
f 3174/2602/1931 3185/2614/1943 3173/2601/1930
f 3187/2615/1944 3174/2602/1931 3175/2603/1932
f 3188/2616/1945 3175/2603/1932 3176/2604/1933
f 3189/2617/1946 3176/2604/1933 3177/2605/1934
f 3190/2618/1947 3177/2605/1934 3178/2606/1935
f 3191/2619/1948 3178/2606/1935 3179/2608/1937
f 3192/2620/1949 3179/2608/1937 3180/2621/1950
f 3182/2611/1940 3193/2622/1951 3181/2609/1938
f 3183/2612/1941 3194/2623/1952 3182/2611/1940
f 3184/2613/1942 3195/2624/1953 3183/2612/1941
f 3185/2614/1943 3196/2625/1954 3184/2613/1942
f 3186/2626/1955 3197/2627/1956 3185/2614/1943
f 3199/2628/1957 3186/2626/1955 3187/2615/1944
f 3200/2629/1958 3187/2615/1944 3188/2616/1945
f 3201/2630/1959 3188/2616/1945 3189/2617/1946
f 3202/2631/1960 3189/2617/1946 3190/2618/1947
f 3203/2632/1961 3190/2618/1947 3191/2619/1948
f 3204/2633/1962 3191/2619/1948 3192/2620/1949
f 3206/2634/1963 3193/2622/1951 3194/2623/1952
f 3207/2635/1964 3194/2623/1952 3195/2624/1953
f 3208/2636/1965 3195/2624/1953 3196/2625/1954
f 3209/2637/1966 3196/2625/1954 3197/2627/1956
f 3210/2638/1967 3197/2627/1956 3198/2639/1968
f 3211/2640/1969 3198/2639/1968 3199/2628/1957
f 3200/2629/1958 3211/2640/1969 3199/2628/1957
f 3201/2630/1959 3212/2641/1970 3200/2629/1958
f 3202/2631/1960 3213/2642/1971 3201/2630/1959
f 3203/2632/1961 3214/2643/1972 3202/2631/1960
f 3204/2633/1962 3215/2644/1973 3203/2632/1961
f 3218/2645/1974 3205/2646/1975 3206/2634/1963
f 3219/2647/1976 3206/2634/1963 3207/2635/1964
f 3220/2648/1977 3207/2635/1964 3208/2636/1965
f 3221/2649/1978 3208/2636/1965 3209/2637/1966
f 3222/2650/1979 3209/2637/1966 3210/2638/1967
f 3223/2651/1980 3210/2638/1967 3211/2640/1969
f 3212/2641/1970 3223/2651/1980 3211/2640/1969
f 3213/2642/1971 3224/2652/1981 3212/2641/1970
f 3214/2643/1972 3225/2653/1982 3213/2642/1971
f 3215/2644/1973 3226/2654/1983 3214/2643/1972
f 3216/2655/1984 3227/2656/1985 3215/2644/1973
f 3230/2657/1986 3217/2658/1987 3218/2645/1974
f 3231/2659/1988 3218/2645/1974 3219/2647/1976
f 3232/2660/1989 3219/2647/1976 3220/2648/1977
f 3233/2661/1990 3220/2648/1977 3221/2649/1978
f 3234/2662/1991 3221/2649/1978 3222/2650/1979
f 3235/2663/1992 3222/2650/1979 3223/2651/1980
f 3224/2652/1981 3235/2663/1992 3223/2651/1980
f 3225/2653/1982 3236/2664/1993 3224/2652/1981
f 3226/2654/1983 3237/2665/1994 3225/2653/1982
f 3227/2656/1985 3238/2666/1995 3226/2654/1983
f 3228/2667/1996 3239/2668/1997 3227/2656/1985
f 3242/1254/1998 3229/2669/1999 3230/2657/1986
f 3243/1256/2000 3230/2657/1986 3231/2659/1988
f 3244/1257/2001 3231/2659/1988 3232/2660/1989
f 3245/1258/2002 3232/2660/1989 3233/2661/1990
f 3246/1259/2003 3233/2661/1990 3234/2662/1991
f 3247/1260/2004 3234/2662/1991 3235/2663/1992
f 3236/2664/1993 3247/1260/2004 3235/2663/1992
f 3237/2665/1994 3248/1261/2005 3236/2664/1993
f 3238/2666/1995 3249/1262/2006 3237/2665/1994
f 3239/2668/1997 3250/1263/2007 3238/2666/1995
f 3240/2670/2008 3251/1265/2009 3239/2668/1997
f 3254/2671/2010 3241/1267/2011 3242/1254/1998
f 3255/2672/2012 3242/1254/1998 3243/1256/2000
f 3256/2673/2013 3243/1256/2000 3244/1257/2001
f 3257/2674/2014 3244/1257/2001 3245/1258/2002
f 3258/2675/2015 3245/1258/2002 3246/1259/2003
f 3259/2676/2016 3246/1259/2003 3247/1260/2004
f 3248/1261/2005 3259/2676/2016 3247/1260/2004
f 3249/1262/2006 3260/2677/2017 3248/1261/2005
f 3250/1263/2007 3261/2678/2018 3249/1262/2006
f 3251/1265/2009 3262/2679/2019 3250/1263/2007
f 3252/1276/2020 3263/2680/2021 3251/1265/2009
f 3266/2681/2022 3253/2682/2023 3254/2671/2010
f 3267/2683/2024 3254/2671/2010 3255/2672/2012
f 3268/2684/2025 3255/2672/2012 3256/2673/2013
f 3269/2685/2026 3256/2673/2013 3257/2674/2014
f 3270/2686/2027 3257/2674/2014 3258/2675/2015
f 3271/2687/2028 3258/2675/2015 3259/2676/2016
f 3260/2677/2017 3271/2687/2028 3259/2676/2016
f 3261/2678/2018 3272/2688/2029 3260/2677/2017
f 3262/2679/2019 3273/2689/2030 3261/2678/2018
f 3263/2680/2021 3274/2690/2031 3262/2679/2019
f 3264/2691/2032 3275/2692/2033 3263/2680/2021
f 3278/2693/2034 3265/2694/2035 3266/2681/2022
f 3279/2695/2036 3266/2681/2022 3267/2683/2024
f 3280/2696/2037 3267/2683/2024 3268/2684/2025
f 3281/2697/2038 3268/2684/2025 3269/2685/2026
f 3282/2698/2039 3269/2685/2026 3270/2686/2027
f 3283/2699/2040 3270/2686/2027 3271/2687/2028
f 3272/2688/2029 3283/2699/2040 3271/2687/2028
f 3273/2689/2030 3284/2700/2041 3272/2688/2029
f 3274/2690/2031 3285/2701/2042 3273/2689/2030
f 3275/2692/2033 3286/2702/2043 3274/2690/2031
f 3276/2703/2044 3287/2704/2045 3275/2692/2033
f 3290/2705/2046 3277/2706/2047 3278/2693/2034
f 3291/2707/2048 3278/2693/2034 3279/2695/2036
f 3292/2708/2049 3279/2695/2036 3280/2696/2037
f 3293/2709/2050 3280/2696/2037 3281/2697/2038
f 3294/2710/2051 3281/2697/2038 3282/2698/2039
f 3295/2711/2052 3282/2698/2039 3283/2699/2040
f 3284/2700/2041 3295/2711/2052 3283/2699/2040
f 3285/2701/2042 3296/2712/2053 3284/2700/2041
f 3286/2702/2043 3297/2713/2054 3285/2701/2042
f 3287/2704/2045 3298/2714/2055 3286/2702/2043
f 3288/2715/2056 3299/2716/2057 3287/2704/2045
f 3302/2717/2058 3289/2718/2059 3290/2705/2046
f 3303/2719/2060 3290/2705/2046 3291/2707/2048
f 3304/2720/2061 3291/2707/2048 3292/2708/2049
f 3305/2721/2062 3292/2708/2049 3293/2709/2050
f 3306/2722/2063 3293/2709/2050 3294/2710/2051
f 3307/2723/2064 3294/2710/2051 3295/2711/2052
f 3296/2712/2053 3307/2723/2064 3295/2711/2052
f 3297/2713/2054 3308/2724/2065 3296/2712/2053
f 3298/2714/2055 3309/2725/2066 3297/2713/2054
f 3299/2716/2057 3310/2726/2067 3298/2714/2055
f 3300/2727/2068 3311/2728/2069 3299/2716/2057
f 3314/2729/2070 3301/2730/2071 3302/2717/2058
f 3315/2731/2072 3302/2717/2058 3303/2719/2060
f 3316/2732/2073 3303/2719/2060 3304/2720/2061
f 3317/2733/2074 3304/2720/2061 3305/2721/2062
f 3318/2734/2075 3305/2721/2062 3306/2722/2063
f 3319/2735/2076 3306/2722/2063 3307/2723/2064
f 3308/2724/2065 3319/2735/2076 3307/2723/2064
f 3309/2725/2066 3320/2736/2077 3308/2724/2065
f 3310/2726/2067 3321/2737/2078 3309/2725/2066
f 3311/2728/2069 3322/2738/2079 3310/2726/2067
f 3312/2739/2080 3323/2740/2081 3311/2728/2069
f 3326/2741/2082 3313/2742/2083 3314/2729/2070
f 3327/2743/2084 3314/2729/2070 3315/2731/2072
f 3328/2744/2085 3315/2731/2072 3316/2732/2073
f 3329/2745/2086 3316/2732/2073 3317/2733/2074
f 3330/2746/2087 3317/2733/2074 3318/2734/2075
f 3331/2747/2088 3318/2734/2075 3319/2735/2076
f 3320/2736/2077 3331/2747/2088 3319/2735/2076
f 3321/2737/2078 3332/2748/2089 3320/2736/2077
f 3322/2738/2079 3333/2749/2090 3321/2737/2078
f 3323/2740/2081 3334/2750/2091 3322/2738/2079
f 3324/2751/2092 3335/2752/2093 3323/2740/2081
f 3326/2741/2082 3337/2753/2094 3325/2754/2095
f 3327/2743/2084 3338/2755/2096 3326/2741/2082
f 3328/2744/2085 3339/2756/2097 3327/2743/2084
f 3329/2745/2086 3340/2757/2098 3328/2744/2085
f 3330/2746/2087 3341/2758/2099 3329/2745/2086
f 3343/2759/2100 3330/2746/2087 3331/2747/2088
f 3344/2760/2101 3331/2747/2088 3332/2748/2089
f 3345/2761/2102 3332/2748/2089 3333/2749/2090
f 3346/2762/2103 3333/2749/2090 3334/2750/2091
f 3347/2763/2104 3334/2750/2091 3335/2752/2093
f 3348/2764/2105 3335/2752/2093 3336/2765/2106
f 3338/2755/2096 3349/2261/2107 3337/2753/2094
f 3339/2756/2097 3350/2250/2108 3338/2755/2096
f 3340/2757/2098 3351/2251/2109 3339/2756/2097
f 3341/2758/2099 3352/2252/2110 3340/2757/2098
f 3342/2766/2111 3353/2253/2112 3341/2758/2099
f 3355/2255/2113 3342/2766/2111 3343/2759/2100
f 3356/2256/2114 3343/2759/2100 3344/2760/2101
f 3357/2269/2115 3344/2760/2101 3345/2761/2102
f 3358/2257/2116 3345/2761/2102 3346/2762/2103
f 3359/2258/2117 3346/2762/2103 3347/2763/2104
f 3360/2259/2118 3347/2763/2104 3348/2764/2105
f 3350/2250/2108 3361/2767/2119 3349/2261/2107
f 3351/2251/2109 3362/2768/2120 3350/2250/2108
f 3352/2252/2110 3363/2769/2121 3351/2251/2109
f 3353/2253/2112 3364/2770/2122 3352/2252/2110
f 3354/2254/2123 3365/2771/2124 3353/2253/2112
f 3367/2772/2125 3354/2254/2123 3355/2255/2113
f 3368/2773/2126 3355/2255/2113 3356/2256/2114
f 3369/2774/2127 3356/2256/2114 3357/2269/2115
f 3370/2775/2128 3357/2269/2115 3358/2257/2116
f 3371/2776/2129 3358/2257/2116 3359/2258/2117
f 3372/2777/2130 3359/2258/2117 3360/2259/2118
f 3362/2768/2120 3373/2778/2131 3361/2767/2119
f 3363/2769/2121 3374/2779/2132 3362/2768/2120
f 3364/2770/2122 3375/2780/2133 3363/2769/2121
f 3365/2771/2124 3376/2781/2134 3364/2770/2122
f 3366/2782/2135 3377/2783/2136 3365/2771/2124
f 3379/2784/2137 3366/2782/2135 3367/2772/2125
f 3380/2785/2138 3367/2772/2125 3368/2773/2126
f 3381/2786/2139 3368/2773/2126 3369/2774/2127
f 3382/2787/2140 3369/2774/2127 3370/2775/2128
f 3383/2788/2141 3370/2775/2128 3371/2776/2129
f 3384/2789/2142 3371/2776/2129 3372/2777/2130
f 3374/2779/2132 3385/2790/2143 3373/2778/2131
f 3375/2780/2133 3386/2791/2144 3374/2779/2132
f 3376/2781/2134 3387/2792/2145 3375/2780/2133
f 3377/2783/2136 3388/2793/2146 3376/2781/2134
f 3378/2794/2147 3389/2795/2148 3377/2783/2136
f 3391/2796/2149 3378/2794/2147 3379/2784/2137
f 3392/2797/2150 3379/2784/2137 3380/2785/2138
f 3393/2798/2151 3380/2785/2138 3381/2786/2139
f 3394/2799/2152 3381/2786/2139 3382/2787/2140
f 3395/2800/2153 3382/2787/2140 3383/2788/2141
f 3396/2801/2154 3383/2788/2141 3384/2789/2142
f 3386/2791/2144 3397/2802/2155 3385/2790/2143
f 3387/2792/2145 3398/2803/2156 3386/2791/2144
f 3388/2793/2146 3399/2804/2157 3387/2792/2145
f 3389/2795/2148 3400/2805/2158 3388/2793/2146
f 3390/2806/2159 3401/2807/2160 3389/2795/2148
f 3403/2808/2161 3390/2806/2159 3391/2796/2149
f 3404/2809/2162 3391/2796/2149 3392/2797/2150
f 3405/2810/2163 3392/2797/2150 3393/2798/2151
f 3406/2811/2164 3393/2798/2151 3394/2799/2152
f 3407/2812/2165 3394/2799/2152 3395/2800/2153
f 3408/2813/2166 3395/2800/2153 3396/2801/2154
f 3398/2803/2156 3409/2814/2167 3397/2802/2155
f 3399/2804/2157 3410/2815/2168 3398/2803/2156
f 3400/2805/2158 3411/2816/2169 3399/2804/2157
f 3401/2807/2160 3412/2817/2170 3400/2805/2158
f 3402/2818/2171 3413/2819/2172 3401/2807/2160
f 3415/2820/2173 3402/2818/2171 3403/2808/2161
f 3416/2821/2174 3403/2808/2161 3404/2809/2162
f 3417/2822/2175 3404/2809/2162 3405/2810/2163
f 3418/2823/2176 3405/2810/2163 3406/2811/2164
f 3419/2824/2177 3406/2811/2164 3407/2812/2165
f 3420/2825/2178 3407/2812/2165 3408/2813/2166
f 3410/2815/2168 3421/2826/2179 3409/2814/2167
f 3411/2816/2169 3422/2827/2180 3410/2815/2168
f 3412/2817/2170 3423/2828/2181 3411/2816/2169
f 3413/2819/2172 3424/2829/2182 3412/2817/2170
f 3414/2830/2183 3425/2831/2184 3413/2819/2172
f 3427/2832/2185 3414/2830/2183 3415/2820/2173
f 3428/2833/2186 3415/2820/2173 3416/2821/2174
f 3429/2834/2187 3416/2821/2174 3417/2822/2175
f 3430/2835/2188 3417/2822/2175 3418/2823/2176
f 3431/2836/2189 3418/2823/2176 3419/2824/2177
f 3432/2837/2190 3419/2824/2177 3420/2825/2178
f 3422/2827/2180 3433/2838/2191 3421/2826/2179
f 3423/2828/2181 3434/2839/2192 3422/2827/2180
f 3424/2829/2182 3435/2840/2193 3423/2828/2181
f 3425/2831/2184 3436/2841/2194 3424/2829/2182
f 3426/2842/2195 3437/2843/2196 3425/2831/2184
f 3439/2844/2197 3426/2842/2195 3427/2832/2185
f 3440/2845/2198 3427/2832/2185 3428/2833/2186
f 3441/2846/2199 3428/2833/2186 3429/2834/2187
f 3442/2847/2200 3429/2834/2187 3430/2835/2188
f 3443/2848/2201 3430/2835/2188 3431/2836/2189
f 3444/2849/2202 3431/2836/2189 3432/2837/2190
f 3434/2839/2192 3445/2850/2203 3433/2838/2191
f 3435/2840/2193 3446/2851/2204 3434/2839/2192
f 3436/2841/2194 3447/2852/2205 3435/2840/2193
f 3437/2843/2196 3448/2853/2206 3436/2841/2194
f 3438/2854/2207 3449/2855/2208 3437/2843/2196
f 3451/2856/2209 3438/2854/2207 3439/2844/2197
f 3452/2857/2210 3439/2844/2197 3440/2845/2198
f 3453/2858/2211 3440/2845/2198 3441/2846/2199
f 3454/2859/2212 3441/2846/2199 3442/2847/2200
f 3455/2860/2213 3442/2847/2200 3443/2848/2201
f 3456/2861/2214 3443/2848/2201 3444/2849/2202
f 3446/2851/2204 3457/2260/2215 3445/2850/2203
f 3447/2852/2205 3458/2262/2216 3446/2851/2204
f 3448/2853/2206 3459/2263/2217 3447/2852/2205
f 3449/2855/2208 3460/2264/2218 3448/2853/2206
f 3450/2862/2219 3461/2265/2220 3449/2855/2208
f 3463/2266/2221 3450/2862/2219 3451/2856/2209
f 3464/2267/2222 3451/2856/2209 3452/2857/2210
f 3465/2268/2223 3452/2857/2210 3453/2858/2211
f 3466/2270/2224 3453/2858/2211 3454/2859/2212
f 3467/2271/2225 3454/2859/2212 3455/2860/2213
f 3468/2272/2226 3455/2860/2213 3456/2861/2214
f 3458/2262/2216 3469/2863/2227 3457/2260/2215
f 3459/2263/2217 3470/2864/2228 3458/2262/2216
f 3460/2264/2218 3471/2865/2229 3459/2263/2217
f 3461/2265/2220 3472/2866/2230 3460/2264/2218
f 3462/2278/2231 3473/2867/2232 3461/2265/2220
f 3475/2868/2233 3462/2278/2231 3463/2266/2221
f 3476/2869/2234 3463/2266/2221 3464/2267/2222
f 3477/2870/2235 3464/2267/2222 3465/2268/2223
f 3478/2871/2236 3465/2268/2223 3466/2270/2224
f 3479/2872/2237 3466/2270/2224 3467/2271/2225
f 3480/2873/2238 3467/2271/2225 3468/2272/2226
f 3470/2864/2228 3481/2874/2239 3469/2863/2227
f 3471/2865/2229 3482/2875/2240 3470/2864/2228
f 3472/2866/2230 3483/2876/2241 3471/2865/2229
f 3473/2867/2232 3484/2877/2242 3472/2866/2230
f 3474/2878/2243 3485/2879/2244 3473/2867/2232
f 3487/2880/2245 3474/2878/2243 3475/2868/2233
f 3488/2881/2246 3475/2868/2233 3476/2869/2234
f 3489/2882/2247 3476/2869/2234 3477/2870/2235
f 3490/2883/2248 3477/2870/2235 3478/2871/2236
f 3491/2884/2249 3478/2871/2236 3479/2872/2237
f 3492/2885/2250 3479/2872/2237 3480/2873/2238
f 3482/2875/2240 3493/2886/2251 3481/2874/2239
f 3483/2876/2241 3494/2887/2252 3482/2875/2240
f 3484/2877/2242 3495/2888/2253 3483/2876/2241
f 3485/2879/2244 3496/2889/2254 3484/2877/2242
f 3486/2890/2255 3497/2891/2256 3485/2879/2244
f 3499/2892/2257 3486/2890/2255 3487/2880/2245
f 3500/2893/2258 3487/2880/2245 3488/2881/2246
f 3501/2894/2259 3488/2881/2246 3489/2882/2247
f 3502/2895/2260 3489/2882/2247 3490/2883/2248
f 3503/2896/2261 3490/2883/2248 3491/2884/2249
f 3504/2897/2262 3491/2884/2249 3492/2885/2250
f 3494/2887/2252 3505/2898/2263 3493/2886/2251
f 3495/2888/2253 3506/2899/2264 3494/2887/2252
f 3496/2889/2254 3507/2900/2265 3495/2888/2253
f 3497/2891/2256 3508/2901/2266 3496/2889/2254
f 3498/2902/2267 3509/2903/2268 3497/2891/2256
f 3511/2904/2269 3498/2902/2267 3499/2892/2257
f 3512/2905/2270 3499/2892/2257 3500/2893/2258
f 3513/2906/2271 3500/2893/2258 3501/2894/2259
f 3514/2907/2272 3501/2894/2259 3502/2895/2260
f 3515/2908/2273 3502/2895/2260 3503/2896/2261
f 3516/2909/2274 3503/2896/2261 3504/2897/2262
f 3506/2899/2264 3517/2910/2275 3505/2898/2263
f 3507/2900/2265 3518/2911/2276 3506/2899/2264
f 3508/2901/2266 3519/2912/2277 3507/2900/2265
f 3509/2903/2268 3520/2913/2278 3508/2901/2266
f 3510/2914/2279 3521/2915/2280 3509/2903/2268
f 3523/2916/2281 3510/2914/2279 3511/2904/2269
f 3524/2917/2282 3511/2904/2269 3512/2905/2270
f 3525/2918/2283 3512/2905/2270 3513/2906/2271
f 3526/2919/2284 3513/2906/2271 3514/2907/2272
f 3527/2920/2285 3514/2907/2272 3515/2908/2273
f 3528/2921/2286 3515/2908/2273 3516/2909/2274
f 3518/2911/2276 3529/2922/2287 3517/2910/2275
f 3519/2912/2277 3530/2923/2288 3518/2911/2276
f 3520/2913/2278 3531/2924/2289 3519/2912/2277
f 3521/2915/2280 3532/2925/2290 3520/2913/2278
f 3522/2926/2291 3533/2927/2292 3521/2915/2280
f 3535/2928/2293 3522/2926/2291 3523/2916/2281
f 3536/2929/2294 3523/2916/2281 3524/2917/2282
f 3537/2930/2295 3524/2917/2282 3525/2918/2283
f 3538/2931/2296 3525/2918/2283 3526/2919/2284
f 3539/2932/2297 3526/2919/2284 3527/2920/2285
f 3540/2933/2298 3527/2920/2285 3528/2921/2286
f 3530/2923/2288 3541/2934/2299 3529/2922/2287
f 3531/2924/2289 3542/2935/2300 3530/2923/2288
f 3532/2925/2290 3543/2936/2301 3531/2924/2289
f 3533/2927/2292 3544/2937/2302 3532/2925/2290
f 3534/2938/2303 3545/2939/2304 3533/2927/2292
f 3547/2940/2305 3534/2938/2303 3535/2928/2293
f 3548/2941/2306 3535/2928/2293 3536/2929/2294
f 3549/2942/2307 3536/2929/2294 3537/2930/2295
f 3550/2943/2308 3537/2930/2295 3538/2931/2296
f 3551/2944/2309 3538/2931/2296 3539/2932/2297
f 3552/2945/2310 3539/2932/2297 3540/2933/2298
f 3542/2935/2300 3553/2946/2311 3541/2934/2299
f 3543/2936/2301 3554/2947/2312 3542/2935/2300
f 3544/2937/2302 3555/2948/2313 3543/2936/2301
f 3545/2939/2304 3556/2949/2314 3544/2937/2302
f 3546/2950/2315 3557/2951/2316 3545/2939/2304
f 3559/2952/2317 3546/2950/2315 3547/2940/2305
f 3560/2953/2318 3547/2940/2305 3548/2941/2306
f 3561/2954/2319 3548/2941/2306 3549/2942/2307
f 3562/2955/2320 3549/2942/2307 3550/2943/2308
f 3563/2956/2321 3550/2943/2308 3551/2944/2309
f 3564/2957/2322 3551/2944/2309 3552/2945/2310
f 3554/2947/2312 3565/2284/2323 3553/2946/2311
f 3555/2948/2313 3566/2273/2324 3554/2947/2312
f 3556/2949/2314 3567/2274/2325 3555/2948/2313
f 3557/2951/2316 3568/2275/2326 3556/2949/2314
f 3558/2958/2327 3569/2276/2328 3557/2951/2316
f 3571/2279/2329 3558/2958/2327 3559/2952/2317
f 3572/2280/2330 3559/2952/2317 3560/2953/2318
f 3573/2281/2331 3560/2953/2318 3561/2954/2319
f 3574/2282/2332 3561/2954/2319 3562/2955/2320
f 3575/2283/2333 3562/2955/2320 3563/2956/2321
f 3576/2286/2334 3563/2956/2321 3564/2957/2322
f 3566/2273/2324 3577/2959/2335 3565/2284/2323
f 3567/2274/2325 3578/2960/2336 3566/2273/2324
f 3568/2275/2326 3579/2961/2337 3567/2274/2325
f 3569/2276/2328 3580/2962/2338 3568/2275/2326
f 3570/2277/2339 3581/2963/2340 3569/2276/2328
f 3583/2964/2341 3570/2277/2339 3571/2279/2329
f 3584/2965/2342 3571/2279/2329 3572/2280/2330
f 3585/2966/2343 3572/2280/2330 3573/2281/2331
f 3586/2967/2344 3573/2281/2331 3574/2282/2332
f 3587/2968/2345 3574/2282/2332 3575/2283/2333
f 3588/2969/2346 3575/2283/2333 3576/2286/2334
f 3578/2960/2336 3589/2970/2347 3577/2959/2335
f 3579/2961/2337 3590/2971/2348 3578/2960/2336
f 3580/2962/2338 3591/2972/2349 3579/2961/2337
f 3581/2963/2340 3592/2973/2350 3580/2962/2338
f 3582/2974/2351 3593/2975/2352 3581/2963/2340
f 3595/2976/2353 3582/2974/2351 3583/2964/2341
f 3596/2977/2354 3583/2964/2341 3584/2965/2342
f 3597/2978/2355 3584/2965/2342 3585/2966/2343
f 3598/2979/2356 3585/2966/2343 3586/2967/2344
f 3599/2980/2357 3586/2967/2344 3587/2968/2345
f 3600/2981/2358 3587/2968/2345 3588/2969/2346
f 3590/2971/2348 3601/2982/2359 3589/2970/2347
f 3591/2972/2349 3602/2983/2360 3590/2971/2348
f 3592/2973/2350 3603/2984/2361 3591/2972/2349
f 3593/2975/2352 3604/2985/2362 3592/2973/2350
f 3594/2986/2363 3605/2987/2364 3593/2975/2352
f 3607/2988/2365 3594/2986/2363 3595/2976/2353
f 3608/2989/2366 3595/2976/2353 3596/2977/2354
f 3609/2990/2367 3596/2977/2354 3597/2978/2355
f 3610/2991/2368 3597/2978/2355 3598/2979/2356
f 3611/2992/2369 3598/2979/2356 3599/2980/2357
f 3612/2993/2370 3599/2980/2357 3600/2981/2358
f 3602/2983/2360 3613/2994/2371 3601/2982/2359
f 3603/2984/2361 3614/2995/2372 3602/2983/2360
f 3604/2985/2362 3615/2996/2373 3603/2984/2361
f 3605/2987/2364 3616/2997/2374 3604/2985/2362
f 3606/2998/2375 3617/2999/2376 3605/2987/2364
f 3619/3000/2377 3606/2998/2375 3607/2988/2365
f 3620/3001/2378 3607/2988/2365 3608/2989/2366
f 3621/3002/2379 3608/2989/2366 3609/2990/2367
f 3622/3003/2380 3609/2990/2367 3610/2991/2368
f 3623/3004/2381 3610/2991/2368 3611/2992/2369
f 3624/3005/2382 3611/2992/2369 3612/2993/2370
f 3614/2995/2372 3625/3006/2383 3613/2994/2371
f 3615/2996/2373 3626/3007/2384 3614/2995/2372
f 3616/2997/2374 3627/3008/2385 3615/2996/2373
f 3617/2999/2376 3628/3009/2386 3616/2997/2374
f 3618/3010/2387 3629/3011/2388 3617/2999/2376
f 3631/3012/2389 3618/3010/2387 3619/3000/2377
f 3632/3013/2390 3619/3000/2377 3620/3001/2378
f 3633/3014/2391 3620/3001/2378 3621/3002/2379
f 3634/3015/2392 3621/3002/2379 3622/3003/2380
f 3635/3016/2393 3622/3003/2380 3623/3004/2381
f 3636/3017/2394 3623/3004/2381 3624/3005/2382
f 3638/3018/95 3625/3006/2383 3626/3007/2384
f 3639/3019/97 3626/3007/2384 3627/3008/2385
f 3640/3020/98 3627/3008/2385 3628/3009/2386
f 3641/3021/100 3628/3009/2386 3629/3011/2388
f 3642/3022/1649 3629/3011/2388 3630/3023/2395
f 3643/3024/102 3630/3023/2395 3631/3012/2389
f 3632/3013/2390 3643/3024/102 3631/3012/2389
f 3633/3014/2391 3644/3025/103 3632/3013/2390
f 3634/3015/2392 3645/3026/104 3633/3014/2391
f 3635/3016/2393 3646/3027/105 3634/3015/2392
f 3636/3017/2394 3647/3028/106 3635/3016/2393
f 3638/3018/95 3649/3029/96 3637/3030/96
f 3639/3019/97 3650/3031/85 3638/3018/95
f 3640/3020/98 3651/3032/86 3639/3019/97
f 3641/3021/100 3652/3033/99 3640/3020/98
f 3642/3022/1649 3653/3034/87 3641/3021/100
f 3655/3035/89 3642/3022/1649 3643/3024/102
f 3656/3036/1650 3643/3024/102 3644/3025/103
f 3657/3037/91 3644/3025/103 3645/3026/104
f 3658/3038/92 3645/3026/104 3646/3027/105
f 3659/3039/93 3646/3027/105 3647/3028/106
f 3660/3040/94 3647/3028/106 3648/3041/94
f 3662/3042/11 3649/3029/96 3650/3031/85
f 3663/3043/13 3650/3031/85 3651/3032/86
f 3652/3033/99 3663/3043/13 3651/3032/86
f 3665/3044/17 3652/3033/99 3653/3034/87
f 3666/3045/19 3653/3034/87 3654/3046/88
f 3667/3047/21 3654/3046/88 3655/3035/89
f 3668/3048/22 3655/3035/89 3656/3036/1650
f 3657/3037/91 3668/3048/22 3656/3036/1650
f 3670/3049/25 3657/3037/91 3658/3038/92
f 3671/3050/27 3658/3038/92 3659/3039/93
f 3660/3040/94 3671/3050/27 3659/3039/93
f 2810/2203/9 3661/3051/10 3662/3042/11
f 2811/2204/12 3662/3042/11 3663/3043/13
f 2812/2205/14 3663/3043/13 3664/3052/15
f 2813/2206/16 3664/3052/15 3665/3044/17
f 2814/2207/18 3665/3044/17 3666/3045/19
f 2815/2209/54 3666/3045/19 3667/3047/21
f 3668/3048/22 2815/2209/54 3667/3047/21
f 3669/3053/23 2816/2285/24 3668/3048/22
f 3670/3049/25 2817/2210/26 3669/3053/23
f 3671/3050/27 2818/2211/28 3670/3049/25
f 3672/3054/29 2819/2212/30 3671/3050/27
f 3674/310/2396 3685/3055/2397 3673/5/2398
f 3675/312/2399 3686/3056/2400 3674/310/2396
f 3676/314/2401 3687/3057/2402 3675/312/2399
f 3677/316/2403 3688/3058/2404 3676/314/2401
f 3678/318/2405 3689/3059/2406 3677/316/2403
f 3691/3060/2407 3678/318/2405 3679/320/2408
f 3692/3061/2409 3679/320/2408 3680/321/2410
f 3693/3062/2411 3680/321/2410 3681/322/2412
f 3694/3063/2413 3681/322/2412 3682/324/2414
f 3695/3064/2415 3682/324/2414 3683/326/2416
f 3696/3065/2417 3683/326/2416 3684/328/2418
f 3698/3066/2419 3685/3055/2397 3686/3056/2400
f 3699/3067/2420 3686/3056/2400 3687/3057/2402
f 3700/3068/2421 3687/3057/2402 3688/3058/2404
f 3701/3069/2422 3688/3058/2404 3689/3059/2406
f 3702/3070/2423 3689/3059/2406 3690/3071/2424
f 3703/3072/2425 3690/3071/2424 3691/3060/2407
f 3692/3061/2409 3703/3072/2425 3691/3060/2407
f 3693/3062/2411 3704/3073/2426 3692/3061/2409
f 3694/3063/2413 3705/3074/2427 3693/3062/2411
f 3695/3064/2415 3706/3075/2428 3694/3063/2413
f 3696/3065/2417 3707/3076/2429 3695/3064/2415
f 3710/3077/2430 3697/3078/2431 3698/3066/2419
f 3711/3079/2432 3698/3066/2419 3699/3067/2420
f 3712/3080/2433 3699/3067/2420 3700/3068/2421
f 3713/3081/2434 3700/3068/2421 3701/3069/2422
f 3714/3082/2435 3701/3069/2422 3702/3070/2423
f 3715/3083/2436 3702/3070/2423 3703/3072/2425
f 3704/3073/2426 3715/3083/2436 3703/3072/2425
f 3705/3074/2427 3716/3084/2437 3704/3073/2426
f 3706/3075/2428 3717/3085/2438 3705/3074/2427
f 3707/3076/2429 3718/3086/2439 3706/3075/2428
f 3708/3087/2440 3719/3088/2441 3707/3076/2429
f 3722/3089/2442 3709/3090/2443 3710/3077/2430
f 3723/3091/2444 3710/3077/2430 3711/3079/2432
f 3724/3092/2445 3711/3079/2432 3712/3080/2433
f 3725/3093/2446 3712/3080/2433 3713/3081/2434
f 3726/3094/2447 3713/3081/2434 3714/3082/2435
f 3727/3095/2448 3714/3082/2435 3715/3083/2436
f 3716/3084/2437 3727/3095/2448 3715/3083/2436
f 3717/3085/2438 3728/3096/2449 3716/3084/2437
f 3718/3086/2439 3729/3097/2450 3717/3085/2438
f 3719/3088/2441 3730/3098/2451 3718/3086/2439
f 3720/3099/2452 3731/3100/2453 3719/3088/2441
f 3734/3101/2454 3721/3102/2455 3722/3089/2442
f 3735/3103/2456 3722/3089/2442 3723/3091/2444
f 3736/3104/2457 3723/3091/2444 3724/3092/2445
f 3737/3105/2458 3724/3092/2445 3725/3093/2446
f 3738/3106/2459 3725/3093/2446 3726/3094/2447
f 3739/3107/2460 3726/3094/2447 3727/3095/2448
f 3728/3096/2449 3739/3107/2460 3727/3095/2448
f 3729/3097/2450 3740/3108/2461 3728/3096/2449
f 3730/3098/2451 3741/3109/2462 3729/3097/2450
f 3731/3100/2453 3742/3110/2463 3730/3098/2451
f 3732/3111/2464 3743/3112/2465 3731/3100/2453
f 3746/3113/2466 3733/3114/2467 3734/3101/2454
f 3747/3115/2468 3734/3101/2454 3735/3103/2456
f 3748/3116/2469 3735/3103/2456 3736/3104/2457
f 3749/3117/2470 3736/3104/2457 3737/3105/2458
f 3750/3118/2471 3737/3105/2458 3738/3106/2459
f 3751/3119/2472 3738/3106/2459 3739/3107/2460
f 3740/3108/2461 3751/3119/2472 3739/3107/2460
f 3741/3109/2462 3752/3120/2473 3740/3108/2461
f 3742/3110/2463 3753/3121/2474 3741/3109/2462
f 3743/3112/2465 3754/3122/2475 3742/3110/2463
f 3744/3123/2476 3755/3124/2477 3743/3112/2465
f 3758/3125/2478 3745/3126/2479 3746/3113/2466
f 3759/3127/2480 3746/3113/2466 3747/3115/2468
f 3760/3128/2481 3747/3115/2468 3748/3116/2469
f 3761/3129/2482 3748/3116/2469 3749/3117/2470
f 3762/3130/2483 3749/3117/2470 3750/3118/2471
f 3763/3131/2484 3750/3118/2471 3751/3119/2472
f 3752/3120/2473 3763/3131/2484 3751/3119/2472
f 3753/3121/2474 3764/3132/2485 3752/3120/2473
f 3754/3122/2475 3765/3133/2486 3753/3121/2474
f 3755/3124/2477 3766/3134/2487 3754/3122/2475
f 3756/3135/2488 3767/3136/2489 3755/3124/2477
f 3770/3137/2490 3757/3138/2491 3758/3125/2478
f 3771/3139/2492 3758/3125/2478 3759/3127/2480
f 3772/3140/2493 3759/3127/2480 3760/3128/2481
f 3773/3141/2494 3760/3128/2481 3761/3129/2482
f 3774/3142/2495 3761/3129/2482 3762/3130/2483
f 3775/3143/2496 3762/3130/2483 3763/3131/2484
f 3764/3132/2485 3775/3143/2496 3763/3131/2484
f 3765/3133/2486 3776/3144/2497 3764/3132/2485
f 3766/3134/2487 3777/3145/2498 3765/3133/2486
f 3767/3136/2489 3778/3146/2499 3766/3134/2487
f 3768/3147/2500 3779/3148/2501 3767/3136/2489
f 3782/3149/2502 3769/3150/2503 3770/3137/2490
f 3783/3151/2504 3770/3137/2490 3771/3139/2492
f 3784/3152/2505 3771/3139/2492 3772/3140/2493
f 3785/3153/2506 3772/3140/2493 3773/3141/2494
f 3786/3154/2507 3773/3141/2494 3774/3142/2495
f 3787/3155/2508 3774/3142/2495 3775/3143/2496
f 3776/3144/2497 3787/3155/2508 3775/3143/2496
f 3777/3145/2498 3788/3156/2509 3776/3144/2497
f 3778/3146/2499 3789/3157/2510 3777/3145/2498
f 3779/3148/2501 3790/3158/2511 3778/3146/2499
f 3780/3159/2512 3791/3160/2513 3779/3148/2501
f 3794/3161/2514 3781/3162/2515 3782/3149/2502
f 3795/3163/2516 3782/3149/2502 3783/3151/2504
f 3796/3164/2517 3783/3151/2504 3784/3152/2505
f 3797/3165/2518 3784/3152/2505 3785/3153/2506
f 3798/3166/2519 3785/3153/2506 3786/3154/2507
f 3799/3167/2520 3786/3154/2507 3787/3155/2508
f 3788/3156/2509 3799/3167/2520 3787/3155/2508
f 3789/3157/2510 3800/3168/2521 3788/3156/2509
f 3790/3158/2511 3801/3169/2522 3789/3157/2510
f 3791/3160/2513 3802/3170/2523 3790/3158/2511
f 3792/3171/2524 3803/3172/2525 3791/3160/2513
f 3806/3173/2526 3793/3174/2527 3794/3161/2514
f 3807/3175/2528 3794/3161/2514 3795/3163/2516
f 3808/3176/2529 3795/3163/2516 3796/3164/2517
f 3809/3177/2530 3796/3164/2517 3797/3165/2518
f 3810/3178/2531 3797/3165/2518 3798/3166/2519
f 3811/3179/2532 3798/3166/2519 3799/3167/2520
f 3800/3168/2521 3811/3179/2532 3799/3167/2520
f 3801/3169/2522 3812/3180/2533 3800/3168/2521
f 3802/3170/2523 3813/3181/2534 3801/3169/2522
f 3803/3172/2525 3814/3182/2535 3802/3170/2523
f 3804/3183/2536 3815/3184/2537 3803/3172/2525
f 3818/3185/2538 3805/3186/2539 3806/3173/2526
f 3819/3187/2540 3806/3173/2526 3807/3175/2528
f 3820/3188/2541 3807/3175/2528 3808/3176/2529
f 3821/3189/2542 3808/3176/2529 3809/3177/2530
f 3822/3190/2543 3809/3177/2530 3810/3178/2531
f 3823/3191/2544 3810/3178/2531 3811/3179/2532
f 3812/3180/2533 3823/3191/2544 3811/3179/2532
f 3813/3181/2534 3824/3192/2545 3812/3180/2533
f 3814/3182/2535 3825/3193/2546 3813/3181/2534
f 3815/3184/2537 3826/3194/2547 3814/3182/2535
f 3816/3195/2548 3827/3196/2549 3815/3184/2537
f 3818/3185/2538 3829/3197/2550 3817/3198/2551
f 3819/3187/2540 3830/3199/2552 3818/3185/2538
f 3820/3188/2541 3831/3200/2553 3819/3187/2540
f 3821/3189/2542 3832/3201/2554 3820/3188/2541
f 3822/3190/2543 3833/3202/2555 3821/3189/2542
f 3835/3203/2556 3822/3190/2543 3823/3191/2544
f 3836/3204/2557 3823/3191/2544 3824/3192/2545
f 3837/3205/2558 3824/3192/2545 3825/3193/2546
f 3838/3206/2559 3825/3193/2546 3826/3194/2547
f 3839/3207/2560 3826/3194/2547 3827/3196/2549
f 3840/3208/2561 3827/3196/2549 3828/3209/2562
f 3830/3199/2552 3841/3210/2563 3829/3197/2550
f 3831/3200/2553 3842/3211/2564 3830/3199/2552
f 3832/3201/2554 3843/3212/2565 3831/3200/2553
f 3833/3202/2555 3844/3213/2566 3832/3201/2554
f 3834/3214/2567 3845/3215/2568 3833/3202/2555
f 3847/3216/2569 3834/3214/2567 3835/3203/2556
f 3848/3217/2570 3835/3203/2556 3836/3204/2557
f 3849/3218/2571 3836/3204/2557 3837/3205/2558
f 3850/3219/2572 3837/3205/2558 3838/3206/2559
f 3851/3220/2573 3838/3206/2559 3839/3207/2560
f 3852/3221/2574 3839/3207/2560 3840/3208/2561
f 3842/3211/2564 3853/3222/2575 3841/3210/2563
f 3843/3212/2565 3854/3223/2576 3842/3211/2564
f 3844/3213/2566 3855/3224/2577 3843/3212/2565
f 3845/3215/2568 3856/3225/2578 3844/3213/2566
f 3846/3226/2579 3857/3227/2580 3845/3215/2568
f 3859/3228/2581 3846/3226/2579 3847/3216/2569
f 3860/3229/2582 3847/3216/2569 3848/3217/2570
f 3861/3230/2583 3848/3217/2570 3849/3218/2571
f 3862/3231/2584 3849/3218/2571 3850/3219/2572
f 3863/3232/2585 3850/3219/2572 3851/3220/2573
f 3864/3233/2586 3851/3220/2573 3852/3221/2574
f 3854/3223/2576 3865/3234/2587 3853/3222/2575
f 3855/3224/2577 3866/3235/2588 3854/3223/2576
f 3856/3225/2578 3867/3236/2589 3855/3224/2577
f 3857/3227/2580 3868/3237/2590 3856/3225/2578
f 3858/3238/2591 3869/3239/2592 3857/3227/2580
f 3871/3240/2593 3858/3238/2591 3859/3228/2581
f 3872/3241/2594 3859/3228/2581 3860/3229/2582
f 3873/3242/2595 3860/3229/2582 3861/3230/2583
f 3874/3243/2596 3861/3230/2583 3862/3231/2584
f 3875/3244/2597 3862/3231/2584 3863/3232/2585
f 3876/3245/2598 3863/3232/2585 3864/3233/2586
f 3866/3235/2588 3877/3246/2599 3865/3234/2587
f 3867/3236/2589 3878/3247/2600 3866/3235/2588
f 3868/3237/2590 3879/3248/2601 3867/3236/2589
f 3869/3239/2592 3880/3249/2602 3868/3237/2590
f 3870/3250/2603 3881/3251/2604 3869/3239/2592
f 3883/3252/2605 3870/3250/2603 3871/3240/2593
f 3884/3253/2606 3871/3240/2593 3872/3241/2594
f 3885/3254/2607 3872/3241/2594 3873/3242/2595
f 3886/3255/2608 3873/3242/2595 3874/3243/2596
f 3887/3256/2609 3874/3243/2596 3875/3244/2597
f 3888/3257/2610 3875/3244/2597 3876/3245/2598
f 3878/3247/2600 3889/3258/2611 3877/3246/2599
f 3879/3248/2601 3890/3259/2612 3878/3247/2600
f 3880/3249/2602 3891/3260/2613 3879/3248/2601
f 3881/3251/2604 3892/3261/2614 3880/3249/2602
f 3882/3262/2615 3893/3263/2616 3881/3251/2604
f 3895/3264/2617 3882/3262/2615 3883/3252/2605
f 3896/3265/2618 3883/3252/2605 3884/3253/2606
f 3897/3266/2619 3884/3253/2606 3885/3254/2607
f 3898/3267/2620 3885/3254/2607 3886/3255/2608
f 3899/3268/2621 3886/3255/2608 3887/3256/2609
f 3900/3269/2622 3887/3256/2609 3888/3257/2610
f 3890/3259/2612 3901/3270/2623 3889/3258/2611
f 3891/3260/2613 3902/3271/2624 3890/3259/2612
f 3892/3261/2614 3903/3272/2625 3891/3260/2613
f 3893/3263/2616 3904/3273/2626 3892/3261/2614
f 3906/3274/2627 3893/3263/2616 3894/3275/2628
f 3907/3276/2629 3894/3275/2628 3895/3264/2617
f 3908/3277/2630 3895/3264/2617 3896/3265/2618
f 3909/3278/2631 3896/3265/2618 3897/3266/2619
f 3910/3279/2632 3897/3266/2619 3898/3267/2620
f 3911/3280/2633 3898/3267/2620 3899/3268/2621
f 3912/3281/2634 3899/3268/2621 3900/3269/2622
f 3902/3271/2624 3913/3282/2635 3901/3270/2623
f 3903/3272/2625 3914/3283/2636 3902/3271/2624
f 3904/3273/2626 3915/3284/2637 3903/3272/2625
f 3905/3285/2638 3916/3286/2639 3904/3273/2626
f 3918/3287/2640 3905/3285/2638 3906/3274/2627
f 3919/3288/2641 3906/3274/2627 3907/3276/2629
f 3908/3277/2630 3919/3288/2641 3907/3276/2629
f 3921/3289/2642 3908/3277/2630 3909/3278/2631
f 3922/3290/2643 3909/3278/2631 3910/3279/2632
f 3923/3291/2644 3910/3279/2632 3911/3280/2633
f 3924/3292/2645 3911/3280/2633 3912/3281/2634
f 3914/3283/2636 3925/3293/2646 3913/3282/2635
f 3915/3284/2637 3926/3294/2647 3914/3283/2636
f 3916/3286/2639 3927/3295/2648 3915/3284/2637
f 3917/3296/2649 3928/3297/2650 3916/3286/2639
f 3918/3287/2640 3929/3298/2651 3917/3296/2649
f 3931/3299/2652 3918/3287/2640 3919/3288/2641
f 3932/3300/2653 3919/3288/2641 3920/3301/2654
f 3933/3302/2655 3920/3301/2654 3921/3289/2642
f 3934/3303/2656 3921/3289/2642 3922/3290/2643
f 3935/3304/2657 3922/3290/2643 3923/3291/2644
f 3936/3305/2658 3923/3291/2644 3924/3292/2645
f 3926/3294/2647 3937/3306/2659 3925/3293/2646
f 3927/3295/2648 3938/3307/2660 3926/3294/2647
f 3928/3297/2650 3939/3308/2661 3927/3295/2648
f 3929/3298/2651 3940/3309/2662 3928/3297/2650
f 3930/3310/2663 3941/3311/2664 3929/3298/2651
f 3943/3312/2665 3930/3310/2663 3931/3299/2652
f 3944/3313/2666 3931/3299/2652 3932/3300/2653
f 3945/3314/2667 3932/3300/2653 3933/3302/2655
f 3946/3315/2668 3933/3302/2655 3934/3303/2656
f 3947/3316/2669 3934/3303/2656 3935/3304/2657
f 3948/3317/2670 3935/3304/2657 3936/3305/2658
f 3938/3307/2660 3949/3318/2671 3937/3306/2659
f 3939/3308/2661 3950/3319/2672 3938/3307/2660
f 3940/3309/2662 3951/3320/2673 3939/3308/2661
f 3941/3311/2664 3952/3321/2674 3940/3309/2662
f 3942/3322/2675 3953/3323/2676 3941/3311/2664
f 3955/3324/2677 3942/3322/2675 3943/3312/2665
f 3956/3325/2678 3943/3312/2665 3944/3313/2666
f 3957/3326/2679 3944/3313/2666 3945/3314/2667
f 3958/3327/2680 3945/3314/2667 3946/3315/2668
f 3959/3328/2681 3946/3315/2668 3947/3316/2669
f 3960/3329/2682 3947/3316/2669 3948/3317/2670
f 3950/3319/2672 3961/3330/2683 3949/3318/2671
f 3951/3320/2673 3962/3331/2684 3950/3319/2672
f 3952/3321/2674 3963/3332/2685 3951/3320/2673
f 3965/3333/2686 3952/3321/2674 3953/3323/2676
f 3954/3334/2687 3965/3333/2686 3953/3323/2676
f 3967/3335/2688 3954/3334/2687 3955/3324/2677
f 3968/3336/2689 3955/3324/2677 3956/3325/2678
f 3969/3337/2690 3956/3325/2678 3957/3326/2679
f 3970/3338/2691 3957/3326/2679 3958/3327/2680
f 3971/3339/2692 3958/3327/2680 3959/3328/2681
f 3972/3340/2693 3959/3328/2681 3960/3329/2682
f 3962/3331/2684 3973/1267/2694 3961/3330/2683
f 3963/3332/2685 3974/1254/2695 3962/3331/2684
f 3964/3341/2696 3975/1256/2697 3963/3332/2685
f 3965/3333/2686 3976/1257/2698 3964/3341/2696
f 3966/3342/2699 3977/1258/2700 3965/3333/2686
f 3979/1260/2701 3966/3342/2699 3967/3335/2688
f 3980/1261/2702 3967/3335/2688 3968/3336/2689
f 3981/1262/2703 3968/3336/2689 3969/3337/2690
f 3982/1263/2704 3969/3337/2690 3970/3338/2691
f 3983/1265/2705 3970/3338/2691 3971/3339/2692
f 3984/1276/2706 3971/3339/2692 3972/3340/2693
f 3974/1254/2695 3985/3343/2707 3973/1267/2694
f 3975/1256/2697 3986/3344/2708 3974/1254/2695
f 3976/1257/2698 3987/3345/2709 3975/1256/2697
f 3977/1258/2700 3988/3346/2710 3976/1257/2698
f 3978/1259/2711 3989/3347/2712 3977/1258/2700
f 3991/3348/2713 3978/1259/2711 3979/1260/2701
f 3992/3349/2714 3979/1260/2701 3980/1261/2702
f 3993/3350/2715 3980/1261/2702 3981/1262/2703
f 3994/3351/2716 3981/1262/2703 3982/1263/2704
f 3995/3352/2717 3982/1263/2704 3983/1265/2705
f 3996/3353/2718 3983/1265/2705 3984/1276/2706
f 3998/3354/2719 3985/3343/2707 3986/3344/2708
f 3999/3355/2720 3986/3344/2708 3987/3345/2709
f 4000/3356/2721 3987/3345/2709 3988/3346/2710
f 4001/3357/2722 3988/3346/2710 3989/3347/2712
f 4002/3358/2723 3989/3347/2712 3990/3359/2724
f 4003/3360/2725 3990/3359/2724 3991/3348/2713
f 3992/3349/2714 4003/3360/2725 3991/3348/2713
f 3993/3350/2715 4004/3361/2726 3992/3349/2714
f 3994/3351/2716 4005/3362/2727 3993/3350/2715
f 3995/3352/2717 4006/3363/2728 3994/3351/2716
f 3996/3353/2718 4007/3364/2729 3995/3352/2717
f 4010/3365/2730 3997/3366/2731 3998/3354/2719
f 4011/3367/2732 3998/3354/2719 3999/3355/2720
f 4012/3368/2733 3999/3355/2720 4000/3356/2721
f 4013/3369/2734 4000/3356/2721 4001/3357/2722
f 4014/3370/2735 4001/3357/2722 4002/3358/2723
f 4015/3371/2736 4002/3358/2723 4003/3360/2725
f 4004/3361/2726 4015/3371/2736 4003/3360/2725
f 4005/3362/2727 4016/3372/2737 4004/3361/2726
f 4006/3363/2728 4017/3373/2738 4005/3362/2727
f 4007/3364/2729 4018/3374/2739 4006/3363/2728
f 4008/3375/2740 4019/3376/2741 4007/3364/2729
f 4022/3377/2742 4009/3378/2743 4010/3365/2730
f 4023/3379/2744 4010/3365/2730 4011/3367/2732
f 4024/3380/2745 4011/3367/2732 4012/3368/2733
f 4025/3381/2746 4012/3368/2733 4013/3369/2734
f 4026/3382/2747 4013/3369/2734 4014/3370/2735
f 4027/3383/2748 4014/3370/2735 4015/3371/2736
f 4016/3372/2737 4027/3383/2748 4015/3371/2736
f 4017/3373/2738 4028/3384/2749 4016/3372/2737
f 4018/3374/2739 4029/3385/2750 4017/3373/2738
f 4019/3376/2741 4030/3386/2751 4018/3374/2739
f 4020/3387/2752 4031/3388/2753 4019/3376/2741
f 4034/3389/2754 4021/3390/2755 4022/3377/2742
f 4035/3391/2756 4022/3377/2742 4023/3379/2744
f 4036/3392/2757 4023/3379/2744 4024/3380/2745
f 4037/3393/2758 4024/3380/2745 4025/3381/2746
f 4038/3394/2759 4025/3381/2746 4026/3382/2747
f 4039/3395/2760 4026/3382/2747 4027/3383/2748
f 4028/3384/2749 4039/3395/2760 4027/3383/2748
f 4029/3385/2750 4040/3396/2761 4028/3384/2749
f 4030/3386/2751 4041/3397/2762 4029/3385/2750
f 4031/3388/2753 4042/3398/2763 4030/3386/2751
f 4032/3399/2764 4043/3400/2765 4031/3388/2753
f 4046/3401/2766 4033/3402/1735 4034/3389/2754
f 4047/3403/2767 4034/3389/2754 4035/3391/2756
f 4048/3404/2768 4035/3391/2756 4036/3392/2757
f 4049/3405/2769 4036/3392/2757 4037/3393/2758
f 4050/3406/2770 4037/3393/2758 4038/3394/2759
f 4051/3407/2771 4038/3394/2759 4039/3395/2760
f 4040/3396/2761 4051/3407/2771 4039/3395/2760
f 4041/3397/2762 4052/3408/2772 4040/3396/2761
f 4042/3398/2763 4053/3409/2773 4041/3397/2762
f 4043/3400/2765 4054/3410/2774 4042/3398/2763
f 4044/3411/1746 4055/3412/2775 4043/3400/2765
f 4058/3413/2776 4045/3414/2777 4046/3401/2766
f 4059/3415/2778 4046/3401/2766 4047/3403/2767
f 4060/3416/2779 4047/3403/2767 4048/3404/2768
f 4061/3417/2780 4048/3404/2768 4049/3405/2769
f 4062/3418/2781 4049/3405/2769 4050/3406/2770
f 4063/3419/2782 4050/3406/2770 4051/3407/2771
f 4052/3408/2772 4063/3419/2782 4051/3407/2771
f 4053/3409/2773 4064/3420/2783 4052/3408/2772
f 4054/3410/2774 4065/3421/2784 4053/3409/2773
f 4055/3412/2775 4066/3422/2785 4054/3410/2774
f 4056/3423/2786 4067/3424/2787 4055/3412/2775
f 4070/3425/2788 4057/3426/2789 4058/3413/2776
f 4071/3427/2790 4058/3413/2776 4059/3415/2778
f 4072/3428/2791 4059/3415/2778 4060/3416/2779
f 4073/3429/2792 4060/3416/2779 4061/3417/2780
f 4074/3430/2793 4061/3417/2780 4062/3418/2781
f 4075/3431/2794 4062/3418/2781 4063/3419/2782
f 4064/3420/2783 4075/3431/2794 4063/3419/2782
f 4065/3421/2784 4076/3432/2795 4064/3420/2783
f 4066/3422/2785 4077/3433/2796 4065/3421/2784
f 4067/3424/2787 4078/3434/2797 4066/3422/2785
f 4068/3435/2798 4079/3436/2799 4067/3424/2787
f 4082/3437/2800 4069/3438/2801 4070/3425/2788
f 4083/3439/2802 4070/3425/2788 4071/3427/2790
f 4084/3440/2803 4071/3427/2790 4072/3428/2791
f 4085/3441/2804 4072/3428/2791 4073/3429/2792
f 4086/3442/2805 4073/3429/2792 4074/3430/2793
f 4087/3443/2806 4074/3430/2793 4075/3431/2794
f 4076/3432/2795 4087/3443/2806 4075/3431/2794
f 4077/3433/2796 4088/3444/2807 4076/3432/2795
f 4078/3434/2797 4089/3445/2808 4077/3433/2796
f 4079/3436/2799 4090/3446/2809 4078/3434/2797
f 4080/3447/2810 4091/3448/2811 4079/3436/2799
f 4094/3449/2812 4081/3450/2813 4082/3437/2800
f 4095/3451/2814 4082/3437/2800 4083/3439/2802
f 4096/3452/2815 4083/3439/2802 4084/3440/2803
f 4097/3453/2816 4084/3440/2803 4085/3441/2804
f 4098/3454/2817 4085/3441/2804 4086/3442/2805
f 4099/3455/2818 4086/3442/2805 4087/3443/2806
f 4088/3444/2807 4099/3455/2818 4087/3443/2806
f 4089/3445/2808 4100/3456/2819 4088/3444/2807
f 4090/3446/2809 4101/3457/2820 4089/3445/2808
f 4091/3448/2811 4102/3458/2821 4090/3446/2809
f 4092/3459/2822 4103/3460/2823 4091/3448/2811
f 4106/3461/2824 4093/3462/2825 4094/3449/2812
f 4107/3463/2826 4094/3449/2812 4095/3451/2814
f 4108/3464/2827 4095/3451/2814 4096/3452/2815
f 4109/3465/2828 4096/3452/2815 4097/3453/2816
f 4110/3466/2829 4097/3453/2816 4098/3454/2817
f 4111/3467/2830 4098/3454/2817 4099/3455/2818
f 4100/3456/2819 4111/3467/2830 4099/3455/2818
f 4101/3457/2820 4112/3468/2831 4100/3456/2819
f 4102/3458/2821 4113/3469/2832 4101/3457/2820
f 4103/3460/2823 4114/3470/2833 4102/3458/2821
f 4104/3471/2834 4115/3472/2835 4103/3460/2823
f 4118/3473/2836 4105/3474/2837 4106/3461/2824
f 4119/3475/2838 4106/3461/2824 4107/3463/2826
f 4120/3476/2839 4107/3463/2826 4108/3464/2827
f 4121/3477/2840 4108/3464/2827 4109/3465/2828
f 4122/3478/2841 4109/3465/2828 4110/3466/2829
f 4123/3479/2842 4110/3466/2829 4111/3467/2830
f 4112/3468/2831 4123/3479/2842 4111/3467/2830
f 4113/3469/2832 4124/3480/2843 4112/3468/2831
f 4114/3470/2833 4125/3481/2844 4113/3469/2832
f 4115/3472/2835 4126/3482/2845 4114/3470/2833
f 4116/3483/2846 4127/3484/2847 4115/3472/2835
f 4118/3473/2836 4129/3485/2848 4117/3486/2849
f 4119/3475/2838 4130/3487/2850 4118/3473/2836
f 4120/3476/2839 4131/3488/2851 4119/3475/2838
f 4121/3477/2840 4132/3489/2852 4120/3476/2839
f 4122/3478/2841 4133/3490/2853 4121/3477/2840
f 4135/3491/2854 4122/3478/2841 4123/3479/2842
f 4136/3492/2855 4123/3479/2842 4124/3480/2843
f 4137/3493/2856 4124/3480/2843 4125/3481/2844
f 4138/3494/2857 4125/3481/2844 4126/3482/2845
f 4139/3495/2858 4126/3482/2845 4127/3484/2847
f 4140/3496/2859 4127/3484/2847 4128/3497/2860
f 4130/3487/2850 4141/3498/2861 4129/3485/2848
f 4131/3488/2851 4142/3499/2862 4130/3487/2850
f 4132/3489/2852 4143/3500/2863 4131/3488/2851
f 4133/3490/2853 4144/3501/2864 4132/3489/2852
f 4134/3502/2865 4145/3503/2866 4133/3490/2853
f 4147/3504/2867 4134/3502/2865 4135/3491/2854
f 4148/3505/2868 4135/3491/2854 4136/3492/2855
f 4149/3506/2869 4136/3492/2855 4137/3493/2856
f 4150/3507/2870 4137/3493/2856 4138/3494/2857
f 4151/3508/2871 4138/3494/2857 4139/3495/2858
f 4152/3509/2872 4139/3495/2858 4140/3496/2859
f 4154/3510/2873 4141/3498/2861 4142/3499/2862
f 4155/3511/2874 4142/3499/2862 4143/3500/2863
f 4156/3512/2875 4143/3500/2863 4144/3501/2864
f 4157/3513/2876 4144/3501/2864 4145/3503/2866
f 4158/3514/2877 4145/3503/2866 4146/3515/2878
f 4159/3516/2879 4146/3515/2878 4147/3504/2867
f 4148/3505/2868 4159/3516/2879 4147/3504/2867
f 4149/3506/2869 4160/3517/2880 4148/3505/2868
f 4150/3507/2870 4161/3518/2881 4149/3506/2869
f 4151/3508/2871 4162/3519/2882 4150/3507/2870
f 4152/3509/2872 4163/3520/2883 4151/3508/2871
f 4166/3521/2884 4153/3522/2885 4154/3510/2873
f 4167/3523/2886 4154/3510/2873 4155/3511/2874
f 4168/3524/2887 4155/3511/2874 4156/3512/2875
f 4169/3525/2888 4156/3512/2875 4157/3513/2876
f 4170/3526/2889 4157/3513/2876 4158/3514/2877
f 4171/3527/2890 4158/3514/2877 4159/3516/2879
f 4160/3517/2880 4171/3527/2890 4159/3516/2879
f 4161/3518/2881 4172/3528/2891 4160/3517/2880
f 4162/3519/2882 4173/3529/2892 4161/3518/2881
f 4163/3520/2883 4174/3530/2893 4162/3519/2882
f 4164/3531/2894 4175/3532/2895 4163/3520/2883
f 4178/3533/2896 4165/3534/2897 4166/3521/2884
f 4179/3535/2898 4166/3521/2884 4167/3523/2886
f 4180/3536/2899 4167/3523/2886 4168/3524/2887
f 4181/3537/2900 4168/3524/2887 4169/3525/2888
f 4182/3538/2901 4169/3525/2888 4170/3526/2889
f 4183/3539/2902 4170/3526/2889 4171/3527/2890
f 4172/3528/2891 4183/3539/2902 4171/3527/2890
f 4173/3529/2892 4184/3540/2903 4172/3528/2891
f 4174/3530/2893 4185/3541/2904 4173/3529/2892
f 4175/3532/2895 4186/3542/2905 4174/3530/2893
f 4176/3543/2906 4187/3544/2907 4175/3532/2895
f 4190/3545/2908 4177/3546/2909 4178/3533/2896
f 4191/3547/2910 4178/3533/2896 4179/3535/2898
f 4192/3548/2911 4179/3535/2898 4180/3536/2899
f 4193/3549/2912 4180/3536/2899 4181/3537/2900
f 4194/3550/2913 4181/3537/2900 4182/3538/2901
f 4195/3551/2914 4182/3538/2901 4183/3539/2902
f 4184/3540/2903 4195/3551/2914 4183/3539/2902
f 4185/3541/2904 4196/3552/2915 4184/3540/2903
f 4186/3542/2905 4197/3553/2916 4185/3541/2904
f 4187/3544/2907 4198/3554/2917 4186/3542/2905
f 4188/3555/2918 4199/3556/2919 4187/3544/2907
f 4202/3557/2920 4189/3558/2921 4190/3545/2908
f 4203/3559/2922 4190/3545/2908 4191/3547/2910
f 4204/3560/2923 4191/3547/2910 4192/3548/2911
f 4205/3561/2924 4192/3548/2911 4193/3549/2912
f 4206/3562/2925 4193/3549/2912 4194/3550/2913
f 4207/3563/2926 4194/3550/2913 4195/3551/2914
f 4196/3552/2915 4207/3563/2926 4195/3551/2914
f 4197/3553/2916 4208/3564/2927 4196/3552/2915
f 4198/3554/2917 4209/3565/2928 4197/3553/2916
f 4199/3556/2919 4210/3566/2929 4198/3554/2917
f 4200/3567/2930 4211/3568/2931 4199/3556/2919
f 4214/3569/2932 4201/3570/2933 4202/3557/2920
f 4215/3571/2934 4202/3557/2920 4203/3559/2922
f 4216/3572/2935 4203/3559/2922 4204/3560/2923
f 4217/3573/2936 4204/3560/2923 4205/3561/2924
f 4218/3574/2937 4205/3561/2924 4206/3562/2925
f 4219/3575/2938 4206/3562/2925 4207/3563/2926
f 4208/3564/2927 4219/3575/2938 4207/3563/2926
f 4209/3565/2928 4220/3576/2939 4208/3564/2927
f 4210/3566/2929 4221/3577/2940 4209/3565/2928
f 4211/3568/2931 4222/3578/2941 4210/3566/2929
f 4212/3579/2942 4223/3580/2943 4211/3568/2931
f 4226/3581/2944 4213/3582/2945 4214/3569/2932
f 4227/3583/2946 4214/3569/2932 4215/3571/2934
f 4228/3584/2947 4215/3571/2934 4216/3572/2935
f 4229/3585/2948 4216/3572/2935 4217/3573/2936
f 4230/3586/2949 4217/3573/2936 4218/3574/2937
f 4231/3587/2950 4218/3574/2937 4219/3575/2938
f 4220/3576/2939 4231/3587/2950 4219/3575/2938
f 4221/3577/2940 4232/3588/2951 4220/3576/2939
f 4222/3578/2941 4233/3589/2952 4221/3577/2940
f 4223/3580/2943 4234/3590/2953 4222/3578/2941
f 4224/3591/2954 4235/3592/2955 4223/3580/2943
f 4238/3593/2956 4225/3594/2957 4226/3581/2944
f 4239/3595/2958 4226/3581/2944 4227/3583/2946
f 4240/3596/2959 4227/3583/2946 4228/3584/2947
f 4241/3597/2960 4228/3584/2947 4229/3585/2948
f 4242/3598/2961 4229/3585/2948 4230/3586/2949
f 4243/3599/2962 4230/3586/2949 4231/3587/2950
f 4232/3588/2951 4243/3599/2962 4231/3587/2950
f 4233/3589/2952 4244/3600/2963 4232/3588/2951
f 4234/3590/2953 4245/3601/2964 4233/3589/2952
f 4235/3592/2955 4246/3602/2965 4234/3590/2953
f 4236/3603/2966 4247/3604/2967 4235/3592/2955
f 4250/3605/2968 4237/3606/2969 4238/3593/2956
f 4251/3607/2970 4238/3593/2956 4239/3595/2958
f 4252/3608/2971 4239/3595/2958 4240/3596/2959
f 4253/3609/2972 4240/3596/2959 4241/3597/2960
f 4254/3610/2973 4241/3597/2960 4242/3598/2961
f 4255/3611/2974 4242/3598/2961 4243/3599/2962
f 4244/3600/2963 4255/3611/2974 4243/3599/2962
f 4245/3601/2964 4256/3612/2975 4244/3600/2963
f 4246/3602/2965 4257/3613/2976 4245/3601/2964
f 4247/3604/2967 4258/3614/2977 4246/3602/2965
f 4248/3615/2978 4259/3616/2979 4247/3604/2967
f 4262/3617/2980 4249/3618/2981 4250/3605/2968
f 4263/3619/2982 4250/3605/2968 4251/3607/2970
f 4264/3620/2983 4251/3607/2970 4252/3608/2971
f 4265/3621/2984 4252/3608/2971 4253/3609/2972
f 4266/3622/2985 4253/3609/2972 4254/3610/2973
f 4267/3623/2986 4254/3610/2973 4255/3611/2974
f 4256/3612/2975 4267/3623/2986 4255/3611/2974
f 4257/3613/2976 4268/3624/2987 4256/3612/2975
f 4258/3614/2977 4269/3625/2988 4257/3613/2976
f 4259/3616/2979 4270/3626/2989 4258/3614/2977
f 4260/3627/2990 4271/3628/2991 4259/3616/2979
f 4262/3617/2980 3673/1/2398 4261/3629/2992
f 4263/3619/2982 3674/2203/2396 4262/3617/2980
f 4264/3620/2983 3675/2204/2399 4263/3619/2982
f 4265/3621/2984 3676/2205/2401 4264/3620/2983
f 4266/3622/2985 3677/2206/2403 4265/3621/2984
f 3679/2209/2408 4266/3622/2985 4267/3623/2986
f 3680/2285/2410 4267/3623/2986 4268/3624/2987
f 3681/2210/2412 4268/3624/2987 4269/3625/2988
f 3682/2211/2414 4269/3625/2988 4270/3626/2989
f 3683/2212/2416 4270/3626/2989 4271/3628/2991
f 3684/2213/2418 4271/3628/2991 4272/3630/2993
f 4286/2223/2994 4273/5/2995 4274/310/2996
f 4287/2239/2997 4274/310/2996 4275/312/2998
f 4288/2226/2999 4275/312/2998 4276/314/3000
f 4289/2227/3001 4276/314/3000 4277/316/3002
f 4290/2228/3003 4277/316/3002 4278/318/3004
f 4291/2229/3005 4278/318/3004 4279/320/3006
f 4292/2230/3007 4279/320/3006 4280/321/3008
f 4293/2231/3009 4280/321/3008 4281/322/3010
f 4294/2232/3011 4281/322/3010 4282/324/3012
f 4283/326/3013 4294/2232/3011 4282/324/3012
f 4296/2235/3014 4283/326/3013 4284/328/3015
f 4298/1254/3016 4285/2237/3017 4286/2223/2994
f 4299/1256/3018 4286/2223/2994 4287/2239/2997
f 4300/1257/3019 4287/2239/2997 4288/2226/2999
f 4301/1258/3020 4288/2226/2999 4289/2227/3001
f 4302/1259/3021 4289/2227/3001 4290/2228/3003
f 4303/1260/3022 4290/2228/3003 4291/2229/3005
f 4292/2230/3007 4303/1260/3022 4291/2229/3005
f 4293/2231/3009 4304/1261/3023 4292/2230/3007
f 4294/2232/3011 4305/1262/3024 4293/2231/3009
f 4295/2234/3025 4306/1263/3026 4294/2232/3011
f 4296/2235/3014 4307/1265/3027 4295/2234/3025
f 4310/2262/3028 4297/1267/3029 4298/1254/3016
f 4311/2263/3030 4298/1254/3016 4299/1256/3018
f 4312/2264/3031 4299/1256/3018 4300/1257/3019
f 4313/2265/3032 4300/1257/3019 4301/1258/3020
f 4314/2278/3033 4301/1258/3020 4302/1259/3021
f 4315/2266/3034 4302/1259/3021 4303/1260/3022
f 4316/2267/3035 4303/1260/3022 4304/1261/3023
f 4317/2268/3036 4304/1261/3023 4305/1262/3024
f 4318/2270/3037 4305/1262/3024 4306/1263/3026
f 4319/2271/3038 4306/1263/3026 4307/1265/3027
f 4320/2272/3039 4307/1265/3027 4308/1276/3040
f 4310/2262/3028 4273/1/2995 4309/2260/3041
f 4311/2263/3030 4274/2203/2996 4310/2262/3028
f 4312/2264/3031 4275/2204/2998 4311/2263/3030
f 4313/2265/3032 4276/2205/3000 4312/2264/3031
f 4314/2278/3033 4277/2206/3002 4313/2265/3032
f 4279/2209/3006 4314/2278/3033 4315/2266/3034
f 4280/2285/3008 4315/2266/3034 4316/2267/3035
f 4281/2210/3010 4316/2267/3035 4317/2268/3036
f 4282/2211/3012 4317/2268/3036 4318/2270/3037
f 4283/2212/3013 4318/2270/3037 4319/2271/3038
f 4284/2213/3015 4319/2271/3038 4320/2272/3039
f 4322/310/85 4333/2237/10 4321/5/96
f 4335/2239/13 4322/310/85 4323/312/86
f 4336/2226/15 4323/312/86 4324/314/99
f 4337/2227/1648 4324/314/99 4325/316/87
f 4338/2228/19 4325/316/87 4326/318/88
f 4339/2229/21 4326/318/88 4327/320/89
f 4340/2230/56 4327/320/89 4328/321/1650
f 4341/2231/23 4328/321/1650 4329/322/91
f 4342/2232/25 4329/322/91 4330/324/92
f 4343/2234/27 4330/324/92 4331/326/93
f 4344/2235/29 4331/326/93 4332/328/94
f 4346/1254/43 4333/2237/10 4334/2223/11
f 4347/1256/32 4334/2223/11 4335/2239/13
f 4348/1257/33 4335/2239/13 4336/2226/15
f 4349/1258/60 4336/2226/15 4337/2227/1648
f 4338/2228/19 4349/1258/60 4337/2227/1648
f 4351/1260/36 4338/2228/19 4339/2229/21
f 4352/1261/61 4339/2229/21 4340/2230/56
f 4353/1262/38 4340/2230/56 4341/2231/23
f 4354/1263/39 4341/2231/23 4342/2232/25
f 4355/1265/40 4342/2232/25 4343/2234/27
f 4356/1276/41 4343/2234/27 4344/2235/29
f 4358/2262/62 4345/1267/31 4346/1254/43
f 4359/2263/63 4346/1254/43 4347/1256/32
f 4360/2264/64 4347/1256/32 4348/1257/33
f 4361/2265/65 4348/1257/33 4349/1258/60
f 4362/2278/66 4349/1258/60 4350/1259/35
f 4363/2266/67 4350/1259/35 4351/1260/36
f 4364/2267/68 4351/1260/36 4352/1261/61
f 4365/2268/69 4352/1261/61 4353/1262/38
f 4366/2270/70 4353/1262/38 4354/1263/39
f 4367/2271/71 4354/1263/39 4355/1265/40
f 4368/2272/72 4355/1265/40 4356/1276/41
f 4322/2203/85 4357/2260/74 4358/2262/62
f 4359/2263/63 4322/2203/85 4358/2262/62
f 4324/2205/99 4359/2263/63 4360/2264/64
f 4325/2206/87 4360/2264/64 4361/2265/65
f 4326/2207/88 4361/2265/65 4362/2278/66
f 4327/2209/89 4362/2278/66 4363/2266/67
f 4328/2285/1650 4363/2266/67 4364/2267/68
f 4329/2210/91 4364/2267/68 4365/2268/69
f 4330/2211/92 4365/2268/69 4366/2270/70
f 4331/2212/93 4366/2270/70 4367/2271/71
f 4332/2213/94 4367/2271/71 4368/2272/72
f 638/309/9 637/331/10 625/5/10
f 639/311/12 638/309/9 626/310/11
f 640/313/14 639/311/12 627/312/13
f 641/315/16 640/313/14 628/314/15
f 642/317/18 641/315/16 629/316/17
f 643/319/20 642/317/18 630/318/19
f 632/321/22 644/323/24 643/319/20
f 633/322/23 645/325/26 644/323/24
f 634/324/25 646/327/28 645/325/26
f 635/326/27 647/329/30 646/327/28
f 636/328/29 648/342/29 647/329/30
f 638/309/9 650/332/11 649/330/10
f 639/311/12 651/333/13 650/332/11
f 640/313/14 652/334/15 651/333/13
f 641/315/16 653/335/17 652/334/15
f 642/317/18 654/348/19 653/335/17
f 655/336/21 654/348/19 642/317/18
f 656/337/22 655/336/21 643/319/20
f 657/338/23 656/337/22 644/323/24
f 658/339/25 657/338/23 645/325/26
f 659/340/27 658/339/25 646/327/28
f 660/341/29 659/340/27 647/329/30
f 650/332/11 662/356/43 661/343/31
f 663/344/32 662/356/43 650/332/11
f 664/345/33 663/344/32 651/333/13
f 665/346/34 664/345/33 652/334/15
f 666/347/35 665/346/34 653/335/17
f 667/349/36 666/347/35 654/348/19
f 668/350/37 667/349/36 655/336/21
f 669/351/38 668/350/37 656/337/22
f 670/352/39 669/351/38 657/338/23
f 671/353/40 670/352/39 658/339/25
f 672/354/41 671/353/40 659/340/27
f 674/355/42 673/367/31 661/343/31
f 675/357/44 674/355/42 662/356/43
f 676/358/45 675/357/44 663/344/32
f 677/359/46 676/358/45 664/345/33
f 678/360/47 677/359/46 665/346/34
f 679/361/48 678/360/47 666/347/35
f 668/350/37 680/362/49 679/361/48
f 669/351/38 681/363/50 680/362/49
f 670/352/39 682/364/51 681/363/50
f 671/353/40 683/365/52 682/364/51
f 672/354/41 684/377/41 683/365/52
f 686/366/9 685/379/10 673/367/31
f 687/368/12 686/366/9 674/355/42
f 688/369/14 687/368/12 675/357/44
f 689/370/16 688/369/14 676/358/45
f 690/371/53 689/370/16 677/359/46
f 691/372/54 690/371/53 678/360/47
f 692/373/24 691/372/54 679/361/48
f 693/374/26 692/373/24 680/362/49
f 694/375/28 693/374/26 681/363/50
f 695/376/30 694/375/28 682/364/51
f 684/377/41 696/390/29 695/376/30
f 686/366/9 698/380/11 697/378/10
f 687/368/12 699/381/13 698/380/11
f 688/369/14 700/382/15 699/381/13
f 689/370/16 701/383/17 700/382/15
f 690/371/53 702/396/19 701/383/17
f 703/384/21 702/396/19 690/371/53
f 704/385/22 703/384/21 691/372/54
f 705/386/23 704/385/22 692/373/24
f 706/387/25 705/386/23 693/374/26
f 707/388/27 706/387/25 694/375/28
f 708/389/29 707/388/27 695/376/30
f 710/391/9 709/403/10 697/378/10
f 711/392/12 710/391/9 698/380/11
f 712/393/14 711/392/12 699/381/13
f 713/394/16 712/393/14 700/382/15
f 714/395/55 713/394/16 701/383/17
f 715/397/54 714/395/55 702/396/19
f 704/385/22 716/398/24 715/397/54
f 705/386/23 717/399/26 716/398/24
f 706/387/25 718/400/28 717/399/26
f 707/388/27 719/401/30 718/400/28
f 708/389/29 720/414/29 719/401/30
f 710/391/9 722/404/11 721/402/10
f 711/392/12 723/405/13 722/404/11
f 712/393/14 724/406/15 723/405/13
f 713/394/16 725/407/17 724/406/15
f 714/395/55 726/419/19 725/407/17
f 727/408/21 726/419/19 714/395/55
f 728/409/56 727/408/21 715/397/54
f 729/410/23 728/409/56 716/398/24
f 730/411/25 729/410/23 717/399/26
f 731/412/27 730/411/25 718/400/28
f 732/413/29 731/412/27 719/401/30
f 734/415/43 733/425/31 721/402/10
f 723/405/13 735/416/32 734/415/43
f 724/406/15 736/428/33 735/416/32
f 737/417/34 736/428/33 724/406/15
f 738/418/35 737/417/34 725/407/17
f 739/420/36 738/418/35 726/419/19
f 740/421/37 739/420/36 727/408/21
f 729/410/23 741/432/38 740/421/37
f 742/422/39 741/432/38 729/410/23
f 743/423/40 742/422/39 730/411/25
f 732/413/29 744/436/41 743/423/40
f 746/424/42 745/439/31 733/425/31
f 747/426/44 746/424/42 734/415/43
f 748/427/45 747/426/44 735/416/32
f 749/429/46 748/427/45 736/428/33
f 750/430/57 749/429/46 737/417/34
f 751/431/58 750/430/57 738/418/35
f 740/421/37 752/433/49 751/431/58
f 741/432/38 753/434/50 752/433/49
f 742/422/39 754/435/51 753/434/50
f 743/423/40 755/437/52 754/435/51
f 744/436/41 756/450/41 755/437/52
f 758/438/9 757/452/10 745/439/31
f 759/440/12 758/438/9 746/424/42
f 760/441/14 759/440/12 747/426/44
f 761/442/16 760/441/14 748/427/45
f 762/443/55 761/442/16 749/429/46
f 763/444/59 762/443/55 750/430/57
f 764/445/24 763/444/59 751/431/58
f 765/446/26 764/445/24 752/433/49
f 766/447/28 765/446/26 753/434/50
f 767/448/30 766/447/28 754/435/51
f 768/449/29 767/448/30 755/437/52
f 758/438/9 770/453/11 769/451/10
f 759/440/12 771/454/13 770/453/11
f 760/441/14 772/455/15 771/454/13
f 761/442/16 773/456/17 772/455/15
f 762/443/55 774/468/19 773/456/17
f 775/457/21 774/468/19 762/443/55
f 776/458/56 775/457/21 763/444/59
f 777/459/23 776/458/56 764/445/24
f 778/460/25 777/459/23 765/446/26
f 779/461/27 778/460/25 766/447/28
f 780/462/29 779/461/27 767/448/30
f 782/463/43 781/475/31 769/451/10
f 783/464/32 782/463/43 770/453/11
f 784/465/33 783/464/32 771/454/13
f 785/466/60 784/465/33 772/455/15
f 786/467/35 785/466/60 773/456/17
f 787/469/36 786/467/35 774/468/19
f 788/470/37 787/469/36 775/457/21
f 789/471/38 788/470/37 776/458/56
f 778/460/25 790/482/39 789/471/38
f 791/472/40 790/482/39 778/460/25
f 792/473/41 791/472/40 779/461/27
f 794/474/42 793/487/31 781/475/31
f 795/476/44 794/474/42 782/463/43
f 796/477/45 795/476/44 783/464/32
f 797/478/46 796/477/45 784/465/33
f 798/479/47 797/478/46 785/466/60
f 799/480/58 798/479/47 786/467/35
f 788/470/37 800/481/49 799/480/58
f 789/471/38 801/483/50 800/481/49
f 790/482/39 802/484/51 801/483/50
f 791/472/40 803/485/52 802/484/51
f 792/473/41 804/498/41 803/485/52
f 794/474/42 806/488/43 805/486/31
f 795/476/44 807/489/32 806/488/43
f 796/477/45 808/490/33 807/489/32
f 797/478/46 809/491/60 808/490/33
f 798/479/47 810/504/35 809/491/60
f 811/492/36 810/504/35 798/479/47
f 812/493/61 811/492/36 799/480/58
f 813/494/38 812/493/61 800/481/49
f 814/495/39 813/494/38 801/483/50
f 815/496/40 814/495/39 802/484/51
f 816/497/41 815/496/40 803/485/52
f 818/499/62 817/512/74 805/486/31
f 819/500/63 818/499/62 806/488/43
f 820/501/64 819/500/63 807/489/32
f 821/502/65 820/501/64 808/490/33
f 822/503/66 821/502/65 809/491/60
f 823/505/67 822/503/66 810/504/35
f 824/506/68 823/505/67 811/492/36
f 825/507/69 824/506/68 812/493/61
f 826/508/70 825/507/69 813/494/38
f 827/509/71 826/508/70 814/495/39
f 828/510/72 827/509/71 815/496/40
f 830/511/73 829/523/74 817/512/74
f 831/513/75 830/511/73 818/499/62
f 832/514/76 831/513/75 819/500/63
f 833/515/77 832/514/76 820/501/64
f 834/516/78 833/515/77 821/502/65
f 835/517/79 834/516/78 822/503/66
f 824/506/68 836/518/80 835/517/79
f 825/507/69 837/519/81 836/518/80
f 826/508/70 838/520/82 837/519/81
f 827/509/71 839/521/83 838/520/82
f 828/510/72 840/534/72 839/521/83
f 830/511/73 842/524/62 841/522/74
f 831/513/75 843/525/63 842/524/62
f 832/514/76 844/526/64 843/525/63
f 833/515/77 845/527/84 844/526/64
f 834/516/78 846/539/66 845/527/84
f 847/528/67 846/539/66 834/516/78
f 848/529/68 847/528/67 835/517/79
f 849/530/69 848/529/68 836/518/80
f 850/531/70 849/530/69 837/519/81
f 851/532/71 850/531/70 838/520/82
f 852/533/72 851/532/71 839/521/83
f 854/535/85 853/547/96 841/522/74
f 855/536/86 854/535/85 842/524/62
f 844/526/64 856/550/99 855/536/86
f 857/537/87 856/550/99 844/526/64
f 858/538/88 857/537/87 845/527/84
f 859/540/89 858/538/88 846/539/66
f 860/541/90 859/540/89 847/528/67
f 861/542/91 860/541/90 848/529/68
f 862/543/92 861/542/91 849/530/69
f 863/544/93 862/543/92 850/531/70
f 864/545/94 863/544/93 851/532/71
f 866/546/95 865/559/96 853/547/96
f 867/548/97 866/546/95 854/535/85
f 868/549/98 867/548/97 855/536/86
f 869/551/100 868/549/98 856/550/99
f 870/552/101 869/551/100 857/537/87
f 871/553/102 870/552/101 858/538/88
f 860/541/90 872/554/103 871/553/102
f 861/542/91 873/555/104 872/554/103
f 862/543/92 874/556/105 873/555/104
f 863/544/93 875/557/106 874/556/105
f 864/545/94 876/569/94 875/557/106
f 878/558/73 877/571/74 865/559/96
f 879/560/75 878/558/73 866/546/95
f 880/561/76 879/560/75 867/548/97
f 881/562/77 880/561/76 868/549/98
f 882/563/78 881/562/77 869/551/100
f 883/564/107 882/563/78 870/552/101
f 884/565/80 883/564/107 871/553/102
f 885/566/81 884/565/80 872/554/103
f 874/556/105 886/580/82 885/566/81
f 887/567/83 886/580/82 874/556/105
f 888/568/72 887/567/83 875/557/106
f 878/558/73 890/572/62 889/570/74
f 879/560/75 891/573/63 890/572/62
f 880/561/76 892/574/64 891/573/63
f 881/562/77 893/575/65 892/574/64
f 882/563/78 894/587/66 893/575/65
f 895/576/67 894/587/66 882/563/78
f 896/577/68 895/576/67 883/564/107
f 897/578/69 896/577/68 884/565/80
f 898/579/70 897/578/69 885/566/81
f 899/581/71 898/579/70 886/580/82
f 900/582/72 899/581/71 887/567/83
f 890/572/62 902/594/85 901/583/96
f 903/584/86 902/594/85 890/572/62
f 904/585/99 903/584/86 891/573/63
f 893/575/65 905/598/108 904/585/99
f 906/586/88 905/598/108 893/575/65
f 907/588/89 906/586/88 894/587/66
f 908/589/90 907/588/89 895/576/67
f 909/590/91 908/589/90 896/577/68
f 898/579/70 910/591/92 909/590/91
f 899/581/71 911/603/93 910/591/92
f 912/592/94 911/603/93 899/581/71
f 914/593/95 913/607/96 901/583/96
f 915/595/97 914/593/95 902/594/85
f 916/596/98 915/595/97 903/584/86
f 917/597/100 916/596/98 904/585/99
f 918/599/101 917/597/100 905/598/108
f 919/600/102 918/599/101 906/586/88
f 908/589/90 920/601/103 919/600/102
f 909/590/91 921/602/104 920/601/103
f 910/591/92 922/604/105 921/602/104
f 911/603/93 923/605/106 922/604/105
f 912/592/94 924/618/94 923/605/106
f 926/606/73 925/620/74 913/607/96
f 927/608/75 926/606/73 914/593/95
f 928/609/76 927/608/75 915/595/97
f 929/610/77 928/609/76 916/596/98
f 930/611/78 929/610/77 917/597/100
f 931/612/107 930/611/78 918/599/101
f 932/613/80 931/612/107 919/600/102
f 933/614/81 932/613/80 920/601/103
f 934/615/82 933/614/81 921/602/104
f 935/616/83 934/615/82 922/604/105
f 936/617/72 935/616/83 923/605/106
f 926/606/73 938/621/62 937/619/74
f 927/608/75 939/622/63 938/621/62
f 928/609/76 940/623/64 939/622/63
f 929/610/77 941/624/65 940/623/64
f 930/611/78 942/636/66 941/624/65
f 943/625/67 942/636/66 930/611/78
f 944/626/109 943/625/67 931/612/107
f 945/627/69 944/626/109 932/613/80
f 946/628/70 945/627/69 933/614/81
f 947/629/71 946/628/70 934/615/82
f 948/630/72 947/629/71 935/616/83
f 950/631/73 949/643/74 937/619/74
f 951/632/75 950/631/73 938/621/62
f 952/633/76 951/632/75 939/622/63
f 953/634/77 952/633/76 940/623/64
f 954/635/78 953/634/77 941/624/65
f 955/637/107 954/635/78 942/636/66
f 944/626/109 956/638/80 955/637/107
f 945/627/69 957/639/81 956/638/80
f 946/628/70 958/640/82 957/639/81
f 947/629/71 959/641/83 958/640/82
f 948/630/72 960/652/72 959/641/83
f 962/642/110 961/655/121 949/643/74
f 963/644/111 962/642/110 950/631/73
f 964/645/112 963/644/111 951/632/75
f 965/646/113 964/645/112 952/633/76
f 966/647/114 965/646/113 953/634/77
f 967/648/115 966/647/114 954/635/78
f 956/638/80 968/649/116 967/648/115
f 957/639/81 969/650/117 968/649/116
f 958/640/82 970/651/118 969/650/117
f 959/641/83 971/653/119 970/651/118
f 960/652/72 972/665/131 971/653/119
f 962/642/110 974/656/122 973/654/120
f 963/644/111 975/668/134 974/656/122
f 976/657/123 975/668/134 963/644/111
f 977/658/124 976/657/123 964/645/112
f 978/659/125 977/658/124 965/646/113
f 979/660/126 978/659/125 966/647/114
f 968/649/116 980/661/127 979/660/126
f 969/650/117 981/662/128 980/661/127
f 970/651/118 982/663/129 981/662/128
f 971/653/119 983/675/141 982/663/129
f 984/664/130 983/675/141 971/653/119
f 986/666/132 985/679/145 973/654/120
f 987/667/133 986/666/132 974/656/122
f 988/669/135 987/667/133 975/668/134
f 989/670/136 988/669/135 976/657/123
f 990/671/137 989/670/136 977/658/124
f 991/672/138 990/671/137 978/659/125
f 980/661/127 992/673/139 991/672/138
f 981/662/128 993/674/140 992/673/139
f 982/663/129 994/676/142 993/674/140
f 983/675/141 995/677/143 994/676/142
f 984/664/130 996/688/154 995/677/143
f 998/678/144 997/691/157 985/679/145
f 999/680/146 998/678/144 986/666/132
f 1000/681/147 999/680/146 987/667/133
f 1001/682/148 1000/681/147 988/669/135
f 1002/683/149 1001/682/148 989/670/136
f 1003/684/150 1002/683/149 990/671/137
f 992/673/139 1004/685/151 1003/684/150
f 993/674/140 1005/686/152 1004/685/151
f 994/676/142 1006/687/153 1005/686/152
f 995/677/143 1007/689/155 1006/687/153
f 996/688/154 1008/700/166 1007/689/155
f 1010/690/156 1009/703/169 997/691/157
f 1011/692/158 1010/690/156 998/678/144
f 1012/693/159 1011/692/158 999/680/146
f 1013/694/160 1012/693/159 1000/681/147
f 1014/695/161 1013/694/160 1001/682/148
f 1015/696/162 1014/695/161 1002/683/149
f 1004/685/151 1016/697/163 1015/696/162
f 1005/686/152 1017/698/164 1016/697/163
f 1006/687/153 1018/699/165 1017/698/164
f 1007/689/155 1019/701/167 1018/699/165
f 1008/700/166 1020/712/178 1019/701/167
f 1022/702/168 1021/715/181 1009/703/169
f 1023/704/170 1022/702/168 1010/690/156
f 1024/705/171 1023/704/170 1011/692/158
f 1025/706/172 1024/705/171 1012/693/159
f 1026/707/173 1025/706/172 1013/694/160
f 1027/708/174 1026/707/173 1014/695/161
f 1016/697/163 1028/709/175 1027/708/174
f 1017/698/164 1029/710/176 1028/709/175
f 1018/699/165 1030/711/177 1029/710/176
f 1019/701/167 1031/713/179 1030/711/177
f 1020/712/178 1032/724/190 1031/713/179
f 1034/714/180 1033/727/193 1021/715/181
f 1035/716/182 1034/714/180 1022/702/168
f 1036/717/183 1035/716/182 1023/704/170
f 1037/718/184 1036/717/183 1024/705/171
f 1038/719/185 1037/718/184 1025/706/172
f 1039/720/186 1038/719/185 1026/707/173
f 1028/709/175 1040/721/187 1039/720/186
f 1029/710/176 1041/722/188 1040/721/187
f 1030/711/177 1042/723/189 1041/722/188
f 1031/713/179 1043/725/191 1042/723/189
f 1032/724/190 1044/736/202 1043/725/191
f 1046/726/192 1045/739/205 1033/727/193
f 1047/728/194 1046/726/192 1034/714/180
f 1048/729/195 1047/728/194 1035/716/182
f 1049/730/196 1048/729/195 1036/717/183
f 1050/731/197 1049/730/196 1037/718/184
f 1051/732/198 1050/731/197 1038/719/185
f 1040/721/187 1052/733/199 1051/732/198
f 1041/722/188 1053/734/200 1052/733/199
f 1042/723/189 1054/735/201 1053/734/200
f 1043/725/191 1055/737/203 1054/735/201
f 1044/736/202 1056/748/214 1055/737/203
f 1058/738/204 1057/751/217 1045/739/205
f 1059/740/206 1058/738/204 1046/726/192
f 1060/741/207 1059/740/206 1047/728/194
f 1061/742/208 1060/741/207 1048/729/195
f 1062/743/209 1061/742/208 1049/730/196
f 1063/744/210 1062/743/209 1050/731/197
f 1052/733/199 1064/745/211 1063/744/210
f 1053/734/200 1065/746/212 1064/745/211
f 1054/735/201 1066/747/213 1065/746/212
f 1055/737/203 1067/749/215 1066/747/213
f 1056/748/214 1068/760/226 1067/749/215
f 1070/750/216 1069/763/229 1057/751/217
f 1071/752/218 1070/750/216 1058/738/204
f 1072/753/219 1071/752/218 1059/740/206
f 1073/754/220 1072/753/219 1060/741/207
f 1074/755/221 1073/754/220 1061/742/208
f 1075/756/222 1074/755/221 1062/743/209
f 1064/745/211 1076/757/223 1075/756/222
f 1065/746/212 1077/758/224 1076/757/223
f 1066/747/213 1078/759/225 1077/758/224
f 1067/749/215 1079/761/227 1078/759/225
f 1068/760/226 1080/772/238 1079/761/227
f 1082/762/228 1081/775/241 1069/763/229
f 1083/764/230 1082/762/228 1070/750/216
f 1084/765/231 1083/764/230 1071/752/218
f 1085/766/232 1084/765/231 1072/753/219
f 1086/767/233 1085/766/232 1073/754/220
f 1087/768/234 1086/767/233 1074/755/221
f 1076/757/223 1088/769/235 1087/768/234
f 1077/758/224 1089/770/236 1088/769/235
f 1078/759/225 1090/771/237 1089/770/236
f 1079/761/227 1091/773/239 1090/771/237
f 1080/772/238 1092/784/250 1091/773/239
f 1094/774/240 1093/787/253 1081/775/241
f 1095/776/242 1094/774/240 1082/762/228
f 1096/777/243 1095/776/242 1083/764/230
f 1097/778/244 1096/777/243 1084/765/231
f 1098/779/245 1097/778/244 1085/766/232
f 1099/780/246 1098/779/245 1086/767/233
f 1088/769/235 1100/781/247 1099/780/246
f 1089/770/236 1101/782/248 1100/781/247
f 1090/771/237 1102/783/249 1101/782/248
f 1091/773/239 1103/785/251 1102/783/249
f 1092/784/250 1104/797/263 1103/785/251
f 1094/774/240 1106/788/254 1105/786/252
f 1095/776/242 1107/789/255 1106/788/254
f 1096/777/243 1108/790/256 1107/789/255
f 1097/778/244 1109/791/257 1108/790/256
f 1098/779/245 1110/803/269 1109/791/257
f 1111/792/258 1110/803/269 1098/779/245
f 1112/793/259 1111/792/258 1099/780/246
f 1113/794/260 1112/793/259 1100/781/247
f 1114/795/261 1113/794/260 1101/782/248
f 1115/796/262 1114/795/261 1102/783/249
f 1104/797/263 1116/808/274 1115/796/262
f 1118/798/264 1117/811/277 1105/786/252
f 1119/799/265 1118/798/264 1106/788/254
f 1120/800/266 1119/799/265 1107/789/255
f 1121/801/267 1120/800/266 1108/790/256
f 1122/802/268 1121/801/267 1109/791/257
f 1123/804/270 1122/802/268 1110/803/269
f 1112/793/259 1124/805/271 1123/804/270
f 1113/794/260 1125/806/272 1124/805/271
f 1114/795/261 1126/807/273 1125/806/272
f 1115/796/262 1127/809/275 1126/807/273
f 1116/808/274 1128/820/286 1127/809/275
f 1118/798/264 1130/822/288 1129/810/276
f 1131/812/278 1130/822/288 1118/798/264
f 1132/813/279 1131/812/278 1119/799/265
f 1133/814/280 1132/813/279 1120/800/266
f 1134/815/281 1133/814/280 1121/801/267
f 1135/816/282 1134/815/281 1122/802/268
f 1124/805/271 1136/817/283 1135/816/282
f 1125/806/272 1137/818/284 1136/817/283
f 1126/807/273 1138/819/285 1137/818/284
f 1127/809/275 1139/821/287 1138/819/285
f 1128/820/286 1140/833/299 1139/821/287
f 1130/822/288 1142/824/290 1141/823/289
f 1131/812/278 1143/825/291 1142/824/290
f 1132/813/279 1144/826/292 1143/825/291
f 1133/814/280 1145/827/293 1144/826/292
f 1134/815/281 1146/838/304 1145/827/293
f 1147/828/294 1146/838/304 1134/815/281
f 1136/817/283 1148/842/308 1147/828/294
f 1149/829/295 1148/842/308 1136/817/283
f 1150/830/296 1149/829/295 1137/818/284
f 1151/831/297 1150/830/296 1138/819/285
f 1152/832/298 1151/831/297 1139/821/287
f 1142/824/290 1154/835/301 1153/834/300
f 1143/825/291 1155/836/302 1154/835/301
f 1144/826/292 1156/837/303 1155/836/302
f 1145/827/293 1157/839/305 1156/837/303
f 1146/838/304 1158/851/317 1157/839/305
f 1159/840/306 1158/851/317 1146/838/304
f 1160/841/307 1159/840/306 1147/828/294
f 1161/843/309 1160/841/307 1148/842/308
f 1162/844/310 1161/843/309 1149/829/295
f 1163/845/311 1162/844/310 1150/830/296
f 1164/846/312 1163/845/311 1151/831/297
f 1154/835/301 1166/848/314 1165/847/313
f 1155/836/302 1167/849/315 1166/848/314
f 1156/837/303 1168/850/316 1167/849/315
f 1157/839/305 1169/852/318 1168/850/316
f 1158/851/317 1170/863/329 1169/852/318
f 1171/853/319 1170/863/329 1158/851/317
f 1172/854/320 1171/853/319 1159/840/306
f 1173/855/321 1172/854/320 1160/841/307
f 1174/856/322 1173/855/321 1161/843/309
f 1175/857/323 1174/856/322 1162/844/310
f 1176/858/324 1175/857/323 1163/845/311
f 1166/848/314 1178/860/326 1177/859/325
f 1167/849/315 1179/861/327 1178/860/326
f 1168/850/316 1180/862/328 1179/861/327
f 1169/852/318 1181/864/330 1180/862/328
f 1170/863/329 1182/875/341 1181/864/330
f 1183/865/331 1182/875/341 1170/863/329
f 1184/866/332 1183/865/331 1171/853/319
f 1185/867/333 1184/866/332 1172/854/320
f 1186/868/334 1185/867/333 1173/855/321
f 1187/869/335 1186/868/334 1174/856/322
f 1188/870/336 1187/869/335 1175/857/323
f 1178/860/326 1190/872/338 1189/871/337
f 1179/861/327 1191/873/339 1190/872/338
f 1180/862/328 1192/874/340 1191/873/339
f 1181/864/330 1193/876/342 1192/874/340
f 1182/875/341 1194/888/354 1193/876/342
f 1195/877/343 1194/888/354 1182/875/341
f 1196/878/344 1195/877/343 1183/865/331
f 1197/879/345 1196/878/344 1184/866/332
f 1198/880/346 1197/879/345 1185/867/333
f 1199/881/347 1198/880/346 1186/868/334
f 1200/882/348 1199/881/347 1187/869/335
f 1190/872/338 1202/884/350 1201/883/349
f 1191/873/339 1203/885/351 1202/884/350
f 1192/874/340 1204/886/352 1203/885/351
f 1193/876/342 1205/897/363 1204/886/352
f 1206/887/353 1205/897/363 1193/876/342
f 1207/889/355 1206/887/353 1194/888/354
f 1196/878/344 1208/902/368 1207/889/355
f 1209/890/356 1208/902/368 1196/878/344
f 1210/891/357 1209/890/356 1197/879/345
f 1211/892/358 1210/891/357 1198/880/346
f 1212/893/359 1211/892/358 1199/881/347
f 1202/884/350 1214/895/361 1213/894/360
f 1203/885/351 1215/896/362 1214/895/361
f 1204/886/352 1216/898/364 1215/896/362
f 1205/897/363 1217/899/365 1216/898/364
f 1206/887/353 1218/911/377 1217/899/365
f 1219/900/366 1218/911/377 1206/887/353
f 1220/901/367 1219/900/366 1207/889/355
f 1221/903/369 1220/901/367 1208/902/368
f 1222/904/370 1221/903/369 1209/890/356
f 1223/905/371 1222/904/370 1210/891/357
f 1224/906/372 1223/905/371 1211/892/358
f 1214/895/361 1226/908/374 1225/907/373
f 1215/896/362 1227/909/375 1226/908/374
f 1216/898/364 1228/910/376 1227/909/375
f 1217/899/365 1229/912/378 1228/910/376
f 1218/911/377 1230/923/389 1229/912/378
f 1231/913/379 1230/923/389 1218/911/377
f 1232/914/380 1231/913/379 1219/900/366
f 1233/915/381 1232/914/380 1220/901/367
f 1234/916/382 1233/915/381 1221/903/369
f 1235/917/383 1234/916/382 1222/904/370
f 1236/918/384 1235/917/383 1223/905/371
f 1226/908/374 1238/920/386 1237/919/385
f 1227/909/375 1239/921/387 1238/920/386
f 1228/910/376 1240/922/388 1239/921/387
f 1229/912/378 1241/924/390 1240/922/388
f 1230/923/389 1242/935/401 1241/924/390
f 1243/925/391 1242/935/401 1230/923/389
f 1244/926/392 1243/925/391 1231/913/379
f 1245/927/393 1244/926/392 1232/914/380
f 1246/928/394 1245/927/393 1233/915/381
f 1247/929/395 1246/928/394 1234/916/382
f 1248/930/396 1247/929/395 1235/917/383
f 1238/920/386 1250/932/398 1249/931/397
f 1239/921/387 1251/933/399 1250/932/398
f 1240/922/388 1252/934/400 1251/933/399
f 1241/924/390 1253/936/402 1252/934/400
f 1242/935/401 1254/948/414 1253/936/402
f 1255/937/403 1254/948/414 1242/935/401
f 1256/938/404 1255/937/403 1243/925/391
f 1257/939/405 1256/938/404 1244/926/392
f 1258/940/406 1257/939/405 1245/927/393
f 1259/941/407 1258/940/406 1246/928/394
f 1260/942/408 1259/941/407 1247/929/395
f 1262/943/409 1261/955/421 1249/931/397
f 1263/944/410 1262/943/409 1250/932/398
f 1264/945/411 1263/944/410 1251/933/399
f 1265/946/412 1264/945/411 1252/934/400
f 1266/947/413 1265/946/412 1253/936/402
f 1267/949/415 1266/947/413 1254/948/414
f 1256/938/404 1268/950/416 1267/949/415
f 1257/939/405 1269/951/417 1268/950/416
f 1258/940/406 1270/952/418 1269/951/417
f 1259/941/407 1271/953/419 1270/952/418
f 1260/942/408 1272/963/429 1271/953/419
f 1274/954/420 1273/966/432 1261/955/421
f 1275/956/422 1274/954/420 1262/943/409
f 1264/945/411 1276/957/423 1275/956/422
f 1265/946/412 1277/958/424 1276/957/423
f 1266/947/413 1278/970/436 1277/958/424
f 1279/959/425 1278/970/436 1266/947/413
f 1280/960/426 1279/959/425 1267/949/415
f 1281/961/427 1280/960/426 1268/950/416
f 1270/952/418 1282/962/428 1281/961/427
f 1271/953/419 1283/964/430 1282/962/428
f 1272/963/429 1284/978/444 1283/964/430
f 1274/954/420 1286/967/433 1285/965/431
f 1275/956/422 1287/968/434 1286/967/433
f 1276/957/423 1288/969/435 1287/968/434
f 1277/958/424 1289/971/437 1288/969/435
f 1278/970/436 1290/983/449 1289/971/437
f 1291/972/438 1290/983/449 1278/970/436
f 1292/973/439 1291/972/438 1279/959/425
f 1293/974/440 1292/973/439 1280/960/426
f 1294/975/441 1293/974/440 1281/961/427
f 1295/976/442 1294/975/441 1282/962/428
f 1296/977/443 1295/976/442 1283/964/430
f 1286/967/433 1298/980/446 1297/979/445
f 1287/968/434 1299/981/447 1298/980/446
f 1288/969/435 1300/982/448 1299/981/447
f 1289/971/437 1301/984/450 1300/982/448
f 1290/983/449 1302/995/461 1301/984/450
f 1303/985/451 1302/995/461 1290/983/449
f 1304/986/452 1303/985/451 1291/972/438
f 1305/987/453 1304/986/452 1292/973/439
f 1306/988/454 1305/987/453 1293/974/440
f 1307/989/455 1306/988/454 1294/975/441
f 1308/990/456 1307/989/455 1295/976/442
f 1298/980/446 1310/992/458 1309/991/457
f 1299/981/447 1311/993/459 1310/992/458
f 1300/982/448 1312/994/460 1311/993/459
f 1301/984/450 1313/996/462 1312/994/460
f 1302/995/461 1314/1007/473 1313/996/462
f 1315/997/463 1314/1007/473 1302/995/461
f 1316/998/464 1315/997/463 1303/985/451
f 1317/999/465 1316/998/464 1304/986/452
f 1318/1000/466 1317/999/465 1305/987/453
f 1319/1001/467 1318/1000/466 1306/988/454
f 1320/1002/468 1319/1001/467 1307/989/455
f 1310/992/458 1322/1004/470 1321/1003/469
f 1311/993/459 1323/1005/471 1322/1004/470
f 1312/994/460 1324/1006/472 1323/1005/471
f 1313/996/462 1325/1008/474 1324/1006/472
f 1314/1007/473 1326/1019/485 1325/1008/474
f 1327/1009/475 1326/1019/485 1314/1007/473
f 1328/1010/476 1327/1009/475 1315/997/463
f 1329/1011/477 1328/1010/476 1316/998/464
f 1330/1012/478 1329/1011/477 1317/999/465
f 1331/1013/479 1330/1012/478 1318/1000/466
f 1332/1014/480 1331/1013/479 1319/1001/467
f 1322/1004/470 1334/1016/482 1333/1015/481
f 1323/1005/471 1335/1017/483 1334/1016/482
f 1324/1006/472 1336/1018/484 1335/1017/483
f 1325/1008/474 1337/1020/486 1336/1018/484
f 1326/1019/485 1338/1031/497 1337/1020/486
f 1339/1021/487 1338/1031/497 1326/1019/485
f 1340/1022/488 1339/1021/487 1327/1009/475
f 1341/1023/489 1340/1022/488 1328/1010/476
f 1342/1024/490 1341/1023/489 1329/1011/477
f 1343/1025/491 1342/1024/490 1330/1012/478
f 1344/1026/492 1343/1025/491 1331/1013/479
f 1334/1016/482 1346/1028/494 1345/1027/493
f 1335/1017/483 1347/1029/495 1346/1028/494
f 1336/1018/484 1348/1030/496 1347/1029/495
f 1337/1020/486 1349/1032/498 1348/1030/496
f 1338/1031/497 1350/1043/509 1349/1032/498
f 1351/1033/499 1350/1043/509 1338/1031/497
f 1352/1034/500 1351/1033/499 1339/1021/487
f 1353/1035/501 1352/1034/500 1340/1022/488
f 1354/1036/502 1353/1035/501 1341/1023/489
f 1355/1037/503 1354/1036/502 1342/1024/490
f 1356/1038/504 1355/1037/503 1343/1025/491
f 1346/1028/494 1358/1040/506 1357/1039/505
f 1347/1029/495 1359/1041/507 1358/1040/506
f 1348/1030/496 1360/1042/508 1359/1041/507
f 1349/1032/498 1361/1044/510 1360/1042/508
f 1350/1043/509 1362/1055/521 1361/1044/510
f 1363/1045/511 1362/1055/521 1350/1043/509
f 1364/1046/512 1363/1045/511 1351/1033/499
f 1365/1047/513 1364/1046/512 1352/1034/500
f 1366/1048/514 1365/1047/513 1353/1035/501
f 1367/1049/515 1366/1048/514 1354/1036/502
f 1368/1050/516 1367/1049/515 1355/1037/503
f 1358/1040/506 1370/1052/518 1369/1051/517
f 1359/1041/507 1371/1053/519 1370/1052/518
f 1360/1042/508 1372/1054/520 1371/1053/519
f 1361/1044/510 1373/1056/522 1372/1054/520
f 1362/1055/521 1374/1067/533 1373/1056/522
f 1375/1057/523 1374/1067/533 1362/1055/521
f 1376/1058/524 1375/1057/523 1363/1045/511
f 1377/1059/525 1376/1058/524 1364/1046/512
f 1378/1060/526 1377/1059/525 1365/1047/513
f 1379/1061/527 1378/1060/526 1366/1048/514
f 1380/1062/528 1379/1061/527 1367/1049/515
f 1370/1052/518 1382/1064/530 1381/1063/529
f 1371/1053/519 1383/1065/531 1382/1064/530
f 1372/1054/520 1384/1066/532 1383/1065/531
f 1373/1056/522 1385/1068/534 1384/1066/532
f 1374/1067/533 1386/1079/545 1385/1068/534
f 1387/1069/535 1386/1079/545 1374/1067/533
f 1388/1070/536 1387/1069/535 1375/1057/523
f 1389/1071/537 1388/1070/536 1376/1058/524
f 1390/1072/538 1389/1071/537 1377/1059/525
f 1391/1073/539 1390/1072/538 1378/1060/526
f 1392/1074/540 1391/1073/539 1379/1061/527
f 1382/1064/530 1394/1076/542 1393/1075/541
f 1383/1065/531 1395/1077/543 1394/1076/542
f 1384/1066/532 1396/1078/544 1395/1077/543
f 1385/1068/534 1397/1080/546 1396/1078/544
f 1386/1079/545 1398/1091/557 1397/1080/546
f 1399/1081/547 1398/1091/557 1386/1079/545
f 1400/1082/548 1399/1081/547 1387/1069/535
f 1401/1083/549 1400/1082/548 1388/1070/536
f 1402/1084/550 1401/1083/549 1389/1071/537
f 1403/1085/551 1402/1084/550 1390/1072/538
f 1404/1086/552 1403/1085/551 1391/1073/539
f 1394/1076/542 1406/1088/554 1405/1087/553
f 1395/1077/543 1407/1089/555 1406/1088/554
f 1396/1078/544 1408/1090/556 1407/1089/555
f 1397/1080/546 1409/1092/558 1408/1090/556
f 1398/1091/557 1410/1103/569 1409/1092/558
f 1411/1093/559 1410/1103/569 1398/1091/557
f 1412/1094/560 1411/1093/559 1399/1081/547
f 1413/1095/561 1412/1094/560 1400/1082/548
f 1414/1096/562 1413/1095/561 1401/1083/549
f 1415/1097/563 1414/1096/562 1402/1084/550
f 1416/1098/564 1415/1097/563 1403/1085/551
f 1406/1088/554 1418/1100/566 1417/1099/565
f 1407/1089/555 1419/1101/567 1418/1100/566
f 1408/1090/556 1420/1102/568 1419/1101/567
f 1409/1092/558 1421/1104/570 1420/1102/568
f 1410/1103/569 1422/1116/582 1421/1104/570
f 1423/1105/571 1422/1116/582 1410/1103/569
f 1424/1106/572 1423/1105/571 1411/1093/559
f 1425/1107/573 1424/1106/572 1412/1094/560
f 1426/1108/574 1425/1107/573 1413/1095/561
f 1427/1109/575 1426/1108/574 1414/1096/562
f 1428/1110/576 1427/1109/575 1415/1097/563
f 1430/1111/577 1429/1123/589 1417/1099/565
f 1431/1112/578 1430/1111/577 1418/1100/566
f 1432/1113/579 1431/1112/578 1419/1101/567
f 1433/1114/580 1432/1113/579 1420/1102/568
f 1434/1115/581 1433/1114/580 1421/1104/570
f 1435/1117/583 1434/1115/581 1422/1116/582
f 1424/1106/572 1436/1118/584 1435/1117/583
f 1425/1107/573 1437/1119/585 1436/1118/584
f 1426/1108/574 1438/1120/586 1437/1119/585
f 1427/1109/575 1439/1121/587 1438/1120/586
f 1428/1110/576 1440/1132/598 1439/1121/587
f 1442/1122/588 1441/1135/601 1429/1123/589
f 1443/1124/590 1442/1122/588 1430/1111/577
f 1444/1125/591 1443/1124/590 1431/1112/578
f 1445/1126/592 1444/1125/591 1432/1113/579
f 1446/1127/593 1445/1126/592 1433/1114/580
f 1447/1128/594 1446/1127/593 1434/1115/581
f 1436/1118/584 1448/1129/595 1447/1128/594
f 1437/1119/585 1449/1130/596 1448/1129/595
f 1438/1120/586 1450/1131/597 1449/1130/596
f 1439/1121/587 1451/1133/599 1450/1131/597
f 1440/1132/598 1452/1144/610 1451/1133/599
f 1454/1134/600 1453/1147/613 1441/1135/601
f 1455/1136/602 1454/1134/600 1442/1122/588
f 1456/1137/603 1455/1136/602 1443/1124/590
f 1457/1138/604 1456/1137/603 1444/1125/591
f 1458/1139/605 1457/1138/604 1445/1126/592
f 1459/1140/606 1458/1139/605 1446/1127/593
f 1448/1129/595 1460/1141/607 1459/1140/606
f 1449/1130/596 1461/1142/608 1460/1141/607
f 1450/1131/597 1462/1143/609 1461/1142/608
f 1451/1133/599 1463/1145/611 1462/1143/609
f 1452/1144/610 1464/1156/622 1463/1145/611
f 1466/1146/612 1465/1159/625 1453/1147/613
f 1467/1148/614 1466/1146/612 1454/1134/600
f 1468/1149/615 1467/1148/614 1455/1136/602
f 1469/1150/616 1468/1149/615 1456/1137/603
f 1470/1151/617 1469/1150/616 1457/1138/604
f 1471/1152/618 1470/1151/617 1458/1139/605
f 1460/1141/607 1472/1153/619 1471/1152/618
f 1461/1142/608 1473/1154/620 1472/1153/619
f 1462/1143/609 1474/1155/621 1473/1154/620
f 1463/1145/611 1475/1157/623 1474/1155/621
f 1464/1156/622 1476/1168/634 1475/1157/623
f 1478/1158/624 1477/1171/637 1465/1159/625
f 1479/1160/626 1478/1158/624 1466/1146/612
f 1480/1161/627 1479/1160/626 1467/1148/614
f 1481/1162/628 1480/1161/627 1468/1149/615
f 1482/1163/629 1481/1162/628 1469/1150/616
f 1483/1164/630 1482/1163/629 1470/1151/617
f 1472/1153/619 1484/1165/631 1483/1164/630
f 1473/1154/620 1485/1166/632 1484/1165/631
f 1474/1155/621 1486/1167/633 1485/1166/632
f 1475/1157/623 1487/1169/635 1486/1167/633
f 1476/1168/634 1488/1180/646 1487/1169/635
f 1490/1170/636 1489/1183/649 1477/1171/637
f 1491/1172/638 1490/1170/636 1478/1158/624
f 1492/1173/639 1491/1172/638 1479/1160/626
f 1493/1174/640 1492/1173/639 1480/1161/627
f 1494/1175/641 1493/1174/640 1481/1162/628
f 1495/1176/642 1494/1175/641 1482/1163/629
f 1484/1165/631 1496/1177/643 1495/1176/642
f 1485/1166/632 1497/1178/644 1496/1177/643
f 1486/1167/633 1498/1179/645 1497/1178/644
f 1487/1169/635 1499/1181/647 1498/1179/645
f 1488/1180/646 1500/1192/658 1499/1181/647
f 1502/1182/648 1501/1195/661 1489/1183/649
f 1503/1184/650 1502/1182/648 1490/1170/636
f 1504/1185/651 1503/1184/650 1491/1172/638
f 1505/1186/652 1504/1185/651 1492/1173/639
f 1506/1187/653 1505/1186/652 1493/1174/640
f 1507/1188/654 1506/1187/653 1494/1175/641
f 1496/1177/643 1508/1189/655 1507/1188/654
f 1497/1178/644 1509/1190/656 1508/1189/655
f 1498/1179/645 1510/1191/657 1509/1190/656
f 1499/1181/647 1511/1193/659 1510/1191/657
f 1500/1192/658 1512/1204/670 1511/1193/659
f 1514/1194/660 1513/1207/673 1501/1195/661
f 1515/1196/662 1514/1194/660 1502/1182/648
f 1516/1197/663 1515/1196/662 1503/1184/650
f 1517/1198/664 1516/1197/663 1504/1185/651
f 1518/1199/665 1517/1198/664 1505/1186/652
f 1519/1200/666 1518/1199/665 1506/1187/653
f 1508/1189/655 1520/1201/667 1519/1200/666
f 1509/1190/656 1521/1202/668 1520/1201/667
f 1510/1191/657 1522/1203/669 1521/1202/668
f 1511/1193/659 1523/1205/671 1522/1203/669
f 1512/1204/670 1524/1216/682 1523/1205/671
f 1526/1206/672 1525/1219/685 1513/1207/673
f 1527/1208/674 1526/1206/672 1514/1194/660
f 1528/1209/675 1527/1208/674 1515/1196/662
f 1529/1210/676 1528/1209/675 1516/1197/663
f 1530/1211/677 1529/1210/676 1517/1198/664
f 1531/1212/678 1530/1211/677 1518/1199/665
f 1520/1201/667 1532/1213/679 1531/1212/678
f 1521/1202/668 1533/1214/680 1532/1213/679
f 1522/1203/669 1534/1215/681 1533/1214/680
f 1523/1205/671 1535/1217/683 1534/1215/681
f 1524/1216/682 1536/1228/694 1535/1217/683
f 1538/1218/684 1537/1231/697 1525/1219/685
f 1539/1220/686 1538/1218/684 1526/1206/672
f 1540/1221/687 1539/1220/686 1527/1208/674
f 1541/1222/688 1540/1221/687 1528/1209/675
f 1542/1223/689 1541/1222/688 1529/1210/676
f 1543/1224/690 1542/1223/689 1530/1211/677
f 1532/1213/679 1544/1225/691 1543/1224/690
f 1533/1214/680 1545/1226/692 1544/1225/691
f 1534/1215/681 1546/1227/693 1545/1226/692
f 1535/1217/683 1547/1229/695 1546/1227/693
f 1536/1228/694 1548/1240/706 1547/1229/695
f 1550/1230/696 1549/1243/709 1537/1231/697
f 1551/1232/698 1550/1230/696 1538/1218/684
f 1552/1233/699 1551/1232/698 1539/1220/686
f 1553/1234/700 1552/1233/699 1540/1221/687
f 1554/1235/701 1553/1234/700 1541/1222/688
f 1555/1236/702 1554/1235/701 1542/1223/689
f 1544/1225/691 1556/1237/703 1555/1236/702
f 1545/1226/692 1557/1238/704 1556/1237/703
f 1546/1227/693 1558/1239/705 1557/1238/704
f 1547/1229/695 1559/1241/707 1558/1239/705
f 1548/1240/706 1560/1252/718 1559/1241/707
f 1562/1242/708 1561/1255/721 1549/1243/709
f 1563/1244/710 1562/1242/708 1550/1230/696
f 1564/1245/711 1563/1244/710 1551/1232/698
f 1565/1246/712 1564/1245/711 1552/1233/699
f 1566/1247/713 1565/1246/712 1553/1234/700
f 1567/1248/714 1566/1247/713 1554/1235/701
f 1556/1237/703 1568/1249/715 1567/1248/714
f 1557/1238/704 1569/1250/716 1568/1249/715
f 1558/1239/705 1570/1251/717 1569/1250/716
f 1559/1241/707 1571/1253/719 1570/1251/717
f 1560/1252/718 1572/1264/730 1571/1253/719
f 1574/1254/720 1573/1267/733 1561/1255/721
f 1575/1256/722 1574/1254/720 1562/1242/708
f 1576/1257/723 1575/1256/722 1563/1244/710
f 1577/1258/724 1576/1257/723 1564/1245/711
f 1578/1259/725 1577/1258/724 1565/1246/712
f 1579/1260/726 1578/1259/725 1566/1247/713
f 1568/1249/715 1580/1261/727 1579/1260/726
f 1569/1250/716 1581/1262/728 1580/1261/727
f 1570/1251/717 1582/1263/729 1581/1262/728
f 1571/1253/719 1583/1265/731 1582/1263/729
f 1572/1264/730 1584/1276/742 1583/1265/731
f 1586/1266/732 1585/1279/745 1573/1267/733
f 1587/1268/734 1586/1266/732 1574/1254/720
f 1588/1269/735 1587/1268/734 1575/1256/722
f 1589/1270/736 1588/1269/735 1576/1257/723
f 1590/1271/737 1589/1270/736 1577/1258/724
f 1591/1272/738 1590/1271/737 1578/1259/725
f 1580/1261/727 1592/1273/739 1591/1272/738
f 1581/1262/728 1593/1274/740 1592/1273/739
f 1582/1263/729 1594/1275/741 1593/1274/740
f 1583/1265/731 1595/1277/743 1594/1275/741
f 1584/1276/742 1596/1290/756 1595/1277/743
f 1586/1266/732 1598/1280/746 1597/1278/744
f 1587/1268/734 1599/1281/747 1598/1280/746
f 1588/1269/735 1600/1282/748 1599/1281/747
f 1589/1270/736 1601/1283/749 1600/1282/748
f 1590/1271/737 1602/1295/761 1601/1283/749
f 1603/1284/750 1602/1295/761 1590/1271/737
f 1604/1285/751 1603/1284/750 1591/1272/738
f 1605/1286/752 1604/1285/751 1592/1273/739
f 1606/1287/753 1605/1286/752 1593/1274/740
f 1607/1288/754 1606/1287/753 1594/1275/741
f 1608/1289/755 1607/1288/754 1595/1277/743
f 1598/1280/746 1610/1292/758 1609/1291/757
f 1599/1281/747 1611/1293/759 1610/1292/758
f 1600/1282/748 1612/1294/760 1611/1293/759
f 1601/1283/749 1613/1296/762 1612/1294/760
f 1602/1295/761 1614/1307/773 1613/1296/762
f 1615/1297/763 1614/1307/773 1602/1295/761
f 1616/1298/764 1615/1297/763 1603/1284/750
f 1617/1299/765 1616/1298/764 1604/1285/751
f 1618/1300/766 1617/1299/765 1605/1286/752
f 1619/1301/767 1618/1300/766 1606/1287/753
f 1620/1302/768 1619/1301/767 1607/1288/754
f 1610/1292/758 1622/1304/770 1621/1303/769
f 1611/1293/759 1623/1305/771 1622/1304/770
f 1612/1294/760 1624/1306/772 1623/1305/771
f 1613/1296/762 1625/1308/774 1624/1306/772
f 1614/1307/773 1626/1319/785 1625/1308/774
f 1627/1309/775 1626/1319/785 1614/1307/773
f 1628/1310/776 1627/1309/775 1615/1297/763
f 1629/1311/777 1628/1310/776 1616/1298/764
f 1630/1312/778 1629/1311/777 1617/1299/765
f 1631/1313/779 1630/1312/778 1618/1300/766
f 1632/1314/780 1631/1313/779 1619/1301/767
f 1622/1304/770 1634/1316/782 1633/1315/781
f 1623/1305/771 1635/1317/783 1634/1316/782
f 1624/1306/772 1636/1318/784 1635/1317/783
f 1625/1308/774 1637/1320/786 1636/1318/784
f 1626/1319/785 1638/1331/797 1637/1320/786
f 1639/1321/787 1638/1331/797 1626/1319/785
f 1640/1322/788 1639/1321/787 1627/1309/775
f 1641/1323/789 1640/1322/788 1628/1310/776
f 1642/1324/790 1641/1323/789 1629/1311/777
f 1643/1325/791 1642/1324/790 1630/1312/778
f 1644/1326/792 1643/1325/791 1631/1313/779
f 1634/1316/782 1646/1328/794 1645/1327/793
f 1635/1317/783 1647/1329/795 1646/1328/794
f 1636/1318/784 1648/1330/796 1647/1329/795
f 1637/1320/786 1649/1332/798 1648/1330/796
f 1638/1331/797 1650/1343/809 1649/1332/798
f 1651/1333/799 1650/1343/809 1638/1331/797
f 1652/1334/800 1651/1333/799 1639/1321/787
f 1653/1335/801 1652/1334/800 1640/1322/788
f 1654/1336/802 1653/1335/801 1641/1323/789
f 1655/1337/803 1654/1336/802 1642/1324/790
f 1656/1338/804 1655/1337/803 1643/1325/791
f 1646/1328/794 1658/1340/806 1657/1339/805
f 1647/1329/795 1659/1341/807 1658/1340/806
f 1648/1330/796 1660/1342/808 1659/1341/807
f 1649/1332/798 1661/1344/810 1660/1342/808
f 1650/1343/809 1662/1355/821 1661/1344/810
f 1663/1345/811 1662/1355/821 1650/1343/809
f 1664/1346/812 1663/1345/811 1651/1333/799
f 1665/1347/813 1664/1346/812 1652/1334/800
f 1666/1348/814 1665/1347/813 1653/1335/801
f 1667/1349/815 1666/1348/814 1654/1336/802
f 1668/1350/816 1667/1349/815 1655/1337/803
f 1658/1340/806 1670/1352/818 1669/1351/817
f 1659/1341/807 1671/1353/819 1670/1352/818
f 1660/1342/808 1672/1354/820 1671/1353/819
f 1661/1344/810 1673/1356/822 1672/1354/820
f 1662/1355/821 1674/1367/833 1673/1356/822
f 1675/1357/823 1674/1367/833 1662/1355/821
f 1676/1358/824 1675/1357/823 1663/1345/811
f 1677/1359/825 1676/1358/824 1664/1346/812
f 1678/1360/826 1677/1359/825 1665/1347/813
f 1679/1361/827 1678/1360/826 1666/1348/814
f 1680/1362/828 1679/1361/827 1667/1349/815
f 1670/1352/818 1682/1364/830 1681/1363/829
f 1671/1353/819 1683/1365/831 1682/1364/830
f 1672/1354/820 1684/1366/832 1683/1365/831
f 1673/1356/822 1685/1368/834 1684/1366/832
f 1674/1367/833 1686/1379/845 1685/1368/834
f 1687/1369/835 1686/1379/845 1674/1367/833
f 1688/1370/836 1687/1369/835 1675/1357/823
f 1689/1371/837 1688/1370/836 1676/1358/824
f 1690/1372/838 1689/1371/837 1677/1359/825
f 1691/1373/839 1690/1372/838 1678/1360/826
f 1692/1374/840 1691/1373/839 1679/1361/827
f 1682/1364/830 1694/1376/842 1693/1375/841
f 1683/1365/831 1695/1377/843 1694/1376/842
f 1684/1366/832 1696/1378/844 1695/1377/843
f 1685/1368/834 1697/1380/846 1696/1378/844
f 1686/1379/845 1698/1391/857 1697/1380/846
f 1699/1381/847 1698/1391/857 1686/1379/845
f 1700/1382/848 1699/1381/847 1687/1369/835
f 1701/1383/849 1700/1382/848 1688/1370/836
f 1702/1384/850 1701/1383/849 1689/1371/837
f 1703/1385/851 1702/1384/850 1690/1372/838
f 1704/1386/852 1703/1385/851 1691/1373/839
f 1694/1376/842 1706/1388/854 1705/1387/853
f 1695/1377/843 1707/1389/855 1706/1388/854
f 1696/1378/844 1708/1390/856 1707/1389/855
f 1697/1380/846 1709/1392/858 1708/1390/856
f 1698/1391/857 1710/1403/869 1709/1392/858
f 1711/1393/859 1710/1403/869 1698/1391/857
f 1712/1394/860 1711/1393/859 1699/1381/847
f 1713/1395/861 1712/1394/860 1700/1382/848
f 1714/1396/862 1713/1395/861 1701/1383/849
f 1715/1397/863 1714/1396/862 1702/1384/850
f 1716/1398/864 1715/1397/863 1703/1385/851
f 1706/1388/854 1718/1400/866 1717/1399/865
f 1707/1389/855 1719/1401/867 1718/1400/866
f 1708/1390/856 1720/1402/868 1719/1401/867
f 1709/1392/858 1721/1404/870 1720/1402/868
f 1710/1403/869 1722/1415/881 1721/1404/870
f 1723/1405/871 1722/1415/881 1710/1403/869
f 1724/1406/872 1723/1405/871 1711/1393/859
f 1725/1407/873 1724/1406/872 1712/1394/860
f 1726/1408/874 1725/1407/873 1713/1395/861
f 1727/1409/875 1726/1408/874 1714/1396/862
f 1728/1410/876 1727/1409/875 1715/1397/863
f 1718/1400/866 1730/1412/878 1729/1411/877
f 1719/1401/867 1731/1413/879 1730/1412/878
f 1720/1402/868 1732/1414/880 1731/1413/879
f 1721/1404/870 1733/1416/882 1732/1414/880
f 1722/1415/881 1734/1428/894 1733/1416/882
f 1735/1417/883 1734/1428/894 1722/1415/881
f 1736/1418/884 1735/1417/883 1723/1405/871
f 1737/1419/885 1736/1418/884 1724/1406/872
f 1738/1420/886 1737/1419/885 1725/1407/873
f 1739/1421/887 1738/1420/886 1726/1408/874
f 1740/1422/888 1739/1421/887 1727/1409/875
f 1742/1423/889 1741/1435/901 1729/1411/877
f 1743/1424/890 1742/1423/889 1730/1412/878
f 1744/1425/891 1743/1424/890 1731/1413/879
f 1745/1426/892 1744/1425/891 1732/1414/880
f 1746/1427/893 1745/1426/892 1733/1416/882
f 1747/1429/895 1746/1427/893 1734/1428/894
f 1736/1418/884 1748/1430/896 1747/1429/895
f 1737/1419/885 1749/1431/897 1748/1430/896
f 1738/1420/886 1750/1432/898 1749/1431/897
f 1739/1421/887 1751/1433/899 1750/1432/898
f 1740/1422/888 1752/1446/912 1751/1433/899
f 1742/1423/889 1754/1436/902 1753/1434/900
f 1743/1424/890 1755/1437/903 1754/1436/902
f 1744/1425/891 1756/1438/904 1755/1437/903
f 1745/1426/892 1757/1439/905 1756/1438/904
f 1746/1427/893 1758/1452/918 1757/1439/905
f 1759/1440/906 1758/1452/918 1746/1427/893
f 1760/1441/907 1759/1440/906 1747/1429/895
f 1761/1442/908 1760/1441/907 1748/1430/896
f 1762/1443/909 1761/1442/908 1749/1431/897
f 1763/1444/910 1762/1443/909 1750/1432/898
f 1764/1445/911 1763/1444/910 1751/1433/899
f 1766/1447/913 1765/1459/925 1753/1434/900
f 1767/1448/914 1766/1447/913 1754/1436/902
f 1768/1449/915 1767/1448/914 1755/1437/903
f 1769/1450/916 1768/1449/915 1756/1438/904
f 1770/1451/917 1769/1450/916 1757/1439/905
f 1771/1453/919 1770/1451/917 1758/1452/918
f 1760/1441/907 1772/1454/920 1771/1453/919
f 1761/1442/908 1773/1455/921 1772/1454/920
f 1762/1443/909 1774/1456/922 1773/1455/921
f 1763/1444/910 1775/1457/923 1774/1456/922
f 1764/1445/911 1776/1468/934 1775/1457/923
f 1778/1458/924 1777/1471/937 1765/1459/925
f 1779/1460/926 1778/1458/924 1766/1447/913
f 1780/1461/927 1779/1460/926 1767/1448/914
f 1781/1462/928 1780/1461/927 1768/1449/915
f 1782/1463/929 1781/1462/928 1769/1450/916
f 1783/1464/930 1782/1463/929 1770/1451/917
f 1772/1454/920 1784/1465/931 1783/1464/930
f 1773/1455/921 1785/1466/932 1784/1465/931
f 1774/1456/922 1786/1467/933 1785/1466/932
f 1775/1457/923 1787/1469/935 1786/1467/933
f 1776/1468/934 1788/1480/946 1787/1469/935
f 1790/1470/936 1789/1483/949 1777/1471/937
f 1791/1472/938 1790/1470/936 1778/1458/924
f 1792/1473/939 1791/1472/938 1779/1460/926
f 1793/1474/940 1792/1473/939 1780/1461/927
f 1794/1475/941 1793/1474/940 1781/1462/928
f 1795/1476/942 1794/1475/941 1782/1463/929
f 1784/1465/931 1796/1477/943 1795/1476/942
f 1785/1466/932 1797/1478/944 1796/1477/943
f 1786/1467/933 1798/1479/945 1797/1478/944
f 1787/1469/935 1799/1481/947 1798/1479/945
f 1788/1480/946 1800/1492/958 1799/1481/947
f 1802/1482/948 1801/1495/961 1789/1483/949
f 1803/1484/950 1802/1482/948 1790/1470/936
f 1804/1485/951 1803/1484/950 1791/1472/938
f 1805/1486/952 1804/1485/951 1792/1473/939
f 1806/1487/953 1805/1486/952 1793/1474/940
f 1807/1488/954 1806/1487/953 1794/1475/941
f 1796/1477/943 1808/1489/955 1807/1488/954
f 1797/1478/944 1809/1490/956 1808/1489/955
f 1798/1479/945 1810/1491/957 1809/1490/956
f 1799/1481/947 1811/1493/959 1810/1491/957
f 1800/1492/958 1812/1504/970 1811/1493/959
f 1814/1494/960 1813/1507/973 1801/1495/961
f 1815/1496/962 1814/1494/960 1802/1482/948
f 1816/1497/963 1815/1496/962 1803/1484/950
f 1817/1498/964 1816/1497/963 1804/1485/951
f 1818/1499/965 1817/1498/964 1805/1486/952
f 1819/1500/966 1818/1499/965 1806/1487/953
f 1808/1489/955 1820/1501/967 1819/1500/966
f 1809/1490/956 1821/1502/968 1820/1501/967
f 1810/1491/957 1822/1503/969 1821/1502/968
f 1811/1493/959 1823/1505/971 1822/1503/969
f 1812/1504/970 1824/1516/982 1823/1505/971
f 1826/1506/972 1825/1519/985 1813/1507/973
f 1827/1508/974 1826/1506/972 1814/1494/960
f 1828/1509/975 1827/1508/974 1815/1496/962
f 1829/1510/976 1828/1509/975 1816/1497/963
f 1830/1511/977 1829/1510/976 1817/1498/964
f 1831/1512/978 1830/1511/977 1818/1499/965
f 1820/1501/967 1832/1513/979 1831/1512/978
f 1821/1502/968 1833/1514/980 1832/1513/979
f 1822/1503/969 1834/1515/981 1833/1514/980
f 1823/1505/971 1835/1517/983 1834/1515/981
f 1824/1516/982 1836/1528/994 1835/1517/983
f 1838/1518/984 1837/1531/997 1825/1519/985
f 1839/1520/986 1838/1518/984 1826/1506/972
f 1840/1521/987 1839/1520/986 1827/1508/974
f 1841/1522/988 1840/1521/987 1828/1509/975
f 1842/1523/989 1841/1522/988 1829/1510/976
f 1843/1524/990 1842/1523/989 1830/1511/977
f 1832/1513/979 1844/1525/991 1843/1524/990
f 1833/1514/980 1845/1526/992 1844/1525/991
f 1834/1515/981 1846/1527/993 1845/1526/992
f 1835/1517/983 1847/1529/995 1846/1527/993
f 1836/1528/994 1848/1540/1006 1847/1529/995
f 1850/1530/996 1849/1543/1009 1837/1531/997
f 1851/1532/998 1850/1530/996 1838/1518/984
f 1852/1533/999 1851/1532/998 1839/1520/986
f 1853/1534/1000 1852/1533/999 1840/1521/987
f 1854/1535/1001 1853/1534/1000 1841/1522/988
f 1855/1536/1002 1854/1535/1001 1842/1523/989
f 1844/1525/991 1856/1537/1003 1855/1536/1002
f 1845/1526/992 1857/1538/1004 1856/1537/1003
f 1846/1527/993 1858/1539/1005 1857/1538/1004
f 1847/1529/995 1859/1541/1007 1858/1539/1005
f 1848/1540/1006 1860/1552/1018 1859/1541/1007
f 1862/1542/1008 1861/1555/1021 1849/1543/1009
f 1863/1544/1010 1862/1542/1008 1850/1530/996
f 1864/1545/1011 1863/1544/1010 1851/1532/998
f 1865/1546/1012 1864/1545/1011 1852/1533/999
f 1866/1547/1013 1865/1546/1012 1853/1534/1000
f 1867/1548/1014 1866/1547/1013 1854/1535/1001
f 1856/1537/1003 1868/1549/1015 1867/1548/1014
f 1857/1538/1004 1869/1550/1016 1868/1549/1015
f 1858/1539/1005 1870/1551/1017 1869/1550/1016
f 1859/1541/1007 1871/1553/1019 1870/1551/1017
f 1860/1552/1018 1872/1564/1030 1871/1553/1019
f 1874/1554/1020 1873/1567/1033 1861/1555/1021
f 1875/1556/1022 1874/1554/1020 1862/1542/1008
f 1876/1557/1023 1875/1556/1022 1863/1544/1010
f 1877/1558/1024 1876/1557/1023 1864/1545/1011
f 1878/1559/1025 1877/1558/1024 1865/1546/1012
f 1879/1560/1026 1878/1559/1025 1866/1547/1013
f 1868/1549/1015 1880/1561/1027 1879/1560/1026
f 1869/1550/1016 1881/1562/1028 1880/1561/1027
f 1870/1551/1017 1882/1563/1029 1881/1562/1028
f 1871/1553/1019 1883/1565/1031 1882/1563/1029
f 1872/1564/1030 1884/1576/1042 1883/1565/1031
f 1886/1566/1032 1885/1579/1045 1873/1567/1033
f 1887/1568/1034 1886/1566/1032 1874/1554/1020
f 1888/1569/1035 1887/1568/1034 1875/1556/1022
f 1889/1570/1036 1888/1569/1035 1876/1557/1023
f 1890/1571/1037 1889/1570/1036 1877/1558/1024
f 1891/1572/1038 1890/1571/1037 1878/1559/1025
f 1880/1561/1027 1892/1573/1039 1891/1572/1038
f 1881/1562/1028 1893/1574/1040 1892/1573/1039
f 1882/1563/1029 1894/1575/1041 1893/1574/1040
f 1883/1565/1031 1895/1577/1043 1894/1575/1041
f 1884/1576/1042 1896/1588/1054 1895/1577/1043
f 1898/1578/1044 1897/1591/1057 1885/1579/1045
f 1899/1580/1046 1898/1578/1044 1886/1566/1032
f 1900/1581/1047 1899/1580/1046 1887/1568/1034
f 1901/1582/1048 1900/1581/1047 1888/1569/1035
f 1902/1583/1049 1901/1582/1048 1889/1570/1036
f 1903/1584/1050 1902/1583/1049 1890/1571/1037
f 1892/1573/1039 1904/1585/1051 1903/1584/1050
f 1893/1574/1040 1905/1586/1052 1904/1585/1051
f 1894/1575/1041 1906/1587/1053 1905/1586/1052
f 1895/1577/1043 1907/1589/1055 1906/1587/1053
f 1896/1588/1054 1908/1600/1066 1907/1589/1055
f 1910/1590/1056 1909/1603/1069 1897/1591/1057
f 1911/1592/1058 1910/1590/1056 1898/1578/1044
f 1912/1593/1059 1911/1592/1058 1899/1580/1046
f 1913/1594/1060 1912/1593/1059 1900/1581/1047
f 1914/1595/1061 1913/1594/1060 1901/1582/1048
f 1915/1596/1062 1914/1595/1061 1902/1583/1049
f 1904/1585/1051 1916/1597/1063 1915/1596/1062
f 1905/1586/1052 1917/1598/1064 1916/1597/1063
f 1906/1587/1053 1918/1599/1065 1917/1598/1064
f 1907/1589/1055 1919/1601/1067 1918/1599/1065
f 1908/1600/1066 1920/1612/1078 1919/1601/1067
f 1922/1602/1068 1921/1615/1081 1909/1603/1069
f 1923/1604/1070 1922/1602/1068 1910/1590/1056
f 1924/1605/1071 1923/1604/1070 1911/1592/1058
f 1925/1606/1072 1924/1605/1071 1912/1593/1059
f 1926/1607/1073 1925/1606/1072 1913/1594/1060
f 1927/1608/1074 1926/1607/1073 1914/1595/1061
f 1916/1597/1063 1928/1609/1075 1927/1608/1074
f 1917/1598/1064 1929/1610/1076 1928/1609/1075
f 1918/1599/1065 1930/1611/1077 1929/1610/1076
f 1919/1601/1067 1931/1613/1079 1930/1611/1077
f 1920/1612/1078 1932/1624/1090 1931/1613/1079
f 1934/1614/1080 1933/1627/1093 1921/1615/1081
f 1935/1616/1082 1934/1614/1080 1922/1602/1068
f 1936/1617/1083 1935/1616/1082 1923/1604/1070
f 1937/1618/1084 1936/1617/1083 1924/1605/1071
f 1938/1619/1085 1937/1618/1084 1925/1606/1072
f 1939/1620/1086 1938/1619/1085 1926/1607/1073
f 1928/1609/1075 1940/1621/1087 1939/1620/1086
f 1929/1610/1076 1941/1622/1088 1940/1621/1087
f 1930/1611/1077 1942/1623/1089 1941/1622/1088
f 1931/1613/1079 1943/1625/1091 1942/1623/1089
f 1932/1624/1090 1944/1636/1102 1943/1625/1091
f 1946/1626/1092 1945/1639/1105 1933/1627/1093
f 1947/1628/1094 1946/1626/1092 1934/1614/1080
f 1948/1629/1095 1947/1628/1094 1935/1616/1082
f 1949/1630/1096 1948/1629/1095 1936/1617/1083
f 1950/1631/1097 1949/1630/1096 1937/1618/1084
f 1951/1632/1098 1950/1631/1097 1938/1619/1085
f 1940/1621/1087 1952/1633/1099 1951/1632/1098
f 1941/1622/1088 1953/1634/1100 1952/1633/1099
f 1942/1623/1089 1954/1635/1101 1953/1634/1100
f 1943/1625/1091 1955/1637/1103 1954/1635/1101
f 1944/1636/1102 1956/1647/1113 1955/1637/1103
f 1958/1638/1104 1957/1650/1116 1945/1639/1105
f 1959/1640/1106 1958/1638/1104 1946/1626/1092
f 1960/1641/1107 1959/1640/1106 1947/1628/1094
f 1961/1642/1108 1960/1641/1107 1948/1629/1095
f 1950/1631/1097 1962/1653/1119 1961/1642/1108
f 1963/1643/1109 1962/1653/1119 1950/1631/1097
f 1952/1633/1099 1964/1644/1110 1963/1643/1109
f 1953/1634/1100 1965/1645/1111 1964/1644/1110
f 1954/1635/1101 1966/1646/1112 1965/1645/1111
f 1955/1637/1103 1967/1648/1114 1966/1646/1112
f 1956/1647/1113 1968/1659/1125 1967/1648/1114
f 1970/1649/1115 1969/1662/1128 1957/1650/1116
f 1971/1651/1117 1970/1649/1115 1958/1638/1104
f 1972/1652/1118 1971/1651/1117 1959/1640/1106
f 1961/1642/1108 1973/1654/1120 1972/1652/1118
f 1962/1653/1119 1974/1665/1131 1973/1654/1120
f 1975/1655/1121 1974/1665/1131 1962/1653/1119
f 1976/1656/1122 1975/1655/1121 1963/1643/1109
f 1965/1645/1111 1977/1657/1123 1976/1656/1122
f 1966/1646/1112 1978/1658/1124 1977/1657/1123
f 1967/1648/1114 1979/1660/1126 1978/1658/1124
f 1968/1659/1125 1980/1671/1137 1979/1660/1126
f 1982/1661/1127 1981/1674/1140 1969/1662/1128
f 1983/1663/1129 1982/1661/1127 1970/1649/1115
f 1972/1652/1118 1984/1664/1130 1983/1663/1129
f 1973/1654/1120 1985/1666/1132 1984/1664/1130
f 1974/1665/1131 1986/1677/1143 1985/1666/1132
f 1987/1667/1133 1986/1677/1143 1974/1665/1131
f 1988/1668/1134 1987/1667/1133 1975/1655/1121
f 1989/1669/1135 1988/1668/1134 1976/1656/1122
f 1978/1658/1124 1990/1670/1136 1989/1669/1135
f 1979/1660/1126 1991/1672/1138 1990/1670/1136
f 1980/1671/1137 1992/1683/1149 1991/1672/1138
f 1994/1673/1139 1993/1686/1152 1981/1674/1140
f 1995/1675/1141 1994/1673/1139 1982/1661/1127
f 1984/1664/1130 1996/1676/1142 1995/1675/1141
f 1985/1666/1132 1997/1678/1144 1996/1676/1142
f 1986/1677/1143 1998/1689/1155 1997/1678/1144
f 1999/1679/1145 1998/1689/1155 1986/1677/1143
f 2000/1680/1146 1999/1679/1145 1987/1667/1133
f 2001/1681/1147 2000/1680/1146 1988/1668/1134
f 1990/1670/1136 2002/1682/1148 2001/1681/1147
f 1991/1672/1138 2003/1684/1150 2002/1682/1148
f 1992/1683/1149 2004/1695/1161 2003/1684/1150
f 2006/1685/1151 2005/1698/1164 1993/1686/1152
f 2007/1687/1153 2006/1685/1151 1994/1673/1139
f 1996/1676/1142 2008/1688/1154 2007/1687/1153
f 1997/1678/1144 2009/1690/1156 2008/1688/1154
f 1998/1689/1155 2010/1703/1169 2009/1690/1156
f 2011/1691/1157 2010/1703/1169 1998/1689/1155
f 2012/1692/1158 2011/1691/1157 1999/1679/1145
f 2013/1693/1159 2012/1692/1158 2000/1680/1146
f 2002/1682/1148 2014/1694/1160 2013/1693/1159
f 2003/1684/1150 2015/1696/1162 2014/1694/1160
f 2004/1695/1161 2016/1709/1175 2015/1696/1162
f 2006/1685/1151 2018/1699/1165 2017/1697/1163
f 2007/1687/1153 2019/1700/1166 2018/1699/1165
f 2008/1688/1154 2020/1712/1178 2019/1700/1166
f 2021/1701/1167 2020/1712/1178 2008/1688/1154
f 2022/1702/1168 2021/1701/1167 2009/1690/1156
f 2023/1704/1170 2022/1702/1168 2010/1703/1169
f 2012/1692/1158 2024/1705/1171 2023/1704/1170
f 2013/1693/1159 2025/1706/1172 2024/1705/1171
f 2014/1694/1160 2026/1720/1186 2025/1706/1172
f 2027/1707/1173 2026/1720/1186 2014/1694/1160
f 2028/1708/1174 2027/1707/1173 2015/1696/1162
f 2018/1699/1165 2030/1711/1177 2029/1710/1176
f 2019/1700/1166 2031/1713/1179 2030/1711/1177
f 2020/1712/1178 2032/1714/1180 2031/1713/1179
f 2021/1701/1167 2033/1715/1181 2032/1714/1180
f 2022/1702/1168 2034/1728/1194 2033/1715/1181
f 2035/1716/1182 2034/1728/1194 2022/1702/1168
f 2036/1717/1183 2035/1716/1182 2023/1704/1170
f 2037/1718/1184 2036/1717/1183 2024/1705/1171
f 2038/1719/1185 2037/1718/1184 2025/1706/1172
f 2039/1721/1187 2038/1719/1185 2026/1720/1186
f 2040/1722/1188 2039/1721/1187 2027/1707/1173
f 2042/1723/1189 2041/1735/1201 2029/1710/1176
f 2043/1724/1190 2042/1723/1189 2030/1711/1177
f 2044/1725/1191 2043/1724/1190 2031/1713/1179
f 2045/1726/1192 2044/1725/1191 2032/1714/1180
f 2046/1727/1193 2045/1726/1192 2033/1715/1181
f 2047/1729/1195 2046/1727/1193 2034/1728/1194
f 2036/1717/1183 2048/1730/1196 2047/1729/1195
f 2037/1718/1184 2049/1731/1197 2048/1730/1196
f 2038/1719/1185 2050/1732/1198 2049/1731/1197
f 2039/1721/1187 2051/1733/1199 2050/1732/1198
f 2040/1722/1188 2052/1746/1212 2051/1733/1199
f 2042/1723/1189 2054/1736/1202 2053/1734/1200
f 2043/1724/1190 2055/1737/1203 2054/1736/1202
f 2044/1725/1191 2056/1738/1204 2055/1737/1203
f 2045/1726/1192 2057/1739/1205 2056/1738/1204
f 2046/1727/1193 2058/1751/1217 2057/1739/1205
f 2059/1740/1206 2058/1751/1217 2046/1727/1193
f 2060/1741/1207 2059/1740/1206 2047/1729/1195
f 2061/1742/1208 2060/1741/1207 2048/1730/1196
f 2062/1743/1209 2061/1742/1208 2049/1731/1197
f 2063/1744/1210 2062/1743/1209 2050/1732/1198
f 2064/1745/1211 2063/1744/1210 2051/1733/1199
f 2054/1736/1202 2066/1748/1214 2065/1747/1213
f 2055/1737/1203 2067/1749/1215 2066/1748/1214
f 2056/1738/1204 2068/1750/1216 2067/1749/1215
f 2057/1739/1205 2069/1752/1218 2068/1750/1216
f 2058/1751/1217 2070/1763/1229 2069/1752/1218
f 2071/1753/1219 2070/1763/1229 2058/1751/1217
f 2072/1754/1220 2071/1753/1219 2059/1740/1206
f 2073/1755/1221 2072/1754/1220 2060/1741/1207
f 2074/1756/1222 2073/1755/1221 2061/1742/1208
f 2075/1757/1223 2074/1756/1222 2062/1743/1209
f 2076/1758/1224 2075/1757/1223 2063/1744/1210
f 2066/1748/1214 2078/1760/1226 2077/1759/1225
f 2067/1749/1215 2079/1761/1227 2078/1760/1226
f 2068/1750/1216 2080/1762/1228 2079/1761/1227
f 2069/1752/1218 2081/1764/1230 2080/1762/1228
f 2070/1763/1229 2082/1775/1241 2081/1764/1230
f 2083/1765/1231 2082/1775/1241 2070/1763/1229
f 2084/1766/1232 2083/1765/1231 2071/1753/1219
f 2085/1767/1233 2084/1766/1232 2072/1754/1220
f 2086/1768/1234 2085/1767/1233 2073/1755/1221
f 2087/1769/1235 2086/1768/1234 2074/1756/1222
f 2088/1770/1236 2087/1769/1235 2075/1757/1223
f 2078/1760/1226 2090/1772/1238 2089/1771/1237
f 2079/1761/1227 2091/1773/1239 2090/1772/1238
f 2080/1762/1228 2092/1774/1240 2091/1773/1239
f 2081/1764/1230 2093/1776/1242 2092/1774/1240
f 2082/1775/1241 2094/1787/1253 2093/1776/1242
f 2095/1777/1243 2094/1787/1253 2082/1775/1241
f 2096/1778/1244 2095/1777/1243 2083/1765/1231
f 2097/1779/1245 2096/1778/1244 2084/1766/1232
f 2098/1780/1246 2097/1779/1245 2085/1767/1233
f 2099/1781/1247 2098/1780/1246 2086/1768/1234
f 2100/1782/1248 2099/1781/1247 2087/1769/1235
f 2090/1772/1238 2102/1784/1250 2101/1783/1249
f 2091/1773/1239 2103/1785/1251 2102/1784/1250
f 2092/1774/1240 2104/1786/1252 2103/1785/1251
f 2093/1776/1242 2105/1788/1254 2104/1786/1252
f 2094/1787/1253 2106/1799/1265 2105/1788/1254
f 2107/1789/1255 2106/1799/1265 2094/1787/1253
f 2108/1790/1256 2107/1789/1255 2095/1777/1243
f 2109/1791/1257 2108/1790/1256 2096/1778/1244
f 2110/1792/1258 2109/1791/1257 2097/1779/1245
f 2111/1793/1259 2110/1792/1258 2098/1780/1246
f 2112/1794/1260 2111/1793/1259 2099/1781/1247
f 2102/1784/1250 2114/1796/1262 2113/1795/1261
f 2103/1785/1251 2115/1797/1263 2114/1796/1262
f 2104/1786/1252 2116/1798/1264 2115/1797/1263
f 2105/1788/1254 2117/1800/1266 2116/1798/1264
f 2106/1799/1265 2118/1811/1277 2117/1800/1266
f 2119/1801/1267 2118/1811/1277 2106/1799/1265
f 2120/1802/1268 2119/1801/1267 2107/1789/1255
f 2121/1803/1269 2120/1802/1268 2108/1790/1256
f 2122/1804/1270 2121/1803/1269 2109/1791/1257
f 2123/1805/1271 2122/1804/1270 2110/1792/1258
f 2124/1806/1272 2123/1805/1271 2111/1793/1259
f 2114/1796/1262 2126/1808/1274 2125/1807/1273
f 2115/1797/1263 2127/1809/1275 2126/1808/1274
f 2116/1798/1264 2128/1810/1276 2127/1809/1275
f 2117/1800/1266 2129/1812/1278 2128/1810/1276
f 2118/1811/1277 2130/1823/1289 2129/1812/1278
f 2131/1813/1279 2130/1823/1289 2118/1811/1277
f 2132/1814/1280 2131/1813/1279 2119/1801/1267
f 2133/1815/1281 2132/1814/1280 2120/1802/1268
f 2134/1816/1282 2133/1815/1281 2121/1803/1269
f 2135/1817/1283 2134/1816/1282 2122/1804/1270
f 2136/1818/1284 2135/1817/1283 2123/1805/1271
f 2126/1808/1274 2138/1820/1286 2137/1819/1285
f 2127/1809/1275 2139/1821/1287 2138/1820/1286
f 2128/1810/1276 2140/1822/1288 2139/1821/1287
f 2129/1812/1278 2141/1824/1290 2140/1822/1288
f 2130/1823/1289 2142/1835/1301 2141/1824/1290
f 2143/1825/1291 2142/1835/1301 2130/1823/1289
f 2144/1826/1292 2143/1825/1291 2131/1813/1279
f 2145/1827/1293 2144/1826/1292 2132/1814/1280
f 2146/1828/1294 2145/1827/1293 2133/1815/1281
f 2147/1829/1295 2146/1828/1294 2134/1816/1282
f 2148/1830/1296 2147/1829/1295 2135/1817/1283
f 2138/1820/1286 2150/1832/1298 2149/1831/1297
f 2139/1821/1287 2151/1833/1299 2150/1832/1298
f 2140/1822/1288 2152/1834/1300 2151/1833/1299
f 2141/1824/1290 2153/1836/1302 2152/1834/1300
f 2142/1835/1301 2154/1847/1313 2153/1836/1302
f 2155/1837/1303 2154/1847/1313 2142/1835/1301
f 2156/1838/1304 2155/1837/1303 2143/1825/1291
f 2157/1839/1305 2156/1838/1304 2144/1826/1292
f 2158/1840/1306 2157/1839/1305 2145/1827/1293
f 2159/1841/1307 2158/1840/1306 2146/1828/1294
f 2160/1842/1308 2159/1841/1307 2147/1829/1295
f 2150/1832/1298 2162/1844/1310 2161/1843/1309
f 2151/1833/1299 2163/1845/1311 2162/1844/1310
f 2152/1834/1300 2164/1846/1312 2163/1845/1311
f 2153/1836/1302 2165/1848/1314 2164/1846/1312
f 2154/1847/1313 2166/1859/1325 2165/1848/1314
f 2167/1849/1315 2166/1859/1325 2154/1847/1313
f 2168/1850/1316 2167/1849/1315 2155/1837/1303
f 2169/1851/1317 2168/1850/1316 2156/1838/1304
f 2170/1852/1318 2169/1851/1317 2157/1839/1305
f 2171/1853/1319 2170/1852/1318 2158/1840/1306
f 2172/1854/1320 2171/1853/1319 2159/1841/1307
f 2162/1844/1310 2174/1856/1322 2173/1855/1321
f 2163/1845/1311 2175/1857/1323 2174/1856/1322
f 2164/1846/1312 2176/1858/1324 2175/1857/1323
f 2165/1848/1314 2177/1860/1326 2176/1858/1324
f 2166/1859/1325 2178/1872/1338 2177/1860/1326
f 2179/1861/1327 2178/1872/1338 2166/1859/1325
f 2180/1862/1328 2179/1861/1327 2167/1849/1315
f 2181/1863/1329 2180/1862/1328 2168/1850/1316
f 2182/1864/1330 2181/1863/1329 2169/1851/1317
f 2183/1865/1331 2182/1864/1330 2170/1852/1318
f 2184/1866/1332 2183/1865/1331 2171/1853/1319
f 2186/1867/1333 2185/1879/1345 2173/1855/1321
f 2187/1868/1334 2186/1867/1333 2174/1856/1322
f 2188/1869/1335 2187/1868/1334 2175/1857/1323
f 2189/1870/1336 2188/1869/1335 2176/1858/1324
f 2190/1871/1337 2189/1870/1336 2177/1860/1326
f 2191/1873/1339 2190/1871/1337 2178/1872/1338
f 2180/1862/1328 2192/1874/1340 2191/1873/1339
f 2181/1863/1329 2193/1875/1341 2192/1874/1340
f 2182/1864/1330 2194/1876/1342 2193/1875/1341
f 2183/1865/1331 2195/1877/1343 2194/1876/1342
f 2184/1866/1332 2196/1889/1355 2195/1877/1343
f 2186/1867/1333 2198/1880/1346 2197/1878/1344
f 2187/1868/1334 2199/1881/1347 2198/1880/1346
f 2188/1869/1335 2200/1892/1358 2199/1881/1347
f 2201/1882/1348 2200/1892/1358 2188/1869/1335
f 2202/1883/1349 2201/1882/1348 2189/1870/1336
f 2203/1884/1350 2202/1883/1349 2190/1871/1337
f 2192/1874/1340 2204/1885/1351 2203/1884/1350
f 2193/1875/1341 2205/1886/1352 2204/1885/1351
f 2194/1876/1342 2206/1900/1366 2205/1886/1352
f 2207/1887/1353 2206/1900/1366 2194/1876/1342
f 2208/1888/1354 2207/1887/1353 2195/1877/1343
f 2198/1880/1346 2210/1891/1357 2209/1890/1356
f 2199/1881/1347 2211/1893/1359 2210/1891/1357
f 2200/1892/1358 2212/1894/1360 2211/1893/1359
f 2201/1882/1348 2213/1895/1361 2212/1894/1360
f 2202/1883/1349 2214/1907/1373 2213/1895/1361
f 2215/1896/1362 2214/1907/1373 2202/1883/1349
f 2216/1897/1363 2215/1896/1362 2203/1884/1350
f 2217/1898/1364 2216/1897/1363 2204/1885/1351
f 2218/1899/1365 2217/1898/1364 2205/1886/1352
f 2219/1901/1367 2218/1899/1365 2206/1900/1366
f 2220/1902/1368 2219/1901/1367 2207/1887/1353
f 2210/1891/1357 2222/1904/1370 2221/1903/1369
f 2211/1893/1359 2223/1905/1371 2222/1904/1370
f 2212/1894/1360 2224/1906/1372 2223/1905/1371
f 2213/1895/1361 2225/1908/1374 2224/1906/1372
f 2214/1907/1373 2226/1919/1385 2225/1908/1374
f 2227/1909/1375 2226/1919/1385 2214/1907/1373
f 2228/1910/1376 2227/1909/1375 2215/1896/1362
f 2229/1911/1377 2228/1910/1376 2216/1897/1363
f 2230/1912/1378 2229/1911/1377 2217/1898/1364
f 2231/1913/1379 2230/1912/1378 2218/1899/1365
f 2232/1914/1380 2231/1913/1379 2219/1901/1367
f 2222/1904/1370 2234/1916/1382 2233/1915/1381
f 2223/1905/1371 2235/1917/1383 2234/1916/1382
f 2224/1906/1372 2236/1918/1384 2235/1917/1383
f 2225/1908/1374 2237/1920/1386 2236/1918/1384
f 2226/1919/1385 2238/1931/1397 2237/1920/1386
f 2239/1921/1387 2238/1931/1397 2226/1919/1385
f 2240/1922/1388 2239/1921/1387 2227/1909/1375
f 2241/1923/1389 2240/1922/1388 2228/1910/1376
f 2242/1924/1390 2241/1923/1389 2229/1911/1377
f 2243/1925/1391 2242/1924/1390 2230/1912/1378
f 2244/1926/1392 2243/1925/1391 2231/1913/1379
f 2234/1916/1382 2246/1928/1394 2245/1927/1393
f 2235/1917/1383 2247/1929/1395 2246/1928/1394
f 2236/1918/1384 2248/1930/1396 2247/1929/1395
f 2237/1920/1386 2249/1932/1398 2248/1930/1396
f 2238/1931/1397 2250/1943/1409 2249/1932/1398
f 2251/1933/1399 2250/1943/1409 2238/1931/1397
f 2252/1934/1400 2251/1933/1399 2239/1921/1387
f 2253/1935/1401 2252/1934/1400 2240/1922/1388
f 2254/1936/1402 2253/1935/1401 2241/1923/1389
f 2255/1937/1403 2254/1936/1402 2242/1924/1390
f 2256/1938/1404 2255/1937/1403 2243/1925/1391
f 2246/1928/1394 2258/1940/1406 2257/1939/1405
f 2247/1929/1395 2259/1941/1407 2258/1940/1406
f 2248/1930/1396 2260/1942/1408 2259/1941/1407
f 2249/1932/1398 2261/1944/1410 2260/1942/1408
f 2250/1943/1409 2262/1955/1421 2261/1944/1410
f 2263/1945/1411 2262/1955/1421 2250/1943/1409
f 2264/1946/1412 2263/1945/1411 2251/1933/1399
f 2265/1947/1413 2264/1946/1412 2252/1934/1400
f 2266/1948/1414 2265/1947/1413 2253/1935/1401
f 2267/1949/1415 2266/1948/1414 2254/1936/1402
f 2268/1950/1416 2267/1949/1415 2255/1937/1403
f 2258/1940/1406 2270/1952/1418 2269/1951/1417
f 2259/1941/1407 2271/1953/1419 2270/1952/1418
f 2260/1942/1408 2272/1954/1420 2271/1953/1419
f 2261/1944/1410 2273/1956/1422 2272/1954/1420
f 2262/1955/1421 2274/1967/1433 2273/1956/1422
f 2275/1957/1423 2274/1967/1433 2262/1955/1421
f 2276/1958/1424 2275/1957/1423 2263/1945/1411
f 2277/1959/1425 2276/1958/1424 2264/1946/1412
f 2278/1960/1426 2277/1959/1425 2265/1947/1413
f 2279/1961/1427 2278/1960/1426 2266/1948/1414
f 2280/1962/1428 2279/1961/1427 2267/1949/1415
f 2270/1952/1418 2282/1964/1430 2281/1963/1429
f 2271/1953/1419 2283/1965/1431 2282/1964/1430
f 2272/1954/1420 2284/1966/1432 2283/1965/1431
f 2273/1956/1422 2285/1968/1434 2284/1966/1432
f 2274/1967/1433 2286/1979/1445 2285/1968/1434
f 2287/1969/1435 2286/1979/1445 2274/1967/1433
f 2288/1970/1436 2287/1969/1435 2275/1957/1423
f 2289/1971/1437 2288/1970/1436 2276/1958/1424
f 2290/1972/1438 2289/1971/1437 2277/1959/1425
f 2291/1973/1439 2290/1972/1438 2278/1960/1426
f 2292/1974/1440 2291/1973/1439 2279/1961/1427
f 2282/1964/1430 2294/1976/1442 2293/1975/1441
f 2283/1965/1431 2295/1977/1443 2294/1976/1442
f 2284/1966/1432 2296/1978/1444 2295/1977/1443
f 2285/1968/1434 2297/1980/1446 2296/1978/1444
f 2286/1979/1445 2298/1991/1457 2297/1980/1446
f 2299/1981/1447 2298/1991/1457 2286/1979/1445
f 2300/1982/1448 2299/1981/1447 2287/1969/1435
f 2301/1983/1449 2300/1982/1448 2288/1970/1436
f 2302/1984/1450 2301/1983/1449 2289/1971/1437
f 2303/1985/1451 2302/1984/1450 2290/1972/1438
f 2304/1986/1452 2303/1985/1451 2291/1973/1439
f 2294/1976/1442 2306/1988/1454 2305/1987/1453
f 2295/1977/1443 2307/1989/1455 2306/1988/1454
f 2296/1978/1444 2308/1990/1456 2307/1989/1455
f 2297/1980/1446 2309/1992/1458 2308/1990/1456
f 2298/1991/1457 2310/2003/1469 2309/1992/1458
f 2311/1993/1459 2310/2003/1469 2298/1991/1457
f 2312/1994/1460 2311/1993/1459 2299/1981/1447
f 2313/1995/1461 2312/1994/1460 2300/1982/1448
f 2314/1996/1462 2313/1995/1461 2301/1983/1449
f 2315/1997/1463 2314/1996/1462 2302/1984/1450
f 2316/1998/1464 2315/1997/1463 2303/1985/1451
f 2306/1988/1454 2318/2000/1466 2317/1999/1465
f 2307/1989/1455 2319/2001/1467 2318/2000/1466
f 2308/1990/1456 2320/2002/1468 2319/2001/1467
f 2309/1992/1458 2321/2004/1470 2320/2002/1468
f 2310/2003/1469 2322/2015/1481 2321/2004/1470
f 2323/2005/1471 2322/2015/1481 2310/2003/1469
f 2324/2006/1472 2323/2005/1471 2311/1993/1459
f 2325/2007/1473 2324/2006/1472 2312/1994/1460
f 2326/2008/1474 2325/2007/1473 2313/1995/1461
f 2327/2009/1475 2326/2008/1474 2314/1996/1462
f 2328/2010/1476 2327/2009/1475 2315/1997/1463
f 2318/2000/1466 2330/2012/1478 2329/2011/1477
f 2319/2001/1467 2331/2013/1479 2330/2012/1478
f 2320/2002/1468 2332/2014/1480 2331/2013/1479
f 2321/2004/1470 2333/2016/1482 2332/2014/1480
f 2322/2015/1481 2334/2026/1492 2333/2016/1482
f 2335/2017/1483 2334/2026/1492 2322/2015/1481
f 2336/2018/1484 2335/2017/1483 2323/2005/1471
f 2337/2019/1485 2336/2018/1484 2324/2006/1472
f 2338/2020/1486 2337/2019/1485 2325/2007/1473
f 2339/2021/1487 2338/2020/1486 2326/2008/1474
f 2328/2010/1476 2340/2034/1500 2339/2021/1487
f 2330/2012/1478 2342/2023/1489 2341/2022/1488
f 2331/2013/1479 2343/2024/1490 2342/2023/1489
f 2332/2014/1480 2344/2025/1491 2343/2024/1490
f 2333/2016/1482 2345/2027/1493 2344/2025/1491
f 2334/2026/1492 2346/2040/1506 2345/2027/1493
f 2347/2028/1494 2346/2040/1506 2334/2026/1492
f 2348/2029/1495 2347/2028/1494 2335/2017/1483
f 2349/2030/1496 2348/2029/1495 2336/2018/1484
f 2350/2031/1497 2349/2030/1496 2337/2019/1485
f 2351/2032/1498 2350/2031/1497 2338/2020/1486
f 2352/2033/1499 2351/2032/1498 2339/2021/1487
f 2354/2035/1501 2353/2047/1513 2341/2022/1488
f 2355/2036/1502 2354/2035/1501 2342/2023/1489
f 2356/2037/1503 2355/2036/1502 2343/2024/1490
f 2357/2038/1504 2356/2037/1503 2344/2025/1491
f 2358/2039/1505 2357/2038/1504 2345/2027/1493
f 2359/2041/1507 2358/2039/1505 2346/2040/1506
f 2348/2029/1495 2360/2042/1508 2359/2041/1507
f 2349/2030/1496 2361/2043/1509 2360/2042/1508
f 2350/2031/1497 2362/2044/1510 2361/2043/1509
f 2351/2032/1498 2363/2045/1511 2362/2044/1510
f 2352/2033/1499 2364/2058/1524 2363/2045/1511
f 2354/2035/1501 2366/2048/1514 2365/2046/1512
f 2355/2036/1502 2367/2049/1515 2366/2048/1514
f 2356/2037/1503 2368/2050/1516 2367/2049/1515
f 2357/2038/1504 2369/2051/1517 2368/2050/1516
f 2358/2039/1505 2370/2063/1529 2369/2051/1517
f 2371/2052/1518 2370/2063/1529 2358/2039/1505
f 2372/2053/1519 2371/2052/1518 2359/2041/1507
f 2373/2054/1520 2372/2053/1519 2360/2042/1508
f 2374/2055/1521 2373/2054/1520 2361/2043/1509
f 2375/2056/1522 2374/2055/1521 2362/2044/1510
f 2376/2057/1523 2375/2056/1522 2363/2045/1511
f 2366/2048/1514 2378/2060/1526 2377/2059/1525
f 2367/2049/1515 2379/2061/1527 2378/2060/1526
f 2368/2050/1516 2380/2062/1528 2379/2061/1527
f 2369/2051/1517 2381/2064/1530 2380/2062/1528
f 2370/2063/1529 2382/2075/1541 2381/2064/1530
f 2383/2065/1531 2382/2075/1541 2370/2063/1529
f 2384/2066/1532 2383/2065/1531 2371/2052/1518
f 2385/2067/1533 2384/2066/1532 2372/2053/1519
f 2386/2068/1534 2385/2067/1533 2373/2054/1520
f 2387/2069/1535 2386/2068/1534 2374/2055/1521
f 2388/2070/1536 2387/2069/1535 2375/2056/1522
f 2378/2060/1526 2390/2072/1538 2389/2071/1537
f 2379/2061/1527 2391/2073/1539 2390/2072/1538
f 2380/2062/1528 2392/2074/1540 2391/2073/1539
f 2381/2064/1530 2393/2076/1542 2392/2074/1540
f 2382/2075/1541 2394/2087/1553 2393/2076/1542
f 2395/2077/1543 2394/2087/1553 2382/2075/1541
f 2396/2078/1544 2395/2077/1543 2383/2065/1531
f 2397/2079/1545 2396/2078/1544 2384/2066/1532
f 2398/2080/1546 2397/2079/1545 2385/2067/1533
f 2399/2081/1547 2398/2080/1546 2386/2068/1534
f 2400/2082/1548 2399/2081/1547 2387/2069/1535
f 2390/2072/1538 2402/2084/1550 2401/2083/1549
f 2391/2073/1539 2403/2085/1551 2402/2084/1550
f 2392/2074/1540 2404/2086/1552 2403/2085/1551
f 2393/2076/1542 2405/2088/1554 2404/2086/1552
f 2394/2087/1553 2406/2099/1565 2405/2088/1554
f 2407/2089/1555 2406/2099/1565 2394/2087/1553
f 2408/2090/1556 2407/2089/1555 2395/2077/1543
f 2409/2091/1557 2408/2090/1556 2396/2078/1544
f 2410/2092/1558 2409/2091/1557 2397/2079/1545
f 2411/2093/1559 2410/2092/1558 2398/2080/1546
f 2412/2094/1560 2411/2093/1559 2399/2081/1547
f 2402/2084/1550 2414/2096/1562 2413/2095/1561
f 2403/2085/1551 2415/2097/1563 2414/2096/1562
f 2404/2086/1552 2416/2098/1564 2415/2097/1563
f 2405/2088/1554 2417/2100/1566 2416/2098/1564
f 2406/2099/1565 2418/2111/1577 2417/2100/1566
f 2419/2101/1567 2418/2111/1577 2406/2099/1565
f 2420/2102/1568 2419/2101/1567 2407/2089/1555
f 2421/2103/1569 2420/2102/1568 2408/2090/1556
f 2422/2104/1570 2421/2103/1569 2409/2091/1557
f 2423/2105/1571 2422/2104/1570 2410/2092/1558
f 2424/2106/1572 2423/2105/1571 2411/2093/1559
f 2414/2096/1562 2426/2108/1574 2425/2107/1573
f 2415/2097/1563 2427/2109/1575 2426/2108/1574
f 2416/2098/1564 2428/2110/1576 2427/2109/1575
f 2417/2100/1566 2429/2112/1578 2428/2110/1576
f 2418/2111/1577 2430/2123/1589 2429/2112/1578
f 2431/2113/1579 2430/2123/1589 2418/2111/1577
f 2432/2114/1580 2431/2113/1579 2419/2101/1567
f 2433/2115/1581 2432/2114/1580 2420/2102/1568
f 2434/2116/1582 2433/2115/1581 2421/2103/1569
f 2435/2117/1583 2434/2116/1582 2422/2104/1570
f 2436/2118/1584 2435/2117/1583 2423/2105/1571
f 2426/2108/1574 2438/2120/1586 2437/2119/1585
f 2427/2109/1575 2439/2121/1587 2438/2120/1586
f 2428/2110/1576 2440/2122/1588 2439/2121/1587
f 2429/2112/1578 2441/2124/1590 2440/2122/1588
f 2430/2123/1589 2442/2135/1601 2441/2124/1590
f 2443/2125/1591 2442/2135/1601 2430/2123/1589
f 2444/2126/1592 2443/2125/1591 2431/2113/1579
f 2445/2127/1593 2444/2126/1592 2432/2114/1580
f 2446/2128/1594 2445/2127/1593 2433/2115/1581
f 2447/2129/1595 2446/2128/1594 2434/2116/1582
f 2448/2130/1596 2447/2129/1595 2435/2117/1583
f 2438/2120/1586 2450/2132/1598 2449/2131/1597
f 2439/2121/1587 2451/2133/1599 2450/2132/1598
f 2440/2122/1588 2452/2134/1600 2451/2133/1599
f 2441/2124/1590 2453/2136/1602 2452/2134/1600
f 2442/2135/1601 2454/2147/1613 2453/2136/1602
f 2455/2137/1603 2454/2147/1613 2442/2135/1601
f 2456/2138/1604 2455/2137/1603 2443/2125/1591
f 2457/2139/1605 2456/2138/1604 2444/2126/1592
f 2458/2140/1606 2457/2139/1605 2445/2127/1593
f 2459/2141/1607 2458/2140/1606 2446/2128/1594
f 2460/2142/1608 2459/2141/1607 2447/2129/1595
f 2450/2132/1598 2462/2144/1610 2461/2143/1609
f 2451/2133/1599 2463/2145/1611 2462/2144/1610
f 2452/2134/1600 2464/2146/1612 2463/2145/1611
f 2453/2136/1602 2465/2148/1614 2464/2146/1612
f 2454/2147/1613 2466/2159/1625 2465/2148/1614
f 2467/2149/1615 2466/2159/1625 2454/2147/1613
f 2468/2150/1616 2467/2149/1615 2455/2137/1603
f 2469/2151/1617 2468/2150/1616 2456/2138/1604
f 2470/2152/1618 2469/2151/1617 2457/2139/1605
f 2471/2153/1619 2470/2152/1618 2458/2140/1606
f 2472/2154/1620 2471/2153/1619 2459/2141/1607
f 2462/2144/1610 2474/2156/1622 2473/2155/1621
f 2463/2145/1611 2475/2157/1623 2474/2156/1622
f 2464/2146/1612 2476/2158/1624 2475/2157/1623
f 2465/2148/1614 2477/2160/1626 2476/2158/1624
f 2466/2159/1625 2478/2170/1636 2477/2160/1626
f 2479/2161/1627 2478/2170/1636 2466/2159/1625
f 2480/2162/1628 2479/2161/1627 2467/2149/1615
f 2481/2163/1629 2480/2162/1628 2468/2150/1616
f 2482/2164/1630 2481/2163/1629 2469/2151/1617
f 2483/2165/1631 2482/2164/1630 2470/2152/1618
f 2484/2166/1632 2483/2165/1631 2471/2153/1619
f 2486/2167/1633 2485/2178/1643 2473/2155/1621
f 2487/2168/1634 2486/2167/1633 2474/2156/1622
f 2488/2169/1635 2487/2168/1634 2475/2157/1623
f 2477/2160/1626 2489/2171/1637 2488/2169/1635
f 2478/2170/1636 2490/2183/1645 2489/2171/1637
f 2491/2172/1638 2490/2183/1645 2478/2170/1636
f 2492/2173/1639 2491/2172/1638 2479/2161/1627
f 2481/2163/1629 2493/2174/1640 2492/2173/1639
f 2482/2164/1630 2494/2175/1641 2493/2174/1640
f 2483/2165/1631 2495/2176/1642 2494/2175/1641
f 2484/2166/1632 2496/2188/1647 2495/2176/1642
f 2498/2177/95 2497/2191/96 2485/2178/1643
f 2499/2179/97 2498/2177/95 2486/2167/1633
f 2500/2180/98 2499/2179/97 2487/2168/1634
f 2501/2181/100 2500/2180/98 2488/2169/1635
f 2502/2182/1644 2501/2181/100 2489/2171/1637
f 2503/2184/1646 2502/2182/1644 2490/2183/1645
f 2492/2173/1639 2504/2185/103 2503/2184/1646
f 2493/2174/1640 2505/2186/104 2504/2185/103
f 2494/2175/1641 2506/2187/105 2505/2186/104
f 2495/2176/1642 2507/2189/106 2506/2187/105
f 2496/2188/1647 2508/2202/94 2507/2189/106
f 2498/2177/95 2510/2192/85 2509/2190/96
f 2499/2179/97 2511/2193/86 2510/2192/85
f 2500/2180/98 2512/2194/99 2511/2193/86
f 2501/2181/100 2513/2195/108 2512/2194/99
f 2502/2182/1644 2514/2208/88 2513/2195/108
f 2515/2196/89 2514/2208/88 2502/2182/1644
f 2516/2197/90 2515/2196/89 2503/2184/1646
f 2517/2198/91 2516/2197/90 2504/2185/103
f 2518/2199/92 2517/2198/91 2505/2186/104
f 2519/2200/93 2518/2199/92 2506/2187/105
f 2520/2201/94 2519/2200/93 2507/2189/106
f 626/2203/11 625/1/10 2509/2190/96
f 627/2204/13 626/2203/11 2510/2192/85
f 628/2205/15 627/2204/13 2511/2193/86
f 629/2206/17 628/2205/15 2512/2194/99
f 630/2207/19 629/2206/17 2513/2195/108
f 631/2209/21 630/2207/19 2514/2208/88
f 2516/2197/90 632/2285/22 631/2209/21
f 633/2210/23 632/2285/22 2516/2197/90
f 634/2211/25 633/2210/23 2517/2198/91
f 635/2212/27 634/2211/25 2518/2199/92
f 636/2213/29 635/2212/27 2519/2200/93
f 2534/2214/43 2533/2224/31 2521/5/10
f 2523/312/13 2535/2225/32 2534/2214/43
f 2536/2215/33 2535/2225/32 2523/312/13
f 2537/2216/60 2536/2215/33 2524/314/15
f 2538/2217/35 2537/2216/60 2525/316/1648
f 2539/2218/36 2538/2217/35 2526/318/19
f 2540/2219/61 2539/2218/36 2527/320/21
f 2529/322/23 2541/2220/38 2540/2219/61
f 2530/324/25 2542/2233/39 2541/2220/38
f 2543/2221/40 2542/2233/39 2530/324/25
f 2544/2222/41 2543/2221/40 2531/326/27
f 2546/2223/62 2545/2237/74 2533/2224/31
f 2535/2225/32 2547/2239/63 2546/2223/62
f 2548/2226/64 2547/2239/63 2535/2225/32
f 2549/2227/84 2548/2226/64 2536/2215/33
f 2550/2228/66 2549/2227/84 2537/2216/60
f 2551/2229/67 2550/2228/66 2538/2217/35
f 2552/2230/109 2551/2229/67 2539/2218/36
f 2553/2231/69 2552/2230/109 2540/2219/61
f 2554/2232/70 2553/2231/69 2541/2220/38
f 2555/2234/71 2554/2232/70 2542/2233/39
f 2556/2235/72 2555/2234/71 2543/2221/40
f 2558/2236/85 2557/2248/96 2545/2237/74
f 2559/2238/86 2558/2236/85 2546/2223/62
f 2560/2240/99 2559/2238/86 2547/2239/63
f 2561/2241/87 2560/2240/99 2548/2226/64
f 2562/2242/88 2561/2241/87 2549/2227/84
f 2563/2243/89 2562/2242/88 2550/2228/66
f 2552/2230/109 2564/2249/1650 2563/2243/89
f 2565/2244/91 2564/2249/1650 2552/2230/109
f 2566/2245/92 2565/2244/91 2553/2231/69
f 2567/2246/93 2566/2245/92 2554/2232/70
f 2568/2247/94 2567/2246/93 2555/2234/71
f 2570/1254/95 2569/1267/96 2557/2248/96
f 2571/1256/97 2570/1254/95 2558/2236/85
f 2572/1257/98 2571/1256/97 2559/2238/86
f 2573/1258/100 2572/1257/98 2560/2240/99
f 2574/1259/1649 2573/1258/100 2561/2241/87
f 2575/1260/102 2574/1259/1649 2562/2242/88
f 2564/2249/1650 2576/1261/103 2575/1260/102
f 2565/2244/91 2577/1262/104 2576/1261/103
f 2566/2245/92 2578/1263/105 2577/1262/104
f 2567/2246/93 2579/1265/106 2578/1263/105
f 2568/2247/94 2580/1276/94 2579/1265/106
f 2582/2250/73 2581/2261/74 2569/1267/96
f 2583/2251/75 2582/2250/73 2570/1254/95
f 2584/2252/76 2583/2251/75 2571/1256/97
f 2585/2253/77 2584/2252/76 2572/1257/98
f 2586/2254/78 2585/2253/77 2573/1258/100
f 2587/2255/79 2586/2254/78 2574/1259/1649
f 2588/2256/80 2587/2255/79 2575/1260/102
f 2577/1262/104 2589/2269/81 2588/2256/80
f 2590/2257/82 2589/2269/81 2577/1262/104
f 2591/2258/83 2590/2257/82 2578/1263/105
f 2592/2259/72 2591/2258/83 2579/1265/106
f 2582/2250/73 2594/2262/62 2593/2260/74
f 2583/2251/75 2595/2263/63 2594/2262/62
f 2584/2252/76 2596/2264/64 2595/2263/63
f 2585/2253/77 2597/2265/84 2596/2264/64
f 2586/2254/78 2598/2278/66 2597/2265/84
f 2599/2266/67 2598/2278/66 2586/2254/78
f 2600/2267/109 2599/2266/67 2587/2255/79
f 2601/2268/69 2600/2267/109 2588/2256/80
f 2602/2270/70 2601/2268/69 2589/2269/81
f 2603/2271/71 2602/2270/70 2590/2257/82
f 2604/2272/72 2603/2271/71 2591/2258/83
f 2606/2273/85 2605/2284/96 2593/2260/74
f 2607/2274/86 2606/2273/85 2594/2262/62
f 2608/2275/99 2607/2274/86 2595/2263/63
f 2609/2276/108 2608/2275/99 2596/2264/64
f 2610/2277/88 2609/2276/108 2597/2265/84
f 2611/2279/89 2610/2277/88 2598/2278/66
f 2612/2280/90 2611/2279/89 2599/2266/67
f 2613/2281/91 2612/2280/90 2600/2267/109
f 2614/2282/92 2613/2281/91 2601/2268/69
f 2615/2283/93 2614/2282/92 2602/2270/70
f 2604/2272/72 2616/2286/94 2615/2283/93
f 2522/2203/11 2521/1/10 2605/2284/96
f 2523/2204/13 2522/2203/11 2606/2273/85
f 2524/2205/15 2523/2204/13 2607/2274/86
f 2525/2206/1648 2524/2205/15 2608/2275/99
f 2526/2207/19 2525/2206/1648 2609/2276/108
f 2527/2209/21 2526/2207/19 2610/2277/88
f 2528/2285/56 2527/2209/21 2611/2279/89
f 2529/2210/23 2528/2285/56 2612/2280/90
f 2530/2211/25 2529/2210/23 2613/2281/91
f 2615/2283/93 2531/2212/27 2530/2211/25
f 2616/2286/94 2532/2213/29 2531/2212/27
f 2630/2223/73 2629/2237/74 2617/5/96
f 2619/312/97 2631/2239/75 2630/2223/73
f 2620/314/98 2632/2226/76 2631/2239/75
f 2633/2227/77 2632/2226/76 2620/314/98
f 2634/2228/78 2633/2227/77 2621/316/100
f 2635/2229/107 2634/2228/78 2622/318/101
f 2636/2230/80 2635/2229/107 2623/320/102
f 2625/322/104 2637/2231/81 2636/2230/80
f 2638/2232/82 2637/2231/81 2625/322/104
f 2639/2234/83 2638/2232/82 2626/324/105
f 2628/328/94 2640/2235/72 2639/2234/83
f 2642/1254/42 2641/1267/31 2629/2237/74
f 2643/1256/44 2642/1254/42 2630/2223/73
f 2644/1257/45 2643/1256/44 2631/2239/75
f 2645/1258/46 2644/1257/45 2632/2226/76
f 2646/1259/57 2645/1258/46 2633/2227/77
f 2647/1260/1651 2646/1259/57 2634/2228/78
f 2648/1261/49 2647/1260/1651 2635/2229/107
f 2649/1262/50 2648/1261/49 2636/2230/80
f 2650/1263/51 2649/1262/50 2637/2231/81
f 2651/1265/52 2650/1263/51 2638/2232/82
f 2652/1276/41 2651/1265/52 2639/2234/83
f 2654/2262/9 2653/2260/10 2641/1267/31
f 2655/2263/12 2654/2262/9 2642/1254/42
f 2656/2264/14 2655/2263/12 2643/1256/44
f 2645/1258/46 2657/2265/16 2656/2264/14
f 2658/2278/53 2657/2265/16 2645/1258/46
f 2659/2266/59 2658/2278/53 2646/1259/57
f 2660/2267/24 2659/2266/59 2647/1260/1651
f 2661/2268/26 2660/2267/24 2648/1261/49
f 2650/1263/51 2662/2270/28 2661/2268/26
f 2651/1265/52 2663/2271/30 2662/2270/28
f 2664/2272/29 2663/2271/30 2651/1265/52
f 2618/2203/95 2617/1/96 2653/2260/10
f 2619/2204/97 2618/2203/95 2654/2262/9
f 2620/2205/98 2619/2204/97 2655/2263/12
f 2621/2206/100 2620/2205/98 2656/2264/14
f 2622/2207/101 2621/2206/100 2657/2265/16
f 2623/2209/102 2622/2207/101 2658/2278/53
f 2624/2285/103 2623/2209/102 2659/2266/59
f 2625/2210/104 2624/2285/103 2660/2267/24
f 2626/2211/105 2625/2210/104 2661/2268/26
f 2627/2212/106 2626/2211/105 2662/2270/28
f 2628/2213/94 2627/2212/106 2663/2271/30
f 2678/2223/73 2677/2237/74 2665/5/96
f 2667/312/97 2679/2239/75 2678/2223/73
f 2668/314/98 2680/2226/76 2679/2239/75
f 2681/2227/77 2680/2226/76 2668/314/98
f 2682/2228/78 2681/2227/77 2669/316/100
f 2683/2229/107 2682/2228/78 2670/318/101
f 2684/2230/80 2683/2229/107 2671/320/102
f 2673/322/104 2685/2231/81 2684/2230/80
f 2686/2232/82 2685/2231/81 2673/322/104
f 2687/2234/83 2686/2232/82 2674/324/105
f 2676/328/94 2688/2235/72 2687/2234/83
f 2690/1254/42 2689/1267/31 2677/2237/74
f 2691/1256/44 2690/1254/42 2678/2223/73
f 2692/1257/45 2691/1256/44 2679/2239/75
f 2681/2227/77 2693/1258/46 2692/1257/45
f 2694/1259/57 2693/1258/46 2681/2227/77
f 2695/1260/1651 2694/1259/57 2682/2228/78
f 2696/1261/49 2695/1260/1651 2683/2229/107
f 2697/1262/50 2696/1261/49 2684/2230/80
f 2698/1263/51 2697/1262/50 2685/2231/81
f 2699/1265/52 2698/1263/51 2686/2232/82
f 2700/1276/41 2699/1265/52 2687/2234/83
f 2690/1254/42 2702/2262/9 2701/2260/10
f 2703/2263/12 2702/2262/9 2690/1254/42
f 2704/2264/14 2703/2263/12 2691/1256/44
f 2693/1258/46 2705/2265/16 2704/2264/14
f 2694/1259/57 2706/2278/53 2705/2265/16
f 2707/2266/59 2706/2278/53 2694/1259/57
f 2708/2267/24 2707/2266/59 2695/1260/1651
f 2709/2268/26 2708/2267/24 2696/1261/49
f 2698/1263/51 2710/2270/28 2709/2268/26
f 2699/1265/52 2711/2271/30 2710/2270/28
f 2712/2272/29 2711/2271/30 2699/1265/52
f 2666/2203/95 2665/1/96 2701/2260/10
f 2667/2204/97 2666/2203/95 2702/2262/9
f 2668/2205/98 2667/2204/97 2703/2263/12
f 2669/2206/100 2668/2205/98 2704/2264/14
f 2670/2207/101 2669/2206/100 2705/2265/16
f 2671/2209/102 2670/2207/101 2706/2278/53
f 2672/2285/103 2671/2209/102 2707/2266/59
f 2709/2268/26 2673/2210/104 2672/2285/103
f 2674/2211/105 2673/2210/104 2709/2268/26
f 2675/2212/106 2674/2211/105 2710/2270/28
f 2676/2213/94 2675/2212/106 2711/2271/30
f 2726/2223/9 2725/2237/10 2713/5/31
f 2727/2239/12 2726/2223/9 2714/310/42
f 2728/2226/14 2727/2239/12 2715/312/44
f 2729/2227/16 2728/2226/14 2716/314/45
f 2730/2228/53 2729/2227/16 2717/316/46
f 2731/2229/59 2730/2228/53 2718/318/57
f 2732/2230/24 2731/2229/59 2719/320/1651
f 2733/2231/26 2732/2230/24 2720/321/49
f 2734/2232/28 2733/2231/26 2721/322/50
f 2735/2234/30 2734/2232/28 2722/324/51
f 2736/2235/29 2735/2234/30 2723/326/52
f 2738/1254/95 2737/1267/96 2725/2237/10
f 2739/1256/97 2738/1254/95 2726/2223/9
f 2740/1257/98 2739/1256/97 2727/2239/12
f 2741/1258/100 2740/1257/98 2728/2226/14
f 2742/1259/101 2741/1258/100 2729/2227/16
f 2743/1260/102 2742/1259/101 2730/2228/53
f 2744/1261/103 2743/1260/102 2731/2229/59
f 2733/2231/26 2745/1262/104 2744/1261/103
f 2746/1263/105 2745/1262/104 2733/2231/26
f 2747/1265/106 2746/1263/105 2734/2232/28
f 2748/1276/94 2747/1265/106 2735/2234/30
f 2750/2262/73 2749/2260/74 2737/1267/96
f 2751/2263/75 2750/2262/73 2738/1254/95
f 2752/2264/76 2751/2263/75 2739/1256/97
f 2753/2265/77 2752/2264/76 2740/1257/98
f 2754/2278/78 2753/2265/77 2741/1258/100
f 2755/2266/107 2754/2278/78 2742/1259/101
f 2756/2267/80 2755/2266/107 2743/1260/102
f 2757/2268/81 2756/2267/80 2744/1261/103
f 2758/2270/82 2757/2268/81 2745/1262/104
f 2759/2271/83 2758/2270/82 2746/1263/105
f 2748/1276/94 2760/2272/72 2759/2271/83
f 2714/2203/42 2713/1/31 2749/2260/74
f 2715/2204/44 2714/2203/42 2750/2262/73
f 2716/2205/45 2715/2204/44 2751/2263/75
f 2717/2206/46 2716/2205/45 2752/2264/76
f 2718/2207/57 2717/2206/46 2753/2265/77
f 2719/2209/1651 2718/2207/57 2754/2278/78
f 2756/2267/80 2720/2285/49 2719/2209/1651
f 2721/2210/50 2720/2285/49 2756/2267/80
f 2722/2211/51 2721/2210/50 2757/2268/81
f 2723/2212/52 2722/2211/51 2758/2270/82
f 2724/2213/41 2723/2212/52 2759/2271/83
f 2774/2223/9 2773/2237/10 2761/5/31
f 2775/2239/12 2774/2223/9 2762/310/42
f 2776/2226/14 2775/2239/12 2763/312/44
f 2777/2227/16 2776/2226/14 2764/314/45
f 2778/2228/53 2777/2227/16 2765/316/46
f 2779/2229/59 2778/2228/53 2766/318/57
f 2780/2230/24 2779/2229/59 2767/320/1651
f 2781/2231/26 2780/2230/24 2768/321/49
f 2782/2232/28 2781/2231/26 2769/322/50
f 2783/2234/30 2782/2232/28 2770/324/51
f 2784/2235/29 2783/2234/30 2771/326/52
f 2786/1254/95 2785/1267/96 2773/2237/10
f 2787/1256/97 2786/1254/95 2774/2223/9
f 2788/1257/98 2787/1256/97 2775/2239/12
f 2789/1258/100 2788/1257/98 2776/2226/14
f 2790/1259/101 2789/1258/100 2777/2227/16
f 2791/1260/102 2790/1259/101 2778/2228/53
f 2792/1261/103 2791/1260/102 2779/2229/59
f 2793/1262/104 2792/1261/103 2780/2230/24
f 2794/1263/105 2793/1262/104 2781/2231/26
f 2795/1265/106 2794/1263/105 2782/2232/28
f 2796/1276/94 2795/1265/106 2783/2234/30
f 2798/2262/73 2797/2260/74 2785/1267/96
f 2799/2263/75 2798/2262/73 2786/1254/95
f 2800/2264/76 2799/2263/75 2787/1256/97
f 2801/2265/77 2800/2264/76 2788/1257/98
f 2802/2278/78 2801/2265/77 2789/1258/100
f 2803/2266/107 2802/2278/78 2790/1259/101
f 2804/2267/80 2803/2266/107 2791/1260/102
f 2805/2268/81 2804/2267/80 2792/1261/103
f 2806/2270/82 2805/2268/81 2793/1262/104
f 2807/2271/83 2806/2270/82 2794/1263/105
f 2796/1276/94 2808/2272/72 2807/2271/83
f 2762/2203/42 2761/1/31 2797/2260/74
f 2763/2204/44 2762/2203/42 2798/2262/73
f 2764/2205/45 2763/2204/44 2799/2263/75
f 2765/2206/46 2764/2205/45 2800/2264/76
f 2766/2207/57 2765/2206/46 2801/2265/77
f 2767/2209/1651 2766/2207/57 2802/2278/78
f 2768/2285/49 2767/2209/1651 2803/2266/107
f 2769/2210/50 2768/2285/49 2804/2267/80
f 2770/2211/51 2769/2210/50 2805/2268/81
f 2771/2212/52 2770/2211/51 2806/2270/82
f 2772/2213/41 2771/2212/52 2807/2271/83
f 2810/310/9 2822/2288/11 2821/2287/10
f 2811/312/12 2823/2289/13 2822/2288/11
f 2812/314/14 2824/2290/15 2823/2289/13
f 2813/316/16 2825/2291/1648 2824/2290/15
f 2814/318/18 2826/2303/19 2825/2291/1648
f 2827/2292/21 2826/2303/19 2814/318/18
f 2828/2293/22 2827/2292/21 2815/320/54
f 2829/2294/23 2828/2293/22 2816/321/24
f 2830/2295/25 2829/2294/23 2817/322/26
f 2831/2296/27 2830/2295/25 2818/324/28
f 2832/2297/29 2831/2296/27 2819/326/30
f 2822/2288/11 2834/2310/43 2833/2298/31
f 2835/2299/32 2834/2310/43 2822/2288/11
f 2836/2300/33 2835/2299/32 2823/2289/13
f 2837/2301/34 2836/2300/33 2824/2290/15
f 2838/2302/35 2837/2301/34 2825/2291/1648
f 2839/2304/36 2838/2302/35 2826/2303/19
f 2840/2305/61 2839/2304/36 2827/2292/21
f 2841/2306/38 2840/2305/61 2828/2293/22
f 2830/2295/25 2842/2317/39 2841/2306/38
f 2843/2307/40 2842/2317/39 2830/2295/25
f 2844/2308/41 2843/2307/40 2831/2296/27
f 2846/2309/42 2845/2322/31 2833/2298/31
f 2847/2311/44 2846/2309/42 2834/2310/43
f 2848/2312/45 2847/2311/44 2835/2299/32
f 2849/2313/46 2848/2312/45 2836/2300/33
f 2850/2314/47 2849/2313/46 2837/2301/34
f 2851/2315/48 2850/2314/47 2838/2302/35
f 2840/2305/61 2852/2316/49 2851/2315/48
f 2841/2306/38 2853/2318/50 2852/2316/49
f 2842/2317/39 2854/2319/51 2853/2318/50
f 2843/2307/40 2855/2320/52 2854/2319/51
f 2844/2308/41 2856/2333/41 2855/2320/52
f 2846/2309/42 2858/2323/43 2857/2321/31
f 2847/2311/44 2859/2324/32 2858/2323/43
f 2848/2312/45 2860/2325/33 2859/2324/32
f 2849/2313/46 2861/2326/60 2860/2325/33
f 2850/2314/47 2862/2338/35 2861/2326/60
f 2863/2327/36 2862/2338/35 2850/2314/47
f 2864/2328/61 2863/2327/36 2851/2315/48
f 2865/2329/38 2864/2328/61 2852/2316/49
f 2866/2330/39 2865/2329/38 2853/2318/50
f 2867/2331/40 2866/2330/39 2854/2319/51
f 2868/2332/41 2867/2331/40 2855/2320/52
f 2870/2334/62 2869/2344/74 2857/2321/31
f 2871/2335/63 2870/2334/62 2858/2323/43
f 2872/2336/64 2871/2335/63 2859/2324/32
f 2861/2326/60 2873/2348/65 2872/2336/64
f 2874/2337/66 2873/2348/65 2861/2326/60
f 2875/2339/67 2874/2337/66 2862/2338/35
f 2876/2340/68 2875/2339/67 2863/2327/36
f 2877/2341/69 2876/2340/68 2864/2328/61
f 2866/2330/39 2878/2352/70 2877/2341/69
f 2879/2342/71 2878/2352/70 2866/2330/39
f 2868/2332/41 2880/2355/72 2879/2342/71
f 2882/2343/73 2881/2358/74 2869/2344/74
f 2883/2345/75 2882/2343/73 2870/2334/62
f 2884/2346/76 2883/2345/75 2871/2335/63
f 2885/2347/77 2884/2346/76 2872/2336/64
f 2886/2349/78 2885/2347/77 2873/2348/65
f 2887/2350/79 2886/2349/78 2874/2337/66
f 2876/2340/68 2888/2351/80 2887/2350/79
f 2877/2341/69 2889/2353/81 2888/2351/80
f 2878/2352/70 2890/2354/82 2889/2353/81
f 2879/2342/71 2891/2356/83 2890/2354/82
f 2880/2355/72 2892/2369/72 2891/2356/83
f 2882/2343/73 2894/2359/1653 2893/2357/1652
f 2883/2345/75 2895/2360/1654 2894/2359/1653
f 2884/2346/76 2896/2361/1655 2895/2360/1654
f 2885/2347/77 2897/2362/1656 2896/2361/1655
f 2886/2349/78 2898/2374/1667 2897/2362/1656
f 2899/2363/1657 2898/2374/1667 2886/2349/78
f 2900/2364/1658 2899/2363/1657 2887/2350/79
f 2901/2365/1659 2900/2364/1658 2888/2351/80
f 2902/2366/1660 2901/2365/1659 2889/2353/81
f 2903/2367/1661 2902/2366/1660 2890/2354/82
f 2904/2368/1662 2903/2367/1661 2891/2356/83
f 2894/2359/1653 2906/2371/1664 2905/2370/1663
f 2895/2360/1654 2907/2372/1665 2906/2371/1664
f 2896/2361/1655 2908/2373/1666 2907/2372/1665
f 2897/2362/1656 2909/2375/1668 2908/2373/1666
f 2898/2374/1667 2910/2382/1679 2909/2375/1668
f 2911/2376/1669 2910/2382/1679 2898/2374/1667
f 2912/2377/1670 2911/2376/1669 2899/2363/1657
f 2913/2378/1671 2912/2377/1670 2900/2364/1658
f 2914/2379/1672 2913/2378/1671 2901/2365/1659
f 2915/2380/1673 2914/2379/1672 2902/2366/1660
f 2916/2381/1674 2915/2380/1673 2903/2367/1661
f 2906/2371/1664 2918/2214/1676 2917/2224/1675
f 2907/2372/1665 2919/2225/1677 2918/2214/1676
f 2908/2373/1666 2920/2215/1678 2919/2225/1677
f 2909/2375/1668 2921/2216/1680 2920/2215/1678
f 2910/2382/1679 2922/2217/1691 2921/2216/1680
f 2923/2218/1681 2922/2217/1691 2910/2382/1679
f 2924/2219/1682 2923/2218/1681 2911/2376/1669
f 2925/2220/1683 2924/2219/1682 2912/2377/1670
f 2926/2233/1684 2925/2220/1683 2913/2378/1671
f 2927/2221/1685 2926/2233/1684 2914/2379/1672
f 2928/2222/1686 2927/2221/1685 2915/2380/1673
f 2918/2214/1676 2930/2384/1688 2929/2383/1687
f 2919/2225/1677 2931/2385/1689 2930/2384/1688
f 2920/2215/1678 2932/2386/1690 2931/2385/1689
f 2921/2216/1680 2933/2387/1692 2932/2386/1690
f 2922/2217/1691 2934/2398/1703 2933/2387/1692
f 2935/2388/1693 2934/2398/1703 2922/2217/1691
f 2936/2389/1694 2935/2388/1693 2923/2218/1681
f 2937/2390/1695 2936/2389/1694 2924/2219/1682
f 2938/2391/1696 2937/2390/1695 2925/2220/1683
f 2939/2392/1697 2938/2391/1696 2926/2233/1684
f 2940/2393/1698 2939/2392/1697 2927/2221/1685
f 2930/2384/1688 2942/2395/1700 2941/2394/1699
f 2931/2385/1689 2943/2396/1701 2942/2395/1700
f 2932/2386/1690 2944/2397/1702 2943/2396/1701
f 2933/2387/1692 2945/2399/1704 2944/2397/1702
f 2934/2398/1703 2946/2410/1715 2945/2399/1704
f 2947/2400/1705 2946/2410/1715 2934/2398/1703
f 2948/2401/1706 2947/2400/1705 2935/2388/1693
f 2949/2402/1707 2948/2401/1706 2936/2389/1694
f 2950/2403/1708 2949/2402/1707 2937/2390/1695
f 2951/2404/1709 2950/2403/1708 2938/2391/1696
f 2952/2405/1710 2951/2404/1709 2939/2392/1697
f 2942/2395/1700 2954/2407/1712 2953/2406/1711
f 2943/2396/1701 2955/2408/1713 2954/2407/1712
f 2944/2397/1702 2956/2409/1714 2955/2408/1713
f 2945/2399/1704 2957/2411/1716 2956/2409/1714
f 2946/2410/1715 2958/2422/1727 2957/2411/1716
f 2959/2412/1717 2958/2422/1727 2946/2410/1715
f 2960/2413/1718 2959/2412/1717 2947/2400/1705
f 2961/2414/1719 2960/2413/1718 2948/2401/1706
f 2962/2415/1720 2961/2414/1719 2949/2402/1707
f 2963/2416/1721 2962/2415/1720 2950/2403/1708
f 2964/2417/1722 2963/2416/1721 2951/2404/1709
f 2954/2407/1712 2966/2419/1724 2965/2418/1723
f 2955/2408/1713 2967/2420/1725 2966/2419/1724
f 2956/2409/1714 2968/2421/1726 2967/2420/1725
f 2957/2411/1716 2969/2423/1728 2968/2421/1726
f 2958/2422/1727 2970/2434/1739 2969/2423/1728
f 2971/2424/1729 2970/2434/1739 2958/2422/1727
f 2972/2425/1730 2971/2424/1729 2959/2412/1717
f 2973/2426/1731 2972/2425/1730 2960/2413/1718
f 2974/2427/1732 2973/2426/1731 2961/2414/1719
f 2975/2428/1733 2974/2427/1732 2962/2415/1720
f 2976/2429/1734 2975/2428/1733 2963/2416/1721
f 2966/2419/1724 2978/2431/1736 2977/2430/1735
f 2967/2420/1725 2979/2432/1737 2978/2431/1736
f 2968/2421/1726 2980/2433/1738 2979/2432/1737
f 2969/2423/1728 2981/2435/1740 2980/2433/1738
f 2970/2434/1739 2982/2446/1751 2981/2435/1740
f 2983/2436/1741 2982/2446/1751 2970/2434/1739
f 2984/2437/1742 2983/2436/1741 2971/2424/1729
f 2985/2438/1743 2984/2437/1742 2972/2425/1730
f 2986/2439/1744 2985/2438/1743 2973/2426/1731
f 2987/2440/1745 2986/2439/1744 2974/2427/1732
f 2988/2441/1746 2987/2440/1745 2975/2428/1733
f 2978/2431/1736 2990/2443/1748 2989/2442/1747
f 2979/2432/1737 2991/2444/1749 2990/2443/1748
f 2980/2433/1738 2992/2445/1750 2991/2444/1749
f 2981/2435/1740 2993/2447/1752 2992/2445/1750
f 2982/2446/1751 2994/2458/1763 2993/2447/1752
f 2995/2448/1753 2994/2458/1763 2982/2446/1751
f 2996/2449/1754 2995/2448/1753 2983/2436/1741
f 2997/2450/1755 2996/2449/1754 2984/2437/1742
f 2998/2451/1756 2997/2450/1755 2985/2438/1743
f 2999/2452/1757 2998/2451/1756 2986/2439/1744
f 3000/2453/1758 2999/2452/1757 2987/2440/1745
f 2990/2443/1748 3002/2455/1760 3001/2454/1759
f 2991/2444/1749 3003/2456/1761 3002/2455/1760
f 2992/2445/1750 3004/2457/1762 3003/2456/1761
f 2993/2447/1752 3005/2459/1764 3004/2457/1762
f 2994/2458/1763 3006/2470/1775 3005/2459/1764
f 3007/2460/1765 3006/2470/1775 2994/2458/1763
f 3008/2461/1766 3007/2460/1765 2995/2448/1753
f 3009/2462/1767 3008/2461/1766 2996/2449/1754
f 3010/2463/1768 3009/2462/1767 2997/2450/1755
f 3011/2464/1769 3010/2463/1768 2998/2451/1756
f 3012/2465/1770 3011/2464/1769 2999/2452/1757
f 3002/2455/1760 3014/2467/1772 3013/2466/1771
f 3003/2456/1761 3015/2468/1773 3014/2467/1772
f 3004/2457/1762 3016/2469/1774 3015/2468/1773
f 3005/2459/1764 3017/2471/1776 3016/2469/1774
f 3006/2470/1775 3018/2478/1787 3017/2471/1776
f 3019/2472/1777 3018/2478/1787 3006/2470/1775
f 3020/2473/1778 3019/2472/1777 3007/2460/1765
f 3021/2474/1779 3020/2473/1778 3008/2461/1766
f 3022/2475/1780 3021/2474/1779 3009/2462/1767
f 3023/2476/1781 3022/2475/1780 3010/2463/1768
f 3024/2477/1782 3023/2476/1781 3011/2464/1769
f 3014/2467/1772 3026/2223/1784 3025/2237/1783
f 3015/2468/1773 3027/2239/1785 3026/2223/1784
f 3016/2469/1774 3028/2226/1786 3027/2239/1785
f 3017/2471/1776 3029/2227/1788 3028/2226/1786
f 3018/2478/1787 3030/2228/1799 3029/2227/1788
f 3031/2229/1789 3030/2228/1799 3018/2478/1787
f 3032/2230/1790 3031/2229/1789 3019/2472/1777
f 3033/2231/1791 3032/2230/1790 3020/2473/1778
f 3034/2232/1792 3033/2231/1791 3021/2474/1779
f 3035/2234/1793 3034/2232/1792 3022/2475/1780
f 3036/2235/1794 3035/2234/1793 3023/2476/1781
f 3026/2223/1784 3038/2480/1796 3037/2479/1795
f 3027/2239/1785 3039/2481/1797 3038/2480/1796
f 3028/2226/1786 3040/2482/1798 3039/2481/1797
f 3029/2227/1788 3041/2483/1800 3040/2482/1798
f 3030/2228/1799 3042/2494/1811 3041/2483/1800
f 3043/2484/1801 3042/2494/1811 3030/2228/1799
f 3044/2485/1802 3043/2484/1801 3031/2229/1789
f 3045/2486/1803 3044/2485/1802 3032/2230/1790
f 3046/2487/1804 3045/2486/1803 3033/2231/1791
f 3047/2488/1805 3046/2487/1804 3034/2232/1792
f 3048/2489/1806 3047/2488/1805 3035/2234/1793
f 3038/2480/1796 3050/2491/1808 3049/2490/1807
f 3039/2481/1797 3051/2492/1809 3050/2491/1808
f 3040/2482/1798 3052/2493/1810 3051/2492/1809
f 3041/2483/1800 3053/2495/1812 3052/2493/1810
f 3042/2494/1811 3054/2506/1823 3053/2495/1812
f 3055/2496/1813 3054/2506/1823 3042/2494/1811
f 3056/2497/1814 3055/2496/1813 3043/2484/1801
f 3057/2498/1815 3056/2497/1814 3044/2485/1802
f 3058/2499/1816 3057/2498/1815 3045/2486/1803
f 3059/2500/1817 3058/2499/1816 3046/2487/1804
f 3060/2501/1818 3059/2500/1817 3047/2488/1805
f 3050/2491/1808 3062/2503/1820 3061/2502/1819
f 3051/2492/1809 3063/2504/1821 3062/2503/1820
f 3052/2493/1810 3064/2505/1822 3063/2504/1821
f 3053/2495/1812 3065/2507/1824 3064/2505/1822
f 3054/2506/1823 3066/2518/1835 3065/2507/1824
f 3067/2508/1825 3066/2518/1835 3054/2506/1823
f 3068/2509/1826 3067/2508/1825 3055/2496/1813
f 3069/2510/1827 3068/2509/1826 3056/2497/1814
f 3070/2511/1828 3069/2510/1827 3057/2498/1815
f 3071/2512/1829 3070/2511/1828 3058/2499/1816
f 3072/2513/1830 3071/2512/1829 3059/2500/1817
f 3062/2503/1820 3074/2515/1832 3073/2514/1831
f 3063/2504/1821 3075/2516/1833 3074/2515/1832
f 3064/2505/1822 3076/2517/1834 3075/2516/1833
f 3065/2507/1824 3077/2519/1836 3076/2517/1834
f 3066/2518/1835 3078/2531/1848 3077/2519/1836
f 3079/2520/1837 3078/2531/1848 3066/2518/1835
f 3080/2521/1838 3079/2520/1837 3067/2508/1825
f 3081/2522/1839 3080/2521/1838 3068/2509/1826
f 3082/2523/1840 3081/2522/1839 3069/2510/1827
f 3083/2524/1841 3082/2523/1840 3070/2511/1828
f 3084/2525/1842 3083/2524/1841 3071/2512/1829
f 3086/2526/1843 3085/2538/1855 3073/2514/1831
f 3087/2527/1844 3086/2526/1843 3074/2515/1832
f 3088/2528/1845 3087/2527/1844 3075/2516/1833
f 3089/2529/1846 3088/2528/1845 3076/2517/1834
f 3090/2530/1847 3089/2529/1846 3077/2519/1836
f 3091/2532/1849 3090/2530/1847 3078/2531/1848
f 3080/2521/1838 3092/2533/1850 3091/2532/1849
f 3081/2522/1839 3093/2534/1851 3092/2533/1850
f 3082/2523/1840 3094/2535/1852 3093/2534/1851
f 3083/2524/1841 3095/2536/1853 3094/2535/1852
f 3084/2525/1842 3096/2547/1864 3095/2536/1853
f 3098/2537/1854 3097/2550/1867 3085/2538/1855
f 3099/2539/1856 3098/2537/1854 3086/2526/1843
f 3100/2540/1857 3099/2539/1856 3087/2527/1844
f 3101/2541/1858 3100/2540/1857 3088/2528/1845
f 3102/2542/1859 3101/2541/1858 3089/2529/1846
f 3103/2543/1860 3102/2542/1859 3090/2530/1847
f 3092/2533/1850 3104/2544/1861 3103/2543/1860
f 3093/2534/1851 3105/2545/1862 3104/2544/1861
f 3094/2535/1852 3106/2546/1863 3105/2545/1862
f 3095/2536/1853 3107/2548/1865 3106/2546/1863
f 3096/2547/1864 3108/2559/1876 3107/2548/1865
f 3110/2549/1866 3109/2562/1879 3097/2550/1867
f 3111/2551/1868 3110/2549/1866 3098/2537/1854
f 3112/2552/1869 3111/2551/1868 3099/2539/1856
f 3113/2553/1870 3112/2552/1869 3100/2540/1857
f 3114/2554/1871 3113/2553/1870 3101/2541/1858
f 3115/2555/1872 3114/2554/1871 3102/2542/1859
f 3104/2544/1861 3116/2556/1873 3115/2555/1872
f 3105/2545/1862 3117/2557/1874 3116/2556/1873
f 3106/2546/1863 3118/2558/1875 3117/2557/1874
f 3107/2548/1865 3119/2560/1877 3118/2558/1875
f 3108/2559/1876 3120/2571/1888 3119/2560/1877
f 3122/2561/1878 3121/2573/1891 3109/2562/1879
f 3123/2563/1880 3122/2561/1878 3110/2549/1866
f 3124/2564/1881 3123/2563/1880 3111/2551/1868
f 3125/2565/1882 3124/2564/1881 3112/2552/1869
f 3126/2566/1883 3125/2565/1882 3113/2553/1870
f 3127/2567/1884 3126/2566/1883 3114/2554/1871
f 3116/2556/1873 3128/2568/1885 3127/2567/1884
f 3117/2557/1874 3129/2569/1886 3128/2568/1885
f 3118/2558/1875 3130/2570/1887 3129/2569/1886
f 3119/2560/1877 3131/2572/1889 3130/2570/1887
f 3120/2571/1888 3132/2574/1900 3131/2572/1889
f 3134/2236/1890 3133/2248/1903 3121/2573/1891
f 3135/2238/1892 3134/2236/1890 3122/2561/1878
f 3136/2240/1893 3135/2238/1892 3123/2563/1880
f 3137/2241/1894 3136/2240/1893 3124/2564/1881
f 3138/2242/1895 3137/2241/1894 3125/2565/1882
f 3139/2243/1896 3138/2242/1895 3126/2566/1883
f 3128/2568/1885 3140/2249/1897 3139/2243/1896
f 3129/2569/1886 3141/2244/1898 3140/2249/1897
f 3130/2570/1887 3142/2245/1899 3141/2244/1898
f 3131/2572/1889 3143/2246/1901 3142/2245/1899
f 3132/2574/1900 3144/2247/1912 3143/2246/1901
f 3146/2575/1902 3145/2586/1915 3133/2248/1903
f 3147/2576/1904 3146/2575/1902 3134/2236/1890
f 3148/2577/1905 3147/2576/1904 3135/2238/1892
f 3149/2578/1906 3148/2577/1905 3136/2240/1893
f 3150/2579/1907 3149/2578/1906 3137/2241/1894
f 3151/2580/1908 3150/2579/1907 3138/2242/1895
f 3140/2249/1897 3152/2581/1909 3151/2580/1908
f 3141/2244/1898 3153/2582/1910 3152/2581/1909
f 3142/2245/1899 3154/2583/1911 3153/2582/1910
f 3143/2246/1901 3155/2584/1913 3154/2583/1911
f 3144/2247/1912 3156/2595/1924 3155/2584/1913
f 3158/2585/1914 3157/2598/1927 3145/2586/1915
f 3159/2587/1916 3158/2585/1914 3146/2575/1902
f 3160/2588/1917 3159/2587/1916 3147/2576/1904
f 3161/2589/1918 3160/2588/1917 3148/2577/1905
f 3162/2590/1919 3161/2589/1918 3149/2578/1906
f 3163/2591/1920 3162/2590/1919 3150/2579/1907
f 3152/2581/1909 3164/2592/1921 3163/2591/1920
f 3153/2582/1910 3165/2593/1922 3164/2592/1921
f 3154/2583/1911 3166/2594/1923 3165/2593/1922
f 3155/2584/1913 3167/2596/1925 3166/2594/1923
f 3156/2595/1924 3168/2607/1936 3167/2596/1925
f 3170/2597/1926 3169/2610/1939 3157/2598/1927
f 3171/2599/1928 3170/2597/1926 3158/2585/1914
f 3172/2600/1929 3171/2599/1928 3159/2587/1916
f 3173/2601/1930 3172/2600/1929 3160/2588/1917
f 3174/2602/1931 3173/2601/1930 3161/2589/1918
f 3175/2603/1932 3174/2602/1931 3162/2590/1919
f 3164/2592/1921 3176/2604/1933 3175/2603/1932
f 3165/2593/1922 3177/2605/1934 3176/2604/1933
f 3166/2594/1923 3178/2606/1935 3177/2605/1934
f 3167/2596/1925 3179/2608/1937 3178/2606/1935
f 3168/2607/1936 3180/2621/1950 3179/2608/1937
f 3170/2597/1926 3182/2611/1940 3181/2609/1938
f 3171/2599/1928 3183/2612/1941 3182/2611/1940
f 3172/2600/1929 3184/2613/1942 3183/2612/1941
f 3173/2601/1930 3185/2614/1943 3184/2613/1942
f 3174/2602/1931 3186/2626/1955 3185/2614/1943
f 3187/2615/1944 3186/2626/1955 3174/2602/1931
f 3188/2616/1945 3187/2615/1944 3175/2603/1932
f 3189/2617/1946 3188/2616/1945 3176/2604/1933
f 3190/2618/1947 3189/2617/1946 3177/2605/1934
f 3191/2619/1948 3190/2618/1947 3178/2606/1935
f 3192/2620/1949 3191/2619/1948 3179/2608/1937
f 3182/2611/1940 3194/2623/1952 3193/2622/1951
f 3183/2612/1941 3195/2624/1953 3194/2623/1952
f 3184/2613/1942 3196/2625/1954 3195/2624/1953
f 3185/2614/1943 3197/2627/1956 3196/2625/1954
f 3186/2626/1955 3198/2639/1968 3197/2627/1956
f 3199/2628/1957 3198/2639/1968 3186/2626/1955
f 3200/2629/1958 3199/2628/1957 3187/2615/1944
f 3201/2630/1959 3200/2629/1958 3188/2616/1945
f 3202/2631/1960 3201/2630/1959 3189/2617/1946
f 3203/2632/1961 3202/2631/1960 3190/2618/1947
f 3204/2633/1962 3203/2632/1961 3191/2619/1948
f 3206/2634/1963 3205/2646/1975 3193/2622/1951
f 3207/2635/1964 3206/2634/1963 3194/2623/1952
f 3208/2636/1965 3207/2635/1964 3195/2624/1953
f 3209/2637/1966 3208/2636/1965 3196/2625/1954
f 3210/2638/1967 3209/2637/1966 3197/2627/1956
f 3211/2640/1969 3210/2638/1967 3198/2639/1968
f 3200/2629/1958 3212/2641/1970 3211/2640/1969
f 3201/2630/1959 3213/2642/1971 3212/2641/1970
f 3202/2631/1960 3214/2643/1972 3213/2642/1971
f 3203/2632/1961 3215/2644/1973 3214/2643/1972
f 3204/2633/1962 3216/2655/1984 3215/2644/1973
f 3218/2645/1974 3217/2658/1987 3205/2646/1975
f 3219/2647/1976 3218/2645/1974 3206/2634/1963
f 3220/2648/1977 3219/2647/1976 3207/2635/1964
f 3221/2649/1978 3220/2648/1977 3208/2636/1965
f 3222/2650/1979 3221/2649/1978 3209/2637/1966
f 3223/2651/1980 3222/2650/1979 3210/2638/1967
f 3212/2641/1970 3224/2652/1981 3223/2651/1980
f 3213/2642/1971 3225/2653/1982 3224/2652/1981
f 3214/2643/1972 3226/2654/1983 3225/2653/1982
f 3215/2644/1973 3227/2656/1985 3226/2654/1983
f 3216/2655/1984 3228/2667/1996 3227/2656/1985
f 3230/2657/1986 3229/2669/1999 3217/2658/1987
f 3231/2659/1988 3230/2657/1986 3218/2645/1974
f 3232/2660/1989 3231/2659/1988 3219/2647/1976
f 3233/2661/1990 3232/2660/1989 3220/2648/1977
f 3234/2662/1991 3233/2661/1990 3221/2649/1978
f 3235/2663/1992 3234/2662/1991 3222/2650/1979
f 3224/2652/1981 3236/2664/1993 3235/2663/1992
f 3225/2653/1982 3237/2665/1994 3236/2664/1993
f 3226/2654/1983 3238/2666/1995 3237/2665/1994
f 3227/2656/1985 3239/2668/1997 3238/2666/1995
f 3228/2667/1996 3240/2670/2008 3239/2668/1997
f 3242/1254/1998 3241/1267/2011 3229/2669/1999
f 3243/1256/2000 3242/1254/1998 3230/2657/1986
f 3244/1257/2001 3243/1256/2000 3231/2659/1988
f 3245/1258/2002 3244/1257/2001 3232/2660/1989
f 3246/1259/2003 3245/1258/2002 3233/2661/1990
f 3247/1260/2004 3246/1259/2003 3234/2662/1991
f 3236/2664/1993 3248/1261/2005 3247/1260/2004
f 3237/2665/1994 3249/1262/2006 3248/1261/2005
f 3238/2666/1995 3250/1263/2007 3249/1262/2006
f 3239/2668/1997 3251/1265/2009 3250/1263/2007
f 3240/2670/2008 3252/1276/2020 3251/1265/2009
f 3254/2671/2010 3253/2682/2023 3241/1267/2011
f 3255/2672/2012 3254/2671/2010 3242/1254/1998
f 3256/2673/2013 3255/2672/2012 3243/1256/2000
f 3257/2674/2014 3256/2673/2013 3244/1257/2001
f 3258/2675/2015 3257/2674/2014 3245/1258/2002
f 3259/2676/2016 3258/2675/2015 3246/1259/2003
f 3248/1261/2005 3260/2677/2017 3259/2676/2016
f 3249/1262/2006 3261/2678/2018 3260/2677/2017
f 3250/1263/2007 3262/2679/2019 3261/2678/2018
f 3251/1265/2009 3263/2680/2021 3262/2679/2019
f 3252/1276/2020 3264/2691/2032 3263/2680/2021
f 3266/2681/2022 3265/2694/2035 3253/2682/2023
f 3267/2683/2024 3266/2681/2022 3254/2671/2010
f 3268/2684/2025 3267/2683/2024 3255/2672/2012
f 3269/2685/2026 3268/2684/2025 3256/2673/2013
f 3270/2686/2027 3269/2685/2026 3257/2674/2014
f 3271/2687/2028 3270/2686/2027 3258/2675/2015
f 3260/2677/2017 3272/2688/2029 3271/2687/2028
f 3261/2678/2018 3273/2689/2030 3272/2688/2029
f 3262/2679/2019 3274/2690/2031 3273/2689/2030
f 3263/2680/2021 3275/2692/2033 3274/2690/2031
f 3264/2691/2032 3276/2703/2044 3275/2692/2033
f 3278/2693/2034 3277/2706/2047 3265/2694/2035
f 3279/2695/2036 3278/2693/2034 3266/2681/2022
f 3280/2696/2037 3279/2695/2036 3267/2683/2024
f 3281/2697/2038 3280/2696/2037 3268/2684/2025
f 3282/2698/2039 3281/2697/2038 3269/2685/2026
f 3283/2699/2040 3282/2698/2039 3270/2686/2027
f 3272/2688/2029 3284/2700/2041 3283/2699/2040
f 3273/2689/2030 3285/2701/2042 3284/2700/2041
f 3274/2690/2031 3286/2702/2043 3285/2701/2042
f 3275/2692/2033 3287/2704/2045 3286/2702/2043
f 3276/2703/2044 3288/2715/2056 3287/2704/2045
f 3290/2705/2046 3289/2718/2059 3277/2706/2047
f 3291/2707/2048 3290/2705/2046 3278/2693/2034
f 3292/2708/2049 3291/2707/2048 3279/2695/2036
f 3293/2709/2050 3292/2708/2049 3280/2696/2037
f 3294/2710/2051 3293/2709/2050 3281/2697/2038
f 3295/2711/2052 3294/2710/2051 3282/2698/2039
f 3284/2700/2041 3296/2712/2053 3295/2711/2052
f 3285/2701/2042 3297/2713/2054 3296/2712/2053
f 3286/2702/2043 3298/2714/2055 3297/2713/2054
f 3287/2704/2045 3299/2716/2057 3298/2714/2055
f 3288/2715/2056 3300/2727/2068 3299/2716/2057
f 3302/2717/2058 3301/2730/2071 3289/2718/2059
f 3303/2719/2060 3302/2717/2058 3290/2705/2046
f 3304/2720/2061 3303/2719/2060 3291/2707/2048
f 3305/2721/2062 3304/2720/2061 3292/2708/2049
f 3306/2722/2063 3305/2721/2062 3293/2709/2050
f 3307/2723/2064 3306/2722/2063 3294/2710/2051
f 3296/2712/2053 3308/2724/2065 3307/2723/2064
f 3297/2713/2054 3309/2725/2066 3308/2724/2065
f 3298/2714/2055 3310/2726/2067 3309/2725/2066
f 3299/2716/2057 3311/2728/2069 3310/2726/2067
f 3300/2727/2068 3312/2739/2080 3311/2728/2069
f 3314/2729/2070 3313/2742/2083 3301/2730/2071
f 3315/2731/2072 3314/2729/2070 3302/2717/2058
f 3316/2732/2073 3315/2731/2072 3303/2719/2060
f 3317/2733/2074 3316/2732/2073 3304/2720/2061
f 3318/2734/2075 3317/2733/2074 3305/2721/2062
f 3319/2735/2076 3318/2734/2075 3306/2722/2063
f 3308/2724/2065 3320/2736/2077 3319/2735/2076
f 3309/2725/2066 3321/2737/2078 3320/2736/2077
f 3310/2726/2067 3322/2738/2079 3321/2737/2078
f 3311/2728/2069 3323/2740/2081 3322/2738/2079
f 3312/2739/2080 3324/2751/2092 3323/2740/2081
f 3326/2741/2082 3325/2754/2095 3313/2742/2083
f 3327/2743/2084 3326/2741/2082 3314/2729/2070
f 3328/2744/2085 3327/2743/2084 3315/2731/2072
f 3329/2745/2086 3328/2744/2085 3316/2732/2073
f 3330/2746/2087 3329/2745/2086 3317/2733/2074
f 3331/2747/2088 3330/2746/2087 3318/2734/2075
f 3320/2736/2077 3332/2748/2089 3331/2747/2088
f 3321/2737/2078 3333/2749/2090 3332/2748/2089
f 3322/2738/2079 3334/2750/2091 3333/2749/2090
f 3323/2740/2081 3335/2752/2093 3334/2750/2091
f 3324/2751/2092 3336/2765/2106 3335/2752/2093
f 3326/2741/2082 3338/2755/2096 3337/2753/2094
f 3327/2743/2084 3339/2756/2097 3338/2755/2096
f 3328/2744/2085 3340/2757/2098 3339/2756/2097
f 3329/2745/2086 3341/2758/2099 3340/2757/2098
f 3330/2746/2087 3342/2766/2111 3341/2758/2099
f 3343/2759/2100 3342/2766/2111 3330/2746/2087
f 3344/2760/2101 3343/2759/2100 3331/2747/2088
f 3345/2761/2102 3344/2760/2101 3332/2748/2089
f 3346/2762/2103 3345/2761/2102 3333/2749/2090
f 3347/2763/2104 3346/2762/2103 3334/2750/2091
f 3348/2764/2105 3347/2763/2104 3335/2752/2093
f 3338/2755/2096 3350/2250/2108 3349/2261/2107
f 3339/2756/2097 3351/2251/2109 3350/2250/2108
f 3340/2757/2098 3352/2252/2110 3351/2251/2109
f 3341/2758/2099 3353/2253/2112 3352/2252/2110
f 3342/2766/2111 3354/2254/2123 3353/2253/2112
f 3355/2255/2113 3354/2254/2123 3342/2766/2111
f 3356/2256/2114 3355/2255/2113 3343/2759/2100
f 3357/2269/2115 3356/2256/2114 3344/2760/2101
f 3358/2257/2116 3357/2269/2115 3345/2761/2102
f 3359/2258/2117 3358/2257/2116 3346/2762/2103
f 3360/2259/2118 3359/2258/2117 3347/2763/2104
f 3350/2250/2108 3362/2768/2120 3361/2767/2119
f 3351/2251/2109 3363/2769/2121 3362/2768/2120
f 3352/2252/2110 3364/2770/2122 3363/2769/2121
f 3353/2253/2112 3365/2771/2124 3364/2770/2122
f 3354/2254/2123 3366/2782/2135 3365/2771/2124
f 3367/2772/2125 3366/2782/2135 3354/2254/2123
f 3368/2773/2126 3367/2772/2125 3355/2255/2113
f 3369/2774/2127 3368/2773/2126 3356/2256/2114
f 3370/2775/2128 3369/2774/2127 3357/2269/2115
f 3371/2776/2129 3370/2775/2128 3358/2257/2116
f 3372/2777/2130 3371/2776/2129 3359/2258/2117
f 3362/2768/2120 3374/2779/2132 3373/2778/2131
f 3363/2769/2121 3375/2780/2133 3374/2779/2132
f 3364/2770/2122 3376/2781/2134 3375/2780/2133
f 3365/2771/2124 3377/2783/2136 3376/2781/2134
f 3366/2782/2135 3378/2794/2147 3377/2783/2136
f 3379/2784/2137 3378/2794/2147 3366/2782/2135
f 3380/2785/2138 3379/2784/2137 3367/2772/2125
f 3381/2786/2139 3380/2785/2138 3368/2773/2126
f 3382/2787/2140 3381/2786/2139 3369/2774/2127
f 3383/2788/2141 3382/2787/2140 3370/2775/2128
f 3384/2789/2142 3383/2788/2141 3371/2776/2129
f 3374/2779/2132 3386/2791/2144 3385/2790/2143
f 3375/2780/2133 3387/2792/2145 3386/2791/2144
f 3376/2781/2134 3388/2793/2146 3387/2792/2145
f 3377/2783/2136 3389/2795/2148 3388/2793/2146
f 3378/2794/2147 3390/2806/2159 3389/2795/2148
f 3391/2796/2149 3390/2806/2159 3378/2794/2147
f 3392/2797/2150 3391/2796/2149 3379/2784/2137
f 3393/2798/2151 3392/2797/2150 3380/2785/2138
f 3394/2799/2152 3393/2798/2151 3381/2786/2139
f 3395/2800/2153 3394/2799/2152 3382/2787/2140
f 3396/2801/2154 3395/2800/2153 3383/2788/2141
f 3386/2791/2144 3398/2803/2156 3397/2802/2155
f 3387/2792/2145 3399/2804/2157 3398/2803/2156
f 3388/2793/2146 3400/2805/2158 3399/2804/2157
f 3389/2795/2148 3401/2807/2160 3400/2805/2158
f 3390/2806/2159 3402/2818/2171 3401/2807/2160
f 3403/2808/2161 3402/2818/2171 3390/2806/2159
f 3404/2809/2162 3403/2808/2161 3391/2796/2149
f 3405/2810/2163 3404/2809/2162 3392/2797/2150
f 3406/2811/2164 3405/2810/2163 3393/2798/2151
f 3407/2812/2165 3406/2811/2164 3394/2799/2152
f 3408/2813/2166 3407/2812/2165 3395/2800/2153
f 3398/2803/2156 3410/2815/2168 3409/2814/2167
f 3399/2804/2157 3411/2816/2169 3410/2815/2168
f 3400/2805/2158 3412/2817/2170 3411/2816/2169
f 3401/2807/2160 3413/2819/2172 3412/2817/2170
f 3402/2818/2171 3414/2830/2183 3413/2819/2172
f 3415/2820/2173 3414/2830/2183 3402/2818/2171
f 3416/2821/2174 3415/2820/2173 3403/2808/2161
f 3417/2822/2175 3416/2821/2174 3404/2809/2162
f 3418/2823/2176 3417/2822/2175 3405/2810/2163
f 3419/2824/2177 3418/2823/2176 3406/2811/2164
f 3420/2825/2178 3419/2824/2177 3407/2812/2165
f 3410/2815/2168 3422/2827/2180 3421/2826/2179
f 3411/2816/2169 3423/2828/2181 3422/2827/2180
f 3412/2817/2170 3424/2829/2182 3423/2828/2181
f 3413/2819/2172 3425/2831/2184 3424/2829/2182
f 3414/2830/2183 3426/2842/2195 3425/2831/2184
f 3427/2832/2185 3426/2842/2195 3414/2830/2183
f 3428/2833/2186 3427/2832/2185 3415/2820/2173
f 3429/2834/2187 3428/2833/2186 3416/2821/2174
f 3430/2835/2188 3429/2834/2187 3417/2822/2175
f 3431/2836/2189 3430/2835/2188 3418/2823/2176
f 3432/2837/2190 3431/2836/2189 3419/2824/2177
f 3422/2827/2180 3434/2839/2192 3433/2838/2191
f 3423/2828/2181 3435/2840/2193 3434/2839/2192
f 3424/2829/2182 3436/2841/2194 3435/2840/2193
f 3425/2831/2184 3437/2843/2196 3436/2841/2194
f 3426/2842/2195 3438/2854/2207 3437/2843/2196
f 3439/2844/2197 3438/2854/2207 3426/2842/2195
f 3440/2845/2198 3439/2844/2197 3427/2832/2185
f 3441/2846/2199 3440/2845/2198 3428/2833/2186
f 3442/2847/2200 3441/2846/2199 3429/2834/2187
f 3443/2848/2201 3442/2847/2200 3430/2835/2188
f 3444/2849/2202 3443/2848/2201 3431/2836/2189
f 3434/2839/2192 3446/2851/2204 3445/2850/2203
f 3435/2840/2193 3447/2852/2205 3446/2851/2204
f 3436/2841/2194 3448/2853/2206 3447/2852/2205
f 3437/2843/2196 3449/2855/2208 3448/2853/2206
f 3438/2854/2207 3450/2862/2219 3449/2855/2208
f 3451/2856/2209 3450/2862/2219 3438/2854/2207
f 3452/2857/2210 3451/2856/2209 3439/2844/2197
f 3453/2858/2211 3452/2857/2210 3440/2845/2198
f 3454/2859/2212 3453/2858/2211 3441/2846/2199
f 3455/2860/2213 3454/2859/2212 3442/2847/2200
f 3456/2861/2214 3455/2860/2213 3443/2848/2201
f 3446/2851/2204 3458/2262/2216 3457/2260/2215
f 3447/2852/2205 3459/2263/2217 3458/2262/2216
f 3448/2853/2206 3460/2264/2218 3459/2263/2217
f 3449/2855/2208 3461/2265/2220 3460/2264/2218
f 3450/2862/2219 3462/2278/2231 3461/2265/2220
f 3463/2266/2221 3462/2278/2231 3450/2862/2219
f 3464/2267/2222 3463/2266/2221 3451/2856/2209
f 3465/2268/2223 3464/2267/2222 3452/2857/2210
f 3466/2270/2224 3465/2268/2223 3453/2858/2211
f 3467/2271/2225 3466/2270/2224 3454/2859/2212
f 3468/2272/2226 3467/2271/2225 3455/2860/2213
f 3458/2262/2216 3470/2864/2228 3469/2863/2227
f 3459/2263/2217 3471/2865/2229 3470/2864/2228
f 3460/2264/2218 3472/2866/2230 3471/2865/2229
f 3461/2265/2220 3473/2867/2232 3472/2866/2230
f 3462/2278/2231 3474/2878/2243 3473/2867/2232
f 3475/2868/2233 3474/2878/2243 3462/2278/2231
f 3476/2869/2234 3475/2868/2233 3463/2266/2221
f 3477/2870/2235 3476/2869/2234 3464/2267/2222
f 3478/2871/2236 3477/2870/2235 3465/2268/2223
f 3479/2872/2237 3478/2871/2236 3466/2270/2224
f 3480/2873/2238 3479/2872/2237 3467/2271/2225
f 3470/2864/2228 3482/2875/2240 3481/2874/2239
f 3471/2865/2229 3483/2876/2241 3482/2875/2240
f 3472/2866/2230 3484/2877/2242 3483/2876/2241
f 3473/2867/2232 3485/2879/2244 3484/2877/2242
f 3474/2878/2243 3486/2890/2255 3485/2879/2244
f 3487/2880/2245 3486/2890/2255 3474/2878/2243
f 3488/2881/2246 3487/2880/2245 3475/2868/2233
f 3489/2882/2247 3488/2881/2246 3476/2869/2234
f 3490/2883/2248 3489/2882/2247 3477/2870/2235
f 3491/2884/2249 3490/2883/2248 3478/2871/2236
f 3492/2885/2250 3491/2884/2249 3479/2872/2237
f 3482/2875/2240 3494/2887/2252 3493/2886/2251
f 3483/2876/2241 3495/2888/2253 3494/2887/2252
f 3484/2877/2242 3496/2889/2254 3495/2888/2253
f 3485/2879/2244 3497/2891/2256 3496/2889/2254
f 3486/2890/2255 3498/2902/2267 3497/2891/2256
f 3499/2892/2257 3498/2902/2267 3486/2890/2255
f 3500/2893/2258 3499/2892/2257 3487/2880/2245
f 3501/2894/2259 3500/2893/2258 3488/2881/2246
f 3502/2895/2260 3501/2894/2259 3489/2882/2247
f 3503/2896/2261 3502/2895/2260 3490/2883/2248
f 3504/2897/2262 3503/2896/2261 3491/2884/2249
f 3494/2887/2252 3506/2899/2264 3505/2898/2263
f 3495/2888/2253 3507/2900/2265 3506/2899/2264
f 3496/2889/2254 3508/2901/2266 3507/2900/2265
f 3497/2891/2256 3509/2903/2268 3508/2901/2266
f 3498/2902/2267 3510/2914/2279 3509/2903/2268
f 3511/2904/2269 3510/2914/2279 3498/2902/2267
f 3512/2905/2270 3511/2904/2269 3499/2892/2257
f 3513/2906/2271 3512/2905/2270 3500/2893/2258
f 3514/2907/2272 3513/2906/2271 3501/2894/2259
f 3515/2908/2273 3514/2907/2272 3502/2895/2260
f 3516/2909/2274 3515/2908/2273 3503/2896/2261
f 3506/2899/2264 3518/2911/2276 3517/2910/2275
f 3507/2900/2265 3519/2912/2277 3518/2911/2276
f 3508/2901/2266 3520/2913/2278 3519/2912/2277
f 3509/2903/2268 3521/2915/2280 3520/2913/2278
f 3510/2914/2279 3522/2926/2291 3521/2915/2280
f 3523/2916/2281 3522/2926/2291 3510/2914/2279
f 3524/2917/2282 3523/2916/2281 3511/2904/2269
f 3525/2918/2283 3524/2917/2282 3512/2905/2270
f 3526/2919/2284 3525/2918/2283 3513/2906/2271
f 3527/2920/2285 3526/2919/2284 3514/2907/2272
f 3528/2921/2286 3527/2920/2285 3515/2908/2273
f 3518/2911/2276 3530/2923/2288 3529/2922/2287
f 3519/2912/2277 3531/2924/2289 3530/2923/2288
f 3520/2913/2278 3532/2925/2290 3531/2924/2289
f 3521/2915/2280 3533/2927/2292 3532/2925/2290
f 3522/2926/2291 3534/2938/2303 3533/2927/2292
f 3535/2928/2293 3534/2938/2303 3522/2926/2291
f 3536/2929/2294 3535/2928/2293 3523/2916/2281
f 3537/2930/2295 3536/2929/2294 3524/2917/2282
f 3538/2931/2296 3537/2930/2295 3525/2918/2283
f 3539/2932/2297 3538/2931/2296 3526/2919/2284
f 3540/2933/2298 3539/2932/2297 3527/2920/2285
f 3530/2923/2288 3542/2935/2300 3541/2934/2299
f 3531/2924/2289 3543/2936/2301 3542/2935/2300
f 3532/2925/2290 3544/2937/2302 3543/2936/2301
f 3533/2927/2292 3545/2939/2304 3544/2937/2302
f 3534/2938/2303 3546/2950/2315 3545/2939/2304
f 3547/2940/2305 3546/2950/2315 3534/2938/2303
f 3548/2941/2306 3547/2940/2305 3535/2928/2293
f 3549/2942/2307 3548/2941/2306 3536/2929/2294
f 3550/2943/2308 3549/2942/2307 3537/2930/2295
f 3551/2944/2309 3550/2943/2308 3538/2931/2296
f 3552/2945/2310 3551/2944/2309 3539/2932/2297
f 3542/2935/2300 3554/2947/2312 3553/2946/2311
f 3543/2936/2301 3555/2948/2313 3554/2947/2312
f 3544/2937/2302 3556/2949/2314 3555/2948/2313
f 3545/2939/2304 3557/2951/2316 3556/2949/2314
f 3546/2950/2315 3558/2958/2327 3557/2951/2316
f 3559/2952/2317 3558/2958/2327 3546/2950/2315
f 3560/2953/2318 3559/2952/2317 3547/2940/2305
f 3561/2954/2319 3560/2953/2318 3548/2941/2306
f 3562/2955/2320 3561/2954/2319 3549/2942/2307
f 3563/2956/2321 3562/2955/2320 3550/2943/2308
f 3564/2957/2322 3563/2956/2321 3551/2944/2309
f 3554/2947/2312 3566/2273/2324 3565/2284/2323
f 3555/2948/2313 3567/2274/2325 3566/2273/2324
f 3556/2949/2314 3568/2275/2326 3567/2274/2325
f 3557/2951/2316 3569/2276/2328 3568/2275/2326
f 3558/2958/2327 3570/2277/2339 3569/2276/2328
f 3571/2279/2329 3570/2277/2339 3558/2958/2327
f 3572/2280/2330 3571/2279/2329 3559/2952/2317
f 3573/2281/2331 3572/2280/2330 3560/2953/2318
f 3574/2282/2332 3573/2281/2331 3561/2954/2319
f 3575/2283/2333 3574/2282/2332 3562/2955/2320
f 3576/2286/2334 3575/2283/2333 3563/2956/2321
f 3566/2273/2324 3578/2960/2336 3577/2959/2335
f 3567/2274/2325 3579/2961/2337 3578/2960/2336
f 3568/2275/2326 3580/2962/2338 3579/2961/2337
f 3569/2276/2328 3581/2963/2340 3580/2962/2338
f 3570/2277/2339 3582/2974/2351 3581/2963/2340
f 3583/2964/2341 3582/2974/2351 3570/2277/2339
f 3584/2965/2342 3583/2964/2341 3571/2279/2329
f 3585/2966/2343 3584/2965/2342 3572/2280/2330
f 3586/2967/2344 3585/2966/2343 3573/2281/2331
f 3587/2968/2345 3586/2967/2344 3574/2282/2332
f 3588/2969/2346 3587/2968/2345 3575/2283/2333
f 3578/2960/2336 3590/2971/2348 3589/2970/2347
f 3579/2961/2337 3591/2972/2349 3590/2971/2348
f 3580/2962/2338 3592/2973/2350 3591/2972/2349
f 3581/2963/2340 3593/2975/2352 3592/2973/2350
f 3582/2974/2351 3594/2986/2363 3593/2975/2352
f 3595/2976/2353 3594/2986/2363 3582/2974/2351
f 3596/2977/2354 3595/2976/2353 3583/2964/2341
f 3597/2978/2355 3596/2977/2354 3584/2965/2342
f 3598/2979/2356 3597/2978/2355 3585/2966/2343
f 3599/2980/2357 3598/2979/2356 3586/2967/2344
f 3600/2981/2358 3599/2980/2357 3587/2968/2345
f 3590/2971/2348 3602/2983/2360 3601/2982/2359
f 3591/2972/2349 3603/2984/2361 3602/2983/2360
f 3592/2973/2350 3604/2985/2362 3603/2984/2361
f 3593/2975/2352 3605/2987/2364 3604/2985/2362
f 3594/2986/2363 3606/2998/2375 3605/2987/2364
f 3607/2988/2365 3606/2998/2375 3594/2986/2363
f 3608/2989/2366 3607/2988/2365 3595/2976/2353
f 3609/2990/2367 3608/2989/2366 3596/2977/2354
f 3610/2991/2368 3609/2990/2367 3597/2978/2355
f 3611/2992/2369 3610/2991/2368 3598/2979/2356
f 3612/2993/2370 3611/2992/2369 3599/2980/2357
f 3602/2983/2360 3614/2995/2372 3613/2994/2371
f 3603/2984/2361 3615/2996/2373 3614/2995/2372
f 3604/2985/2362 3616/2997/2374 3615/2996/2373
f 3605/2987/2364 3617/2999/2376 3616/2997/2374
f 3606/2998/2375 3618/3010/2387 3617/2999/2376
f 3619/3000/2377 3618/3010/2387 3606/2998/2375
f 3620/3001/2378 3619/3000/2377 3607/2988/2365
f 3621/3002/2379 3620/3001/2378 3608/2989/2366
f 3622/3003/2380 3621/3002/2379 3609/2990/2367
f 3623/3004/2381 3622/3003/2380 3610/2991/2368
f 3624/3005/2382 3623/3004/2381 3611/2992/2369
f 3614/2995/2372 3626/3007/2384 3625/3006/2383
f 3615/2996/2373 3627/3008/2385 3626/3007/2384
f 3616/2997/2374 3628/3009/2386 3627/3008/2385
f 3617/2999/2376 3629/3011/2388 3628/3009/2386
f 3618/3010/2387 3630/3023/2395 3629/3011/2388
f 3631/3012/2389 3630/3023/2395 3618/3010/2387
f 3632/3013/2390 3631/3012/2389 3619/3000/2377
f 3633/3014/2391 3632/3013/2390 3620/3001/2378
f 3634/3015/2392 3633/3014/2391 3621/3002/2379
f 3635/3016/2393 3634/3015/2392 3622/3003/2380
f 3636/3017/2394 3635/3016/2393 3623/3004/2381
f 3638/3018/95 3637/3030/96 3625/3006/2383
f 3639/3019/97 3638/3018/95 3626/3007/2384
f 3640/3020/98 3639/3019/97 3627/3008/2385
f 3641/3021/100 3640/3020/98 3628/3009/2386
f 3642/3022/1649 3641/3021/100 3629/3011/2388
f 3643/3024/102 3642/3022/1649 3630/3023/2395
f 3632/3013/2390 3644/3025/103 3643/3024/102
f 3633/3014/2391 3645/3026/104 3644/3025/103
f 3634/3015/2392 3646/3027/105 3645/3026/104
f 3635/3016/2393 3647/3028/106 3646/3027/105
f 3636/3017/2394 3648/3041/94 3647/3028/106
f 3638/3018/95 3650/3031/85 3649/3029/96
f 3639/3019/97 3651/3032/86 3650/3031/85
f 3640/3020/98 3652/3033/99 3651/3032/86
f 3641/3021/100 3653/3034/87 3652/3033/99
f 3642/3022/1649 3654/3046/88 3653/3034/87
f 3655/3035/89 3654/3046/88 3642/3022/1649
f 3656/3036/1650 3655/3035/89 3643/3024/102
f 3657/3037/91 3656/3036/1650 3644/3025/103
f 3658/3038/92 3657/3037/91 3645/3026/104
f 3659/3039/93 3658/3038/92 3646/3027/105
f 3660/3040/94 3659/3039/93 3647/3028/106
f 3662/3042/11 3661/3051/10 3649/3029/96
f 3663/3043/13 3662/3042/11 3650/3031/85
f 3652/3033/99 3664/3052/15 3663/3043/13
f 3665/3044/17 3664/3052/15 3652/3033/99
f 3666/3045/19 3665/3044/17 3653/3034/87
f 3667/3047/21 3666/3045/19 3654/3046/88
f 3668/3048/22 3667/3047/21 3655/3035/89
f 3657/3037/91 3669/3053/23 3668/3048/22
f 3670/3049/25 3669/3053/23 3657/3037/91
f 3671/3050/27 3670/3049/25 3658/3038/92
f 3660/3040/94 3672/3054/29 3671/3050/27
f 2810/2203/9 2809/1/10 3661/3051/10
f 2811/2204/12 2810/2203/9 3662/3042/11
f 2812/2205/14 2811/2204/12 3663/3043/13
f 2813/2206/16 2812/2205/14 3664/3052/15
f 2814/2207/18 2813/2206/16 3665/3044/17
f 2815/2209/54 2814/2207/18 3666/3045/19
f 3668/3048/22 2816/2285/24 2815/2209/54
f 3669/3053/23 2817/2210/26 2816/2285/24
f 3670/3049/25 2818/2211/28 2817/2210/26
f 3671/3050/27 2819/2212/30 2818/2211/28
f 3672/3054/29 2820/2213/29 2819/2212/30
f 3674/310/2396 3686/3056/2400 3685/3055/2397
f 3675/312/2399 3687/3057/2402 3686/3056/2400
f 3676/314/2401 3688/3058/2404 3687/3057/2402
f 3677/316/2403 3689/3059/2406 3688/3058/2404
f 3678/318/2405 3690/3071/2424 3689/3059/2406
f 3691/3060/2407 3690/3071/2424 3678/318/2405
f 3692/3061/2409 3691/3060/2407 3679/320/2408
f 3693/3062/2411 3692/3061/2409 3680/321/2410
f 3694/3063/2413 3693/3062/2411 3681/322/2412
f 3695/3064/2415 3694/3063/2413 3682/324/2414
f 3696/3065/2417 3695/3064/2415 3683/326/2416
f 3698/3066/2419 3697/3078/2431 3685/3055/2397
f 3699/3067/2420 3698/3066/2419 3686/3056/2400
f 3700/3068/2421 3699/3067/2420 3687/3057/2402
f 3701/3069/2422 3700/3068/2421 3688/3058/2404
f 3702/3070/2423 3701/3069/2422 3689/3059/2406
f 3703/3072/2425 3702/3070/2423 3690/3071/2424
f 3692/3061/2409 3704/3073/2426 3703/3072/2425
f 3693/3062/2411 3705/3074/2427 3704/3073/2426
f 3694/3063/2413 3706/3075/2428 3705/3074/2427
f 3695/3064/2415 3707/3076/2429 3706/3075/2428
f 3696/3065/2417 3708/3087/2440 3707/3076/2429
f 3710/3077/2430 3709/3090/2443 3697/3078/2431
f 3711/3079/2432 3710/3077/2430 3698/3066/2419
f 3712/3080/2433 3711/3079/2432 3699/3067/2420
f 3713/3081/2434 3712/3080/2433 3700/3068/2421
f 3714/3082/2435 3713/3081/2434 3701/3069/2422
f 3715/3083/2436 3714/3082/2435 3702/3070/2423
f 3704/3073/2426 3716/3084/2437 3715/3083/2436
f 3705/3074/2427 3717/3085/2438 3716/3084/2437
f 3706/3075/2428 3718/3086/2439 3717/3085/2438
f 3707/3076/2429 3719/3088/2441 3718/3086/2439
f 3708/3087/2440 3720/3099/2452 3719/3088/2441
f 3722/3089/2442 3721/3102/2455 3709/3090/2443
f 3723/3091/2444 3722/3089/2442 3710/3077/2430
f 3724/3092/2445 3723/3091/2444 3711/3079/2432
f 3725/3093/2446 3724/3092/2445 3712/3080/2433
f 3726/3094/2447 3725/3093/2446 3713/3081/2434
f 3727/3095/2448 3726/3094/2447 3714/3082/2435
f 3716/3084/2437 3728/3096/2449 3727/3095/2448
f 3717/3085/2438 3729/3097/2450 3728/3096/2449
f 3718/3086/2439 3730/3098/2451 3729/3097/2450
f 3719/3088/2441 3731/3100/2453 3730/3098/2451
f 3720/3099/2452 3732/3111/2464 3731/3100/2453
f 3734/3101/2454 3733/3114/2467 3721/3102/2455
f 3735/3103/2456 3734/3101/2454 3722/3089/2442
f 3736/3104/2457 3735/3103/2456 3723/3091/2444
f 3737/3105/2458 3736/3104/2457 3724/3092/2445
f 3738/3106/2459 3737/3105/2458 3725/3093/2446
f 3739/3107/2460 3738/3106/2459 3726/3094/2447
f 3728/3096/2449 3740/3108/2461 3739/3107/2460
f 3729/3097/2450 3741/3109/2462 3740/3108/2461
f 3730/3098/2451 3742/3110/2463 3741/3109/2462
f 3731/3100/2453 3743/3112/2465 3742/3110/2463
f 3732/3111/2464 3744/3123/2476 3743/3112/2465
f 3746/3113/2466 3745/3126/2479 3733/3114/2467
f 3747/3115/2468 3746/3113/2466 3734/3101/2454
f 3748/3116/2469 3747/3115/2468 3735/3103/2456
f 3749/3117/2470 3748/3116/2469 3736/3104/2457
f 3750/3118/2471 3749/3117/2470 3737/3105/2458
f 3751/3119/2472 3750/3118/2471 3738/3106/2459
f 3740/3108/2461 3752/3120/2473 3751/3119/2472
f 3741/3109/2462 3753/3121/2474 3752/3120/2473
f 3742/3110/2463 3754/3122/2475 3753/3121/2474
f 3743/3112/2465 3755/3124/2477 3754/3122/2475
f 3744/3123/2476 3756/3135/2488 3755/3124/2477
f 3758/3125/2478 3757/3138/2491 3745/3126/2479
f 3759/3127/2480 3758/3125/2478 3746/3113/2466
f 3760/3128/2481 3759/3127/2480 3747/3115/2468
f 3761/3129/2482 3760/3128/2481 3748/3116/2469
f 3762/3130/2483 3761/3129/2482 3749/3117/2470
f 3763/3131/2484 3762/3130/2483 3750/3118/2471
f 3752/3120/2473 3764/3132/2485 3763/3131/2484
f 3753/3121/2474 3765/3133/2486 3764/3132/2485
f 3754/3122/2475 3766/3134/2487 3765/3133/2486
f 3755/3124/2477 3767/3136/2489 3766/3134/2487
f 3756/3135/2488 3768/3147/2500 3767/3136/2489
f 3770/3137/2490 3769/3150/2503 3757/3138/2491
f 3771/3139/2492 3770/3137/2490 3758/3125/2478
f 3772/3140/2493 3771/3139/2492 3759/3127/2480
f 3773/3141/2494 3772/3140/2493 3760/3128/2481
f 3774/3142/2495 3773/3141/2494 3761/3129/2482
f 3775/3143/2496 3774/3142/2495 3762/3130/2483
f 3764/3132/2485 3776/3144/2497 3775/3143/2496
f 3765/3133/2486 3777/3145/2498 3776/3144/2497
f 3766/3134/2487 3778/3146/2499 3777/3145/2498
f 3767/3136/2489 3779/3148/2501 3778/3146/2499
f 3768/3147/2500 3780/3159/2512 3779/3148/2501
f 3782/3149/2502 3781/3162/2515 3769/3150/2503
f 3783/3151/2504 3782/3149/2502 3770/3137/2490
f 3784/3152/2505 3783/3151/2504 3771/3139/2492
f 3785/3153/2506 3784/3152/2505 3772/3140/2493
f 3786/3154/2507 3785/3153/2506 3773/3141/2494
f 3787/3155/2508 3786/3154/2507 3774/3142/2495
f 3776/3144/2497 3788/3156/2509 3787/3155/2508
f 3777/3145/2498 3789/3157/2510 3788/3156/2509
f 3778/3146/2499 3790/3158/2511 3789/3157/2510
f 3779/3148/2501 3791/3160/2513 3790/3158/2511
f 3780/3159/2512 3792/3171/2524 3791/3160/2513
f 3794/3161/2514 3793/3174/2527 3781/3162/2515
f 3795/3163/2516 3794/3161/2514 3782/3149/2502
f 3796/3164/2517 3795/3163/2516 3783/3151/2504
f 3797/3165/2518 3796/3164/2517 3784/3152/2505
f 3798/3166/2519 3797/3165/2518 3785/3153/2506
f 3799/3167/2520 3798/3166/2519 3786/3154/2507
f 3788/3156/2509 3800/3168/2521 3799/3167/2520
f 3789/3157/2510 3801/3169/2522 3800/3168/2521
f 3790/3158/2511 3802/3170/2523 3801/3169/2522
f 3791/3160/2513 3803/3172/2525 3802/3170/2523
f 3792/3171/2524 3804/3183/2536 3803/3172/2525
f 3806/3173/2526 3805/3186/2539 3793/3174/2527
f 3807/3175/2528 3806/3173/2526 3794/3161/2514
f 3808/3176/2529 3807/3175/2528 3795/3163/2516
f 3809/3177/2530 3808/3176/2529 3796/3164/2517
f 3810/3178/2531 3809/3177/2530 3797/3165/2518
f 3811/3179/2532 3810/3178/2531 3798/3166/2519
f 3800/3168/2521 3812/3180/2533 3811/3179/2532
f 3801/3169/2522 3813/3181/2534 3812/3180/2533
f 3802/3170/2523 3814/3182/2535 3813/3181/2534
f 3803/3172/2525 3815/3184/2537 3814/3182/2535
f 3804/3183/2536 3816/3195/2548 3815/3184/2537
f 3818/3185/2538 3817/3198/2551 3805/3186/2539
f 3819/3187/2540 3818/3185/2538 3806/3173/2526
f 3820/3188/2541 3819/3187/2540 3807/3175/2528
f 3821/3189/2542 3820/3188/2541 3808/3176/2529
f 3822/3190/2543 3821/3189/2542 3809/3177/2530
f 3823/3191/2544 3822/3190/2543 3810/3178/2531
f 3812/3180/2533 3824/3192/2545 3823/3191/2544
f 3813/3181/2534 3825/3193/2546 3824/3192/2545
f 3814/3182/2535 3826/3194/2547 3825/3193/2546
f 3815/3184/2537 3827/3196/2549 3826/3194/2547
f 3816/3195/2548 3828/3209/2562 3827/3196/2549
f 3818/3185/2538 3830/3199/2552 3829/3197/2550
f 3819/3187/2540 3831/3200/2553 3830/3199/2552
f 3820/3188/2541 3832/3201/2554 3831/3200/2553
f 3821/3189/2542 3833/3202/2555 3832/3201/2554
f 3822/3190/2543 3834/3214/2567 3833/3202/2555
f 3835/3203/2556 3834/3214/2567 3822/3190/2543
f 3836/3204/2557 3835/3203/2556 3823/3191/2544
f 3837/3205/2558 3836/3204/2557 3824/3192/2545
f 3838/3206/2559 3837/3205/2558 3825/3193/2546
f 3839/3207/2560 3838/3206/2559 3826/3194/2547
f 3840/3208/2561 3839/3207/2560 3827/3196/2549
f 3830/3199/2552 3842/3211/2564 3841/3210/2563
f 3831/3200/2553 3843/3212/2565 3842/3211/2564
f 3832/3201/2554 3844/3213/2566 3843/3212/2565
f 3833/3202/2555 3845/3215/2568 3844/3213/2566
f 3834/3214/2567 3846/3226/2579 3845/3215/2568
f 3847/3216/2569 3846/3226/2579 3834/3214/2567
f 3848/3217/2570 3847/3216/2569 3835/3203/2556
f 3849/3218/2571 3848/3217/2570 3836/3204/2557
f 3850/3219/2572 3849/3218/2571 3837/3205/2558
f 3851/3220/2573 3850/3219/2572 3838/3206/2559
f 3852/3221/2574 3851/3220/2573 3839/3207/2560
f 3842/3211/2564 3854/3223/2576 3853/3222/2575
f 3843/3212/2565 3855/3224/2577 3854/3223/2576
f 3844/3213/2566 3856/3225/2578 3855/3224/2577
f 3845/3215/2568 3857/3227/2580 3856/3225/2578
f 3846/3226/2579 3858/3238/2591 3857/3227/2580
f 3859/3228/2581 3858/3238/2591 3846/3226/2579
f 3860/3229/2582 3859/3228/2581 3847/3216/2569
f 3861/3230/2583 3860/3229/2582 3848/3217/2570
f 3862/3231/2584 3861/3230/2583 3849/3218/2571
f 3863/3232/2585 3862/3231/2584 3850/3219/2572
f 3864/3233/2586 3863/3232/2585 3851/3220/2573
f 3854/3223/2576 3866/3235/2588 3865/3234/2587
f 3855/3224/2577 3867/3236/2589 3866/3235/2588
f 3856/3225/2578 3868/3237/2590 3867/3236/2589
f 3857/3227/2580 3869/3239/2592 3868/3237/2590
f 3858/3238/2591 3870/3250/2603 3869/3239/2592
f 3871/3240/2593 3870/3250/2603 3858/3238/2591
f 3872/3241/2594 3871/3240/2593 3859/3228/2581
f 3873/3242/2595 3872/3241/2594 3860/3229/2582
f 3874/3243/2596 3873/3242/2595 3861/3230/2583
f 3875/3244/2597 3874/3243/2596 3862/3231/2584
f 3876/3245/2598 3875/3244/2597 3863/3232/2585
f 3866/3235/2588 3878/3247/2600 3877/3246/2599
f 3867/3236/2589 3879/3248/2601 3878/3247/2600
f 3868/3237/2590 3880/3249/2602 3879/3248/2601
f 3869/3239/2592 3881/3251/2604 3880/3249/2602
f 3870/3250/2603 3882/3262/2615 3881/3251/2604
f 3883/3252/2605 3882/3262/2615 3870/3250/2603
f 3884/3253/2606 3883/3252/2605 3871/3240/2593
f 3885/3254/2607 3884/3253/2606 3872/3241/2594
f 3886/3255/2608 3885/3254/2607 3873/3242/2595
f 3887/3256/2609 3886/3255/2608 3874/3243/2596
f 3888/3257/2610 3887/3256/2609 3875/3244/2597
f 3878/3247/2600 3890/3259/2612 3889/3258/2611
f 3879/3248/2601 3891/3260/2613 3890/3259/2612
f 3880/3249/2602 3892/3261/2614 3891/3260/2613
f 3881/3251/2604 3893/3263/2616 3892/3261/2614
f 3882/3262/2615 3894/3275/2628 3893/3263/2616
f 3895/3264/2617 3894/3275/2628 3882/3262/2615
f 3896/3265/2618 3895/3264/2617 3883/3252/2605
f 3897/3266/2619 3896/3265/2618 3884/3253/2606
f 3898/3267/2620 3897/3266/2619 3885/3254/2607
f 3899/3268/2621 3898/3267/2620 3886/3255/2608
f 3900/3269/2622 3899/3268/2621 3887/3256/2609
f 3890/3259/2612 3902/3271/2624 3901/3270/2623
f 3891/3260/2613 3903/3272/2625 3902/3271/2624
f 3892/3261/2614 3904/3273/2626 3903/3272/2625
f 3893/3263/2616 3905/3285/2638 3904/3273/2626
f 3906/3274/2627 3905/3285/2638 3893/3263/2616
f 3907/3276/2629 3906/3274/2627 3894/3275/2628
f 3908/3277/2630 3907/3276/2629 3895/3264/2617
f 3909/3278/2631 3908/3277/2630 3896/3265/2618
f 3910/3279/2632 3909/3278/2631 3897/3266/2619
f 3911/3280/2633 3910/3279/2632 3898/3267/2620
f 3912/3281/2634 3911/3280/2633 3899/3268/2621
f 3902/3271/2624 3914/3283/2636 3913/3282/2635
f 3903/3272/2625 3915/3284/2637 3914/3283/2636
f 3904/3273/2626 3916/3286/2639 3915/3284/2637
f 3905/3285/2638 3917/3296/2649 3916/3286/2639
f 3918/3287/2640 3917/3296/2649 3905/3285/2638
f 3919/3288/2641 3918/3287/2640 3906/3274/2627
f 3908/3277/2630 3920/3301/2654 3919/3288/2641
f 3921/3289/2642 3920/3301/2654 3908/3277/2630
f 3922/3290/2643 3921/3289/2642 3909/3278/2631
f 3923/3291/2644 3922/3290/2643 3910/3279/2632
f 3924/3292/2645 3923/3291/2644 3911/3280/2633
f 3914/3283/2636 3926/3294/2647 3925/3293/2646
f 3915/3284/2637 3927/3295/2648 3926/3294/2647
f 3916/3286/2639 3928/3297/2650 3927/3295/2648
f 3917/3296/2649 3929/3298/2651 3928/3297/2650
f 3918/3287/2640 3930/3310/2663 3929/3298/2651
f 3931/3299/2652 3930/3310/2663 3918/3287/2640
f 3932/3300/2653 3931/3299/2652 3919/3288/2641
f 3933/3302/2655 3932/3300/2653 3920/3301/2654
f 3934/3303/2656 3933/3302/2655 3921/3289/2642
f 3935/3304/2657 3934/3303/2656 3922/3290/2643
f 3936/3305/2658 3935/3304/2657 3923/3291/2644
f 3926/3294/2647 3938/3307/2660 3937/3306/2659
f 3927/3295/2648 3939/3308/2661 3938/3307/2660
f 3928/3297/2650 3940/3309/2662 3939/3308/2661
f 3929/3298/2651 3941/3311/2664 3940/3309/2662
f 3930/3310/2663 3942/3322/2675 3941/3311/2664
f 3943/3312/2665 3942/3322/2675 3930/3310/2663
f 3944/3313/2666 3943/3312/2665 3931/3299/2652
f 3945/3314/2667 3944/3313/2666 3932/3300/2653
f 3946/3315/2668 3945/3314/2667 3933/3302/2655
f 3947/3316/2669 3946/3315/2668 3934/3303/2656
f 3948/3317/2670 3947/3316/2669 3935/3304/2657
f 3938/3307/2660 3950/3319/2672 3949/3318/2671
f 3939/3308/2661 3951/3320/2673 3950/3319/2672
f 3940/3309/2662 3952/3321/2674 3951/3320/2673
f 3941/3311/2664 3953/3323/2676 3952/3321/2674
f 3942/3322/2675 3954/3334/2687 3953/3323/2676
f 3955/3324/2677 3954/3334/2687 3942/3322/2675
f 3956/3325/2678 3955/3324/2677 3943/3312/2665
f 3957/3326/2679 3956/3325/2678 3944/3313/2666
f 3958/3327/2680 3957/3326/2679 3945/3314/2667
f 3959/3328/2681 3958/3327/2680 3946/3315/2668
f 3960/3329/2682 3959/3328/2681 3947/3316/2669
f 3950/3319/2672 3962/3331/2684 3961/3330/2683
f 3951/3320/2673 3963/3332/2685 3962/3331/2684
f 3952/3321/2674 3964/3341/2696 3963/3332/2685
f 3965/3333/2686 3964/3341/2696 3952/3321/2674
f 3954/3334/2687 3966/3342/2699 3965/3333/2686
f 3967/3335/2688 3966/3342/2699 3954/3334/2687
f 3968/3336/2689 3967/3335/2688 3955/3324/2677
f 3969/3337/2690 3968/3336/2689 3956/3325/2678
f 3970/3338/2691 3969/3337/2690 3957/3326/2679
f 3971/3339/2692 3970/3338/2691 3958/3327/2680
f 3972/3340/2693 3971/3339/2692 3959/3328/2681
f 3962/3331/2684 3974/1254/2695 3973/1267/2694
f 3963/3332/2685 3975/1256/2697 3974/1254/2695
f 3964/3341/2696 3976/1257/2698 3975/1256/2697
f 3965/3333/2686 3977/1258/2700 3976/1257/2698
f 3966/3342/2699 3978/1259/2711 3977/1258/2700
f 3979/1260/2701 3978/1259/2711 3966/3342/2699
f 3980/1261/2702 3979/1260/2701 3967/3335/2688
f 3981/1262/2703 3980/1261/2702 3968/3336/2689
f 3982/1263/2704 3981/1262/2703 3969/3337/2690
f 3983/1265/2705 3982/1263/2704 3970/3338/2691
f 3984/1276/2706 3983/1265/2705 3971/3339/2692
f 3974/1254/2695 3986/3344/2708 3985/3343/2707
f 3975/1256/2697 3987/3345/2709 3986/3344/2708
f 3976/1257/2698 3988/3346/2710 3987/3345/2709
f 3977/1258/2700 3989/3347/2712 3988/3346/2710
f 3978/1259/2711 3990/3359/2724 3989/3347/2712
f 3991/3348/2713 3990/3359/2724 3978/1259/2711
f 3992/3349/2714 3991/3348/2713 3979/1260/2701
f 3993/3350/2715 3992/3349/2714 3980/1261/2702
f 3994/3351/2716 3993/3350/2715 3981/1262/2703
f 3995/3352/2717 3994/3351/2716 3982/1263/2704
f 3996/3353/2718 3995/3352/2717 3983/1265/2705
f 3998/3354/2719 3997/3366/2731 3985/3343/2707
f 3999/3355/2720 3998/3354/2719 3986/3344/2708
f 4000/3356/2721 3999/3355/2720 3987/3345/2709
f 4001/3357/2722 4000/3356/2721 3988/3346/2710
f 4002/3358/2723 4001/3357/2722 3989/3347/2712
f 4003/3360/2725 4002/3358/2723 3990/3359/2724
f 3992/3349/2714 4004/3361/2726 4003/3360/2725
f 3993/3350/2715 4005/3362/2727 4004/3361/2726
f 3994/3351/2716 4006/3363/2728 4005/3362/2727
f 3995/3352/2717 4007/3364/2729 4006/3363/2728
f 3996/3353/2718 4008/3375/2740 4007/3364/2729
f 4010/3365/2730 4009/3378/2743 3997/3366/2731
f 4011/3367/2732 4010/3365/2730 3998/3354/2719
f 4012/3368/2733 4011/3367/2732 3999/3355/2720
f 4013/3369/2734 4012/3368/2733 4000/3356/2721
f 4014/3370/2735 4013/3369/2734 4001/3357/2722
f 4015/3371/2736 4014/3370/2735 4002/3358/2723
f 4004/3361/2726 4016/3372/2737 4015/3371/2736
f 4005/3362/2727 4017/3373/2738 4016/3372/2737
f 4006/3363/2728 4018/3374/2739 4017/3373/2738
f 4007/3364/2729 4019/3376/2741 4018/3374/2739
f 4008/3375/2740 4020/3387/2752 4019/3376/2741
f 4022/3377/2742 4021/3390/2755 4009/3378/2743
f 4023/3379/2744 4022/3377/2742 4010/3365/2730
f 4024/3380/2745 4023/3379/2744 4011/3367/2732
f 4025/3381/2746 4024/3380/2745 4012/3368/2733
f 4026/3382/2747 4025/3381/2746 4013/3369/2734
f 4027/3383/2748 4026/3382/2747 4014/3370/2735
f 4016/3372/2737 4028/3384/2749 4027/3383/2748
f 4017/3373/2738 4029/3385/2750 4028/3384/2749
f 4018/3374/2739 4030/3386/2751 4029/3385/2750
f 4019/3376/2741 4031/3388/2753 4030/3386/2751
f 4020/3387/2752 4032/3399/2764 4031/3388/2753
f 4034/3389/2754 4033/3402/1735 4021/3390/2755
f 4035/3391/2756 4034/3389/2754 4022/3377/2742
f 4036/3392/2757 4035/3391/2756 4023/3379/2744
f 4037/3393/2758 4036/3392/2757 4024/3380/2745
f 4038/3394/2759 4037/3393/2758 4025/3381/2746
f 4039/3395/2760 4038/3394/2759 4026/3382/2747
f 4028/3384/2749 4040/3396/2761 4039/3395/2760
f 4029/3385/2750 4041/3397/2762 4040/3396/2761
f 4030/3386/2751 4042/3398/2763 4041/3397/2762
f 4031/3388/2753 4043/3400/2765 4042/3398/2763
f 4032/3399/2764 4044/3411/1746 4043/3400/2765
f 4046/3401/2766 4045/3414/2777 4033/3402/1735
f 4047/3403/2767 4046/3401/2766 4034/3389/2754
f 4048/3404/2768 4047/3403/2767 4035/3391/2756
f 4049/3405/2769 4048/3404/2768 4036/3392/2757
f 4050/3406/2770 4049/3405/2769 4037/3393/2758
f 4051/3407/2771 4050/3406/2770 4038/3394/2759
f 4040/3396/2761 4052/3408/2772 4051/3407/2771
f 4041/3397/2762 4053/3409/2773 4052/3408/2772
f 4042/3398/2763 4054/3410/2774 4053/3409/2773
f 4043/3400/2765 4055/3412/2775 4054/3410/2774
f 4044/3411/1746 4056/3423/2786 4055/3412/2775
f 4058/3413/2776 4057/3426/2789 4045/3414/2777
f 4059/3415/2778 4058/3413/2776 4046/3401/2766
f 4060/3416/2779 4059/3415/2778 4047/3403/2767
f 4061/3417/2780 4060/3416/2779 4048/3404/2768
f 4062/3418/2781 4061/3417/2780 4049/3405/2769
f 4063/3419/2782 4062/3418/2781 4050/3406/2770
f 4052/3408/2772 4064/3420/2783 4063/3419/2782
f 4053/3409/2773 4065/3421/2784 4064/3420/2783
f 4054/3410/2774 4066/3422/2785 4065/3421/2784
f 4055/3412/2775 4067/3424/2787 4066/3422/2785
f 4056/3423/2786 4068/3435/2798 4067/3424/2787
f 4070/3425/2788 4069/3438/2801 4057/3426/2789
f 4071/3427/2790 4070/3425/2788 4058/3413/2776
f 4072/3428/2791 4071/3427/2790 4059/3415/2778
f 4073/3429/2792 4072/3428/2791 4060/3416/2779
f 4074/3430/2793 4073/3429/2792 4061/3417/2780
f 4075/3431/2794 4074/3430/2793 4062/3418/2781
f 4064/3420/2783 4076/3432/2795 4075/3431/2794
f 4065/3421/2784 4077/3433/2796 4076/3432/2795
f 4066/3422/2785 4078/3434/2797 4077/3433/2796
f 4067/3424/2787 4079/3436/2799 4078/3434/2797
f 4068/3435/2798 4080/3447/2810 4079/3436/2799
f 4082/3437/2800 4081/3450/2813 4069/3438/2801
f 4083/3439/2802 4082/3437/2800 4070/3425/2788
f 4084/3440/2803 4083/3439/2802 4071/3427/2790
f 4085/3441/2804 4084/3440/2803 4072/3428/2791
f 4086/3442/2805 4085/3441/2804 4073/3429/2792
f 4087/3443/2806 4086/3442/2805 4074/3430/2793
f 4076/3432/2795 4088/3444/2807 4087/3443/2806
f 4077/3433/2796 4089/3445/2808 4088/3444/2807
f 4078/3434/2797 4090/3446/2809 4089/3445/2808
f 4079/3436/2799 4091/3448/2811 4090/3446/2809
f 4080/3447/2810 4092/3459/2822 4091/3448/2811
f 4094/3449/2812 4093/3462/2825 4081/3450/2813
f 4095/3451/2814 4094/3449/2812 4082/3437/2800
f 4096/3452/2815 4095/3451/2814 4083/3439/2802
f 4097/3453/2816 4096/3452/2815 4084/3440/2803
f 4098/3454/2817 4097/3453/2816 4085/3441/2804
f 4099/3455/2818 4098/3454/2817 4086/3442/2805
f 4088/3444/2807 4100/3456/2819 4099/3455/2818
f 4089/3445/2808 4101/3457/2820 4100/3456/2819
f 4090/3446/2809 4102/3458/2821 4101/3457/2820
f 4091/3448/2811 4103/3460/2823 4102/3458/2821
f 4092/3459/2822 4104/3471/2834 4103/3460/2823
f 4106/3461/2824 4105/3474/2837 4093/3462/2825
f 4107/3463/2826 4106/3461/2824 4094/3449/2812
f 4108/3464/2827 4107/3463/2826 4095/3451/2814
f 4109/3465/2828 4108/3464/2827 4096/3452/2815
f 4110/3466/2829 4109/3465/2828 4097/3453/2816
f 4111/3467/2830 4110/3466/2829 4098/3454/2817
f 4100/3456/2819 4112/3468/2831 4111/3467/2830
f 4101/3457/2820 4113/3469/2832 4112/3468/2831
f 4102/3458/2821 4114/3470/2833 4113/3469/2832
f 4103/3460/2823 4115/3472/2835 4114/3470/2833
f 4104/3471/2834 4116/3483/2846 4115/3472/2835
f 4118/3473/2836 4117/3486/2849 4105/3474/2837
f 4119/3475/2838 4118/3473/2836 4106/3461/2824
f 4120/3476/2839 4119/3475/2838 4107/3463/2826
f 4121/3477/2840 4120/3476/2839 4108/3464/2827
f 4122/3478/2841 4121/3477/2840 4109/3465/2828
f 4123/3479/2842 4122/3478/2841 4110/3466/2829
f 4112/3468/2831 4124/3480/2843 4123/3479/2842
f 4113/3469/2832 4125/3481/2844 4124/3480/2843
f 4114/3470/2833 4126/3482/2845 4125/3481/2844
f 4115/3472/2835 4127/3484/2847 4126/3482/2845
f 4116/3483/2846 4128/3497/2860 4127/3484/2847
f 4118/3473/2836 4130/3487/2850 4129/3485/2848
f 4119/3475/2838 4131/3488/2851 4130/3487/2850
f 4120/3476/2839 4132/3489/2852 4131/3488/2851
f 4121/3477/2840 4133/3490/2853 4132/3489/2852
f 4122/3478/2841 4134/3502/2865 4133/3490/2853
f 4135/3491/2854 4134/3502/2865 4122/3478/2841
f 4136/3492/2855 4135/3491/2854 4123/3479/2842
f 4137/3493/2856 4136/3492/2855 4124/3480/2843
f 4138/3494/2857 4137/3493/2856 4125/3481/2844
f 4139/3495/2858 4138/3494/2857 4126/3482/2845
f 4140/3496/2859 4139/3495/2858 4127/3484/2847
f 4130/3487/2850 4142/3499/2862 4141/3498/2861
f 4131/3488/2851 4143/3500/2863 4142/3499/2862
f 4132/3489/2852 4144/3501/2864 4143/3500/2863
f 4133/3490/2853 4145/3503/2866 4144/3501/2864
f 4134/3502/2865 4146/3515/2878 4145/3503/2866
f 4147/3504/2867 4146/3515/2878 4134/3502/2865
f 4148/3505/2868 4147/3504/2867 4135/3491/2854
f 4149/3506/2869 4148/3505/2868 4136/3492/2855
f 4150/3507/2870 4149/3506/2869 4137/3493/2856
f 4151/3508/2871 4150/3507/2870 4138/3494/2857
f 4152/3509/2872 4151/3508/2871 4139/3495/2858
f 4154/3510/2873 4153/3522/2885 4141/3498/2861
f 4155/3511/2874 4154/3510/2873 4142/3499/2862
f 4156/3512/2875 4155/3511/2874 4143/3500/2863
f 4157/3513/2876 4156/3512/2875 4144/3501/2864
f 4158/3514/2877 4157/3513/2876 4145/3503/2866
f 4159/3516/2879 4158/3514/2877 4146/3515/2878
f 4148/3505/2868 4160/3517/2880 4159/3516/2879
f 4149/3506/2869 4161/3518/2881 4160/3517/2880
f 4150/3507/2870 4162/3519/2882 4161/3518/2881
f 4151/3508/2871 4163/3520/2883 4162/3519/2882
f 4152/3509/2872 4164/3531/2894 4163/3520/2883
f 4166/3521/2884 4165/3534/2897 4153/3522/2885
f 4167/3523/2886 4166/3521/2884 4154/3510/2873
f 4168/3524/2887 4167/3523/2886 4155/3511/2874
f 4169/3525/2888 4168/3524/2887 4156/3512/2875
f 4170/3526/2889 4169/3525/2888 4157/3513/2876
f 4171/3527/2890 4170/3526/2889 4158/3514/2877
f 4160/3517/2880 4172/3528/2891 4171/3527/2890
f 4161/3518/2881 4173/3529/2892 4172/3528/2891
f 4162/3519/2882 4174/3530/2893 4173/3529/2892
f 4163/3520/2883 4175/3532/2895 4174/3530/2893
f 4164/3531/2894 4176/3543/2906 4175/3532/2895
f 4178/3533/2896 4177/3546/2909 4165/3534/2897
f 4179/3535/2898 4178/3533/2896 4166/3521/2884
f 4180/3536/2899 4179/3535/2898 4167/3523/2886
f 4181/3537/2900 4180/3536/2899 4168/3524/2887
f 4182/3538/2901 4181/3537/2900 4169/3525/2888
f 4183/3539/2902 4182/3538/2901 4170/3526/2889
f 4172/3528/2891 4184/3540/2903 4183/3539/2902
f 4173/3529/2892 4185/3541/2904 4184/3540/2903
f 4174/3530/2893 4186/3542/2905 4185/3541/2904
f 4175/3532/2895 4187/3544/2907 4186/3542/2905
f 4176/3543/2906 4188/3555/2918 4187/3544/2907
f 4190/3545/2908 4189/3558/2921 4177/3546/2909
f 4191/3547/2910 4190/3545/2908 4178/3533/2896
f 4192/3548/2911 4191/3547/2910 4179/3535/2898
f 4193/3549/2912 4192/3548/2911 4180/3536/2899
f 4194/3550/2913 4193/3549/2912 4181/3537/2900
f 4195/3551/2914 4194/3550/2913 4182/3538/2901
f 4184/3540/2903 4196/3552/2915 4195/3551/2914
f 4185/3541/2904 4197/3553/2916 4196/3552/2915
f 4186/3542/2905 4198/3554/2917 4197/3553/2916
f 4187/3544/2907 4199/3556/2919 4198/3554/2917
f 4188/3555/2918 4200/3567/2930 4199/3556/2919
f 4202/3557/2920 4201/3570/2933 4189/3558/2921
f 4203/3559/2922 4202/3557/2920 4190/3545/2908
f 4204/3560/2923 4203/3559/2922 4191/3547/2910
f 4205/3561/2924 4204/3560/2923 4192/3548/2911
f 4206/3562/2925 4205/3561/2924 4193/3549/2912
f 4207/3563/2926 4206/3562/2925 4194/3550/2913
f 4196/3552/2915 4208/3564/2927 4207/3563/2926
f 4197/3553/2916 4209/3565/2928 4208/3564/2927
f 4198/3554/2917 4210/3566/2929 4209/3565/2928
f 4199/3556/2919 4211/3568/2931 4210/3566/2929
f 4200/3567/2930 4212/3579/2942 4211/3568/2931
f 4214/3569/2932 4213/3582/2945 4201/3570/2933
f 4215/3571/2934 4214/3569/2932 4202/3557/2920
f 4216/3572/2935 4215/3571/2934 4203/3559/2922
f 4217/3573/2936 4216/3572/2935 4204/3560/2923
f 4218/3574/2937 4217/3573/2936 4205/3561/2924
f 4219/3575/2938 4218/3574/2937 4206/3562/2925
f 4208/3564/2927 4220/3576/2939 4219/3575/2938
f 4209/3565/2928 4221/3577/2940 4220/3576/2939
f 4210/3566/2929 4222/3578/2941 4221/3577/2940
f 4211/3568/2931 4223/3580/2943 4222/3578/2941
f 4212/3579/2942 4224/3591/2954 4223/3580/2943
f 4226/3581/2944 4225/3594/2957 4213/3582/2945
f 4227/3583/2946 4226/3581/2944 4214/3569/2932
f 4228/3584/2947 4227/3583/2946 4215/3571/2934
f 4229/3585/2948 4228/3584/2947 4216/3572/2935
f 4230/3586/2949 4229/3585/2948 4217/3573/2936
f 4231/3587/2950 4230/3586/2949 4218/3574/2937
f 4220/3576/2939 4232/3588/2951 4231/3587/2950
f 4221/3577/2940 4233/3589/2952 4232/3588/2951
f 4222/3578/2941 4234/3590/2953 4233/3589/2952
f 4223/3580/2943 4235/3592/2955 4234/3590/2953
f 4224/3591/2954 4236/3603/2966 4235/3592/2955
f 4238/3593/2956 4237/3606/2969 4225/3594/2957
f 4239/3595/2958 4238/3593/2956 4226/3581/2944
f 4240/3596/2959 4239/3595/2958 4227/3583/2946
f 4241/3597/2960 4240/3596/2959 4228/3584/2947
f 4242/3598/2961 4241/3597/2960 4229/3585/2948
f 4243/3599/2962 4242/3598/2961 4230/3586/2949
f 4232/3588/2951 4244/3600/2963 4243/3599/2962
f 4233/3589/2952 4245/3601/2964 4244/3600/2963
f 4234/3590/2953 4246/3602/2965 4245/3601/2964
f 4235/3592/2955 4247/3604/2967 4246/3602/2965
f 4236/3603/2966 4248/3615/2978 4247/3604/2967
f 4250/3605/2968 4249/3618/2981 4237/3606/2969
f 4251/3607/2970 4250/3605/2968 4238/3593/2956
f 4252/3608/2971 4251/3607/2970 4239/3595/2958
f 4253/3609/2972 4252/3608/2971 4240/3596/2959
f 4254/3610/2973 4253/3609/2972 4241/3597/2960
f 4255/3611/2974 4254/3610/2973 4242/3598/2961
f 4244/3600/2963 4256/3612/2975 4255/3611/2974
f 4245/3601/2964 4257/3613/2976 4256/3612/2975
f 4246/3602/2965 4258/3614/2977 4257/3613/2976
f 4247/3604/2967 4259/3616/2979 4258/3614/2977
f 4248/3615/2978 4260/3627/2990 4259/3616/2979
f 4262/3617/2980 4261/3629/2992 4249/3618/2981
f 4263/3619/2982 4262/3617/2980 4250/3605/2968
f 4264/3620/2983 4263/3619/2982 4251/3607/2970
f 4265/3621/2984 4264/3620/2983 4252/3608/2971
f 4266/3622/2985 4265/3621/2984 4253/3609/2972
f 4267/3623/2986 4266/3622/2985 4254/3610/2973
f 4256/3612/2975 4268/3624/2987 4267/3623/2986
f 4257/3613/2976 4269/3625/2988 4268/3624/2987
f 4258/3614/2977 4270/3626/2989 4269/3625/2988
f 4259/3616/2979 4271/3628/2991 4270/3626/2989
f 4260/3627/2990 4272/3630/2993 4271/3628/2991
f 4262/3617/2980 3674/2203/2396 3673/1/2398
f 4263/3619/2982 3675/2204/2399 3674/2203/2396
f 4264/3620/2983 3676/2205/2401 3675/2204/2399
f 4265/3621/2984 3677/2206/2403 3676/2205/2401
f 4266/3622/2985 3678/2207/2405 3677/2206/2403
f 3679/2209/2408 3678/2207/2405 4266/3622/2985
f 3680/2285/2410 3679/2209/2408 4267/3623/2986
f 3681/2210/2412 3680/2285/2410 4268/3624/2987
f 3682/2211/2414 3681/2210/2412 4269/3625/2988
f 3683/2212/2416 3682/2211/2414 4270/3626/2989
f 3684/2213/2418 3683/2212/2416 4271/3628/2991
f 4286/2223/2994 4285/2237/3017 4273/5/2995
f 4287/2239/2997 4286/2223/2994 4274/310/2996
f 4288/2226/2999 4287/2239/2997 4275/312/2998
f 4289/2227/3001 4288/2226/2999 4276/314/3000
f 4290/2228/3003 4289/2227/3001 4277/316/3002
f 4291/2229/3005 4290/2228/3003 4278/318/3004
f 4292/2230/3007 4291/2229/3005 4279/320/3006
f 4293/2231/3009 4292/2230/3007 4280/321/3008
f 4294/2232/3011 4293/2231/3009 4281/322/3010
f 4283/326/3013 4295/2234/3025 4294/2232/3011
f 4296/2235/3014 4295/2234/3025 4283/326/3013
f 4298/1254/3016 4297/1267/3029 4285/2237/3017
f 4299/1256/3018 4298/1254/3016 4286/2223/2994
f 4300/1257/3019 4299/1256/3018 4287/2239/2997
f 4301/1258/3020 4300/1257/3019 4288/2226/2999
f 4302/1259/3021 4301/1258/3020 4289/2227/3001
f 4303/1260/3022 4302/1259/3021 4290/2228/3003
f 4292/2230/3007 4304/1261/3023 4303/1260/3022
f 4293/2231/3009 4305/1262/3024 4304/1261/3023
f 4294/2232/3011 4306/1263/3026 4305/1262/3024
f 4295/2234/3025 4307/1265/3027 4306/1263/3026
f 4296/2235/3014 4308/1276/3040 4307/1265/3027
f 4310/2262/3028 4309/2260/3041 4297/1267/3029
f 4311/2263/3030 4310/2262/3028 4298/1254/3016
f 4312/2264/3031 4311/2263/3030 4299/1256/3018
f 4313/2265/3032 4312/2264/3031 4300/1257/3019
f 4314/2278/3033 4313/2265/3032 4301/1258/3020
f 4315/2266/3034 4314/2278/3033 4302/1259/3021
f 4316/2267/3035 4315/2266/3034 4303/1260/3022
f 4317/2268/3036 4316/2267/3035 4304/1261/3023
f 4318/2270/3037 4317/2268/3036 4305/1262/3024
f 4319/2271/3038 4318/2270/3037 4306/1263/3026
f 4320/2272/3039 4319/2271/3038 4307/1265/3027
f 4310/2262/3028 4274/2203/2996 4273/1/2995
f 4311/2263/3030 4275/2204/2998 4274/2203/2996
f 4312/2264/3031 4276/2205/3000 4275/2204/2998
f 4313/2265/3032 4277/2206/3002 4276/2205/3000
f 4314/2278/3033 4278/2207/3004 4277/2206/3002
f 4279/2209/3006 4278/2207/3004 4314/2278/3033
f 4280/2285/3008 4279/2209/3006 4315/2266/3034
f 4281/2210/3010 4280/2285/3008 4316/2267/3035
f 4282/2211/3012 4281/2210/3010 4317/2268/3036
f 4283/2212/3013 4282/2211/3012 4318/2270/3037
f 4284/2213/3015 4283/2212/3013 4319/2271/3038
f 4322/310/85 4334/2223/11 4333/2237/10
f 4335/2239/13 4334/2223/11 4322/310/85
f 4336/2226/15 4335/2239/13 4323/312/86
f 4337/2227/1648 4336/2226/15 4324/314/99
f 4338/2228/19 4337/2227/1648 4325/316/87
f 4339/2229/21 4338/2228/19 4326/318/88
f 4340/2230/56 4339/2229/21 4327/320/89
f 4341/2231/23 4340/2230/56 4328/321/1650
f 4342/2232/25 4341/2231/23 4329/322/91
f 4343/2234/27 4342/2232/25 4330/324/92
f 4344/2235/29 4343/2234/27 4331/326/93
f 4346/1254/43 4345/1267/31 4333/2237/10
f 4347/1256/32 4346/1254/43 4334/2223/11
f 4348/1257/33 4347/1256/32 4335/2239/13
f 4349/1258/60 4348/1257/33 4336/2226/15
f 4338/2228/19 4350/1259/35 4349/1258/60
f 4351/1260/36 4350/1259/35 4338/2228/19
f 4352/1261/61 4351/1260/36 4339/2229/21
f 4353/1262/38 4352/1261/61 4340/2230/56
f 4354/1263/39 4353/1262/38 4341/2231/23
f 4355/1265/40 4354/1263/39 4342/2232/25
f 4356/1276/41 4355/1265/40 4343/2234/27
f 4358/2262/62 4357/2260/74 4345/1267/31
f 4359/2263/63 4358/2262/62 4346/1254/43
f 4360/2264/64 4359/2263/63 4347/1256/32
f 4361/2265/65 4360/2264/64 4348/1257/33
f 4362/2278/66 4361/2265/65 4349/1258/60
f 4363/2266/67 4362/2278/66 4350/1259/35
f 4364/2267/68 4363/2266/67 4351/1260/36
f 4365/2268/69 4364/2267/68 4352/1261/61
f 4366/2270/70 4365/2268/69 4353/1262/38
f 4367/2271/71 4366/2270/70 4354/1263/39
f 4368/2272/72 4367/2271/71 4355/1265/40
f 4322/2203/85 4321/1/96 4357/2260/74
f 4359/2263/63 4323/2204/86 4322/2203/85
f 4324/2205/99 4323/2204/86 4359/2263/63
f 4325/2206/87 4324/2205/99 4360/2264/64
f 4326/2207/88 4325/2206/87 4361/2265/65
f 4327/2209/89 4326/2207/88 4362/2278/66
f 4328/2285/1650 4327/2209/89 4363/2266/67
f 4329/2210/91 4328/2285/1650 4364/2267/68
f 4330/2211/92 4329/2210/91 4365/2268/69
f 4331/2212/93 4330/2211/92 4366/2270/70
f 4332/2213/94 4331/2212/93 4367/2271/71
